{"type":"FeatureCollection","features":[{"type":"Feature","properties":{"name":"ПМР"},"geometry":{"type":"Polygon","coordinates":[[[28.5805792,48.1669525],[28.5719961,48.1738216],[28.5788626,48.1806897],[28.577146,48.18275],[28.5668462,48.1745084],[28.5476201,48.1699292],[28.5287374,48.1532117],[28.5033315,48.1516083],[28.5208409,48.1387798],[28.4998982,48.1277814],[28.5005848,48.1215937],[28.4926884,48.1186142],[28.4988682,48.1158637],[28.5084813,48.1202186],[28.5225575,48.1215937],[28.5503667,48.1174682],[28.5919089,48.0993578],[28.6289877,48.0900709],[28.6365408,48.0792914],[28.6339659,48.069198],[28.6239457,48.0645214],[28.6159861,48.0644328],[28.6069125,48.0769044],[28.6020335,48.0774025],[28.5906685,48.0587239],[28.5867036,48.0475492],[28.5686538,48.0400139],[28.5454578,48.0379839],[28.5428599,48.0268894],[28.530057,48.0134185],[28.5302032,48.0047696],[28.5386858,47.9986069],[28.5486171,47.997296],[28.5623237,47.9934566],[28.5724265,47.9980022],[28.575321,48.0050743],[28.5826896,48.0117136],[28.5900606,48.0217975],[28.5924454,48.0346162],[28.6057381,48.0354559],[28.6192276,48.0312074],[28.6458537,48.024778],[28.679868,48.0270673],[28.7025656,48.0228014],[28.7063011,48.0174887],[28.7017968,48.0055159],[28.7271112,47.9834052],[28.7475161,47.975253],[28.7584526,47.9764122],[28.7776097,47.9857285],[28.7901059,47.9855574],[28.7987552,47.9644408],[28.8073969,47.9541279],[28.8327554,47.9439014],[28.8366679,47.9380939],[28.8228275,47.9186267],[28.8191619,47.9086663],[28.8265939,47.9008102],[28.838116,47.8971105],[28.8669634,47.8953733],[28.906792,47.8858091],[28.9568339,47.8813576],[28.9956587,47.8723201],[29.0174548,47.8581221],[29.0252317,47.8457261],[29.007607,47.8158171],[28.9930081,47.7993982],[28.9826273,47.7593524],[28.978989,47.7400215],[28.9667732,47.7221912],[28.9687042,47.7115493],[28.9806542,47.6925999],[28.9867952,47.6678731],[28.997932,47.6460307],[28.9882213,47.6310618],[28.9833215,47.6229195],[28.9837566,47.6123582],[28.9928589,47.6022019],[29.0167014,47.5848392],[29.0262868,47.5732632],[29.0283112,47.5644705],[29.0186798,47.5334834],[29.0221794,47.5199344],[29.1158254,47.4696882],[29.1206229,47.4573125],[29.0790619,47.4251223],[29.0771588,47.41115],[29.1300948,47.3834859],[29.1547969,47.3646375],[29.1654089,47.3390408],[29.1338786,47.324956],[29.115356,47.3329565],[29.0964811,47.3590526],[29.0833504,47.3602245],[29.0688476,47.3544176],[29.083791,47.3167498],[29.1164501,47.276882],[29.136039,47.2657163],[29.1463424,47.2547637],[29.148915,47.2448619],[29.1568942,47.2385132],[29.1612918,47.2337206],[29.1646585,47.2260137],[29.1695688,47.2155663],[29.1796271,47.2132799],[29.1802814,47.2069383],[29.1727106,47.1927461],[29.1669486,47.185885],[29.1547358,47.1772101],[29.1485821,47.1669275],[29.1328014,47.153499],[29.1069276,47.1492911],[29.1009685,47.1467153],[29.0979286,47.1393592],[29.0937335,47.1311852],[29.081678,47.121404],[29.0684252,47.1132566],[29.0654267,47.1087781],[29.0725957,47.0995288],[29.0906828,47.0885926],[29.1006751,47.0873922],[29.1140146,47.087944],[29.1168323,47.0857164],[29.1120035,47.0801133],[29.1125288,47.077984],[29.1198342,47.0745248],[29.1263543,47.0753448],[29.1286263,47.0804451],[29.1305351,47.0879046],[29.1362216,47.096299],[29.1427012,47.0985072],[29.1531513,47.1012468],[29.1541712,47.1036091],[29.153909,47.1132606],[29.1608074,47.124995],[29.1670899,47.1268315],[29.1728059,47.1243624],[29.1756027,47.1155858],[29.174979,47.1062276],[29.1771644,47.1041006],[29.1855389,47.1126719],[29.1899672,47.1207756],[29.18645,47.1350646],[29.1805269,47.1499373],[29.1808757,47.1573438],[29.1843128,47.1606062],[29.202168,47.1639292],[29.216931,47.1596949],[29.2238819,47.1530833],[29.2256816,47.1442535],[29.2297746,47.1444907],[29.2366279,47.1506218],[29.2415943,47.157453],[29.2404544,47.1613677],[29.2364513,47.1639087],[29.2290561,47.1650107],[29.2273325,47.1678376],[29.2290457,47.1697178],[29.2341922,47.1691472],[29.2432629,47.1664496],[29.2593036,47.1580615],[29.2905209,47.1418576],[29.2954463,47.1379331],[29.2961539,47.1342407],[29.2953057,47.1294169],[29.2911048,47.11807],[29.2914071,47.1134483],[29.2984243,47.1071069],[29.3109326,47.102634],[29.3260863,47.1049023],[29.3370109,47.1074376],[29.3441592,47.1058829],[29.3544188,47.0959367],[29.3574664,47.0873925],[29.359006,47.0791824],[29.3684433,47.0667766],[29.3766787,47.0610991],[29.3892071,47.0607157],[29.3917788,47.0585777],[29.3897689,47.0566341],[29.3837861,47.0558965],[29.3794319,47.0506955],[29.379315,47.0461066],[29.3785115,47.0430382],[29.3802515,47.0391828],[29.3886853,47.0327535],[29.3883023,47.0298394],[29.3836281,47.0261063],[29.3783218,47.0248641],[29.3705824,47.0270544],[29.3630219,47.0292023],[29.3614538,47.0352676],[29.3617086,47.0378347],[29.3607403,47.0401678],[29.3562714,47.0405932],[29.3547151,47.0386363],[29.3557226,47.0343712],[29.3600963,47.0262015],[29.3667626,47.017826],[29.3774599,46.9990739],[29.3756004,46.9945041],[29.3660366,46.9932295],[29.3557863,46.9928907],[29.3488471,46.9936175],[29.3346259,46.992493],[29.3243791,46.9936376],[29.3131539,46.9962752],[29.3089005,46.9945241],[29.3078263,46.9863323],[29.3062374,46.9835271],[29.3035663,46.9828187],[29.2990798,46.9848956],[29.2993996,46.9878204],[29.3057394,46.996718],[29.3057284,46.9989418],[29.3031079,47.000226],[29.2978661,46.9991651],[29.2930468,46.9971599],[29.2907667,46.9866771],[29.293664,46.9806924],[29.3016903,46.9750468],[29.3067561,46.9705489],[29.3160294,46.9607738],[29.3182632,46.9569735],[29.3249604,46.9512472],[29.3356051,46.9462387],[29.3427286,46.9415007],[29.3588202,46.9345011],[29.3700093,46.9331026],[29.3811983,46.9339301],[29.3901873,46.9361702],[29.4061389,46.9478343],[29.4215832,46.9621916],[29.4255625,46.9642518],[29.4351053,46.965047],[29.4444251,46.9627491],[29.4524627,46.9580151],[29.4558644,46.9531636],[29.4642431,46.9503624],[29.4699769,46.950895],[29.4741652,46.9449824],[29.4762654,46.9357355],[29.472906,46.9205257],[29.4683762,46.9116358],[29.4214904,46.9072062],[29.4025361,46.9046544],[29.4037096,46.8968123],[29.423864,46.8863242],[29.4356495,46.8500972],[29.3969061,46.8474832],[29.4034805,46.7739108],[29.4022521,46.7566636],[29.4541487,46.7640397],[29.4620602,46.772993],[29.4714204,46.7806947],[29.4852459,46.7825174],[29.4912941,46.7806005],[29.4973202,46.7841675],[29.4993901,46.79259],[29.5064348,46.7964467],[29.5109866,46.7926151],[29.5139476,46.7848226],[29.5257261,46.7801041],[29.5213136,46.7704554],[29.5287197,46.7652788],[29.5386016,46.7711562],[29.5401091,46.7593962],[29.5474517,46.755162],[29.5525411,46.7578215],[29.569302,46.7458978],[29.6025067,46.745942],[29.6366311,46.7453049],[29.6457995,46.7280315],[29.6315146,46.7182033],[29.615968,46.6915059],[29.6274227,46.6804886],[29.6789305,46.6728839],[29.6859067,46.6713036],[29.6927147,46.6725569],[29.6948311,46.6751856],[29.6943443,46.6777365],[29.6957318,46.6791884],[29.6997729,46.6777943],[29.7017073,46.6746239],[29.6983829,46.6669724],[29.6996936,46.6653286],[29.7055428,46.6652174],[29.7177421,46.6573303],[29.7256417,46.6601032],[29.7272304,46.6626223],[29.7258251,46.6645481],[29.7222901,46.6676904],[29.7231836,46.6704395],[29.7282654,46.6724028],[29.7356128,46.6693794],[29.739183,46.6657667],[29.7425528,46.6650231],[29.7444206,46.666459],[29.7459555,46.6685904],[29.7585272,46.6695064],[29.7632026,46.6688904],[29.7646563,46.6651844],[29.7622117,46.6611029],[29.7576707,46.6558554],[29.7559869,46.6536087],[29.7550592,46.6480666],[29.7568781,46.6477093],[29.7619365,46.650482],[29.7678537,46.6525475],[29.7739812,46.6560447],[29.7754018,46.6535675],[29.7756206,46.6508399],[29.7740589,46.6492004],[29.7696303,46.6481745],[29.7591335,46.6477205],[29.7579624,46.6466983],[29.7626125,46.642475],[29.7661782,46.6383842],[29.7688854,46.6370041],[29.7700475,46.6381579],[29.7715299,46.6399134],[29.7742998,46.6409028],[29.776137,46.6402603],[29.7792613,46.6354926],[29.7787377,46.6330529],[29.7774889,46.6325993],[29.7736259,46.6331912],[29.7689904,46.6333114],[29.7599767,46.6345533],[29.7512216,46.6298129],[29.7517367,46.6291229],[29.7543545,46.62866],[29.7603411,46.6256287],[29.7630766,46.6230224],[29.7638005,46.6213656],[29.7634945,46.6203572],[29.7611648,46.6201583],[29.7507976,46.6248245],[29.7480661,46.6257402],[29.7436179,46.6257717],[29.7414163,46.6250683],[29.7414765,46.6236613],[29.7452877,46.6203171],[29.7493908,46.6185803],[29.7545927,46.6174649],[29.7557455,46.6167169],[29.7551817,46.6155562],[29.7532691,46.6142684],[29.7505963,46.6140371],[29.7475801,46.6143364],[29.746974,46.6133525],[29.7502758,46.6126837],[29.7510583,46.6114699],[29.749738,46.6094897],[29.7446085,46.6068263],[29.7429255,46.6066134],[29.7410708,46.607049],[29.7386488,46.6086868],[29.7358646,46.6088961],[29.7348454,46.6074867],[29.734009,46.6036653],[29.7328515,46.6014474],[29.7288202,46.6004907],[29.7264279,46.6013267],[29.7238639,46.6026932],[29.7222549,46.6018292],[29.7222985,46.599983],[29.7241884,46.5988265],[29.7288262,46.5963366],[29.7405103,46.592511],[29.7501442,46.590522],[29.7655471,46.5896102],[29.7670803,46.5885134],[29.7670783,46.5851578],[29.7814964,46.5798372],[29.7847996,46.5800816],[29.7886828,46.579186],[29.7901094,46.580036],[29.7912948,46.582924],[29.7925098,46.583601],[29.7935251,46.5832611],[29.7946764,46.5814836],[29.7962568,46.5813579],[29.7975863,46.5834412],[29.7974037,46.5850826],[29.7952096,46.587614],[29.7944558,46.5914161],[29.7955809,46.5940839],[29.7979937,46.5951592],[29.8034814,46.5921024],[29.806002,46.589759],[29.8074689,46.5868284],[29.8087369,46.5868626],[29.8096615,46.5878406],[29.8097084,46.5897964],[29.8078359,46.5926061],[29.8059249,46.5971205],[29.8053646,46.6019027],[29.8044584,46.6022374],[29.8005447,46.6014254],[29.7988627,46.6014979],[29.7985885,46.6027633],[29.8001858,46.6044687],[29.8032946,46.6053437],[29.8067623,46.6047342],[29.8163065,46.6011565],[29.8169583,46.5998098],[29.8136706,46.5955128],[29.8120999,46.5915106],[29.813765,46.5857476],[29.8150887,46.5853073],[29.8175283,46.5863417],[29.8203475,46.5888234],[29.8231541,46.5930197],[29.8238753,46.5961039],[29.822054,46.6009581],[29.8237072,46.6027747],[29.8256068,46.6031816],[29.8286165,46.6021466],[29.8305075,46.6003907],[29.8323111,46.5956792],[29.833599,46.5951812],[29.8384486,46.5962592],[29.8392643,46.5961576],[29.838127,46.5906616],[29.8360563,46.5884151],[29.8289271,46.5859647],[29.8266929,46.5834418],[29.8266278,46.5821474],[29.8274211,46.580912],[29.8307891,46.5801485],[29.8338034,46.5805926],[29.8391354,46.5826294],[29.8489623,46.5891564],[29.8510205,46.58882],[29.8524678,46.5871845],[29.8535286,46.5813903],[29.8583104,46.5786503],[29.8633628,46.5782771],[29.8673692,46.5785323],[29.870689,46.5792592],[29.8718355,46.5804477],[29.870009,46.5861872],[29.870307,46.5871189],[29.8715491,46.5876967],[29.8736996,46.5872459],[29.8755925,46.5863821],[29.8780478,46.5834158],[29.8780658,46.5809045],[29.8771576,46.5792447],[29.8687545,46.5765733],[29.8607814,46.5737243],[29.8608335,46.5725279],[29.8628465,46.5710878],[29.8652165,46.5704475],[29.8676723,46.5701612],[29.8719832,46.5706506],[29.8734337,46.5701891],[29.873588,46.569148],[29.8724847,46.5686152],[29.8597084,46.5694391],[29.858878,46.5686119],[29.8601075,46.5660736],[29.8641971,46.5640062],[29.8712001,46.5619331],[29.8758424,46.5617484],[29.8794548,46.5620947],[29.8830896,46.5637159],[29.8847801,46.5635356],[29.888673,46.5594287],[29.8948397,46.5565019],[29.8957312,46.5547288],[29.8960679,46.5529245],[29.895718,46.5509432],[29.894589,46.5503155],[29.8926745,46.5505357],[29.8860035,46.5529804],[29.8798283,46.553649],[29.8794893,46.5547307],[29.881251,46.5587095],[29.8803519,46.5593832],[29.8750658,46.5594798],[29.8708459,46.5542432],[29.8761392,46.5468394],[29.9454102,46.5551565],[29.9456407,46.5578325],[29.9484857,46.5601035],[29.9485842,46.5616662],[29.9424297,46.559008],[29.9400768,46.5592392],[29.9422728,46.5608278],[29.9426072,46.5648837],[29.9435469,46.5663215],[29.9465059,46.5662143],[29.9486189,46.5681643],[29.9474704,46.5694061],[29.944315,46.5677593],[29.9388039,46.5685538],[29.9352999,46.5817028],[29.9370853,46.5820404],[29.9380638,46.5840085],[29.9361197,46.5889983],[29.937594,46.5898415],[29.9407343,46.5889654],[29.9397547,46.5870865],[29.9451365,46.5853275],[29.9464075,46.5873752],[29.9535662,46.5850662],[29.9635828,46.5845014],[29.96463,46.5913982],[29.968243,46.5978461],[29.9620675,46.6054938],[29.9554594,46.6172187],[29.9539569,46.6203108],[29.9556088,46.6288126],[29.9546858,46.6344851],[29.9470411,46.6434191],[29.9454498,46.6476508],[29.9472292,46.6521236],[29.9530973,46.6560096],[29.9558762,46.6598954],[29.9578467,46.6670053],[29.9572877,46.674801],[29.9612144,46.6800534],[29.9672122,46.6829739],[29.9709789,46.6858942],[29.9688548,46.7011882],[29.9660756,46.7102486],[29.9682048,46.7207226],[29.9681027,46.7302551],[29.9746702,46.7519047],[29.9736617,46.7523065],[29.9741982,46.7539433],[29.9662586,46.7556878],[29.9658288,46.7580007],[29.9661697,46.770741],[29.959538,46.7797713],[29.9465507,46.7929151],[29.9420321,46.7959295],[29.9436383,46.7967877],[29.9348295,46.8059084],[29.962787,46.8183495],[29.978358,46.8163804],[29.9794277,46.8194632],[29.9717422,46.8240142],[29.9713424,46.8243784],[29.9704021,46.8286996],[29.967987,46.8320837],[29.9606361,46.8347628],[29.9584807,46.8373136],[29.9563808,46.837988],[29.9537658,46.8391614],[29.9518403,46.8386606],[29.9495455,46.8418829],[29.9256016,46.8348212],[29.9302011,46.828448],[29.9050814,46.8202745],[29.8843624,46.8491432],[29.883507,46.8514451],[29.8919263,46.8535846],[29.8840727,46.8860038],[29.8467946,46.8820584],[29.849088,46.8753531],[29.7503351,46.8613285],[29.7313046,46.9193419],[29.7216077,46.9183274],[29.7180889,46.9320851],[29.7087568,46.9280078],[29.710372,46.9239988],[29.7011729,46.9232724],[29.7004558,46.9248676],[29.6483267,46.9198086],[29.6400023,46.9555801],[29.5717602,46.9403034],[29.5565177,46.9579744],[29.5958688,46.9634582],[29.6023089,47.0415382],[29.6290484,47.0448518],[29.6117683,47.0999927],[29.5477123,47.093977],[29.5501854,47.0758807],[29.5304824,47.0758307],[29.5297255,47.0814158],[29.515574,47.1124803],[29.4995645,47.1094996],[29.4953025,47.1319412],[29.5058046,47.1284537],[29.5805589,47.1353636],[29.5532414,47.2512757],[29.5989892,47.2575875],[29.5741267,47.370556],[29.5170377,47.3645917],[29.4954113,47.3578219],[29.4946007,47.3558906],[29.4874503,47.3559617],[29.4864802,47.3496946],[29.4917494,47.3491392],[29.4872341,47.3391045],[29.4936455,47.3377224],[29.491302,47.3329085],[29.483517,47.3323981],[29.4841034,47.3249111],[29.4852548,47.3248619],[29.485977,47.3218456],[29.4840739,47.3212827],[29.4860331,47.3058237],[29.4452256,47.299925],[29.4459641,47.2945173],[29.4272505,47.2926769],[29.4236941,47.3047094],[29.3986774,47.3007914],[29.3835904,47.3448985],[29.3978012,47.3536647],[29.3911576,47.3792338],[29.3374214,47.3703358],[29.3195316,47.4443972],[29.317619,47.4491419],[29.3086681,47.4465727],[29.3049538,47.4429566],[29.2940047,47.4404854],[29.2927482,47.4396498],[29.2920926,47.4382336],[29.2885499,47.4364461],[29.2823048,47.436821],[29.2773799,47.4362536],[29.2726268,47.4347571],[29.2685823,47.4318376],[29.2633367,47.4288019],[29.2619885,47.4273227],[29.259555,47.4260315],[29.257952,47.4260827],[29.2571216,47.4256112],[29.257022,47.4247588],[29.2564933,47.4243709],[29.2550926,47.4240016],[29.2533212,47.4226824],[29.2537268,47.4216119],[29.2531453,47.4208607],[29.2536795,47.4203419],[29.253156,47.4193119],[29.2538256,47.4189361],[29.2522037,47.4167324],[29.2503629,47.4157467],[29.2485221,47.4153998],[29.2440955,47.4151802],[29.2424646,47.4616562],[29.1922943,47.425181],[29.1878934,47.4392146],[29.1820016,47.4489023],[29.1934749,47.4598402],[29.1906293,47.461305],[29.1889489,47.4637202],[29.1908734,47.4667157],[29.1619467,47.4528363],[29.1582938,47.4593594],[29.1875386,47.4751543],[29.1843117,47.4779453],[29.1852731,47.4813132],[29.1900114,47.4832888],[29.1929263,47.4871001],[29.1916319,47.4891548],[29.1899504,47.4900212],[29.188292,47.4897163],[29.1857462,47.4908687],[29.1831143,47.4930071],[29.1834877,47.494195],[29.1827752,47.4957011],[29.1861068,47.5045105],[29.1853698,47.5112921],[29.1885204,47.5121901],[29.1902979,47.5137836],[29.1856,47.5186401],[29.1518472,47.5066033],[29.1177281,47.5543737],[29.1669196,47.5715685],[29.1722656,47.5675004],[29.1848568,47.5716359],[29.1854327,47.5754815],[29.1851186,47.5781599],[29.1872078,47.5799118],[29.1883381,47.5840008],[29.1867325,47.5845889],[29.1860736,47.5861253],[29.1881613,47.587488],[29.1889035,47.5874347],[29.1909029,47.5890069],[29.1905981,47.5896894],[29.1912181,47.5903491],[29.1923532,47.5905456],[29.1922157,47.5918527],[29.1975532,47.5928739],[29.1998746,47.5943158],[29.2015096,47.5965679],[29.2036167,47.597894],[29.203578,47.5988149],[29.2007844,47.6024099],[29.2173068,47.6122568],[29.2099488,47.6272463],[29.2091472,47.6278906],[29.2095471,47.6286506],[29.213866,47.6257744],[29.219414,47.6269633],[29.2231517,47.634815],[29.2342901,47.6426157],[29.2093785,47.6423195],[29.2096399,47.6577912],[29.2198421,47.6581296],[29.2194895,47.6825721],[29.2283222,47.6823927],[29.2309752,47.6839466],[29.2202127,47.6965266],[29.2227251,47.6976468],[29.2046347,47.7191565],[29.2152797,47.7386007],[29.2485419,47.7513657],[29.2487619,47.7530487],[29.2524153,47.7573284],[29.2764725,47.8019424],[29.2745014,47.8026499],[29.2754486,47.8040493],[29.2471562,47.8111566],[29.232871,47.7973995],[29.2192928,47.7983881],[29.1991848,47.8181107],[29.1997072,47.8188268],[29.1997575,47.819543],[29.1991426,47.8202447],[29.2011027,47.8234822],[29.2032356,47.8287385],[29.2044203,47.8301133],[29.20409,47.8309304],[29.2053626,47.8315839],[29.2058095,47.8322442],[29.2056985,47.8328181],[29.206124,47.8332048],[29.206208,47.8340319],[29.2068512,47.8352469],[29.2079237,47.8364043],[29.2089528,47.8368467],[29.2091083,47.8377607],[29.2103166,47.8386446],[29.2122116,47.8388947],[29.215358,47.8406911],[29.2162496,47.8427498],[29.2185837,47.8451761],[29.2190642,47.8466917],[29.2200168,47.8478616],[29.2220906,47.8484914],[29.2225481,47.8498144],[29.2224121,47.850303],[29.222834,47.8504749],[29.2230306,47.8518815],[29.2240856,47.8527121],[29.2240497,47.8547477],[29.2264671,47.8554496],[29.2262168,47.856479],[29.229482,47.8575696],[29.2311576,47.8573374],[29.2322314,47.8578259],[29.2331758,47.8577825],[29.23412,47.8581495],[29.2348927,47.8587181],[29.2359661,47.8590055],[29.2361448,47.8623201],[29.2397141,47.865577],[29.2664265,47.8753133],[29.2688308,47.879093],[29.2739819,47.879879],[29.2768161,47.8831978],[29.2776326,47.8864688],[29.2813675,47.8874374],[29.2803414,47.8894703],[29.2734786,47.890467],[29.215895,47.8857564],[29.2171914,47.8885151],[29.2226079,47.8890866],[29.2236564,47.8909201],[29.2209284,47.8941351],[29.2163117,47.8959687],[29.2153,47.893198],[29.2151374,47.889453],[29.2132584,47.8885857],[29.212952,47.8856919],[29.2009112,47.8844758],[29.1854468,47.9645049],[29.1797625,47.9646294],[29.1754487,47.9934854],[29.1254739,47.993314],[29.1244855,47.9884479],[29.1298277,47.9857852],[29.1310496,47.9822031],[29.1082382,47.9844828],[29.1061031,47.9821744],[29.0925903,47.9829736],[29.0835171,47.9769382],[29.0909968,47.9732311],[29.0964161,47.9734309],[29.0985252,47.9598295],[29.0953585,47.9596384],[29.0918734,47.9681781],[29.0870403,47.968195],[29.0820489,47.9718811],[29.0781798,47.9707359],[29.0787741,47.9675219],[29.0841624,47.9588531],[29.0867002,47.9465714],[29.0801352,47.9457024],[29.0746006,47.9439132],[29.0638307,47.9432446],[29.0590466,47.9424211],[29.0521168,47.9425748],[29.0475367,47.9437996],[29.046218,47.9447943],[29.0416061,47.9464961],[29.0395062,47.9465076],[29.0340279,47.9422983],[29.0257131,47.9463631],[29.012628,47.956328],[29.0040832,47.9576455],[29.0039947,47.9581891],[29.0027495,47.9587633],[29.0018047,47.9583028],[29.0004093,47.9600122],[28.9996957,47.9601665],[28.9994541,47.9608094],[29.0001725,47.9611467],[28.9973289,47.9636659],[28.9940452,47.9614623],[28.9757669,47.972533],[28.9725917,47.9764771],[28.9614323,47.978848],[28.9264095,47.9599666],[28.8831345,47.9950855],[28.8779465,48.0006239],[28.8853476,48.0033928],[28.8877988,48.0059513],[28.884757,48.0080505],[28.8906413,48.0115276],[28.8935088,48.0094554],[28.8953718,48.0092805],[28.9012877,48.0102416],[28.9022517,48.0124915],[28.8997826,48.0119854],[28.8975908,48.0129253],[28.8944882,48.0127805],[28.8899237,48.0139185],[28.8876611,48.0134385],[28.8829645,48.0104112],[28.8684114,48.0179014],[28.8694248,48.0189228],[28.8644464,48.0208554],[28.8610129,48.0207211],[28.8575792,48.0193042],[28.8563764,48.0204889],[28.8566731,48.0268669],[28.8404473,48.0350331],[28.8529856,48.0607726],[28.8444118,48.065856],[28.8502572,48.0704806],[28.8428917,48.0746833],[28.8375858,48.0713153],[28.8338714,48.0729859],[28.841095,48.078395],[28.849006,48.0792159],[28.8582927,48.1025128],[28.8550367,48.1088896],[28.8420144,48.1256732],[28.8386026,48.1236627],[28.8345243,48.1283506],[28.8146925,48.1244316],[28.807441,48.1348781],[28.801336,48.1296988],[28.7952316,48.1295603],[28.7953827,48.1260754],[28.7726395,48.1249654],[28.7552987,48.1364911],[28.7343505,48.1329554],[28.7226718,48.1258784],[28.7099903,48.1296956],[28.6883828,48.1243439],[28.6777397,48.1431327],[28.6818596,48.1465689],[28.6478706,48.1433618],[28.6499305,48.1516083],[28.6365408,48.155273],[28.6310477,48.1529826],[28.6155982,48.1596245],[28.6121649,48.1568762],[28.5805792,48.1669525]]]}},{"type":"Feature","properties":{"name":"Херсонская обл"},"geometry":{"type":"Polygon","coordinates":[[[32.9500373,46.0005576],[33.1010495,46.008426],[33.2397418,46.068431],[33.5404349,45.9983595],[33.5949285,46.0733798],[33.5945519,46.123622],[33.6351079,46.141221],[33.6133321,46.2233185],[33.6511376,46.2251433],[33.6861843,46.2060531],[33.7397691,46.1868525],[33.7864809,46.2027932],[33.8386982,46.2016031],[33.90877,46.161527],[33.9595559,46.1461467],[34.0335603,46.1096352],[34.0758424,46.1177908],[34.1299366,46.0980465],[34.1487176,46.0805397],[34.188308,46.0651128],[34.2471003,46.0534755],[34.3174754,46.062312],[34.3852672,46.0368443],[34.413623,45.984992],[34.4693743,45.9445735],[34.5039659,45.9457291],[34.5761993,45.9959245],[34.6594553,45.9735375],[34.7499645,45.9125045],[34.7990455,45.9030571],[34.7983084,45.8036585],[34.8596578,45.795118],[34.9576066,45.7611353],[34.9786221,45.7654391],[34.9821586,46.0715246],[35.1105503,46.1030232],[35.2006499,46.151556],[35.2627281,46.2248237],[35.295818,46.2599518],[35.1336243,46.3002762],[35.1073914,46.3021473],[35.073434,46.299741],[35.0582612,46.3754897],[35.0709173,46.3773841],[35.0545605,46.4827971],[35.0192859,46.4788271],[34.9714694,46.4968852],[34.9486111,46.5036803],[34.9427093,46.512542],[34.889702,46.5066026],[34.8838887,46.5363096],[34.8950983,46.537413],[34.888804,46.5643328],[34.7575329,46.5502566],[34.7478032,46.5836746],[34.7232742,46.5812488],[34.7132031,46.6202034],[34.7560175,46.6270814],[34.7461593,46.6831453],[34.6837187,46.6771607],[34.680721,46.6919694],[34.6322277,46.6869534],[34.6253106,46.7242924],[34.6613193,46.7277929],[34.6585838,46.7403719],[34.7347392,46.7475868],[34.7337559,46.7571397],[34.7504768,46.7578325],[34.7503061,46.7811603],[34.7673437,46.7814478],[34.7579907,46.8226973],[34.8141146,46.8281087],[34.8045777,46.8822535],[34.7530293,46.8793242],[34.7362729,46.9612633],[34.6861699,46.955473],[34.6815158,46.9797817],[34.6232076,46.9733322],[34.6197572,46.9940196],[34.5993076,46.9922813],[34.5912262,47.0269086],[34.5670667,47.024714],[34.5517061,47.1056977],[34.5195379,47.1050774],[34.4896602,47.2466091],[34.5318988,47.2505087],[34.5282071,47.2676442],[34.5224535,47.2671893],[34.5190123,47.2834618],[34.4876972,47.2799814],[34.4750999,47.3302655],[34.4126437,47.3236253],[34.41938,47.3010224],[34.399439,47.2981571],[34.4016151,47.2872044],[34.369978,47.2834112],[34.3577462,47.2933859],[34.3294138,47.2903327],[34.3055597,47.2690126],[34.2932359,47.2742386],[34.2807474,47.3242641],[34.2828974,47.3258155],[34.2729416,47.3616282],[34.2610348,47.3598342],[34.2518699,47.3914065],[34.2567989,47.3954986],[34.2475023,47.4245496],[34.2397865,47.4371618],[34.225199,47.4496568],[34.1385781,47.477743],[34.0558372,47.4679976],[33.9998753,47.4566251],[34.0086573,47.4245245],[33.957136,47.2469631],[33.882699,47.1747705],[33.8005275,47.1040432],[33.692373,47.0224349],[33.6561003,46.9883499],[33.5977132,46.8437208],[33.4719786,46.8331888],[33.3886233,46.7821822],[33.343769,46.776437],[33.3303698,46.7784567],[33.3105673,46.7738099],[33.2965335,46.7733294],[33.2739097,46.775084],[33.226549,46.7804242],[33.210516,46.782922],[33.206045,46.786706],[33.2034999,46.7879104],[33.18396,46.7878795],[33.1607588,46.787461],[33.1543133,46.7849559],[33.1586827,46.7785718],[33.1446758,46.776793],[33.1275201,46.7631246],[33.1045675,46.7594535],[33.1031791,46.7531025],[33.0961213,46.7497087],[33.0578673,46.7342647],[33.0469936,46.7395251],[33.0431906,46.7388326],[33.0427697,46.733148],[33.0461253,46.7318753],[33.0454939,46.72942],[33.040519,46.726372],[33.0379474,46.7279717],[33.0255096,46.7243454],[33.0224467,46.7303411],[32.9830192,46.7281635],[32.9598297,46.7233733],[32.9387436,46.7153504],[32.930816,46.7176637],[32.9229422,46.7179944],[32.9048258,46.7110739],[32.8972955,46.7116252],[32.889824,46.7082941],[32.890487,46.695987],[32.8904909,46.6934349],[32.8877251,46.6916033],[32.879748,46.687351],[32.8753651,46.6857817],[32.8708107,46.6860374],[32.8568714,46.6945354],[32.8294644,46.6813155],[32.8386359,46.6691214],[32.8087302,46.6639592],[32.802131,46.6621546],[32.792882,46.6654958],[32.755804,46.6588417],[32.7355035,46.6588918],[32.7274947,46.6583966],[32.7264938,46.6561694],[32.7206529,46.6556296],[32.7118966,46.6463698],[32.7148537,46.6426205],[32.7003792,46.6389729],[32.677065,46.6334969],[32.6724444,46.629072],[32.6609894,46.6240405],[32.6413573,46.6169269],[32.6425255,46.6111305],[32.6379606,46.6101199],[32.6341342,46.6124433],[32.6300493,46.6127622],[32.6269037,46.6108811],[32.6204113,46.6072906],[32.6178246,46.5973606],[32.6095748,46.5897894],[32.600189,46.5952556],[32.5875128,46.5883156],[32.5657252,46.568571],[32.5572433,46.5806294],[32.5041505,46.5727825],[32.4860487,46.5756547],[32.4574763,46.562828],[32.4494203,46.5694726],[32.440336,46.5697421],[32.4259755,46.5685898],[32.4212495,46.5613453],[32.4167806,46.5585852],[32.3910232,46.5484584],[32.3644368,46.545673],[32.3551335,46.5477688],[32.3386801,46.5428836],[32.3285333,46.5382712],[32.3181188,46.53359],[32.2897831,46.5274614],[32.2840226,46.5261739],[32.271213,46.5067035],[32.2172268,46.491607],[32.1282499,46.5188051],[32.0511947,46.502277],[31.9796476,46.5083843],[31.9161562,46.5356631],[31.8358706,46.5277684],[31.7631102,46.549664],[31.5820185,46.5445981],[31.4996828,46.5700307],[31.7593994,46.3710091],[31.7604124,46.3507799],[31.4761411,46.3929453],[31.5089547,46.3007864],[31.6052312,46.2337114],[32.0225166,46.163887],[32.3295528,46.1016103],[32.9500373,46.0005576]]]}},{"type":"Feature","properties":{"name":"Запорожская обл"},"geometry":{"type":"Polygon","coordinates":[[[36.3285049,47.8320579],[36.3307524,47.8308623],[36.3296148,47.829004],[36.3297646,47.8275491],[36.3322539,47.8266415],[36.3322969,47.8248983],[36.3303653,47.822795],[36.3323226,47.8209129],[36.3310986,47.8199628],[36.300694,47.815322],[36.2756736,47.81463],[36.275288,47.822699],[36.267735,47.832495],[36.206623,47.832725],[36.197697,47.832149],[36.1970133,47.8295494],[36.183689,47.832141],[36.1674434,47.8275721],[36.173972,47.8210778],[36.1470674,47.820304],[36.1242444,47.817912],[36.124872,47.7939432],[36.1136009,47.7873658],[36.1149269,47.7762919],[36.1265786,47.7768274],[36.1424638,47.7678231],[36.158871,47.767479],[36.1750943,47.7657562],[36.1807307,47.7625661],[36.1806739,47.7592436],[36.1847682,47.7572643],[36.1872433,47.7529857],[36.1852782,47.7446423],[36.183026,47.743767],[36.188902,47.736389],[36.186169,47.732634],[36.183295,47.73163],[36.1844705,47.7283943],[36.187534,47.727237],[36.188434,47.72511],[36.190292,47.724704],[36.19426,47.722471],[36.188682,47.718939],[36.190273,47.717091],[36.191965,47.7169715],[36.1922101,47.7151216],[36.189025,47.713105],[36.190679,47.712462],[36.1937384,47.7131788],[36.196125,47.712391],[36.2050703,47.7085656],[36.2087613,47.7066299],[36.205328,47.704462],[36.2141176,47.7009997],[36.2285772,47.689776],[36.2266724,47.6865641],[36.21611,47.683915],[36.2177464,47.68145],[36.2037833,47.6751269],[36.2048267,47.6737858],[36.2059565,47.6723865],[36.2196579,47.6725696],[36.2200996,47.667668],[36.2190474,47.6629968],[36.2229514,47.6569485],[36.2376901,47.6608217],[36.2407211,47.6511234],[36.2443957,47.6474228],[36.2533921,47.6484638],[36.261091,47.649397],[36.2681309,47.6496279],[36.2685598,47.6462341],[36.275167,47.6417305],[36.2726793,47.6375823],[36.2607515,47.6320457],[36.2644455,47.6299363],[36.2702025,47.6316748],[36.2728324,47.6152922],[36.2906557,47.6170189],[36.2890199,47.6308953],[36.3044232,47.6340013],[36.3077647,47.620057],[36.3154279,47.6157355],[36.3131764,47.610907],[36.2965063,47.6100125],[36.2909827,47.6097756],[36.2926394,47.6018367],[36.285164,47.5994178],[36.2845271,47.597688],[36.2634379,47.5922504],[36.2629485,47.5950311],[36.2523394,47.5941942],[36.2342481,47.5983906],[36.2218778,47.5821152],[36.2091367,47.5808155],[36.2115229,47.5770263],[36.1882725,47.5751646],[36.1871769,47.5842472],[36.1728127,47.5842667],[36.1737908,47.5729085],[36.1045444,47.5817332],[36.0933209,47.5782836],[36.0860792,47.5742424],[36.0778079,47.5735598],[36.0792594,47.5663662],[36.0836755,47.5657229],[36.0863748,47.5625313],[36.0825048,47.5618241],[36.0829732,47.5517393],[36.077949,47.5519655],[36.0737316,47.5421522],[36.0598234,47.5395636],[36.0456166,47.5408762],[36.0424824,47.5306581],[36.0288199,47.5324684],[36.0143872,47.5226261],[36.0086838,47.5158048],[35.9954719,47.515649],[35.9926575,47.5170233],[35.9719042,47.5202516],[35.9541358,47.5225483],[35.9493748,47.523474],[35.9474235,47.525516],[35.9459217,47.5263815],[35.9441624,47.5280096],[35.9439673,47.5313244],[35.9369485,47.5322],[35.9317515,47.53059],[35.92789,47.532812],[35.9215125,47.5324039],[35.9158999,47.5396315],[35.9137426,47.5400209],[35.9105184,47.5334939],[35.900759,47.534807],[35.8993921,47.5319306],[35.9105529,47.5295073],[35.9092665,47.5252235],[35.923429,47.5255759],[35.9303195,47.5245983],[35.9310193,47.5138542],[35.9213775,47.5104418],[35.9224212,47.5091167],[35.9307606,47.5120236],[35.9314317,47.5010821],[35.9159238,47.5010985],[35.9149851,47.4990269],[35.900116,47.4989357],[35.9006238,47.4786318],[35.8864305,47.4835001],[35.8854297,47.4809127],[35.8709215,47.4864388],[35.870931,47.4881],[35.8598616,47.4897486],[35.85353,47.489968],[35.853565,47.494751],[35.8466834,47.4958125],[35.8423812,47.505478],[35.836246,47.507342],[35.8301838,47.5134104],[35.8240706,47.5107795],[35.8061661,47.5184499],[35.8051982,47.5175313],[35.8150149,47.5122606],[35.8058477,47.4912969],[35.8091882,47.4821191],[35.8006766,47.4809828],[35.788709,47.487923],[35.7680839,47.4890261],[35.7673826,47.4927942],[35.7598001,47.4927902],[35.7496124,47.4959731],[35.746969,47.4998876],[35.7388684,47.5016088],[35.7360676,47.5023585],[35.7166658,47.516715],[35.7139563,47.5246274],[35.712004,47.530393],[35.7088007,47.5343553],[35.7009891,47.5331996],[35.7047651,47.5226556],[35.6988387,47.5192931],[35.6877623,47.5199],[35.6812939,47.5230607],[35.6773719,47.5277421],[35.6678578,47.5283727],[35.659839,47.5257324],[35.6549334,47.5208923],[35.6445793,47.5195917],[35.6406556,47.5145765],[35.6315491,47.5146047],[35.6176228,47.5159627],[35.6115924,47.524045],[35.5926627,47.525022],[35.5894849,47.5305775],[35.5878501,47.5375233],[35.5804266,47.5391165],[35.5820947,47.5461304],[35.5901077,47.5473769],[35.5897095,47.5486233],[35.5824756,47.5480458],[35.5828943,47.5517029],[35.5802982,47.5521232],[35.5779812,47.5491691],[35.5718877,47.5509366],[35.5638629,47.5475775],[35.559374,47.5623586],[35.5557265,47.5618385],[35.5575732,47.5521674],[35.5506072,47.5516157],[35.5511154,47.5486463],[35.5367753,47.5487469],[35.527515,47.548311],[35.5267801,47.552986],[35.5160885,47.5522153],[35.5165162,47.5468773],[35.508102,47.545817],[35.5072377,47.5483311],[35.5048222,47.5483767],[35.5053139,47.5447602],[35.5002059,47.5440461],[35.4923147,47.5437248],[35.4895055,47.5440357],[35.4878808,47.5488062],[35.4817064,47.5677664],[35.4921442,47.5685618],[35.4907381,47.5771168],[35.4901734,47.5847719],[35.50062,47.5853577],[35.5000933,47.592713],[35.4964762,47.5962478],[35.4866847,47.5961469],[35.4843601,47.5997499],[35.4788703,47.5982036],[35.4768987,47.6019851],[35.4746288,47.6018939],[35.473989,47.6050482],[35.4729188,47.6050218],[35.4724095,47.5977043],[35.4585702,47.5973455],[35.4576907,47.5987616],[35.4395519,47.5998337],[35.4388513,47.6073314],[35.4248297,47.6066434],[35.42282,47.60289],[35.421303,47.603408],[35.414695,47.598244],[35.4140498,47.5929752],[35.4001987,47.5931396],[35.399297,47.5906818],[35.3942149,47.5903582],[35.387358,47.584076],[35.3779858,47.5865408],[35.374763,47.586658],[35.3749971,47.5886558],[35.3754984,47.5969653],[35.3779476,47.6036863],[35.3777215,47.6082348],[35.3774821,47.6145212],[35.3636012,47.613698],[35.3618273,47.6180849],[35.3553993,47.6241078],[35.3594141,47.6320917],[35.3539873,47.6326718],[35.3428084,47.6177615],[35.3405955,47.6148807],[35.3574356,47.6081807],[35.357565,47.597119],[35.3519774,47.5967737],[35.3519417,47.5909534],[35.3508843,47.5877926],[35.3472956,47.5870634],[35.3454429,47.5868078],[35.345331,47.58497],[35.343257,47.5844465],[35.340997,47.5852413],[35.3380217,47.5835979],[35.332643,47.584068],[35.3319115,47.5878046],[35.3243871,47.5873515],[35.3243542,47.5898647],[35.3146576,47.5898608],[35.3152609,47.5818387],[35.313716,47.5800409],[35.3109422,47.5813126],[35.3091123,47.5839738],[35.306225,47.583796],[35.2996494,47.595015],[35.2967609,47.5947662],[35.2950592,47.5979409],[35.2902601,47.599065],[35.2920172,47.6007621],[35.2918862,47.6036745],[35.2925919,47.6054584],[35.3016655,47.6066544],[35.3019845,47.607503],[35.2918505,47.6070882],[35.2896498,47.6078789],[35.2905659,47.6093929],[35.2891645,47.6093445],[35.2878209,47.6079746],[35.285005,47.6079545],[35.2841269,47.6091354],[35.2871424,47.6126192],[35.2915012,47.6139096],[35.3079114,47.6150281],[35.3199535,47.6127474],[35.3204942,47.6136487],[35.3147091,47.6203115],[35.3094133,47.6184433],[35.3017143,47.6172693],[35.2982463,47.6198968],[35.2920964,47.6217718],[35.2936129,47.623991],[35.3069953,47.6239312],[35.3068633,47.6270686],[35.3097489,47.6296517],[35.3076725,47.6319265],[35.3070461,47.6359221],[35.2961179,47.6353305],[35.2948025,47.6342182],[35.3029865,47.6306634],[35.3020773,47.6270866],[35.2966047,47.626873],[35.2878409,47.6347151],[35.2852427,47.6343097],[35.2835342,47.641741],[35.2875057,47.6418784],[35.2878725,47.6447915],[35.282512,47.6441988],[35.2801242,47.642117],[35.2828135,47.6326333],[35.2835601,47.6280648],[35.2827628,47.6234692],[35.2876911,47.6232444],[35.2859036,47.6189607],[35.2849223,47.6141935],[35.2819639,47.6143572],[35.2805105,47.608435],[35.2829254,47.6042859],[35.2962846,47.5843836],[35.2986957,47.5821808],[35.3006269,47.5809932],[35.312515,47.5750465],[35.3193834,47.5723355],[35.314977,47.567915],[35.2270368,47.5654987],[35.203307,47.5663302],[35.1546817,47.5213424],[35.0422574,47.5041903],[34.955704,47.53606],[34.938194,47.52702],[34.878456,47.515427],[34.85717,47.516123],[34.797775,47.537219],[34.74044,47.538842],[34.646026,47.560856],[34.577705,47.563172],[34.535477,47.556685],[34.471275,47.531888],[34.2985625,47.5179416],[34.2727785,47.509874],[34.2392727,47.4953088],[34.22271,47.49061],[34.1385781,47.477743],[34.225199,47.4496568],[34.2397865,47.4371618],[34.2475023,47.4245496],[34.2567989,47.3954986],[34.2518699,47.3914065],[34.2610348,47.3598342],[34.2729416,47.3616282],[34.2828974,47.3258155],[34.2807474,47.3242641],[34.2819394,47.3176723],[34.2932359,47.2742386],[34.3055597,47.2690126],[34.3294138,47.2903327],[34.3577462,47.2933859],[34.369978,47.2834112],[34.4016151,47.2872044],[34.399439,47.2981571],[34.41938,47.3010224],[34.4126437,47.3236253],[34.4750999,47.3302655],[34.4876972,47.2799814],[34.5190123,47.2834618],[34.5224535,47.2671893],[34.5282071,47.2676442],[34.5318988,47.2505087],[34.4896602,47.2466091],[34.5195379,47.1050774],[34.5517061,47.1056977],[34.5670667,47.024714],[34.5912262,47.0269086],[34.5993076,46.9922813],[34.6197572,46.9940196],[34.6232076,46.9733322],[34.6815158,46.9797817],[34.6861699,46.955473],[34.7362729,46.9612633],[34.7530293,46.8793242],[34.8045777,46.8822535],[34.8141146,46.8281087],[34.7579907,46.8226973],[34.7673437,46.7814478],[34.7503061,46.7811603],[34.7504768,46.7578325],[34.7337559,46.7571397],[34.7347392,46.7475868],[34.6585838,46.7403719],[34.6613193,46.7277929],[34.6253106,46.7242924],[34.6322277,46.6869534],[34.680721,46.6919694],[34.6837187,46.6771607],[34.7461593,46.6831453],[34.7560175,46.6270814],[34.7132031,46.6202034],[34.7232742,46.5812488],[34.7478032,46.5836746],[34.7575329,46.5502566],[34.888804,46.5643328],[34.8950983,46.537413],[34.8838887,46.5363096],[34.889702,46.5066026],[34.9427093,46.512542],[34.9486111,46.5036803],[34.9714694,46.4968852],[35.0192859,46.4788271],[35.0545605,46.4827971],[35.0709173,46.3773841],[35.0582612,46.3754897],[35.073434,46.299741],[35.1073914,46.3021473],[35.1336243,46.3002762],[35.295818,46.2599518],[35.4035828,46.3719894],[35.5926523,46.4628426],[35.7342527,46.5770978],[35.9079851,46.6449003],[36.0320772,46.6594256],[36.1160471,46.6510569],[36.1904131,46.6605358],[36.2506773,46.6153712],[36.2534718,46.5959272],[36.2178345,46.5509999],[36.1850522,46.5319352],[36.1483371,46.539133],[36.1474023,46.5123492],[36.1286221,46.4997397],[36.1116654,46.5047633],[36.0956181,46.4864551],[36.1774029,46.4952102],[36.2787393,46.5974663],[36.3137146,46.6481686],[36.3542461,46.6875453],[36.4168003,46.7239625],[36.5963355,46.7661335],[36.6306352,46.7793961],[36.7301777,46.7678126],[36.7994927,46.7363727],[36.8144974,46.7130022],[36.8027879,46.7062237],[36.7965752,46.6919106],[36.7969029,46.6767439],[36.7821281,46.6662878],[36.7649423,46.665162],[36.7442682,46.647464],[36.7479869,46.6266287],[36.7709044,46.6284099],[36.7910812,46.6396161],[36.9037562,46.8068076],[37.0033223,46.8652498],[37.0377287,46.8684374],[37.0626615,46.8831981],[37.0216379,46.9285465],[37.0932647,46.9679079],[37.1029882,46.9599034],[37.1411357,46.9822758],[37.0896257,47.007367],[37.1246241,47.038076],[37.0972903,47.0600331],[37.0803215,47.0477608],[36.9864286,47.0794324],[37.0105721,47.0851482],[37.0126544,47.0900569],[37.0082135,47.0919269],[37.0103179,47.0975368],[37.0055999,47.0977714],[37.0019996,47.1019804],[37.0119603,47.1073584],[37.0119629,47.1137859],[37.0081875,47.1158313],[37.0057854,47.1134374],[36.9992789,47.1141524],[37.002728,47.1209437],[37.0027439,47.1262167],[36.9955388,47.1283601],[36.9914241,47.1236125],[36.9838816,47.124395],[36.9784339,47.1267123],[36.9804623,47.1298024],[36.9697873,47.1352281],[36.9724698,47.1372043],[36.9724059,47.1397656],[36.9632757,47.1445491],[36.9594652,47.1488652],[36.9542847,47.1501496],[36.9541096,47.1536663],[36.9450076,47.1578833],[36.9381326,47.1565114],[36.9345229,47.1648127],[36.9226731,47.1598078],[36.9242118,47.1688079],[36.9212043,47.1724906],[36.9147223,47.1701308],[36.9130473,47.1654367],[36.9092689,47.1649281],[36.9085806,47.1632524],[36.9054889,47.1658949],[36.9068603,47.1680706],[36.9034196,47.1693037],[36.899284,47.1738705],[36.8896393,47.1708668],[36.8849719,47.1745141],[36.8809212,47.1737704],[36.876527,47.1750103],[36.8729775,47.1833856],[36.8645071,47.1851234],[36.8594129,47.1890253],[36.8593408,47.191809],[36.8561788,47.1913263],[36.8545615,47.1963261],[36.8556909,47.1982932],[36.8879074,47.2006515],[36.881713,47.2061391],[36.9297656,47.2064915],[36.9311114,47.1997318],[36.9619037,47.2016124],[36.9559131,47.2291543],[36.948546,47.2282492],[36.9255354,47.3182787],[36.9440053,47.32064],[36.946681,47.3108973],[37.0275593,47.3132695],[37.0389259,47.2989211],[37.0822106,47.3136388],[37.0832605,47.3205294],[37.0954587,47.3246728],[37.0911781,47.3292816],[37.1208031,47.3400791],[37.1060902,47.3765167],[37.1428837,47.3799346],[37.1622182,47.3416461],[37.2035199,47.3556788],[37.1953759,47.3740159],[37.2318557,47.4372919],[37.2359633,47.4362381],[37.2449222,47.4531794],[37.2378622,47.4574601],[37.2449449,47.4684601],[37.1886053,47.4683088],[37.194378,47.4791936],[37.1795499,47.4838128],[37.1696838,47.4677995],[37.1372326,47.4641241],[37.0849758,47.4961521],[37.0782366,47.491688],[37.0756176,47.4926752],[37.0226376,47.5527758],[37.002601,47.5388932],[36.9803298,47.5603463],[36.967263,47.5534396],[36.9455646,47.576474],[36.8932939,47.5450029],[36.8300268,47.6242751],[36.7636732,47.6006679],[36.7629893,47.6076049],[36.7465098,47.6064942],[36.7449637,47.6125206],[36.7445332,47.6215557],[36.7658976,47.623456],[36.7657925,47.6344677],[36.7252809,47.6298915],[36.7185764,47.6581015],[36.7546196,47.6608448],[36.7547481,47.6634739],[36.7525591,47.6631548],[36.7527302,47.6656383],[36.7681797,47.6668355],[36.7687375,47.6656418],[36.7746167,47.6641301],[36.7760501,47.6652101],[36.7749944,47.6688334],[36.7756253,47.6691857],[36.7764279,47.6687865],[36.7777885,47.6669134],[36.779842,47.667653],[36.7791523,47.6694678],[36.7816398,47.6703753],[36.7819184,47.671628],[36.7842892,47.6723411],[36.7850294,47.6732854],[36.7803509,47.6751551],[36.7836481,47.6791937],[36.7927428,47.6803173],[36.7898214,47.6844456],[36.7133556,47.6785759],[36.7002326,47.7323683],[36.685934,47.7305877],[36.6809795,47.7494848],[36.6789475,47.7573539],[36.6800633,47.7602966],[36.6708794,47.7932896],[36.624912,47.787922],[36.6164188,47.7858568],[36.6115307,47.785925],[36.5940157,47.7835851],[36.5870105,47.7854857],[36.588526,47.815992],[36.598754,47.817138],[36.6079836,47.8407327],[36.6042847,47.8506945],[36.58545,47.8472945],[36.5217154,47.8367767],[36.5218419,47.8348858],[36.521224,47.8340044],[36.5229641,47.8285818],[36.4679416,47.823985],[36.450236,47.8241651],[36.4354271,47.8270684],[36.4316708,47.8265322],[36.4254058,47.828923],[36.4210604,47.8291968],[36.4192632,47.8282532],[36.4141187,47.8278713],[36.4090953,47.8288997],[36.4053375,47.8303456],[36.4038302,47.8302121],[36.3976395,47.8313855],[36.3923179,47.8311664],[36.3897858,47.8319615],[36.387683,47.8309127],[36.3846789,47.8308146],[36.3832627,47.8315721],[36.3807307,47.8307163],[36.3763534,47.8301038],[36.3743363,47.8376518],[36.3274904,47.8396193],[36.3234779,47.8389858],[36.3229418,47.8359613],[36.3238646,47.8349819],[36.3285049,47.8320579]]]}},{"type":"Feature","properties":{"name":"Харьковская область"},"geometry":{"type":"Polygon","coordinates":[[[36.4620775,50.2338862],[36.4712666,50.230923],[36.4836965,50.2291949],[36.4866859,50.2309258],[36.4907771,50.2319169],[36.5093215,50.2359626],[36.5284061,50.2345385],[36.5387965,50.2303738],[36.546366,50.2319396],[36.5743184,50.2229353],[36.5889998,50.222056],[36.6210572,50.2165787],[36.6480931,50.2175699],[36.6396925,50.222439],[36.6154025,50.2274909],[36.6129026,50.2238305],[36.5965197,50.2296324],[36.597893,50.230456],[36.5832051,50.2362394],[36.5776261,50.2400273],[36.576607,50.2416555],[36.5690539,50.2443451],[36.5600309,50.2507306],[36.5689681,50.2578462],[36.5749353,50.2555976],[36.5777228,50.2586693],[36.5749762,50.2606447],[36.5804694,50.2626749],[36.5739053,50.2751298],[36.5927881,50.2753492],[36.5931314,50.2782015],[36.5896533,50.2792424],[36.5881941,50.2816557],[36.5883249,50.2830282],[36.5858767,50.2857142],[36.5835184,50.2863188],[36.5597842,50.2842883],[36.5584967,50.28193],[36.5564368,50.2813815],[36.5387557,50.2840141],[36.5362666,50.2837399],[36.5306375,50.2848564],[36.5238211,50.2863175],[36.5226195,50.2891143],[36.5247653,50.2904304],[36.526396,50.2935561],[36.516783,50.2951462],[36.5159247,50.2959687],[36.511204,50.2953107],[36.5006468,50.2993132],[36.4968703,50.302822],[36.490948,50.3062757],[36.488418,50.3115393],[36.4728377,50.3130727],[36.440222,50.3111543],[36.4336989,50.3306637],[36.4252875,50.3280337],[36.4115546,50.3149911],[36.4078639,50.3114284],[36.3999674,50.3069335],[36.3741324,50.3003001],[36.3782523,50.2938302],[36.3634894,50.287524],[36.3603995,50.2873595],[36.3687726,50.2778946],[36.3780683,50.2749707],[36.3866423,50.2759619],[36.3900653,50.2686709],[36.3967659,50.2601576],[36.399501,50.2577645],[36.4085872,50.2569624],[36.4110039,50.2574286],[36.4170546,50.2578261],[36.4176121,50.2556443],[36.4256085,50.252694],[36.4274881,50.2501225],[36.4396234,50.24541],[36.4462691,50.2434332],[36.4439882,50.2405782],[36.4620775,50.2338862]]]}},{"type":"Feature","properties":{"name":"Харьковская область"},"geometry":{"type":"Polygon","coordinates":[[[36.8208823,50.3136999],[36.8040988,50.3097705],[36.8002829,50.3060259],[36.7684585,50.3016778],[36.7648337,50.2925142],[36.7720205,50.2897247],[36.7544252,50.2906843],[36.7477304,50.288244],[36.7508632,50.2831437],[36.748932,50.2802368],[36.7401773,50.2828969],[36.7289457,50.2775058],[36.7196759,50.2776155],[36.705428,50.2689481],[36.7038831,50.2642298],[36.7158606,50.2665026],[36.7374476,50.2612037],[36.7595931,50.2504177],[36.7652551,50.249179],[36.7847658,50.244605],[36.7926156,50.2449016],[36.7963325,50.2421401],[36.7973719,50.2417219],[36.7985065,50.2396847],[36.8289293,50.2457819],[36.8298971,50.2500882],[36.8332686,50.2552446],[36.8439901,50.2613154],[36.855543,50.264861],[36.8603129,50.2595487],[36.8629811,50.2546783],[36.8789531,50.254253],[36.8828578,50.2478462],[36.8738236,50.2390161],[36.884584,50.2377023],[36.888779,50.2388588],[36.8886473,50.2414612],[36.8938289,50.2429205],[36.8967792,50.2459167],[36.9028242,50.2466838],[36.9025523,50.2420322],[36.9074302,50.2418265],[36.909719,50.2439953],[36.917645,50.2428987],[36.9286837,50.2355604],[36.9457434,50.2337299],[36.951819,50.244525],[36.9543234,50.2475682],[36.9569524,50.2530075],[36.9639178,50.2517598],[36.9668651,50.2642229],[36.9641476,50.2654925],[36.954493,50.2712045],[36.9564685,50.274557],[36.9667677,50.2764309],[36.965995,50.277619],[36.9568962,50.2759362],[36.9525171,50.2841992],[36.961021,50.28616],[36.9632714,50.2877199],[36.9837255,50.2921945],[36.9947495,50.2936083],[36.9889973,50.3009436],[36.9824114,50.3023767],[36.9787283,50.3050859],[36.9934272,50.3078104],[37.011129,50.3073916],[37.015689,50.305722],[37.0206299,50.3074909],[37.0234681,50.3109041],[37.0228846,50.3162459],[37.0372343,50.3209321],[37.0408623,50.3177404],[37.0486098,50.3178368],[37.0548357,50.3228516],[37.0372434,50.3322232],[37.0298628,50.3380863],[37.02866,50.3487835],[36.9546458,50.3495492],[36.9376177,50.3503551],[36.9155592,50.3464117],[36.8817419,50.3363325],[36.87098,50.3359184],[36.851438,50.3278388],[36.8208823,50.3136999]]]}},{"type":"Feature","properties":{"name":"Харьковская область"},"geometry":{"type":"Polygon","coordinates":[[[38.0239088,49.9501781],[38.0044945,49.9676134],[37.9985592,49.9644459],[37.9798085,49.9770838],[37.9649372,49.9794273],[37.9387031,50.0152611],[37.9340143,50.0216332],[37.9258774,50.0347711],[37.90956,50.043163],[37.8920241,50.0509269],[37.8628818,50.0546989],[37.8244725,50.0683638],[37.7978552,50.0843453],[37.7563131,50.0787274],[37.7341688,50.1027365],[37.7257574,50.1065901],[37.71352,50.1206598],[37.7070463,50.1283843],[37.7088488,50.1337213],[37.7006948,50.1341064],[37.694515,50.1405429],[37.6706858,50.1514917],[37.6549471,50.1672151],[37.6406992,50.1777149],[37.6356096,50.1772098],[37.611673,50.164508],[37.6033234,50.1583304],[37.6010961,50.1494093],[37.5821352,50.147579],[37.5857859,50.1399001],[37.6161957,50.1401742],[37.6265005,50.1264052],[37.6379199,50.1139504],[37.6472806,50.1131635],[37.6599347,50.1012946],[37.6626513,50.0933792],[37.6713115,50.083012],[37.6687476,50.0696265],[37.6844338,50.0668357],[37.6956571,50.0708749],[37.714265,50.0681566],[37.7133027,50.0664844],[37.7148085,50.0607496],[37.7146789,50.057432],[37.7148046,50.0540743],[37.7219053,50.0510177],[37.7310653,50.0501649],[37.7374558,50.0485427],[37.741186,50.0461488],[37.7445825,50.0393552],[37.7639796,50.0396919],[37.7591324,50.0305411],[37.7625231,50.0238154],[37.770035,50.0214468],[37.7773972,50.0209514],[37.7833849,50.0249802],[37.7861667,50.021459],[37.7874994,50.0112637],[37.7869026,50.0081813],[37.7996033,50.001083],[37.7954768,49.9934838],[37.789937,49.99343],[37.7789379,49.9914874],[37.7774844,49.9932586],[37.7737136,49.9908913],[37.7724376,49.989357],[37.7691636,49.9801238],[37.7557995,49.9839282],[37.7501478,49.9815805],[37.7472847,49.9756741],[37.74663,49.9712565],[37.7494084,49.9690469],[37.7389586,49.9667252],[37.7314923,49.9607833],[37.7349281,49.9559939],[37.7532971,49.9525866],[37.7526943,49.9487921],[37.7526545,49.9418864],[37.7440445,49.9197894],[37.7236359,49.919313],[37.7258909,49.9102958],[37.7199682,49.9054088],[37.7175224,49.9019146],[37.7260625,49.8997472],[37.7190262,49.8959417],[37.715515,49.895116],[37.7055542,49.899597],[37.6981451,49.8968966],[37.6831778,49.9050843],[37.6772395,49.9034281],[37.678425,49.895304],[37.6753256,49.8891299],[37.6705032,49.8890228],[37.6666264,49.8808412],[37.6582992,49.8836604],[37.6555944,49.8892726],[37.6488344,49.8913043],[37.6466562,49.8885598],[37.6492845,49.8851517],[37.6535721,49.8802812],[37.6438259,49.8799287],[37.6446178,49.8780931],[37.649186,49.8761469],[37.6435845,49.8673877],[37.6379412,49.8687154],[37.6363213,49.8653406],[37.6344811,49.8609365],[37.6383376,49.859711],[37.6316408,49.8516044],[37.6241716,49.8529036],[37.62228,49.8511854],[37.6289312,49.8496999],[37.6239752,49.8447231],[37.6177202,49.8390801],[37.6121777,49.8364563],[37.6055976,49.8363303],[37.6039297,49.828714],[37.5922645,49.8332429],[37.590724,49.8325729],[37.5927003,49.82576],[37.5888817,49.8252328],[37.587659,49.824028],[37.5912425,49.8209955],[37.590006,49.8180498],[37.592216,49.799838],[37.590463,49.798903],[37.5874051,49.7973633],[37.58855,49.789585],[37.5890213,49.7833276],[37.5877087,49.781204],[37.5833928,49.7793574],[37.5890613,49.7717089],[37.5926909,49.7697053],[37.595412,49.766626],[37.5968627,49.7641123],[37.609041,49.769261],[37.6109054,49.7723015],[37.6194763,49.7727683],[37.6190405,49.7640767],[37.6149162,49.7498941],[37.6038312,49.7503168],[37.5987536,49.7540664],[37.5938763,49.753654],[37.5846211,49.755783],[37.5800116,49.7623728],[37.5807903,49.7651705],[37.5738441,49.7650298],[37.5736849,49.7605346],[37.582404,49.753642],[37.5888914,49.7520132],[37.6010647,49.7443958],[37.5928059,49.7409373],[37.5944617,49.731709],[37.5877657,49.7272836],[37.5842458,49.7232398],[37.5866821,49.7211707],[37.590629,49.7152629],[37.5929636,49.7145628],[37.5947145,49.7165474],[37.5924281,49.7182625],[37.5912279,49.7194173],[37.5948876,49.7229173],[37.5990511,49.7241479],[37.6016293,49.7241815],[37.6032489,49.7225579],[37.6049575,49.72248],[37.605928,49.7210339],[37.6092242,49.7217433],[37.6099885,49.7205521],[37.6037064,49.7190159],[37.60112,49.7185239],[37.6016235,49.7168666],[37.6034653,49.7165357],[37.6065049,49.7146252],[37.6064043,49.712109],[37.6047006,49.7108781],[37.6029688,49.709541],[37.6035176,49.7084539],[37.6026976,49.708063],[37.6045621,49.7070211],[37.6054396,49.7076999],[37.6102492,49.7086478],[37.6122694,49.7071397],[37.6121636,49.7054975],[37.61085,49.7051166],[37.6111244,49.7040834],[37.609904,49.703463],[37.6065107,49.7039646],[37.6048577,49.7046035],[37.6019173,49.7025223],[37.6032463,49.7018016],[37.5986975,49.6985652],[37.5976679,49.6990428],[37.5953935,49.7002447],[37.594149,49.6991705],[37.5842678,49.6936617],[37.5859789,49.6926006],[37.5946451,49.696012],[37.5961019,49.6966751],[37.6005831,49.6944244],[37.6049063,49.6936527],[37.6067833,49.6946575],[37.605216,49.6958344],[37.6034975,49.6974664],[37.6062833,49.6984819],[37.6126479,49.6994981],[37.6128436,49.7004114],[37.6144055,49.7005778],[37.6134279,49.7035582],[37.6148516,49.7054755],[37.6164023,49.7064665],[37.6157486,49.7082403],[37.6154498,49.7099977],[37.6167819,49.7102011],[37.615326,49.71416],[37.6150845,49.7158101],[37.6122055,49.7202077],[37.6135885,49.7213209],[37.6150273,49.7214739],[37.6143634,49.7253168],[37.6124347,49.7252345],[37.6129115,49.7236272],[37.6094977,49.723107],[37.6079009,49.7252711],[37.6076528,49.7272681],[37.6066417,49.7292925],[37.6038471,49.7306226],[37.6075881,49.7306716],[37.6120763,49.7330262],[37.6160497,49.7325513],[37.619576,49.7356625],[37.6194101,49.7391617],[37.6290362,49.7425302],[37.637605,49.7449213],[37.6476514,49.7459862],[37.6669234,49.7420423],[37.6680456,49.7438605],[37.659368,49.748457],[37.6546269,49.7517011],[37.6502205,49.7563612],[37.6503347,49.7589166],[37.6516405,49.7645107],[37.6568513,49.7664455],[37.6639817,49.7639175],[37.6745027,49.7622222],[37.6712057,49.756184],[37.6903071,49.7535992],[37.699006,49.763224],[37.7053477,49.762413],[37.7128912,49.7588809],[37.7060446,49.7356188],[37.697371,49.732707],[37.6971705,49.7317802],[37.7038837,49.7283135],[37.7064033,49.7258172],[37.7062192,49.724375],[37.7096007,49.7206888],[37.7102992,49.7183389],[37.7168497,49.7160087],[37.7216705,49.7173684],[37.7219355,49.7202542],[37.7299532,49.7203092],[37.7399607,49.7211837],[37.7373477,49.7269761],[37.7354396,49.7289846],[37.7236705,49.7292676],[37.7168782,49.7366511],[37.7208651,49.7574583],[37.7314379,49.7523243],[37.7353792,49.7528699],[37.7541593,49.7460302],[37.7564469,49.7453846],[37.7669421,49.7462778],[37.774249,49.741407],[37.801351,49.72811],[37.8211099,49.7345498],[37.824837,49.717325],[37.8386276,49.7143449],[37.8230314,49.7102292],[37.8103302,49.7088533],[37.7905058,49.7081388],[37.7790919,49.7001775],[37.7703238,49.6982764],[37.741815,49.699148],[37.7408235,49.6914118],[37.7571968,49.69277],[37.7567167,49.68725],[37.781462,49.679432],[37.7740146,49.6761554],[37.775467,49.673909],[37.7804155,49.6657822],[37.8014985,49.6673197],[37.8137781,49.6637937],[37.8296153,49.6571895],[37.828784,49.6406259],[37.809672,49.652322],[37.8006387,49.6544152],[37.7900257,49.652286],[37.7915457,49.6550643],[37.7880874,49.6564534],[37.776091,49.657564],[37.7753594,49.6562223],[37.7591858,49.6612738],[37.7164605,49.6649117],[37.7005521,49.6640332],[37.6935852,49.6608994],[37.6933454,49.6551988],[37.6962295,49.6547375],[37.7003154,49.6603883],[37.7171145,49.6618419],[37.7368388,49.6599736],[37.7406837,49.6588264],[37.7407227,49.6553205],[37.7703253,49.6538676],[37.781636,49.650073],[37.8070496,49.6452665],[37.8101044,49.6353179],[37.8501241,49.629491],[37.8367965,49.6189362],[37.8264787,49.6132543],[37.8221782,49.6179745],[37.8172766,49.615577],[37.804553,49.6212363],[37.7997047,49.6205433],[37.8025421,49.6132622],[37.7881336,49.6052589],[37.7883487,49.6028387],[37.8036163,49.6035242],[37.8031696,49.5948693],[37.7892482,49.594056],[37.7911025,49.5850307],[37.7681755,49.5863487],[37.7698334,49.5745219],[37.7616157,49.5718709],[37.7547825,49.5654803],[37.7437654,49.5638419],[37.7428688,49.5567724],[37.727467,49.557993],[37.7164497,49.5594692],[37.701702,49.5585481],[37.7010312,49.5556221],[37.6979982,49.5517887],[37.6962075,49.5482311],[37.6934731,49.5456038],[37.6966867,49.5403354],[37.6908021,49.5259866],[37.6998809,49.5151847],[37.6933084,49.505504],[37.696692,49.5022318],[37.7015822,49.502201],[37.7132554,49.5098985],[37.7120109,49.5135562],[37.7215814,49.5134242],[37.7300789,49.5091471],[37.7311915,49.5004913],[37.7466077,49.4949315],[37.7604806,49.4980589],[37.7669685,49.4904913],[37.7788542,49.4818736],[37.7705708,49.466551],[37.7654418,49.4614613],[37.7567512,49.4569353],[37.7428261,49.4603627],[37.7150932,49.4465084],[37.70805,49.4389579],[37.6696064,49.4399513],[37.6596969,49.44438],[37.659143,49.440214],[37.6610486,49.4370003],[37.6788501,49.4361582],[37.6753497,49.427585],[37.6780292,49.4235894],[37.6815571,49.4120487],[37.702342,49.4168865],[37.7220089,49.4167498],[37.7205518,49.4117376],[37.7234059,49.4109066],[37.7203235,49.4075316],[37.7229131,49.4049367],[37.7332237,49.4079661],[37.744507,49.4057588],[37.7578475,49.4007577],[37.7659755,49.4015162],[37.7752768,49.4010338],[37.7772816,49.4027846],[37.7866459,49.4000825],[37.7984192,49.3935034],[37.8119539,49.3946894],[37.8133998,49.3956172],[37.8201739,49.3921147],[37.8233464,49.3932402],[37.8286383,49.3923722],[37.8355802,49.3826745],[37.839817,49.38095],[37.8427966,49.3741534],[37.8470393,49.3766574],[37.8513919,49.3765125],[37.8599496,49.3768145],[37.890492,49.3799779],[37.8916253,49.3808956],[37.896094,49.404002],[37.876868,49.417405],[37.8795289,49.4355197],[37.8749797,49.4364416],[37.8760958,49.4465428],[37.8445957,49.4450366],[37.8491214,49.4811616],[37.850089,49.488824],[37.8373864,49.492392],[37.8403256,49.494754],[37.8453254,49.5024675],[37.8422782,49.5080837],[37.8472994,49.5205944],[37.8710272,49.5195967],[37.8842068,49.5189507],[37.8966281,49.5257069],[37.9118688,49.5315177],[37.9177234,49.5336863],[37.9276589,49.5425932],[37.9278094,49.5480983],[37.8846136,49.5491214],[37.8919736,49.5602087],[37.900901,49.5730534],[37.904336,49.5706198],[37.9087036,49.5706353],[37.9223403,49.5678113],[37.923436,49.5702902],[37.9516269,49.5688231],[37.9517474,49.5723428],[37.9362182,49.5836888],[37.9325716,49.5896952],[37.9330445,49.5941437],[37.9420997,49.5944775],[37.9446091,49.6123898],[37.9748213,49.611055],[37.9782545,49.6235113],[37.9967939,49.6279592],[37.9878676,49.6439683],[38.0427988,49.6564162],[38.002287,49.6995147],[38.0194531,49.7048438],[38.0139599,49.7110604],[37.9892409,49.7146123],[37.9700148,49.7083962],[37.9535354,49.7332559],[37.9743721,49.7672506],[37.9908516,49.74862],[38.0553963,49.7918587],[38.0100965,49.8127941],[38.0211498,49.8376328],[38.0747277,49.8363317],[38.0951362,49.8460457],[38.0701607,49.8636229],[38.0266033,49.9059736],[38.022134,49.9103259],[38.0237939,49.9155884],[38.0220925,49.9179162],[38.0255332,49.9185828],[38.0209058,49.9256598],[38.0239088,49.9501781]]]}},{"type":"Feature","properties":{"name":"Харьковская область"},"geometry":{"type":"Polygon","coordinates":[[[35.8875618,50.4366399],[35.8894931,50.4344532],[35.8944283,50.4346171],[35.9151993,50.4309267],[35.9245549,50.4313641],[35.9354554,50.4279742],[35.9435234,50.4314735],[35.9423912,50.4332008],[35.9380997,50.4339662],[35.9367264,50.4302484],[35.9336365,50.4300297],[35.9219635,50.4372464],[35.9123505,50.4345129],[35.9056557,50.438777],[35.8875618,50.4366399]]]}},{"type":"Feature","properties":{"name":"Черниговская область"},"geometry":{"type":"Polygon","coordinates":[[[33.3011748,52.3480732],[33.29654,52.3466051],[33.3008315,52.3413616],[33.305123,52.3398933],[33.3083846,52.3334951],[33.3264091,52.3244731],[33.3337905,52.3251026],[33.3324172,52.3310824],[33.3463218,52.3429347],[33.3581664,52.3462905],[33.3640029,52.3446127],[33.3631446,52.3423055],[33.3591964,52.3410469],[33.3605697,52.3397884],[33.3674361,52.3402079],[33.371041,52.3371663],[33.3727576,52.3324461],[33.3809974,52.3352783],[33.3914687,52.3333902],[33.3991935,52.3340195],[33.393357,52.3374809],[33.3912971,52.3417811],[33.3997085,52.3498558],[33.40503,52.3495413],[33.4069182,52.3474441],[33.4123661,52.3514532],[33.4185459,52.3606794],[33.3800937,52.3728382],[33.3498813,52.3514532],[33.3134891,52.3564859],[33.3079959,52.350195],[33.3011748,52.3480732]]]}},{"type":"Feature","properties":{"name":"Курская область"},"geometry":{"type":"Polygon","coordinates":[[[34.281232,51.318742],[34.2820903,51.3103729],[34.2723056,51.3142357],[34.2662975,51.2981384],[34.258401,51.3023242],[34.2374584,51.2925567],[34.2436382,51.2846123],[34.2544528,51.2817133],[34.2508479,51.2754852],[34.2580271,51.2751455],[34.2641765,51.2765236],[34.2681957,51.2776957],[34.2715285,51.279512],[34.2733167,51.2849788],[34.2775087,51.287654],[34.2862088,51.2886905],[34.2910744,51.2902819],[34.2940224,51.2933318],[34.3024642,51.2955227],[34.3080712,51.3022465],[34.3030492,51.3063785],[34.3039714,51.3119314],[34.3103819,51.3143923],[34.3092396,51.3177116],[34.3043211,51.3197432],[34.305207,51.321929],[34.3073686,51.3224958],[34.3120543,51.3212773],[34.3163625,51.3273443],[34.3165942,51.3311855],[34.3145343,51.328933],[34.3050929,51.336119],[34.2982265,51.3345103],[34.2868968,51.3391218],[34.2814037,51.3345103],[34.281232,51.318742]]]}},{"type":"Feature","properties":{"name":"Сумская область"},"geometry":{"type":"Polygon","coordinates":[[[35.2865274,51.0672691],[35.2807197,51.0674311],[35.2771899,51.063979],[35.2753338,51.0663726],[35.2738318,51.0658332],[35.2738747,51.0642487],[35.2762136,51.0623743],[35.2756553,51.060709],[35.2757411,51.058767],[35.2728229,51.059711],[35.2733378,51.0580926],[35.2667718,51.0579308],[35.2647977,51.059711],[35.266171,51.0618149],[35.2658277,51.0631364],[35.2611499,51.0613563],[35.257545,51.058713],[35.2576737,51.0613563],[35.256,51.0621115],[35.2536397,51.0615182],[35.2482324,51.0645928],[35.2439675,51.0637094],[35.2425084,51.0603649],[35.2269301,51.0547544],[35.2255354,51.0535135],[35.226501,51.052866],[35.2262864,51.0524614],[35.2225528,51.0524209],[35.2222094,51.0518139],[35.2221451,51.0504381],[35.2215228,51.0502357],[35.2210936,51.0506809],[35.2134762,51.0464856],[35.2095923,51.0467014],[35.211404,51.0415869],[35.2250299,51.044447],[35.2269952,51.052513],[35.2331291,51.0562627],[35.2429344,51.0600524],[35.246089,51.0599572],[35.2481717,51.0584754],[35.2545887,51.059475],[35.2566535,51.0584568],[35.2615687,51.0576988],[35.2625883,51.0583569],[35.2642412,51.0582975],[35.2651438,51.0574234],[35.2673782,51.0567001],[35.2715891,51.0496967],[35.277817,51.0494911],[35.2759554,51.0582019],[35.2779723,51.0639215],[35.2812339,51.065273],[35.2847954,51.0656094],[35.291329,51.066153],[35.2992254,51.0624042],[35.3046757,51.0622423],[35.3138166,51.0663418],[35.317534,51.065544],[35.3274637,51.0681756],[35.3303605,51.069888],[35.3276403,51.0709906],[35.3258379,51.0742264],[35.3281553,51.0769767],[35.31262,51.0772463],[35.31159,51.0788641],[35.3041227,51.0786484],[35.3031786,51.0776238],[35.3048952,51.0764375],[35.3037794,51.0740647],[35.3011186,51.0739568],[35.3012903,51.0719614],[35.2980287,51.0726086],[35.2983721,51.0708288],[35.2942522,51.0692108],[35.2865274,51.0672691]]]}},{"type":"Feature","properties":{"name":"Сумская область"},"geometry":{"type":"Polygon","coordinates":[[[34.2298483,51.2613523],[34.2452686,51.2601396],[34.2540074,51.255826],[34.259492,51.256103],[34.2738151,51.2503298],[34.2835249,51.2491162],[34.3040456,51.2385522],[34.3030289,51.2355851],[34.3082042,51.2344868],[34.3131942,51.2378332],[34.3229912,51.2383847],[34.3283374,51.2369078],[34.3299752,51.2375037],[34.3313571,51.2400338],[34.3064662,51.2384217],[34.2848369,51.2497051],[34.2740222,51.2512093],[34.2434665,51.2634563],[34.2298483,51.2613523]]]}},{"type":"Feature","properties":{"name":"Сумская область "},"geometry":{"type":"Polygon","coordinates":[[[34.9814918,51.2316059],[34.9832085,51.2333257],[34.9797752,51.2355829],[34.973145,51.2333806],[34.9574593,51.2281661],[34.9500778,51.2270911],[34.9526527,51.2191354],[34.9394348,51.2181677],[34.9392631,51.2111783],[34.9306801,51.205586],[34.9116257,51.2062313],[34.9038478,51.2032643],[34.9055644,51.1992845],[34.8980113,51.1929377],[34.8830768,51.1960575],[34.8760387,51.1912164],[34.8619624,51.1990694],[34.844968,51.1911088],[34.8471996,51.1888495],[34.8326083,51.1826089],[34.8344966,51.1693717],[34.8166438,51.1693717],[34.8133823,51.1713091],[34.8089191,51.1722777],[34.8087474,51.1765827],[34.7982761,51.1751836],[34.7850581,51.1848685],[34.7804233,51.18121],[34.7793933,51.1775512],[34.7716686,51.1744302],[34.7593089,51.1772284],[34.7533008,51.1808872],[34.7373363,51.1791654],[34.7314998,51.1825013],[34.7169086,51.1717396],[34.716767,51.1643644],[34.7248215,51.162748],[34.7551334,51.1647363],[34.7597966,51.1536425],[34.7794793,51.1547154],[34.7857973,51.1599089],[34.7919615,51.1543508],[34.799702,51.1448417],[34.7998455,51.1419001],[34.8104759,51.1438293],[34.8135961,51.1289821],[34.82097,51.1314339],[34.8263742,51.1398761],[34.844826,51.136792],[34.8465243,51.128668],[34.8295309,51.1278784],[34.8297893,51.1252845],[34.8470417,51.1258142],[34.850646,51.119655],[34.8466981,51.1161447],[34.8666537,51.1118302],[34.8664603,51.1164979],[34.8741047,51.1149249],[34.8797542,51.1107293],[34.8936438,51.1161242],[34.8855463,51.1231421],[34.8798592,51.1312366],[34.8993196,51.1308929],[34.9089946,51.1228482],[34.9098842,51.1235257],[34.9020185,51.1319063],[34.9076362,51.1375515],[34.9149823,51.1447808],[34.9233767,51.1400485],[34.938426,51.1335823],[34.93096,51.127743],[34.9421514,51.1248311],[34.9475066,51.1292446],[34.9554762,51.126356],[34.9546067,51.1222826],[34.963076,51.120009],[34.9637979,51.1058164],[34.9715742,51.1053898],[34.9778659,51.1088947],[34.9832225,51.1097636],[34.996278,51.1099822],[35.007992,51.1100286],[35.009874,51.1092908],[34.9998853,51.1034128],[35.0026151,51.1025758],[35.0163322,51.1045943],[35.0217714,51.1058162],[35.0282676,51.1043388],[35.0318027,51.1088433],[35.0383387,51.1075962],[35.0412148,51.1053718],[35.0462669,51.1041825],[35.0497795,51.1040916],[35.0502,51.1101453],[35.0681964,51.1121979],[35.068406,51.1146751],[35.0936817,51.1265768],[35.1132792,51.1204088],[35.1326718,51.1176717],[35.1375225,51.1118501],[35.161457,51.106306],[35.157393,51.103773],[35.1518368,51.0951982],[35.1475896,51.0964485],[35.1382293,51.0889915],[35.1403294,51.0863951],[35.1532351,51.0773455],[35.1677713,51.0757636],[35.1659903,51.0774623],[35.1662693,51.0806707],[35.1637802,51.0833262],[35.1594243,51.0807246],[35.1579008,51.0819648],[35.1543603,51.0801854],[35.1478586,51.0826387],[35.1556477,51.0908067],[35.1735649,51.0873294],[35.1769123,51.0987442],[35.1731358,51.1003342],[35.16996,51.103285],[35.1684794,51.100442],[35.1645312,51.1007384],[35.164381,51.1051713],[35.1671276,51.1056698],[35.1631794,51.1085125],[35.1656041,51.1155444],[35.1688442,51.11972],[35.1745949,51.1215382],[35.1683292,51.1261307],[35.1537678,51.1313829],[35.1417515,51.1339144],[35.1420948,51.1356378],[35.1443264,51.1368227],[35.135043,51.14847],[35.1408151,51.1507986],[35.1375535,51.1537731],[35.129185,51.1573531],[35.1260951,51.1595332],[35.123091,51.1653464],[35.1342276,51.1710646],[35.1308802,51.1738092],[35.1301935,51.1943609],[35.1433685,51.2027896],[35.1366737,51.2099954],[35.1397636,51.2177377],[35.1505783,51.2216083],[35.150235,51.223651],[35.1226967,51.2310045],[35.1200226,51.2317134],[35.1174477,51.2295636],[35.1045731,51.2328958],[35.0850037,51.2304235],[35.0748756,51.2322509],[35.0611427,51.223651],[35.0633743,51.2181677],[35.061486,51.2152646],[35.0474586,51.2082437],[35.0384834,51.2038652],[35.0381401,51.2172],[35.0220039,51.2206407],[35.0106743,51.231391],[35.0048378,51.2323584],[34.9998596,51.2289186],[34.9919632,51.2288111],[34.9814918,51.2316059]]]}},{"type":"Feature","properties":{"name":"Сумская область"},"geometry":{"type":"Polygon","coordinates":[[[35.3853741,50.9237855],[35.3737011,50.9231363],[35.366148,50.9265988],[35.3730145,50.9326577],[35.3640881,50.9330904],[35.3548184,50.931143],[35.3455487,50.9330904],[35.3438321,50.9363359],[35.3390256,50.934605],[35.3331891,50.9354704],[35.3303676,50.9351095],[35.3322614,50.929114],[35.3375424,50.9245472],[35.3444536,50.9253092],[35.3519415,50.9291319],[35.3562743,50.9274992],[35.3645109,50.9243961],[35.3659642,50.9167284],[35.3747554,50.9134432],[35.3821549,50.9149391],[35.3847911,50.9131337],[35.3896311,50.9144012],[35.3978026,50.9109226],[35.4035702,50.9107988],[35.3997937,50.9166433],[35.3925839,50.919457],[35.3853741,50.9237855]]]}},{"type":"Feature","properties":{"name":"Днепропетровская область"},"geometry":{"type":"Polygon","coordinates":[[[36.8948334,48.0772637],[36.8940032,48.0815962],[36.8944598,48.0892277],[36.893363,48.097692],[36.889214,48.102993],[36.8846465,48.1308795],[36.8798436,48.1520746],[36.8765235,48.1667631],[36.8749083,48.16656],[36.8784489,48.1516308],[36.8790295,48.1469741],[36.87211,48.1460775],[36.8723839,48.1445124],[36.8798675,48.1454099],[36.88386,48.1313426],[36.8740608,48.1359586],[36.8581752,48.1406649],[36.8575284,48.1392379],[36.8640394,48.1367017],[36.8683076,48.1166603],[36.856809,48.11258],[36.8572773,48.1103705],[36.8538542,48.1060291],[36.8343125,48.1038769],[36.8315636,48.105156],[36.8079289,48.1024914],[36.80182,48.128795],[36.8060264,48.1321446],[36.8181123,48.1427546],[36.808062,48.15029],[36.8024537,48.1501003],[36.8055468,48.1451034],[36.795921,48.1415873],[36.792474,48.1375954],[36.7903146,48.1381283],[36.7865969,48.138564],[36.7763824,48.1256183],[36.7720978,48.1271853],[36.7651602,48.1243606],[36.7626938,48.1252583],[36.7568264,48.1247188],[36.7638325,48.1130632],[36.7696311,48.1090829],[36.763587,48.100919],[36.7669598,48.0979826],[36.7611856,48.0963836],[36.7575771,48.0971664],[36.7556531,48.0986206],[36.7534359,48.0993261],[36.7436657,48.0955319],[36.7416125,48.0984498],[36.7414869,48.1006824],[36.7324867,48.100954],[36.7329645,48.1134978],[36.7279244,48.1131502],[36.7268327,48.1088197],[36.7272851,48.0983289],[36.7264404,48.0924119],[36.7273262,48.0907819],[36.7241673,48.086499],[36.7198985,48.0859355],[36.7183328,48.0850087],[36.7161564,48.0852613],[36.7149952,48.0849801],[36.7136831,48.0802432],[36.708159,48.0802446],[36.7062713,48.0821159],[36.6999657,48.0829245],[36.6969579,48.0852131],[36.6911253,48.0866883],[36.6869216,48.0884283],[36.6846476,48.0942858],[36.6791097,48.0956422],[36.6649131,48.0971331],[36.6580224,48.0985238],[36.6527675,48.1004336],[36.6448365,48.1021372],[36.6431295,48.1058616],[36.6392184,48.1077734],[36.6366806,48.1067049],[36.6319941,48.1099787],[36.6305033,48.1118656],[36.6264375,48.1108869],[36.6227913,48.1068575],[36.627432,48.1031189],[36.6329716,48.0963657],[36.6192072,48.0933603],[36.6154778,48.0991592],[36.6159363,48.1034828],[36.6116312,48.1021604],[36.6096726,48.1026396],[36.6066996,48.1017922],[36.6065474,48.0986071],[36.61135,48.0988574],[36.6122005,48.0943709],[36.6040756,48.0942117],[36.6050489,48.0913007],[36.6106003,48.0894917],[36.611075,48.088616],[36.611757,48.0867348],[36.6169927,48.0859534],[36.6221854,48.0822191],[36.6245671,48.0825019],[36.625624,48.085099],[36.6280461,48.0857767],[36.6299868,48.083564],[36.6329313,48.0850091],[36.6324015,48.0869042],[36.6279234,48.0866778],[36.6291809,48.0893211],[36.632026,48.0890476],[36.6348111,48.0875277],[36.6366533,48.0877708],[36.637597,48.0892111],[36.6386912,48.0896447],[36.640397,48.0894315],[36.6418723,48.0888949],[36.6436508,48.0873666],[36.6464699,48.0894813],[36.6495275,48.0877377],[36.6517859,48.0888945],[36.649517,48.0930769],[36.6458935,48.0939641],[36.6403777,48.0914756],[36.6362894,48.0942157],[36.6382364,48.0955857],[36.6417713,48.0950066],[36.6440005,48.096909],[36.6502616,48.0952677],[36.6500661,48.0979152],[36.6525315,48.100276],[36.6578722,48.0983232],[36.6548872,48.0948513],[36.6614219,48.0910047],[36.6620254,48.0888781],[36.6640865,48.0875282],[36.6684653,48.0912234],[36.6763829,48.0906942],[36.6794512,48.0886242],[36.6841544,48.0856478],[36.6911229,48.0866671],[36.696934,48.085192],[36.699955,48.0829073],[36.706245,48.082104],[36.708144,48.080223],[36.713704,48.080226],[36.71502,48.084975],[36.7183443,48.0849813],[36.7214653,48.0831498],[36.722643,48.0803053],[36.724347,48.078511],[36.7250608,48.0725043],[36.7264111,48.0708284],[36.729435,48.068923],[36.740547,48.068076],[36.747756,48.064806],[36.748786,48.061336],[36.747284,48.05973],[36.7443664,48.059515],[36.7434325,48.0585825],[36.7429281,48.0531614],[36.7444951,48.0499907],[36.7514558,48.0489448],[36.7538214,48.0495794],[36.757144,48.0522447],[36.7602317,48.0529347],[36.7620605,48.0555929],[36.7649194,48.0554364],[36.7662009,48.05315],[36.7719592,48.0498265],[36.7726101,48.0480234],[36.774854,48.047148],[36.778217,48.048733],[36.7840669,48.046673],[36.7862175,48.050082],[36.7940334,48.0477116],[36.8006878,48.0525508],[36.8050557,48.0523309],[36.8043166,48.0475784],[36.812858,48.04005],[36.820025,48.039619],[36.826678,48.035487],[36.83093,48.035618],[36.833059,48.034716],[36.8392922,48.0378272],[36.8429508,48.0381835],[36.847014,48.03498],[36.853568,48.032418],[36.856465,48.034068],[36.857151,48.040529],[36.858295,48.05233],[36.87692,48.051469],[36.8785589,48.0618539],[36.881392,48.0617775],[36.8948334,48.0772637]]]}},{"type":"Feature","properties":{"name":"ДНР"},"geometry":{"type":"Polygon","coordinates":[[[37.623346,47.752968],[37.667842,47.692084],[37.714456,47.688432],[37.756254,47.66812],[37.798765,47.648835],[37.867335,47.636924],[37.862388,47.588003],[37.840288,47.578436],[37.845112,47.543166],[37.849232,47.53632],[37.847858,47.529243],[37.851805,47.518633],[37.85884,47.5115],[37.865961,47.505268],[37.874454,47.502049],[37.882946,47.496163],[37.889719,47.488885],[37.887816,47.485861],[37.891749,47.474718],[37.88966,47.468672],[37.877258,47.455994],[37.866921,47.447029],[37.866041,47.442112],[37.868937,47.43766],[37.867539,47.430426],[37.862365,47.424818],[37.86163,47.418246],[37.858787,47.413001],[37.859551,47.407526],[37.856157,47.396307],[37.859438,47.391859],[37.859629,47.388806],[37.840383,47.377958],[37.847594,47.367226],[37.854803,47.364398],[37.838665,47.358089],[37.843306,47.348654],[37.853058,47.350362],[37.862812,47.354861],[37.864152,47.347729],[37.858284,47.341993],[37.833781,47.34266],[37.827478,47.319303],[37.838407,47.311465],[37.839089,47.304516],[37.831532,47.302688],[37.821568,47.309508],[37.804731,47.305453],[37.796471,47.285934],[37.836608,47.281637],[37.842349,47.233338],[37.812109,47.206887],[37.797148,47.189761],[37.796426,47.174619],[37.808062,47.165194],[37.832697,47.144475],[37.832888,47.097618],[37.895728,47.106854],[37.983197,47.083644],[38.036523,47.086473],[38.065258,47.107962],[38.103366,47.091593],[38.130458,47.056514],[38.08083,47.026081],[38.087938,47.020692],[38.140378,47.048525],[38.17555,47.073996],[38.190407,47.094441],[38.230007,47.119088],[38.229101,47.127363],[38.236435,47.14031],[38.235314,47.19889],[38.238385,47.209501],[38.241556,47.213554],[38.241293,47.218072],[38.233902,47.231307],[38.24488,47.233583],[38.254485,47.233527],[38.26065,47.238076],[38.288066,47.23902],[38.286941,47.256761],[38.323587,47.256322],[38.331258,47.26365],[38.328026,47.266414],[38.332348,47.269644],[38.330004,47.276103],[38.324062,47.281441],[38.330718,47.289789],[38.333598,47.296973],[38.326865,47.2995],[38.333999,47.301528],[38.33358,47.307281],[38.220156,47.304647],[38.219942,47.327069],[38.227283,47.329476],[38.224174,47.332427],[38.232739,47.343754],[38.245598,47.349846],[38.249844,47.357416],[38.245851,47.364521],[38.255718,47.374544],[38.285829,47.37396],[38.286424,47.391278],[38.301442,47.392326],[38.301315,47.475533],[38.289781,47.476265],[38.287445,47.488232],[38.291959,47.490597],[38.28941,47.499667],[38.293727,47.500386],[38.29383,47.508364],[38.285108,47.509015],[38.284683,47.544815],[38.305473,47.54544],[38.31175,47.553631],[38.311164,47.575723],[38.349824,47.576818],[38.350048,47.616812],[38.456426,47.617536],[38.457087,47.64369],[38.616528,47.644789],[38.6181,47.647253],[38.621633,47.648659],[38.622155,47.649709],[38.624433,47.651303],[38.625853,47.653418],[38.629471,47.653403],[38.629157,47.669418],[38.66596,47.669271],[38.665349,47.697292],[38.661536,47.697983],[38.658838,47.700119],[38.661804,47.699597],[38.66612,47.700289],[38.667346,47.69948],[38.67046,47.698924],[38.728013,47.698785],[38.728684,47.699091],[38.728669,47.699858],[38.730498,47.700424],[38.73147,47.699718],[38.733885,47.700474],[38.736251,47.698194],[38.735546,47.697401],[38.735527,47.69447],[38.729971,47.692255],[38.729908,47.690097],[38.733192,47.688593],[38.733949,47.687523],[38.735049,47.687205],[38.737592,47.687897],[38.738262,47.68643],[38.739792,47.685252],[38.739847,47.684449],[38.739044,47.68353],[38.735923,47.68316],[38.735264,47.681848],[38.735378,47.680537],[38.736561,47.680173],[38.738269,47.680453],[38.739462,47.681254],[38.740333,47.68026],[38.743192,47.680584],[38.744834,47.682186],[38.744239,47.683305],[38.744905,47.684206],[38.744714,47.684992],[38.74611,47.686239],[38.747506,47.686389],[38.748772,47.685259],[38.750639,47.684534],[38.75198,47.684966],[38.752978,47.686438],[38.754191,47.686436],[38.754974,47.685452],[38.772574,47.685692],[38.77034,47.721069],[38.775945,47.72959],[38.778406,47.736621],[38.78842,47.737648],[38.787511,47.76833],[38.793398,47.770042],[38.796538,47.774522],[38.789085,47.778408],[38.791932,47.783447],[38.787226,47.784334],[38.783507,47.790649],[38.79049,47.797282],[38.788663,47.815625],[38.827638,47.817452],[38.829058,47.823479],[38.832588,47.824121],[38.833029,47.827299],[38.829791,47.828353],[38.825374,47.835648],[38.827481,47.84709],[38.837704,47.851772],[38.836637,47.864479],[38.843124,47.865208],[38.86236,47.865478],[38.87473,47.867588],[38.879972,47.872615],[38.87766,47.8758],[38.881358,47.875731],[38.884396,47.874675],[38.88643,47.874536],[38.888305,47.873891],[38.890658,47.874489],[38.891725,47.873073],[38.892878,47.87338],[38.893174,47.874377],[38.898571,47.874271],[38.898905,47.872884],[38.9042,47.872349],[38.909152,47.872735],[38.910119,47.875026],[38.928236,47.873172],[38.93232,47.872208],[38.932591,47.874397],[38.944148,47.872815],[38.9524,47.869619],[39.072822,47.869824],[39.066517,47.896354],[39.090437,47.940837],[39.074408,47.951576],[39.056755,47.948673],[39.038598,47.957589],[39.03935,48.007178],[38.836632,48.014321],[38.812712,48.049813],[38.820448,48.051552],[38.828872,48.058339],[38.828557,48.076502],[38.818997,48.065106],[38.800076,48.07295],[38.81808,48.083295],[38.807245,48.088824],[38.818657,48.116726],[38.737981,48.135264],[38.652442,48.151909],[38.652329,48.156793],[38.605364,48.171107],[38.596561,48.176829],[38.609706,48.191723],[38.61393,48.203869],[38.588454,48.226594],[38.589746,48.256179],[38.560032,48.274647],[38.538687,48.271956],[38.490564,48.272911],[38.480833,48.275731],[38.427722,48.278148],[38.424077,48.288393],[38.433479,48.29681],[38.426875,48.307249],[38.438391,48.315338],[38.436335,48.341769],[38.452308,48.346899],[38.461601,48.346],[38.4654,48.349664],[38.464393,48.353556],[38.471627,48.356079],[38.471035,48.360696],[38.496135,48.363646],[38.474426,48.369013],[38.468398,48.379191],[38.454128,48.381158],[38.448934,48.376427],[38.43648,48.395811],[38.43707,48.405619],[38.439893,48.416617],[38.4391581,48.4202103],[38.432773,48.432459],[38.414477,48.425639],[38.402678,48.427724],[38.392937,48.432314],[38.335212,48.407081],[38.293638,48.40177],[38.253391,48.371724],[38.241878,48.372023],[38.229676,48.376427],[38.21128,48.402512],[38.185895,48.418271],[38.132091,48.403683],[38.079422,48.41319],[38.02057,48.40649],[38.029928,48.374169],[38.014506,48.365574],[37.968886,48.374404],[37.955269,48.348271],[37.982272,48.343237],[37.95051,48.30464],[37.909324,48.310888],[37.902813,48.306399],[37.936574,48.294018],[37.941487,48.280491],[37.919441,48.258574],[37.932347,48.238288],[37.919045,48.21944],[37.843844,48.183203],[37.811557,48.158979],[37.820137,48.130403],[37.779596,48.100055],[37.756955,48.086148],[37.71597,48.069419],[37.704172,48.059439],[37.694275,48.050375],[37.677655,48.048942],[37.660864,48.036953],[37.626178,48.022453],[37.556579,48.010342],[37.551054,47.973732],[37.534554,47.957344],[37.525603,47.918598],[37.623346,47.752968]]]}},{"type":"Feature","properties":{"name":"ЛНР"},"geometry":{"type":"Polygon","coordinates":[[[39.126762,48.661051],[39.117571,48.657926],[39.105636,48.650944],[39.099961,48.65104],[39.079644,48.651774],[39.054514,48.647058],[39.037626,48.647556],[39.033387,48.652456],[39.011978,48.658717],[39.00967,48.662849],[39.018099,48.663511],[39.02403,48.661008],[39.028244,48.66304],[39.026905,48.667538],[39.021138,48.671774],[39.020693,48.679523],[39.015784,48.682512],[39.016064,48.694468],[39.00278,48.697248],[38.99945,48.712037],[38.991244,48.709666],[38.984411,48.711826],[38.986312,48.714151],[38.998514,48.71693],[39.000153,48.722849],[38.988744,48.736015],[38.98309,48.739022],[38.981826,48.743651],[38.978962,48.745173],[38.974784,48.745029],[38.971978,48.743752],[38.965354,48.746437],[38.960445,48.745953],[38.959142,48.743318],[38.960586,48.737286],[38.956748,48.734217],[38.943112,48.734164],[38.93266,48.736547],[38.934405,48.742043],[38.93924,48.745049],[38.936551,48.747438],[38.915034,48.74384],[38.912399,48.747486],[38.907477,48.750101],[38.90118,48.751131],[38.88171,48.750316],[38.877442,48.752986],[38.852768,48.749717],[38.82943,48.735506],[38.795138,48.6923],[38.780466,48.689792],[38.720682,48.710876],[38.712543,48.717899],[38.688014,48.718787],[38.682912,48.710365],[38.639064,48.703682],[38.606177,48.698668],[38.56918,48.687298],[38.547202,48.673706],[38.457317,48.641915],[38.419788,48.472291],[38.450449,48.46512],[38.452612,48.459798],[38.432592,48.446673],[38.4350371,48.4383675],[38.4326542,48.435329],[38.432773,48.432459],[38.4391581,48.4202103],[38.439893,48.416617],[38.43707,48.405619],[38.43648,48.395811],[38.448934,48.376427],[38.454128,48.381158],[38.468398,48.379191],[38.474426,48.369013],[38.496135,48.363646],[38.471035,48.360696],[38.471627,48.356079],[38.464393,48.353556],[38.4654,48.349664],[38.461601,48.346],[38.452308,48.346899],[38.436335,48.341769],[38.438391,48.315338],[38.426875,48.307249],[38.433479,48.29681],[38.424077,48.288393],[38.427722,48.278148],[38.480833,48.275731],[38.490564,48.272911],[38.538687,48.271956],[38.560032,48.274647],[38.589746,48.256179],[38.588454,48.226594],[38.61393,48.203869],[38.609706,48.191723],[38.596561,48.176829],[38.605364,48.171107],[38.652329,48.156793],[38.652442,48.151909],[38.737981,48.135264],[38.818657,48.116726],[38.807245,48.088824],[38.81808,48.083295],[38.800076,48.07295],[38.818997,48.065106],[38.828557,48.076502],[38.828872,48.058339],[38.820448,48.051552],[38.812712,48.049813],[38.836632,48.014321],[39.03935,48.007178],[39.038598,47.957589],[39.056755,47.948673],[39.074408,47.951576],[39.090437,47.940837],[39.066517,47.896354],[39.072822,47.869824],[39.084383,47.869464],[39.08261,47.852233],[39.108146,47.852372],[39.10921,47.842842],[39.149565,47.841994],[39.150098,47.851742],[39.164554,47.852107],[39.170229,47.846783],[39.181396,47.853439],[39.234794,47.853873],[39.235747,47.8633],[39.242195,47.866738],[39.34844,47.866885],[39.348772,47.871786],[39.387193,47.871795],[39.412238,47.832164],[39.421007,47.83199],[39.426766,47.837434],[39.436856,47.839465],[39.4339,47.846104],[39.441835,47.855433],[39.448779,47.852895],[39.463625,47.859339],[39.477785,47.860713],[39.520548,47.825747],[39.534708,47.831994],[39.541789,47.825205],[39.565351,47.836854],[39.619753,47.837115],[39.627345,47.839367],[39.64249,47.83747],[39.650807,47.833674],[39.737621,47.828124],[39.756789,47.847432],[39.762492,47.847511],[39.76133,47.87109],[39.794735,47.870097],[39.793823,47.919296],[39.80115,47.927622],[39.805733,47.937788],[39.80666,47.95076],[39.821325,47.95155],[39.824478,47.956345],[39.816644,47.965739],[39.816503,47.975837],[39.822542,47.982257],[39.815535,47.985001],[39.817454,47.991421],[39.813365,48.001402],[39.78867,48.012299],[39.773598,48.041441],[39.872516,48.041665],[39.884223,48.047283],[39.846818,48.057897],[39.831375,48.068504],[39.868322,48.08041],[39.87233,48.117998],[39.905886,48.14091],[39.910626,48.18123],[39.937972,48.18172],[39.943363,48.231643],[40.006286,48.22643],[40.003338,48.239723],[40.018245,48.253016],[40.016475,48.268629],[40.006065,48.275171],[39.98778,48.315953],[39.937436,48.292441],[39.926009,48.271888],[39.912762,48.271905],[39.909608,48.290225],[39.888172,48.308589],[39.842517,48.310587],[39.841994,48.332085],[39.917956,48.341018],[39.918744,48.347678],[39.944939,48.349316],[39.94745,48.356432],[39.941496,48.35634],[39.935772,48.371577],[39.944582,48.384212],[39.938286,48.388183],[39.92957,48.375743],[39.921092,48.377274],[39.907581,48.392403],[39.917994,48.393953],[39.918107,48.399149],[39.905287,48.405895],[39.91192,48.419387],[39.89447,48.429855],[39.889375,48.443966],[39.897851,48.447569],[39.854483,48.466884],[39.84446,48.47563],[39.848167,48.502582],[39.866468,48.510257],[39.855931,48.541135],[39.855807,48.561799],[39.848129,48.569284],[39.821034,48.579138],[39.824525,48.587041],[39.806766,48.585582],[39.788413,48.593848],[39.775552,48.590304],[39.753952,48.58321],[39.746455,48.589007],[39.687565,48.586738],[39.675217,48.589266],[39.63266,48.580887],[39.625042,48.58697],[39.619687,48.586208],[39.618463,48.580628],[39.615964,48.57693],[39.612396,48.57616],[39.611576,48.573573],[39.604114,48.575647],[39.59609,48.575661],[39.597914,48.582029],[39.607067,48.58737],[39.603516,48.591348],[39.594281,48.592722],[39.572724,48.581158],[39.563596,48.584145],[39.568653,48.590851],[39.563753,48.597785],[39.557611,48.59847],[39.549067,48.59484],[39.550652,48.587123],[39.543997,48.583947],[39.531264,48.584655],[39.527544,48.587402],[39.527943,48.591738],[39.534665,48.5926],[39.534178,48.596868],[39.526338,48.598139],[39.523814,48.603449],[39.529014,48.607851],[39.528035,48.611345],[39.51244,48.622824],[39.518718,48.627763],[39.516071,48.633836],[39.509745,48.635772],[39.483332,48.628746],[39.468252,48.628068],[39.463509,48.63261],[39.468366,48.637318],[39.464984,48.639304],[39.453068,48.640099],[39.449598,48.64991],[39.454043,48.65266],[39.452488,48.65551],[39.447501,48.656545],[39.438554,48.655497],[39.420863,48.658375],[39.412784,48.657169],[39.409309,48.660285],[39.414664,48.66807],[39.411968,48.671066],[39.405839,48.674741],[39.398387,48.675176],[39.390895,48.679184],[39.390052,48.68156],[39.391947,48.683824],[39.389723,48.685296],[39.384774,48.685175],[39.377451,48.686632],[39.357473,48.697255],[39.346247,48.711839],[39.372599,48.716554],[39.373589,48.719364],[39.354321,48.726025],[39.35939,48.735044],[39.348878,48.744422],[39.344199,48.759686],[39.354284,48.764194],[39.354521,48.76758],[39.34892,48.769155],[39.339565,48.766631],[39.326004,48.768823],[39.32922,48.774431],[39.323166,48.776646],[39.309684,48.774287],[39.300153,48.764006],[39.291612,48.760903],[39.287536,48.750782],[39.249112,48.712128],[39.239762,48.709619],[39.234875,48.712094],[39.227756,48.70981],[39.224541,48.707196],[39.219266,48.70662],[39.210525,48.700012],[39.201442,48.698842],[39.196378,48.70716],[39.186283,48.696528],[39.179281,48.684536],[39.161331,48.675179],[39.148864,48.676746],[39.142974,48.670387],[39.126762,48.661051]]]}},{"type":"Feature","properties":{"name":"ДНР"},"geometry":{"type":"Polygon","coordinates":[[[37.0611943,48.3074343],[37.0635706,48.2972009],[37.0607971,48.2967312],[37.0593363,48.2836552],[37.0660231,48.2745363],[37.06916,48.263235],[37.0786909,48.2429698],[37.0902454,48.1824001],[37.188044,48.218406],[37.232716,48.22515],[37.259685,48.22774],[37.272099,48.226299],[37.2827266,48.2285351],[37.2810705,48.2347399],[37.2833201,48.2484501],[37.2817727,48.250334],[37.2636217,48.2596725],[37.260689,48.25954],[37.2568507,48.2617953],[37.2589197,48.2636772],[37.2498217,48.2702476],[37.200114,48.2742271],[37.2008426,48.2806108],[37.2097175,48.2938442],[37.2231712,48.2953788],[37.2251453,48.2946936],[37.2361059,48.2938354],[37.2363033,48.2917813],[37.2390542,48.2948053],[37.2412151,48.2971747],[37.2394277,48.2982878],[37.234999,48.296229],[37.232026,48.298052],[37.2286644,48.2982909],[37.2265186,48.3043716],[37.227731,48.3046624],[37.2303595,48.3055241],[37.2392954,48.3074514],[37.2390856,48.3084151],[37.240795,48.309517],[37.2406777,48.3136916],[37.2380956,48.3144869],[37.2319014,48.3125383],[37.2292974,48.3152626],[37.2297018,48.3167188],[37.2296845,48.3192655],[37.2131698,48.3177955],[37.2066833,48.317367],[37.2055821,48.3228834],[37.2025623,48.3218008],[37.2032439,48.3168241],[37.2032192,48.3131687],[37.1990499,48.3128216],[37.1999382,48.3055197],[37.1974244,48.3046073],[37.1923791,48.3052141],[37.1915924,48.3014733],[37.1866307,48.3020158],[37.1856253,48.3026599],[37.1842365,48.3026349],[37.1845179,48.3051997],[37.1784752,48.3071211],[37.1779472,48.3120535],[37.1812879,48.3122078],[37.1830013,48.3209038],[37.1789208,48.3209547],[37.1757881,48.3156158],[37.1350903,48.3118724],[37.1334197,48.3172577],[37.1289709,48.3169388],[37.1312731,48.3085263],[37.1336177,48.3059918],[37.1336436,48.3049069],[37.1250045,48.3045042],[37.1194404,48.3081277],[37.1128819,48.3069136],[37.1177649,48.3032253],[37.1280105,48.3014001],[37.1240269,48.2973475],[37.1190312,48.2980335],[37.11235,48.300268],[37.1115256,48.3050031],[37.1065558,48.3085132],[37.1071898,48.3142108],[37.103344,48.3156894],[37.1060947,48.3179426],[37.1017193,48.3206173],[37.0931372,48.3233314],[37.0920653,48.3225338],[37.101507,48.3163145],[37.0991702,48.31453],[37.0926375,48.3171767],[37.0888135,48.314162],[37.0919225,48.3119697],[37.0896237,48.3061521],[37.1062596,48.3047304],[37.1042469,48.3026033],[37.108813,48.3000892],[37.1065771,48.2956071],[37.0611943,48.3074343]]]}},{"type":"Feature","properties":{"name":"Сумская область"},"geometry":{"type":"Polygon","coordinates":[[[35.5461208,50.4558009],[35.5498105,50.4564631],[35.5527267,50.454454],[35.5527054,50.4526505],[35.555334,50.4504099],[35.5575762,50.4501913],[35.5641208,50.449836],[35.5652451,50.4484553],[35.5675452,50.4485574],[35.5688985,50.4527587],[35.5717641,50.4553236],[35.5744844,50.4535184],[35.5789211,50.4514398],[35.5847178,50.4478726],[35.5836938,50.4457662],[35.5838713,50.4433866],[35.5776976,50.4426467],[35.5749547,50.4393891],[35.5764176,50.4345461],[35.5855224,50.4336616],[35.5867196,50.4312247],[35.5865479,50.4487173],[35.5788232,50.4535266],[35.578394,50.4558218],[35.5748749,50.4577344],[35.5716134,50.4606304],[35.5712701,50.4624335],[35.5695534,50.4647283],[35.5617428,50.4593737],[35.5620862,50.4565868],[35.567751,50.4571879],[35.5674935,50.4579529],[35.5716992,50.4575704],[35.5716134,50.4565322],[35.5707551,50.4554393],[35.5638886,50.451122],[35.5622578,50.4521057],[35.5596829,50.4528162],[35.5594254,50.4540731],[35.5557347,50.4548382],[35.5549622,50.4537452],[35.5539323,50.4551114],[35.5553055,50.4559311],[35.5523015,50.4583901],[35.5461208,50.4558009]]]}},{"type":"Feature","properties":{"name":"ДНР"},"geometry":{"type":"Polygon","coordinates":[[[38.068041,49.146561],[38.05817,49.148302],[38.05302,49.148077],[38.044008,49.149424],[38.040146,49.135949],[38.038944,49.12584],[37.981437,49.130445],[37.975515,49.133927],[37.957834,49.136735],[37.953714,49.141452],[37.945045,49.138476],[37.919038,49.145719],[37.91715,49.14774],[37.900842,49.157508],[37.893547,49.160707],[37.903332,49.166264],[37.893633,49.175467],[37.905306,49.179563],[37.907795,49.183827],[37.914232,49.186351],[37.93526,49.192129],[37.924017,49.205197],[37.91612,49.202617],[37.90831,49.213944],[37.889599,49.210973],[37.88977,49.21843],[37.882646,49.219719],[37.878698,49.221569],[37.87681,49.225661],[37.878926,49.226336],[37.8727344,49.2344697],[37.8722929,49.2343365],[37.8784562,49.2196927],[37.8692826,49.2147766],[37.8556522,49.2089261],[37.8566181,49.2031975],[37.8541249,49.1987323],[37.8258942,49.2007462],[37.8252745,49.2067815],[37.814919,49.207379],[37.800635,49.194315],[37.795505,49.1823553],[37.7633861,49.1886805],[37.7511543,49.1832003],[37.749278,49.181003],[37.743356,49.1793651],[37.7390392,49.1755271],[37.7352133,49.1753812],[37.7348454,49.1731199],[37.7401422,49.1734397],[37.7450219,49.1762902],[37.747788,49.1773519],[37.7534926,49.1742421],[37.7605859,49.1689493],[37.7645296,49.1669075],[37.7519667,49.158328],[37.7408146,49.1604757],[37.727085,49.1689083],[37.7249434,49.164769],[37.717092,49.1669507],[37.7143897,49.1620504],[37.7188634,49.1608641],[37.7201021,49.157365],[37.7193705,49.1508235],[37.7214275,49.1449818],[37.7328367,49.1435167],[37.7348276,49.1410532],[37.7248246,49.1369164],[37.7238345,49.1351377],[37.7116403,49.1344447],[37.6987214,49.1350862],[37.6843848,49.1454922],[37.6796885,49.1442017],[37.6824047,49.1396261],[37.6803132,49.1369035],[37.686713,49.1336487],[37.6874963,49.1277001],[37.6712878,49.1220429],[37.668383,49.1194173],[37.6579032,49.1214125],[37.6579903,49.1281401],[37.6554164,49.1288578],[37.6483806,49.1205196],[37.6411754,49.1211989],[37.6371515,49.1173892],[37.6249042,49.1087848],[37.6266763,49.107713],[37.6395219,49.1169226],[37.651934,49.1147141],[37.666907,49.1153186],[37.657166,49.1078068],[37.660525,49.1061398],[37.642694,49.103321],[37.6394235,49.1008947],[37.6504098,49.0958368],[37.654039,49.0942202],[37.6471849,49.0858977],[37.6347564,49.0900398],[37.629057,49.094471],[37.6220018,49.0978102],[37.6159917,49.1028778],[37.6141012,49.1005275],[37.6158139,49.0926793],[37.6187644,49.0739988],[37.6068736,49.0644807],[37.6091792,49.0602735],[37.6123732,49.0608456],[37.6157391,49.0633017],[37.618952,49.0638832],[37.6287996,49.0683459],[37.6408935,49.06854],[37.6765636,49.0660797],[37.6851377,49.0702514],[37.6836702,49.0745917],[37.696603,49.0725201],[37.7019953,49.0716853],[37.7007102,49.0678501],[37.6902211,49.0690223],[37.689822,49.067584],[37.6961175,49.0666517],[37.6847444,49.0604907],[37.6794295,49.0512247],[37.660246,49.045386],[37.6578469,49.0427253],[37.6698673,49.0360685],[37.6618384,49.0313364],[37.669774,49.0270544],[37.6895943,49.0405487],[37.6878655,49.0464912],[37.7005464,49.0498231],[37.7118222,49.0589409],[37.7162406,49.0559855],[37.720488,49.0573199],[37.7293276,49.057529],[37.7358734,49.0521377],[37.7402868,49.053464],[37.7432773,49.0601095],[37.757516,49.0593107],[37.7584056,49.0579196],[37.7513162,49.0441266],[37.7532471,49.0419585],[37.7584395,49.0439536],[37.7680238,49.0625908],[37.7763158,49.0677116],[37.7850668,49.0706159],[37.7942608,49.0656134],[37.7897794,49.0582596],[37.7971421,49.0494434],[37.8060302,49.0539724],[37.8207553,49.0608618],[37.8244419,49.0566933],[37.8269879,49.0530525],[37.830934,49.052715],[37.8295472,49.0506693],[37.8325873,49.0493652],[37.8325964,49.0478999],[37.8325794,49.0445231],[37.8264168,49.0413229],[37.8286956,49.0401572],[37.8341265,49.0394056],[37.8344075,49.0384006],[37.8533469,49.0379387],[37.8531465,49.0413303],[37.8373815,49.0415311],[37.8367078,49.0432549],[37.8363045,49.0445928],[37.8362103,49.0479535],[37.8368295,49.0569486],[37.8456125,49.0575967],[37.8484586,49.055997],[37.8522851,49.0572782],[37.8522492,49.0595158],[37.8613039,49.0594503],[37.8628082,49.0556231],[37.864483,49.0539626],[37.8655778,49.0473945],[37.8691721,49.0472043],[37.8682176,49.0537083],[37.8696947,49.0547562],[37.8687011,49.0571892],[37.868256,49.0651356],[37.8781592,49.0638874],[37.9020482,49.0642789],[37.9183697,49.0644185],[37.9261091,49.0681559],[37.9286984,49.0707931],[37.9393264,49.0680045],[37.9372592,49.0640357],[37.9385448,49.0494148],[37.9267233,49.0442924],[37.9163359,49.050469],[37.8966799,49.0446912],[37.8844909,49.0438634],[37.8840613,49.034218],[37.8670676,49.0325365],[37.8665104,49.0243556],[37.8720679,49.0245422],[37.8772826,49.0303566],[37.8950494,49.0331442],[37.906057,49.0327665],[37.91348,49.0335928],[37.916482,49.033296],[37.9194845,49.0302561],[37.916264,49.0296079],[37.9166128,49.0269235],[37.9081862,49.0266723],[37.908716,49.019849],[37.8952363,49.0178364],[37.858539,49.0174733],[37.852809,49.0119751],[37.8507597,49.01038],[37.8255281,49.0100376],[37.8164737,49.0143997],[37.8076123,49.0111482],[37.8057994,49.0091004],[37.8128321,49.0057119],[37.8235555,49.0087411],[37.8509367,49.0091321],[37.8524011,49.0077153],[37.8563056,49.0078096],[37.8650836,49.0090783],[37.8726165,49.0074472],[37.8787372,49.0058933],[37.8912969,49.0050633],[37.8920768,49.0001885],[37.9032008,48.9973189],[37.8846443,48.9925887],[37.8697015,48.991294],[37.8487579,48.9879643],[37.833008,48.9859069],[37.8313452,48.9776191],[37.8318734,48.9741949],[37.8306322,48.9731416],[37.8361056,48.9697415],[37.8376306,48.9709614],[37.8396115,48.977869],[37.8396386,48.98409],[37.8500455,48.9845255],[37.8703863,48.9854231],[37.8851468,48.9867612],[37.9029951,48.9906744],[37.9180391,48.9926386],[37.9195716,48.9865555],[37.9124671,48.9826957],[37.8882775,48.9826328],[37.8873502,48.9767102],[37.8541774,48.9717417],[37.8529295,48.9734592],[37.8505032,48.9730503],[37.8491184,48.9711275],[37.8442375,48.966181],[37.8474619,48.9639894],[37.8499996,48.966362],[37.8618886,48.9677375],[37.8627742,48.9567691],[37.8646106,48.9462641],[37.8628531,48.9419276],[37.8597088,48.9382992],[37.8526386,48.9330913],[37.8522636,48.9291234],[37.85529,48.928518],[37.861846,48.928243],[37.860414,48.92663],[37.8624877,48.9235063],[37.8681754,48.9204998],[37.8824336,48.9246357],[37.886044,48.9226412],[37.9024827,48.913296],[37.9044561,48.9108463],[37.9061294,48.9076186],[37.9137256,48.905829],[37.9155484,48.9027999],[37.9208799,48.9039933],[37.9286959,48.9033205],[37.9326502,48.9070485],[37.9336338,48.9114327],[37.9360894,48.9130004],[37.9377485,48.9208203],[37.9396156,48.9246482],[37.9445766,48.9289552],[37.9490672,48.9319606],[37.9527122,48.933662],[37.9554788,48.9339348],[37.9631377,48.937224],[37.9693806,48.9389379],[37.9739698,48.9400542],[37.982633,48.939411],[37.9825846,48.9215404],[37.9691066,48.9219734],[37.953226,48.9212781],[37.9464429,48.911538],[37.953391,48.912251],[37.95679,48.909548],[37.9720679,48.909871],[37.9662974,48.9053848],[37.9667594,48.9013925],[37.9736851,48.9034021],[37.974603,48.90654],[37.9773897,48.9101931],[37.9835955,48.9030558],[37.992129,48.9039771],[37.9926189,48.8993597],[37.9987746,48.8968011],[38.0003621,48.8897823],[37.9997611,48.8881615],[37.9926372,48.8873872],[37.9895044,48.8795105],[37.9932807,48.8791279],[37.9954697,48.8843334],[37.999246,48.8838193],[38.0044816,48.8875317],[38.0125919,48.8906248],[38.0177421,48.8937742],[38.0226826,48.8904456],[38.0267407,48.89386],[38.0248765,48.8949608],[38.0272912,48.9026927],[38.0379997,48.9055186],[38.0428222,48.9064918],[38.0495257,48.9107117],[38.0518904,48.9118907],[38.0639206,48.9163989],[38.0763655,48.9184668],[38.0712948,48.9257601],[38.0760649,48.9315139],[38.078426,48.93546],[38.073105,48.93422],[38.065895,48.935179],[38.061174,48.933205],[38.046068,48.933994],[38.0447162,48.9349199],[38.040146,48.93811],[38.039631,48.943692],[38.008474,48.94341],[38.004955,48.946285],[38.029932,48.974012],[38.054222,48.964602],[38.053192,48.969335],[38.058342,48.974969],[38.052248,48.979194],[38.051561,48.98387],[38.061088,48.987925],[38.07937,48.991868],[38.099111,48.991924],[38.098339,48.999189],[38.088983,49.015629],[38.084692,49.018612],[38.073448,49.038816],[38.052419,49.05963],[38.061775,49.063286],[38.067182,49.095837],[38.084263,49.135387],[38.068041,49.146561]]]}},{"type":"Feature","properties":{"name":"ЛНР"},"geometry":{"type":"Polygon","coordinates":[[[39.287536,48.750782],[39.291612,48.760903],[39.300153,48.764006],[39.309684,48.774287],[39.323166,48.776646],[39.32922,48.774431],[39.326004,48.768823],[39.339565,48.766631],[39.34892,48.769155],[39.354521,48.76758],[39.354284,48.764194],[39.344199,48.759686],[39.348878,48.744422],[39.35939,48.735044],[39.354321,48.726025],[39.373589,48.719364],[39.372599,48.716554],[39.346247,48.711839],[39.357473,48.697255],[39.377451,48.686632],[39.384774,48.685175],[39.389723,48.685296],[39.391947,48.683824],[39.390052,48.68156],[39.390895,48.679184],[39.398387,48.675176],[39.405839,48.674741],[39.411968,48.671066],[39.414664,48.66807],[39.409309,48.660285],[39.412784,48.657169],[39.420863,48.658375],[39.438554,48.655497],[39.447501,48.656545],[39.452488,48.65551],[39.454043,48.65266],[39.449598,48.64991],[39.453068,48.640099],[39.464984,48.639304],[39.468366,48.637318],[39.463509,48.63261],[39.468252,48.628068],[39.483332,48.628746],[39.509745,48.635772],[39.516071,48.633836],[39.518718,48.627763],[39.51244,48.622824],[39.528035,48.611345],[39.529014,48.607851],[39.523814,48.603449],[39.526338,48.598139],[39.534178,48.596868],[39.534665,48.5926],[39.527943,48.591738],[39.527544,48.587402],[39.531264,48.584655],[39.543997,48.583947],[39.550652,48.587123],[39.549067,48.59484],[39.557611,48.59847],[39.563753,48.597785],[39.568653,48.590851],[39.563596,48.584145],[39.572724,48.581158],[39.594281,48.592722],[39.603516,48.591348],[39.607067,48.58737],[39.597914,48.582029],[39.59609,48.575661],[39.604114,48.575647],[39.611576,48.573573],[39.612396,48.57616],[39.615964,48.57693],[39.618463,48.580628],[39.619687,48.586208],[39.625042,48.58697],[39.63266,48.580887],[39.675217,48.589266],[39.687565,48.586738],[39.6892042,48.5868029],[39.685896,48.588103],[39.686098,48.589419],[39.685256,48.590148],[39.683383,48.59048],[39.682282,48.591549],[39.682212,48.592732],[39.679271,48.592726],[39.678349,48.590007],[39.676765,48.590577],[39.675472,48.591413],[39.675364,48.592683],[39.674741,48.594408],[39.676969,48.59597],[39.679279,48.596312],[39.679178,48.59803],[39.675774,48.598158],[39.674171,48.596271],[39.67068,48.595633],[39.668133,48.595835],[39.667646,48.597398],[39.667842,48.601979],[39.669803,48.603381],[39.670204,48.604565],[39.668974,48.605238],[39.661481,48.605433],[39.659196,48.608092],[39.670108,48.624371],[39.694141,48.638675],[39.690149,48.647232],[39.704698,48.656468],[39.707961,48.654626],[39.70997,48.656528],[39.70786,48.66047],[39.710041,48.665205],[39.708789,48.666313],[39.703437,48.666435],[39.700629,48.67008],[39.712012,48.675532],[39.714126,48.681664],[39.722081,48.683252],[39.715759,48.689486],[39.716925,48.693198],[39.714657,48.695549],[39.719102,48.697462],[39.716338,48.702999],[39.712182,48.6998],[39.706059,48.702863],[39.702682,48.707965],[39.706428,48.712614],[39.710534,48.712333],[39.710526,48.716384],[39.707429,48.716357],[39.702563,48.721124],[39.708275,48.720955],[39.707807,48.723956],[39.71754,48.72956],[39.721205,48.727266],[39.720634,48.725791],[39.723495,48.725674],[39.725098,48.729516],[39.721094,48.73222],[39.72477,48.739577],[39.73762,48.74478],[39.736227,48.763225],[39.745823,48.774428],[39.761356,48.763248],[39.781013,48.786458],[39.799761,48.845521],[39.827428,48.830097],[39.886561,48.822377],[39.938774,48.79951],[39.974485,48.796525],[40.079749,48.87003],[40.043649,48.92094],[40.001612,48.901405],[39.991187,48.869225],[39.951935,48.874508],[39.922276,48.896037],[39.852684,48.890769],[39.844885,48.902642],[39.834832,48.901427],[39.83324,48.889308],[39.826842,48.888024],[39.818556,48.896669],[39.817822,48.907571],[39.803301,48.915382],[39.794672,48.912323],[39.788442,48.916482],[39.77949,48.916531],[39.774656,48.925603],[39.786805,48.935924],[39.75062,48.986327],[39.724744,48.979442],[39.700234,49.000488],[39.676408,48.989542],[39.663568,49.00202],[39.671389,49.003923],[39.677839,49.013483],[39.671588,49.016964],[39.684254,49.036715],[39.674262,49.040708],[39.693209,49.050133],[39.73817,49.043035],[39.765271,49.039977],[39.804484,49.060465],[39.818414,49.059286],[39.879039,49.064395],[39.910136,49.057347],[39.937282,49.05659],[39.941074,49.072119],[39.937827,49.082924],[39.971329,49.124642],[40.029984,49.179371],[40.076919,49.187345],[40.093615,49.203722],[40.1074,49.21146],[40.122177,49.231499],[40.138337,49.240101],[40.175571,49.237473],[40.207314,49.242456],[40.214001,49.245196],[40.220093,49.257323],[40.217945,49.26452],[40.184278,49.28535],[40.182897,49.304157],[40.189074,49.311996],[40.195256,49.345348],[40.169144,49.35702],[40.154224,49.372148],[40.140671,49.378332],[40.111494,49.386226],[40.076453,49.410049],[40.058554,49.435874],[40.046824,49.444727],[40.028049,49.454232],[40.041794,49.498515],[40.037692,49.520052],[40.167869,49.569007],[40.13806,49.596773],[40.133641,49.616969],[40.06363,49.599558],[40.057485,49.607053],[39.951083,49.59736],[39.934996,49.574216],[39.890406,49.558631],[39.86579,49.560077],[39.837738,49.563744],[39.808486,49.558834],[39.806357,49.557262],[39.748708,49.597581],[39.658999,49.614737],[39.638017,49.635645],[39.611825,49.691658],[39.590399,49.71879],[39.608996,49.733828],[39.532972,49.741159],[39.478203,49.755996],[39.432794,49.759855],[39.376923,49.739004],[39.307481,49.75294],[39.284029,49.755322],[39.27222,49.768564],[39.262334,49.769277],[39.250387,49.776641],[39.238843,49.796687],[39.226047,49.808404],[39.226364,49.840189],[39.179621,49.889009],[39.128748,49.862332],[39.110206,49.837918],[39.066974,49.816151],[39.030663,49.822206],[39.016677,49.821414],[38.984845,49.808655],[38.969936,49.807503],[38.947683,49.79633],[38.91012,49.818081],[38.906709,49.828717],[38.912225,49.829608],[38.910897,49.843792],[38.905494,49.846031],[38.916654,49.858922],[38.898972,49.870928],[38.876522,49.869118],[38.868494,49.865093],[38.856556,49.868106],[38.840235,49.86572],[38.834991,49.868398],[38.834554,49.874174],[38.824064,49.878202],[38.793689,49.883886],[38.789248,49.879318],[38.779199,49.884149],[38.768631,49.896113],[38.744485,49.89731],[38.733806,49.904976],[38.723893,49.92729],[38.691504,49.934178],[38.685709,49.962166],[38.716874,49.983316],[38.713028,49.988236],[38.700832,49.993719],[38.702026,49.996334],[38.697039,50.002038],[38.69151,50.003446],[38.682165,50.009352],[38.675506,49.992844],[38.679148,49.975012],[38.666724,49.972277],[38.646066,49.956732],[38.615044,49.975102],[38.580916,49.977476],[38.52716,49.958475],[38.507155,49.963914],[38.487835,49.96405],[38.482809,49.970852],[38.482355,49.978007],[38.477781,49.978096],[38.477337,49.983311],[38.464577,49.98341],[38.467202,49.995974],[38.432997,50.001884],[38.415279,49.981744],[38.396822,49.991603],[38.348821,50.007191],[38.353212,50.018725],[38.350049,50.036436],[38.332463,50.058998],[38.327913,50.085084],[38.312492,50.087989],[38.299816,50.086928],[38.289185,50.079346],[38.275812,50.073525],[38.253189,50.072456],[38.177099,50.080049],[38.184597,50.055728],[38.18248,50.046835],[38.188035,50.040275],[38.187357,50.023956],[38.185306,50.021311],[38.203771,50.00245],[38.203643,49.997768],[38.214994,49.987809],[38.217235,49.982388],[38.213984,49.97785],[38.195618,49.969694],[38.197015,49.961558],[38.16134,49.951653],[38.169683,49.942478],[38.140554,49.929935],[38.125719,49.922267],[38.128051,49.930512],[38.123785,49.942137],[38.055363,49.923687],[38.03592,49.904724],[38.026603,49.905974],[38.070161,49.863623],[38.095136,49.846046],[38.074728,49.836332],[38.02115,49.837633],[38.010096,49.812794],[38.055396,49.791859],[37.990852,49.74862],[37.974372,49.767251],[37.953277,49.733362],[37.969756,49.708502],[37.988982,49.714718],[38.013701,49.711166],[38.019194,49.70495],[38.002028,49.699621],[38.04254,49.656522],[37.987609,49.644074],[37.996535,49.628065],[37.977996,49.623617],[37.974563,49.611161],[37.94435,49.612496],[37.9421,49.594478],[37.933044,49.594144],[37.932572,49.589695],[37.936218,49.583689],[37.951747,49.572343],[37.951627,49.568823],[37.923436,49.57029],[37.92234,49.567811],[37.908704,49.570635],[37.904336,49.57062],[37.900901,49.573053],[37.891974,49.560209],[37.884614,49.549121],[37.927809,49.548098],[37.927659,49.542593],[37.917723,49.533686],[37.896628,49.525707],[37.884207,49.518951],[37.847299,49.520594],[37.842278,49.508084],[37.845325,49.502468],[37.841925,49.497065],[37.840326,49.494754],[37.837386,49.492392],[37.850089,49.488824],[37.849121,49.481162],[37.844596,49.445037],[37.876096,49.446543],[37.87498,49.436442],[37.879529,49.43552],[37.876868,49.417405],[37.896094,49.404002],[37.891625,49.380896],[37.893054,49.382064],[37.90626,49.381915],[37.9098385,49.3775104],[37.900571,49.374634],[37.9058892,49.3712216],[37.922766,49.3753271],[37.9329592,49.3746388],[37.945052,49.360786],[37.949976,49.362632],[37.955757,49.357061],[37.949222,49.352553],[37.946224,49.351095],[37.941978,49.351274],[37.93992,49.349393],[37.9339018,49.3493088],[37.9339398,49.3468903],[37.9221142,49.3457649],[37.9228963,49.3394983],[37.9213343,49.3390911],[37.9249091,49.3356857],[37.9281556,49.3360521],[37.9352653,49.3441921],[37.9428413,49.3441076],[37.940897,49.338933],[37.937522,49.333011],[37.944098,49.332294],[37.945227,49.329486],[37.94828,49.329284],[37.949446,49.331991],[37.953635,49.331967],[37.954084,49.329158],[37.954052,49.322287],[37.956842,49.318651],[37.959348,49.311238],[37.957578,49.29981],[37.956843,49.294179],[37.960979,49.28622],[37.961476,49.285644],[37.9720556,49.2829697],[37.9583258,49.2731409],[37.9512454,49.2744229],[37.950516,49.2778888],[37.9370831,49.2778264],[37.9320624,49.2754675],[37.9374927,49.2717654],[37.9437069,49.2733464],[37.9473379,49.2700945],[37.9599527,49.2662325],[37.9533311,49.2605799],[37.9448122,49.2527998],[37.937487,49.250498],[37.930268,49.256171],[37.9274767,49.2549086],[37.9378651,49.2458118],[37.9334935,49.2435568],[37.9182806,49.2483391],[37.9132806,49.2455004],[37.9078017,49.2417923],[37.9005187,49.24287],[37.8939159,49.2473029],[37.8826752,49.2453169],[37.8765829,49.2469015],[37.8736458,49.2455563],[37.8725972,49.2432025],[37.8735899,49.2412965],[37.8774634,49.2420795],[37.8804894,49.2383222],[37.8960679,49.241902],[37.8985822,49.2388734],[37.9067005,49.2404376],[37.9104967,49.2320097],[37.909747,49.2273359],[37.8986509,49.2260932],[37.8881765,49.2295251],[37.8858999,49.2313706],[37.8761784,49.2353757],[37.8727344,49.2344697],[37.878926,49.226336],[37.87681,49.225661],[37.878698,49.221569],[37.882646,49.219719],[37.88977,49.21843],[37.889599,49.210973],[37.90831,49.213944],[37.91612,49.202617],[37.924017,49.205197],[37.93526,49.192129],[37.914232,49.186351],[37.907795,49.183827],[37.905306,49.179563],[37.893633,49.175467],[37.903332,49.166264],[37.893547,49.160707],[37.900842,49.157508],[37.91715,49.14774],[37.919038,49.145719],[37.945045,49.138476],[37.953714,49.141452],[37.957834,49.136735],[37.975515,49.133927],[37.981437,49.130445],[38.038944,49.12584],[38.040146,49.135949],[38.044008,49.149424],[38.05302,49.148077],[38.05817,49.148302],[38.068041,49.146561],[38.082031,49.14774],[38.084263,49.135387],[38.067182,49.095837],[38.061775,49.063286],[38.052419,49.05963],[38.073448,49.038816],[38.084692,49.018612],[38.088983,49.015629],[38.098339,48.999189],[38.099111,48.991924],[38.07937,48.991868],[38.061088,48.987925],[38.051561,48.98387],[38.052248,48.979194],[38.058342,48.974969],[38.053192,48.969335],[38.054222,48.964602],[38.029932,48.974012],[38.004955,48.946285],[38.008474,48.94341],[38.039631,48.943692],[38.040146,48.93811],[38.0447162,48.9349199],[38.046068,48.933994],[38.061174,48.933205],[38.065895,48.935179],[38.073105,48.93422],[38.078426,48.93546],[38.085121,48.93484],[38.0929339,48.931952],[38.096966,48.930442],[38.113702,48.926664],[38.1191454,48.9265496],[38.1260192,48.9264639],[38.130815,48.9238176],[38.1324559,48.9236555],[38.1372582,48.9255581],[38.140396,48.931626],[38.145546,48.932585],[38.1522686,48.9308422],[38.1597249,48.9303275],[38.169034,48.931012],[38.17902,48.928976],[38.184599,48.929145],[38.18992,48.927961],[38.199104,48.927961],[38.2236516,48.9345019],[38.2269006,48.9221493],[38.2279588,48.8690035],[38.2293821,48.8649826],[38.221935,48.839009],[38.243307,48.840365],[38.243307,48.841382],[38.257695,48.842176],[38.271215,48.832825],[38.272609,48.824022],[38.31339,48.828192],[38.31645,48.814025],[38.288092,48.811896],[38.281585,48.802126],[38.278729,48.802811],[38.282462,48.77353],[38.27658,48.772692],[38.263835,48.752054],[38.280999,48.737991],[38.316538,48.736287],[38.323234,48.729599],[38.325136,48.713039],[38.302978,48.711241],[38.31332,48.703846],[38.313359,48.684668],[38.28392,48.682118],[38.286154,48.67158],[38.258184,48.666714],[38.259431,48.658127],[38.238022,48.65589],[38.229377,48.651822],[38.232406,48.640044],[38.261119,48.642798],[38.277545,48.548225],[38.274162,48.542638],[38.321573,48.508402],[38.311015,48.506196],[38.313848,48.498986],[38.296815,48.495349],[38.296945,48.490094],[38.306303,48.483566],[38.300553,48.483865],[38.306605,48.473887],[38.2955,48.47953],[38.287142,48.47584],[38.31952,48.464136],[38.310929,48.455434],[38.344225,48.436851],[38.350568,48.440993],[38.356916,48.440786],[38.36112,48.443131],[38.371032,48.442595],[38.376997,48.440692],[38.380666,48.429253],[38.403102,48.434939],[38.401018,48.440029],[38.432592,48.446673],[38.452612,48.459798],[38.450449,48.46512],[38.419788,48.472291],[38.457317,48.641915],[38.547202,48.673706],[38.56918,48.687298],[38.606177,48.698668],[38.682912,48.710365],[38.688014,48.718787],[38.712543,48.717899],[38.720682,48.710876],[38.780466,48.689792],[38.795138,48.6923],[38.82943,48.735506],[38.852768,48.749717],[38.877442,48.752986],[38.88171,48.750316],[38.90118,48.751131],[38.907477,48.750101],[38.912399,48.747486],[38.915034,48.74384],[38.936551,48.747438],[38.93924,48.745049],[38.934405,48.742043],[38.93266,48.736547],[38.943112,48.734164],[38.956748,48.734217],[38.960586,48.737286],[38.959142,48.743318],[38.960445,48.745953],[38.965354,48.746437],[38.971978,48.743752],[38.974784,48.745029],[38.978962,48.745173],[38.981826,48.743651],[38.98309,48.739022],[38.988744,48.736015],[39.000153,48.722849],[38.998514,48.71693],[38.986312,48.714151],[38.984411,48.711826],[38.991244,48.709666],[38.99945,48.712037],[39.00278,48.697248],[39.016064,48.694468],[39.015784,48.682512],[39.020693,48.679523],[39.021138,48.671774],[39.026905,48.667538],[39.028244,48.66304],[39.02403,48.661008],[39.018099,48.663511],[39.00967,48.662849],[39.011978,48.658717],[39.033387,48.652456],[39.037626,48.647556],[39.054514,48.647058],[39.079644,48.651774],[39.105636,48.650944],[39.117571,48.657926],[39.126762,48.661051],[39.139147,48.659493],[39.142974,48.670387],[39.148864,48.676746],[39.161331,48.675179],[39.179281,48.684536],[39.186283,48.696528],[39.196378,48.70716],[39.201442,48.698842],[39.210525,48.700012],[39.219266,48.70662],[39.224541,48.707196],[39.227756,48.70981],[39.234875,48.712094],[39.239762,48.709619],[39.287536,48.750782]]]}},{"type":"Feature","properties":{"name":"ДНР"},"geometry":{"type":"Polygon","coordinates":[[[36.6277624,47.9616032],[36.6295849,47.9617355],[36.632858,47.950823],[36.632172,47.949903],[36.639553,47.920231],[36.61739,47.917383],[36.593488,47.9217975],[36.5893645,47.9217718],[36.5917148,47.9110407],[36.5819098,47.9100584],[36.5808671,47.9090711],[36.5761218,47.9090662],[36.5415252,47.905973],[36.5494902,47.8775993],[36.5661035,47.8787959],[36.5769433,47.8802515],[36.58545,47.8472945],[36.6042852,47.8506359],[36.6079841,47.8406741],[36.5987546,47.8170794],[36.588526,47.815992],[36.5870105,47.7854857],[36.5940157,47.7835851],[36.6115307,47.785925],[36.6164188,47.7858568],[36.624912,47.787922],[36.670879,47.79329],[36.680063,47.760297],[36.678948,47.757354],[36.685934,47.730588],[36.700233,47.732368],[36.7133556,47.6785759],[36.7898214,47.6844456],[36.7927428,47.6803173],[36.7836481,47.6791937],[36.7803509,47.6751551],[36.7850294,47.6732854],[36.7842892,47.6723411],[36.7819184,47.671628],[36.7816398,47.6703753],[36.7791523,47.6694678],[36.779842,47.667653],[36.7777885,47.6669134],[36.7764279,47.6687865],[36.7756253,47.6691857],[36.7749944,47.6688334],[36.7760501,47.6652101],[36.7746167,47.6641301],[36.7687375,47.6656418],[36.7681797,47.6668355],[36.7527302,47.6656383],[36.7525591,47.6631548],[36.7547481,47.6634739],[36.7546196,47.6608448],[36.7185764,47.6581015],[36.7252809,47.6298915],[36.7657925,47.6344677],[36.7658976,47.623456],[36.7445332,47.6215557],[36.7449637,47.6125206],[36.7465098,47.6064942],[36.7629893,47.6076049],[36.7636732,47.6006679],[36.8300268,47.6242751],[36.8932939,47.5450029],[36.9455646,47.576474],[36.967263,47.5534396],[36.9803298,47.5603463],[37.002601,47.5388932],[37.0226376,47.5527758],[37.0756176,47.4926752],[37.0782366,47.491688],[37.0849758,47.4961521],[37.1372326,47.4641241],[37.1696838,47.4677995],[37.1795499,47.4838128],[37.194378,47.4791936],[37.1886053,47.4683088],[37.2449449,47.4684601],[37.2378622,47.4574601],[37.2449222,47.4531794],[37.2359633,47.4362381],[37.2318557,47.4372919],[37.1953759,47.3740159],[37.2035199,47.3556788],[37.1622182,47.3416461],[37.1428837,47.3799346],[37.1060902,47.3765167],[37.1208031,47.3400791],[37.0911781,47.3292816],[37.0954587,47.3246728],[37.0832605,47.3205294],[37.0822106,47.3136388],[37.0389259,47.2989211],[37.0275593,47.3132695],[36.946681,47.3108973],[36.9440053,47.32064],[36.9255354,47.3182787],[36.948546,47.2282492],[36.9559131,47.2291543],[36.9619037,47.2016124],[36.9311114,47.1997318],[36.9297656,47.2064915],[36.881713,47.2061391],[36.8879074,47.2006515],[36.8556909,47.1982932],[36.8545615,47.1963261],[36.8561788,47.1913263],[36.8593408,47.191809],[36.8594129,47.1890253],[36.8645071,47.1851234],[36.8729775,47.1833856],[36.876527,47.1750103],[36.8809212,47.1737704],[36.8849719,47.1745141],[36.8896393,47.1708668],[36.899284,47.1738705],[36.9034196,47.1693037],[36.9068603,47.1680706],[36.9054889,47.1658949],[36.9085806,47.1632524],[36.9092689,47.1649281],[36.9130473,47.1654367],[36.9147223,47.1701308],[36.9212043,47.1724906],[36.9242118,47.1688079],[36.9226731,47.1598078],[36.9345229,47.1648127],[36.9381326,47.1565114],[36.9450076,47.1578833],[36.9541096,47.1536663],[36.9724059,47.1397656],[36.9724698,47.1372043],[36.9697873,47.1352281],[36.9804623,47.1298024],[36.9784339,47.1267123],[36.9838816,47.124395],[36.9914241,47.1236125],[36.9955388,47.1283601],[37.0027439,47.1262167],[37.002728,47.1209437],[36.999279,47.1140938],[37.0057855,47.1133788],[37.0081876,47.1157727],[37.011963,47.1137273],[37.0119604,47.1072998],[37.0019997,47.1019218],[37.0055999,47.0977714],[37.0103179,47.0975368],[37.0082135,47.0919269],[37.0126544,47.0900569],[37.0105721,47.0851482],[36.9864286,47.0794324],[37.0803215,47.0477608],[37.0972903,47.0600331],[37.1246241,47.038076],[37.0896257,47.007367],[37.1411357,46.9822758],[37.1029882,46.9599034],[37.0932647,46.9679079],[37.0216379,46.9285465],[37.0626615,46.8831981],[37.1610079,46.9109584],[37.2347718,46.9467194],[37.2874358,46.9281104],[37.3110028,46.9113044],[37.3186617,46.8878904],[37.2768978,46.8644734],[37.3117378,46.8641114],[37.5149395,47.0481744],[37.532572,47.077177],[37.4291227,47.4060465],[36.853568,48.032418],[36.847014,48.03498],[36.8429508,48.0381835],[36.8392922,48.0378272],[36.833059,48.034716],[36.83093,48.035618],[36.826678,48.035487],[36.820025,48.039619],[36.812858,48.04005],[36.8043166,48.0475784],[36.8050557,48.0523309],[36.8006878,48.0525508],[36.7940334,48.0477116],[36.7862175,48.050082],[36.7840672,48.0466144],[36.7779924,48.0486134],[36.7748544,48.0470894],[36.7726105,48.0479648],[36.7719596,48.0497679],[36.7662013,48.0530914],[36.7649194,48.0554364],[36.7620605,48.0555929],[36.7602317,48.0529347],[36.757144,48.0522447],[36.7538214,48.0495794],[36.7514558,48.0489448],[36.7444951,48.0499907],[36.7429281,48.0531614],[36.7434325,48.0585825],[36.7443664,48.059515],[36.747284,48.05973],[36.748786,48.061336],[36.747756,48.064806],[36.740547,48.068076],[36.729435,48.068923],[36.7264111,48.0708284],[36.7250608,48.0725043],[36.724347,48.078511],[36.722643,48.0803053],[36.7214653,48.0831498],[36.7183443,48.0849813],[36.71502,48.084975],[36.713704,48.080226],[36.708144,48.080223],[36.706245,48.082104],[36.699955,48.0829073],[36.696934,48.085192],[36.6911229,48.0866671],[36.6841544,48.0856478],[36.6763829,48.0906942],[36.6684653,48.0912234],[36.6640865,48.0875282],[36.6620254,48.0888781],[36.6614219,48.0910047],[36.6548872,48.0948513],[36.6578722,48.0983232],[36.6525315,48.100276],[36.6500661,48.0979152],[36.6502616,48.0952677],[36.6440005,48.096909],[36.6417713,48.0950066],[36.6382364,48.0955857],[36.6362894,48.0942157],[36.6403777,48.0914756],[36.6458935,48.0939641],[36.649517,48.0930769],[36.6517859,48.0888945],[36.6495275,48.0877377],[36.6464699,48.0894813],[36.6436513,48.0873044],[36.6418723,48.0888949],[36.640397,48.0894315],[36.6386917,48.0895825],[36.6375975,48.0891489],[36.6366533,48.0877708],[36.6348111,48.0875277],[36.632026,48.0890476],[36.6291809,48.0893211],[36.6279234,48.0866778],[36.6324015,48.0869042],[36.6329313,48.0850091],[36.6299868,48.083564],[36.6280461,48.0857767],[36.625624,48.085099],[36.6245671,48.0825019],[36.6221854,48.0822191],[36.61802,48.081377],[36.601049,48.065616],[36.590207,48.065054],[36.590009,48.0556],[36.591616,48.051239],[36.58461,48.045882],[36.589189,48.041303],[36.619255,48.034052],[36.625951,48.012049],[36.617118,48.010532],[36.617649,48.008705],[36.626071,48.009337],[36.632222,47.989213],[36.635417,47.981566],[36.624568,47.98006],[36.607501,47.980212],[36.600588,47.978571],[36.604062,47.975494],[36.6277624,47.9616032]]]}},{"type":"Feature","properties":{"name":"ДНР"},"geometry":{"type":"Polygon","coordinates":[[[37.0660231,48.2745363],[37.0593363,48.2836552],[37.043402,48.281372],[37.046105,48.268739],[37.0294622,48.267492],[37.0321384,48.2565343],[37.0132993,48.2581994],[37.012979,48.2647356],[37.0111021,48.2653752],[37.0039039,48.2628152],[36.9909118,48.2688683],[36.9880632,48.2707232],[36.9886728,48.2772317],[36.9850765,48.2775136],[36.9848364,48.2705938],[36.9878753,48.267722],[36.9882348,48.2632263],[36.9801938,48.2634442],[36.9699919,48.2660217],[36.9594775,48.2687592],[36.9563666,48.2683566],[36.9520536,48.2665263],[36.944363,48.261028],[36.9504233,48.256402],[36.9506829,48.254199],[36.9434762,48.2488634],[36.9374048,48.2459879],[36.9365105,48.2431449],[36.931497,48.242131],[36.9313026,48.2456051],[36.925358,48.2511367],[36.9235872,48.2507596],[36.9248048,48.2432836],[36.9176457,48.243061],[36.9165124,48.2469795],[36.9125987,48.2467667],[36.9110712,48.2511184],[36.9085483,48.2510365],[36.9109348,48.2358482],[36.9119978,48.2306826],[36.9190693,48.2312049],[36.9228377,48.2153953],[36.931557,48.213078],[36.935343,48.212313],[36.936624,48.205168],[36.934672,48.203953],[36.93528,48.200389],[36.933561,48.199848],[36.9245746,48.196362],[36.9127282,48.195519],[36.9046225,48.194087],[36.9054592,48.1929852],[36.9073844,48.1918344],[36.9092236,48.1918852],[36.9108434,48.1933267],[36.9146841,48.1940924],[36.9204775,48.1935635],[36.921567,48.192445],[36.918831,48.187008],[36.91726,48.18664],[36.917493,48.185642],[36.920704,48.183246],[36.921939,48.176991],[36.914888,48.179488],[36.912903,48.17923],[36.905133,48.181928],[36.900498,48.180177],[36.902474,48.177706],[36.898959,48.17631],[36.903129,48.172002],[36.897886,48.169421],[36.896658,48.171509],[36.896053,48.174047],[36.89107,48.175727],[36.8878,48.174564],[36.88907,48.172754],[36.894699,48.171251],[36.896619,48.164494],[36.897154,48.161604],[36.881953,48.1600469],[36.8780429,48.1628213],[36.8771945,48.1668517],[36.8765235,48.1667631],[36.879844,48.152075],[36.880765,48.147696],[36.884646,48.13088],[36.884933,48.128779],[36.887262,48.114498],[36.887321,48.112696],[36.889214,48.102993],[36.893363,48.097692],[36.893644,48.094833],[36.89446,48.089228],[36.894003,48.081596],[36.894817,48.077262],[36.880987,48.063184],[36.881392,48.061778],[36.878559,48.061854],[36.87692,48.051469],[36.858295,48.05233],[36.857151,48.040529],[36.856465,48.034068],[36.853568,48.032418],[37.4291227,47.4060465],[37.532572,47.077177],[37.57168,47.082895],[37.58705,47.078083],[37.630436,47.08993],[37.675484,47.076433],[37.767694,47.087438],[37.793994,47.08345],[37.821678,47.089484],[37.832888,47.097618],[37.832697,47.144475],[37.796426,47.174619],[37.797148,47.189761],[37.812109,47.206887],[37.842349,47.233338],[37.836608,47.281637],[37.796471,47.285934],[37.804731,47.305453],[37.821568,47.309508],[37.831532,47.302688],[37.839089,47.304516],[37.838407,47.311465],[37.827478,47.319303],[37.833781,47.34266],[37.858284,47.341993],[37.864152,47.347729],[37.862812,47.354861],[37.853058,47.350362],[37.843306,47.348654],[37.838665,47.358089],[37.854803,47.364398],[37.847594,47.367226],[37.840383,47.377958],[37.859629,47.388806],[37.859438,47.391859],[37.856157,47.396307],[37.859551,47.407526],[37.858787,47.413001],[37.86163,47.418246],[37.862365,47.424818],[37.867539,47.430426],[37.868937,47.43766],[37.866041,47.442112],[37.866921,47.447029],[37.877258,47.455994],[37.88966,47.468672],[37.891749,47.474718],[37.887816,47.485861],[37.889719,47.488885],[37.882946,47.496163],[37.874454,47.502049],[37.865961,47.505268],[37.851805,47.518633],[37.847858,47.529243],[37.849232,47.53632],[37.845112,47.543166],[37.840288,47.578436],[37.862388,47.588003],[37.867335,47.636924],[37.798765,47.648835],[37.714456,47.688432],[37.667842,47.692084],[37.623346,47.752968],[37.62413,47.831855],[37.525603,47.918598],[37.534554,47.957344],[37.551054,47.973732],[37.556579,48.010342],[37.626178,48.022453],[37.660864,48.036953],[37.677655,48.048942],[37.694275,48.050375],[37.71597,48.069419],[37.756955,48.086148],[37.779596,48.100055],[37.820137,48.130403],[37.811557,48.158979],[37.843844,48.183203],[37.919045,48.21944],[37.932347,48.238288],[37.919441,48.258574],[37.941487,48.280491],[37.936574,48.294018],[37.902813,48.306399],[37.909324,48.310888],[37.95051,48.30464],[37.982272,48.343237],[37.955269,48.348271],[37.968886,48.374404],[38.014506,48.365574],[38.029928,48.374169],[38.02057,48.40649],[38.079422,48.41319],[38.132091,48.403683],[38.185895,48.418271],[38.21128,48.402512],[38.229676,48.376427],[38.241878,48.372023],[38.253391,48.371724],[38.293638,48.40177],[38.335212,48.407081],[38.392937,48.432314],[38.402678,48.427724],[38.414477,48.425639],[38.432773,48.432459],[38.4326542,48.435329],[38.4350371,48.4383675],[38.432592,48.446674],[38.401018,48.440029],[38.403102,48.434939],[38.380666,48.429254],[38.376996,48.440693],[38.371032,48.442595],[38.36112,48.443131],[38.356916,48.440787],[38.350568,48.440994],[38.344225,48.436851],[38.310928,48.455434],[38.319519,48.464137],[38.287142,48.475841],[38.2955,48.47953],[38.306605,48.473887],[38.300553,48.483866],[38.306302,48.483567],[38.296945,48.490095],[38.296815,48.49535],[38.313848,48.498987],[38.311015,48.506196],[38.321572,48.508402],[38.274161,48.542639],[38.277545,48.548225],[38.261119,48.642799],[38.232405,48.640045],[38.229377,48.651822],[38.238022,48.655891],[38.259431,48.658128],[38.258183,48.666715],[38.286154,48.671581],[38.28392,48.682119],[38.313359,48.684668],[38.31332,48.703847],[38.302978,48.711241],[38.325136,48.71304],[38.323234,48.729599],[38.316538,48.736288],[38.280999,48.737991],[38.263835,48.752054],[38.276579,48.772693],[38.282462,48.77353],[38.278729,48.802811],[38.281585,48.802126],[38.288092,48.811896],[38.316449,48.814026],[38.31339,48.828193],[38.272609,48.824023],[38.271218,48.832823],[38.257695,48.842176],[38.243306,48.841383],[38.243306,48.840365],[38.221934,48.83901],[38.229381,48.864983],[38.227958,48.869004],[38.2269,48.92215],[38.223651,48.934502],[38.199104,48.927961],[38.18992,48.927961],[38.184369,48.92914],[38.17902,48.928976],[38.169034,48.931012],[38.159725,48.930328],[38.152269,48.930842],[38.145546,48.932585],[38.140396,48.931626],[38.137258,48.925558],[38.13442,48.924347],[38.1324559,48.9236555],[38.130815,48.9238176],[38.1260192,48.9264639],[38.113702,48.926664],[38.096966,48.930442],[38.085121,48.93484],[38.078426,48.93546],[38.0760649,48.9315139],[38.0712948,48.9257601],[38.0763655,48.9184668],[38.0639206,48.9163989],[38.0518904,48.9118907],[38.0428222,48.9064918],[38.0272912,48.9026927],[38.0248765,48.8949608],[38.0267407,48.89386],[38.0226826,48.8904456],[38.0160119,48.8817261],[38.0089092,48.8779955],[38.0125446,48.8637315],[38.0007848,48.8609685],[38.0009125,48.8596735],[38.0164035,48.8605318],[38.0175308,48.8513881],[38.0136391,48.8461677],[38.0095966,48.8381078],[37.9947396,48.8411718],[37.9916348,48.8373007],[38.0109696,48.8345634],[38.0233133,48.8349816],[38.0402289,48.8350449],[38.0404933,48.8311537],[38.0384813,48.8270008],[38.042846,48.8257858],[38.0383749,48.8145539],[38.0332635,48.8095161],[38.0153444,48.8019901],[38.017901,48.7865526],[38.0300227,48.7899583],[38.0359653,48.7899703],[38.0379805,48.7844938],[38.0142911,48.7773991],[38.0131102,48.7787209],[37.9993823,48.7775089],[37.9820939,48.7752954],[37.9735348,48.7761684],[37.9582465,48.7730046],[37.959358,48.765878],[37.965491,48.7606922],[37.966436,48.751938],[37.9674273,48.7502094],[37.9660132,48.7422052],[37.9658439,48.7394391],[37.9735584,48.7388847],[37.9690878,48.7272753],[37.9719048,48.7256229],[37.9644358,48.7179061],[37.957207,48.7174473],[37.9522111,48.7201875],[37.9460469,48.7208629],[37.9402614,48.7222479],[37.939521,48.721707],[37.9440798,48.7191025],[37.9382909,48.7144592],[37.929447,48.7119457],[37.9207307,48.7084134],[37.9172794,48.7118476],[37.9084295,48.705026],[37.8957182,48.7046056],[37.8930241,48.7080946],[37.8890591,48.7086778],[37.8860467,48.7063923],[37.879219,48.7094408],[37.8696372,48.7156398],[37.8662188,48.7198689],[37.863916,48.7193979],[37.8683227,48.7146616],[37.8770499,48.7090394],[37.8693193,48.7036714],[37.8706036,48.7029982],[37.8787548,48.708159],[37.8844935,48.7045032],[37.8818526,48.6996988],[37.8849278,48.6977041],[37.8899305,48.7003194],[37.900766,48.694446],[37.89976,48.693515],[37.909448,48.690128],[37.888603,48.681228],[37.88766,48.680282],[37.883411,48.679224],[37.881084,48.677168],[37.8740671,48.6781433],[37.8715535,48.6812807],[37.8551565,48.6883845],[37.855178,48.6917634],[37.8471311,48.6938829],[37.8470668,48.6922127],[37.8506929,48.6875963],[37.8633093,48.6830681],[37.86468,48.678772],[37.854797,48.671882],[37.848322,48.67273],[37.844869,48.675086],[37.8426279,48.6753852],[37.8411853,48.6765551],[37.8384489,48.6775479],[37.8328156,48.678059],[37.8325783,48.6765307],[37.8320642,48.6754657],[37.8203124,48.675651],[37.8217004,48.6694469],[37.8290477,48.670176],[37.8317218,48.6588959],[37.822945,48.652883],[37.815027,48.647635],[37.811412,48.645113],[37.814791,48.634703],[37.808166,48.633348],[37.806746,48.637746],[37.802173,48.6443396],[37.7916781,48.643844],[37.7829438,48.6452059],[37.7767739,48.6546758],[37.770856,48.6541939],[37.7716332,48.6513305],[37.781199,48.631142],[37.7866654,48.6230378],[37.783108,48.620394],[37.7729629,48.6197219],[37.7670737,48.6115872],[37.7646925,48.6055884],[37.767082,48.601141],[37.793549,48.598987],[37.794119,48.597471],[37.7943715,48.5923355],[37.7749265,48.5888742],[37.775519,48.5872032],[37.8000156,48.5905727],[37.801913,48.588518],[37.807732,48.588726],[37.808788,48.586151],[37.818472,48.585185],[37.826928,48.579858],[37.81435,48.577172],[37.817404,48.569921],[37.823376,48.565566],[37.817683,48.562872],[37.818406,48.561187],[37.821084,48.556198],[37.82444,48.556146],[37.828827,48.561149],[37.8333354,48.5561694],[37.8319211,48.5523601],[37.8343266,48.5495737],[37.828172,48.547716],[37.8237108,48.5460611],[37.8219329,48.5441918],[37.8048972,48.5390203],[37.7966673,48.5371762],[37.782469,48.5295165],[37.7582671,48.5211466],[37.7448537,48.5156117],[37.737241,48.506521],[37.7467548,48.5001465],[37.7458234,48.4982999],[37.7518993,48.4941542],[37.7403246,48.4946125],[37.7352241,48.4934764],[37.735635,48.4916001],[37.7407665,48.4921127],[37.7546961,48.4883648],[37.7475312,48.4852432],[37.7463523,48.4819756],[37.748938,48.479446],[37.7446754,48.4792232],[37.7377952,48.4770373],[37.7380262,48.4756268],[37.7499965,48.4761218],[37.752311,48.4725271],[37.7597767,48.4670449],[37.7537639,48.4613103],[37.7522954,48.4544041],[37.7350398,48.4480623],[37.7357042,48.444228],[37.7411749,48.4446067],[37.749885,48.448552],[37.752259,48.4449174],[37.7590198,48.4440401],[37.761225,48.4417852],[37.7658335,48.4418648],[37.7676688,48.4411699],[37.7690982,48.4390756],[37.7711845,48.4380187],[37.768371,48.435591],[37.763325,48.43511],[37.759996,48.436793],[37.7536814,48.4403295],[37.7448549,48.441719],[37.736462,48.4405148],[37.7252104,48.4403686],[37.7168847,48.4428004],[37.7123789,48.4407339],[37.7071109,48.435376],[37.692194,48.432838],[37.6951998,48.4438598],[37.6867015,48.4458522],[37.6970315,48.4559065],[37.6832429,48.4610075],[37.6781487,48.4578455],[37.6709088,48.4573014],[37.670239,48.451684],[37.6684699,48.4483631],[37.671241,48.444566],[37.665231,48.433022],[37.66036,48.43273],[37.660725,48.430161],[37.655873,48.428954],[37.646265,48.429721],[37.638146,48.428797],[37.637939,48.430488],[37.6371064,48.4364729],[37.6289352,48.4375282],[37.6134305,48.4355923],[37.6129084,48.4433911],[37.6107319,48.4504522],[37.609639,48.4535689],[37.5967231,48.4497257],[37.5978427,48.4427215],[37.588284,48.440905],[37.587045,48.440766],[37.573843,48.445532],[37.57279,48.44536],[37.5621394,48.4441777],[37.561359,48.447493],[37.5591863,48.4563065],[37.5567489,48.4647399],[37.5526796,48.4644378],[37.5414345,48.4609486],[37.544146,48.450635],[37.528692,48.445365],[37.5251969,48.4602669],[37.511668,48.4638744],[37.5066068,48.4574166],[37.4984176,48.4593207],[37.4994673,48.4695174],[37.4960674,48.4797843],[37.4989782,48.4822258],[37.4871614,48.4838307],[37.484362,48.4707553],[37.4728566,48.4723161],[37.4698514,48.4769879],[37.4719325,48.4836886],[37.474066,48.4911429],[37.4528436,48.4937074],[37.4501138,48.5022821],[37.4409032,48.5014726],[37.4415368,48.4987159],[37.4486406,48.492292],[37.4657654,48.4898518],[37.4646359,48.4846043],[37.4660738,48.4724415],[37.4582612,48.4711439],[37.444001,48.48739],[37.436996,48.492319],[37.426049,48.495885],[37.424826,48.5000391],[37.42006,48.5020029],[37.39952,48.503978],[37.3935365,48.4959905],[37.3836664,48.4918838],[37.3729861,48.4898125],[37.3695907,48.4849367],[37.36766,48.477243],[37.3681646,48.4724339],[37.3702133,48.4615645],[37.36903,48.4580822],[37.3800765,48.4541117],[37.3857875,48.4439243],[37.387556,48.439221],[37.402559,48.434808],[37.40862,48.402769],[37.352336,48.341259],[37.3209,48.343144],[37.3156211,48.3471189],[37.3130674,48.3458832],[37.310835,48.340274],[37.30547,48.3400844],[37.2981592,48.3370693],[37.2954681,48.3348041],[37.2960943,48.3319853],[37.2899465,48.33146],[37.2855471,48.3289257],[37.2796349,48.3239613],[37.2774347,48.3232045],[37.2795196,48.320067],[37.2761231,48.3187137],[37.2769875,48.3178705],[37.2698453,48.3153834],[37.269403,48.312718],[37.270168,48.312635],[37.2744063,48.3142061],[37.281784,48.313413],[37.280808,48.309382],[37.2818321,48.3089504],[37.2805958,48.3079034],[37.280647,48.306885],[37.2872504,48.3079887],[37.2875951,48.3071679],[37.2892695,48.3061295],[37.2935188,48.3088304],[37.2999821,48.3088813],[37.3018381,48.3042186],[37.2898372,48.3018171],[37.2886021,48.3021869],[37.2854064,48.3003756],[37.2829801,48.3020573],[37.2871399,48.3048081],[37.2855434,48.3056956],[37.2803787,48.3023348],[37.2772129,48.3002704],[37.2756454,48.3019504],[37.2759131,48.3041749],[37.2785881,48.3059627],[37.2774866,48.3071225],[37.2763012,48.307555],[37.2735356,48.3053803],[37.2707696,48.3061285],[37.2699201,48.3085392],[37.264101,48.3074828],[37.2632814,48.3073255],[37.2619677,48.3074314],[37.2609367,48.3108522],[37.25809,48.317034],[37.25684,48.316978],[37.25445,48.3174435],[37.2537238,48.3202425],[37.2481909,48.3191603],[37.2487983,48.3180231],[37.255739,48.3145739],[37.2524181,48.3130189],[37.2531677,48.3099527],[37.2530747,48.3076032],[37.249834,48.305691],[37.2472185,48.3077438],[37.2466849,48.3102982],[37.244778,48.3103409],[37.2451699,48.307686],[37.2481852,48.3049451],[37.2472637,48.304373],[37.2454927,48.3047726],[37.2443106,48.3043446],[37.242805,48.301376],[37.243828,48.298122],[37.2502937,48.294922],[37.2535553,48.2945794],[37.2558434,48.2949279],[37.2575924,48.2923252],[37.2563228,48.2903214],[37.2588083,48.289374],[37.2635074,48.2764929],[37.2631212,48.2752933],[37.2570272,48.2742365],[37.2568126,48.2719799],[37.2498217,48.2702476],[37.2589197,48.2636772],[37.2568507,48.2617953],[37.260689,48.25954],[37.2636217,48.2596725],[37.2817727,48.250334],[37.2833201,48.2484501],[37.2810705,48.2347399],[37.2827266,48.2285351],[37.272098,48.2263],[37.259685,48.22774],[37.237934,48.225613],[37.232716,48.22515],[37.188044,48.218406],[37.0902454,48.1824001],[37.0786909,48.2429698],[37.0660231,48.2745363]]]}},{"type":"Feature","properties":{"name":"ДНР"},"geometry":{"type":"Polygon","coordinates":[[[37.3551873,48.4739477],[37.3506678,48.4738636],[37.350731,48.47445],[37.3507953,48.4788134],[37.3474155,48.4833047],[37.3308636,48.4818246],[37.3273149,48.4801454],[37.3345944,48.4755065],[37.3392068,48.4730963],[37.3401026,48.4698297],[37.3346309,48.4690262],[37.3339013,48.4682159],[37.3307135,48.4687291],[37.3288128,48.4673355],[37.3336635,48.4652926],[37.3281835,48.4643202],[37.32445,48.4657645],[37.3210653,48.4682437],[37.312852,48.4715194],[37.311216,48.470054],[37.3185061,48.4676781],[37.3159097,48.4660276],[37.3050624,48.4630693],[37.2897742,48.4618472],[37.2862016,48.4609111],[37.2818892,48.461973],[37.2746957,48.4609721],[37.2689364,48.4609395],[37.2691852,48.4598254],[37.2747898,48.4601871],[37.2800336,48.4586051],[37.2863317,48.4585385],[37.2881783,48.455312],[37.2829452,48.4533563],[37.2697332,48.4521204],[37.2688432,48.4565812],[37.2601174,48.4559144],[37.2546836,48.4584234],[37.2543568,48.459851],[37.2570354,48.4670478],[37.2497748,48.4661879],[37.2484903,48.4718578],[37.2269512,48.4695412],[37.2262232,48.471565],[37.2232198,48.4713107],[37.224036,48.469207],[37.2194242,48.4692676],[37.2225015,48.4550111],[37.2261786,48.4510353],[37.2108008,48.4489943],[37.2110303,48.4471011],[37.201352,48.4465334],[37.2035991,48.4416068],[37.2140533,48.4430658],[37.2138728,48.4454033],[37.225284,48.4466859],[37.2283419,48.45063],[37.2423865,48.4493359],[37.2411923,48.4460194],[37.2416718,48.4430445],[37.232079,48.443728],[37.2274372,48.4433575],[37.2212451,48.4372643],[37.212697,48.4351816],[37.1960283,48.4372148],[37.1956283,48.4353217],[37.2044402,48.4343184],[37.206718,48.426237],[37.2083367,48.4173665],[37.2230968,48.4143327],[37.2213628,48.4104266],[37.2242294,48.4097839],[37.2266669,48.4136989],[37.2264606,48.418477],[37.2354197,48.4182202],[37.2490756,48.4118205],[37.2497692,48.4061024],[37.253291,48.406606],[37.2531415,48.4107771],[37.2667997,48.4124066],[37.2751729,48.4090054],[37.2751947,48.4037837],[37.2736561,48.4037252],[37.2745273,48.3973397],[37.2690598,48.3977321],[37.2652918,48.3988018],[37.2639271,48.3966802],[37.2557046,48.3967677],[37.2543652,48.4008178],[37.2509763,48.4005],[37.2541105,48.3889841],[37.2486402,48.3894373],[37.2394831,48.3906625],[37.2261218,48.3938755],[37.2161185,48.3934964],[37.2206012,48.4032224],[37.2181643,48.4019593],[37.2142853,48.3949451],[37.2040506,48.3933715],[37.2044241,48.3920708],[37.2110505,48.3928319],[37.2083829,48.3873135],[37.2292253,48.3889305],[37.2297257,48.3867572],[37.2483192,48.3877251],[37.2534815,48.3853311],[37.2535796,48.3820249],[37.2362212,48.3800693],[37.2274615,48.3813476],[37.2257854,48.3773405],[37.2220193,48.3773277],[37.2218152,48.3737516],[37.2260417,48.3738402],[37.2281434,48.3781791],[37.2360301,48.3750347],[37.2533279,48.37614],[37.2506871,48.36949],[37.2467148,48.3684206],[37.2386821,48.3649777],[37.2348699,48.369169],[37.2316639,48.3690183],[37.2308338,48.3637251],[37.1985016,48.3640382],[37.1985661,48.3628899],[37.202759,48.362569],[37.2024114,48.3615993],[37.2060463,48.3611316],[37.2035872,48.3588959],[37.2055606,48.3585936],[37.2060319,48.359774],[37.2117812,48.3592262],[37.2114158,48.3566249],[37.2110074,48.3558769],[37.2121649,48.354552],[37.2125064,48.3528659],[37.2102101,48.3527051],[37.2101011,48.3522896],[37.2016289,48.3516073],[37.2011502,48.3536761],[37.1950338,48.3529943],[37.1952614,48.34857],[37.196604,48.3481889],[37.1975501,48.3439267],[37.199772,48.343286],[37.2037821,48.3237653],[37.1789465,48.3241742],[37.1789469,48.3280046],[37.1751063,48.3281827],[37.1746349,48.3254002],[37.1580706,48.3254839],[37.158674,48.323711],[37.1769059,48.3230923],[37.1789208,48.3209547],[37.1830013,48.3209038],[37.2025623,48.3218008],[37.2055821,48.3228834],[37.2062349,48.3231322],[37.223242,48.324934],[37.2216267,48.3310978],[37.2320355,48.3315847],[37.2329595,48.3276774],[37.2419093,48.328522],[37.2426449,48.3270711],[37.2438523,48.3272181],[37.2460374,48.3262089],[37.2483912,48.3246721],[37.2565155,48.3254101],[37.2598014,48.3235078],[37.2623361,48.3237051],[37.2611426,48.3249108],[37.2615735,48.3272149],[37.2855471,48.3289257],[37.2899465,48.33146],[37.2960943,48.3319853],[37.2954681,48.3348041],[37.2981592,48.3370693],[37.30547,48.3400844],[37.310835,48.340274],[37.3130674,48.3458832],[37.3156211,48.3471189],[37.3209004,48.3431442],[37.352336,48.341259],[37.40862,48.402769],[37.402559,48.434808],[37.387556,48.439221],[37.3857875,48.4439243],[37.3800765,48.4541117],[37.36903,48.4580822],[37.3702133,48.4615645],[37.3681646,48.4724339],[37.36766,48.477243],[37.3695907,48.4849367],[37.3729861,48.4898125],[37.3836664,48.4918838],[37.3935365,48.4959905],[37.3863673,48.4961908],[37.3849402,48.4996344],[37.3827634,48.5010054],[37.3765525,48.4975281],[37.3739108,48.4939406],[37.3696387,48.4912346],[37.3617097,48.4926523],[37.3602089,48.4881259],[37.359759,48.4868439],[37.3629998,48.4856756],[37.3639465,48.4829366],[37.3551873,48.4739477]]]}},{"type":"Feature","properties":{"name":"ДНР"},"geometry":{"type":"Polygon","coordinates":[[[37.2097175,48.2938442],[37.2231712,48.2953788],[37.2251453,48.2946936],[37.2361059,48.2938354],[37.2363033,48.2917813],[37.2390542,48.2948053],[37.24107,48.2938099],[37.2502937,48.294922],[37.2535553,48.2945794],[37.2558434,48.2949279],[37.2575924,48.2923252],[37.2563228,48.2903214],[37.2588083,48.289374],[37.2635074,48.2764929],[37.2631212,48.2752933],[37.2570272,48.2742365],[37.2568126,48.2719799],[37.2498217,48.2702476],[37.200114,48.2742271],[37.2097175,48.2938442]]]}},{"type":"Feature","properties":{"name":"Сумская область"},"geometry":{"type":"Polygon","coordinates":[[[35.4622784,50.7090413],[35.4663983,50.7086065],[35.4674283,50.7170849],[35.4736081,50.7249097],[35.4643384,50.7346889],[35.4674283,50.7368618],[35.4708615,50.7372964],[35.4736081,50.7405555],[35.4701748,50.7449006],[35.4701748,50.7475075],[35.4784146,50.7527208],[35.4729214,50.7557616],[35.4648962,50.7494626],[35.4630509,50.7440588],[35.4567851,50.7439911],[35.4555837,50.7425923],[35.4580513,50.741248],[35.4547682,50.7379482],[35.4572144,50.7363729],[35.462772,50.734363],[35.4513519,50.7282895],[35.4535835,50.7198131],[35.4472321,50.7129114],[35.4422539,50.7106287],[35.4426469,50.7072032],[35.4399003,50.6910915],[35.4502813,50.6856904],[35.458338,50.6844578],[35.4626049,50.6817752],[35.4722348,50.6805517],[35.4591885,50.6886001],[35.463995,50.693385],[35.4602185,50.6970821],[35.4626217,50.7031708],[35.4622784,50.7090413]]]}}]}