{"type":"FeatureCollection","name":"playfra_20260109","features":[{"type":"Feature","properties":{"id":null,"info":null,"name":"UA_0"},"geometry":{"type":"MultiPolygon","coordinates":[[[[37.80255124528103,48.63695761689771],[37.79860442716213,48.63552593944553],[37.779106287650926,48.62306437760103],[37.77591022297856,48.6246240134162],[37.76556784126789,48.61881799189615],[37.76359442304366,48.61857882224584],[37.75493065135807,48.61357335888173],[37.745249856134144,48.60743987138709],[37.74556145384415,48.60573344321649],[37.74478939188181,48.60299774009772],[37.74529919158974,48.60129037884524],[37.74710815829531,48.599289321501374],[37.749114466823286,48.59838664468982],[37.749986059872334,48.59760358667948],[37.75148256869238,48.597320812748265],[37.7524692778045,48.59779935232002],[37.75465648300304,48.59815825402401],[37.75570897272264,48.59776672476595],[37.75717259123894,48.59757095899896],[37.75812416360764,48.597829135943954],[37.77470280715538,48.59529694050969],[37.78225215242816,48.588785624849564],[37.792600860505196,48.58995104506115],[37.792694925033054,48.589201315351914],[37.794518183403184,48.589165844747214],[37.79625564137943,48.589669525000346],[37.79831485083277,48.589797217787904],[37.8040242,48.5891611],[37.808794,48.586617],[37.813714,48.586386],[37.81414604149173,48.58562132846318],[37.8158313,48.5826363],[37.82171737337332,48.5796533377958],[37.8280162,48.5779306],[37.82823217189189,48.577857175946214],[37.83314050391817,48.57605503012536],[37.83313608517175,48.57264658278797],[37.8339028667564,48.57017584212634],[37.83419253979948,48.568471883049355],[37.84112765324281,48.56371783722457],[37.83656535897941,48.56024150084164],[37.836296929259554,48.560369557638296],[37.83620321151032,48.560667750476775],[37.83595613744416,48.56071886924908],[37.83552162787953,48.56043771600138],[37.83518083606413,48.561059661064476],[37.83540235074414,48.5614430518568],[37.83478040568104,48.56194571978451],[37.83403918348255,48.5619542395799],[37.83328944148868,48.562269472009135],[37.83285493192405,48.562235392827596],[37.83187515545478,48.56158788837834],[37.83145768548092,48.561247096562944],[37.83156844282093,48.560429196205995],[37.83216482849787,48.560028765822906],[37.83293161008252,48.559764652165974],[37.83328944148868,48.559764652165974],[37.83380914900716,48.559645375030584],[37.834627049364116,48.560028765822906],[37.83503599954259,48.56001172623214],[37.83505002001739,48.55911714898499],[37.83270495147839,48.55737715401892],[37.83041085496577,48.55373247999014],[37.82927793154338,48.55121994165253],[37.82931995022451,48.549801393669405],[37.82619645833243,48.54592907683272],[37.824699402633335,48.54552508843155],[37.81707322062457,48.54459882877676],[37.80725968408618,48.541376356781505],[37.79797820675768,48.53904091485152],[37.77696467354417,48.53772821932543],[37.77761596310161,48.53564154942369],[37.78092143193672,48.52929246711155],[37.77750211868027,48.52830382752958],[37.77750211868023,48.52830382752957],[37.767613815136414,48.52531629843268],[37.76093831866536,48.5228584981083],[37.75610883275552,48.52021065766789],[37.755541661357825,48.519408160167],[37.755541661357796,48.519408160167],[37.74733123562849,48.51654792548599],[37.742839073411616,48.514921375335355],[37.73707901647129,48.51269672987985],[37.73210538796931,48.50976793376037],[37.731843536387636,48.50959576757661],[37.73456842878854,48.50738639535967],[37.73877642587202,48.50458106397068],[37.736975742455996,48.50339743832946],[37.73786946684872,48.5012110854655],[37.73950980778734,48.50102475995332],[37.743470059482036,48.49965835193635],[37.74621177219376,48.49816768300092],[37.747428545661485,48.498073214295665],[37.74941532614262,48.49583598353252],[37.7514447,48.4946879],[37.75252586041397,48.49387198818048],[37.75400243983395,48.492757647034864],[37.7542077241816,48.49138206269378],[37.754367389785315,48.49021807756474],[37.75575450423495,48.48814940159486],[37.755188527175896,48.48689225853848],[37.75064946215575,48.485289740597324],[37.749486184185756,48.48442798831608],[37.74804919375224,48.48203919492073],[37.74843695307557,48.47999804814168],[37.74944056544184,48.47839531236554],[37.75425334292552,48.475250174235306],[37.75573608117879,48.473590568754595],[37.747310945688064,48.45932863388069],[37.74731094568806,48.45932863388068],[37.745333903821354,48.45082203496069],[37.746378316344526,48.44993325459186],[37.74627918635229,48.448666567340176],[37.74599489031381,48.44860174603588],[37.74544153243306,48.44835006244555],[37.74489607966492,48.44803545620353],[37.74446920358547,48.44771036103925],[37.74364707187696,48.44733282855937],[37.74295932708233,48.44692383187237],[37.74225577206253,48.44654629354547],[37.74164707839373,48.4458541326568],[37.74075380067196,48.44515147483322],[37.7401688223409,48.44481587363644],[37.73942574175822,48.444522220770175],[37.738753807188736,48.44448027022211],[37.73831902599673,48.444396369022016],[37.738089777731865,48.4444330758141],[37.73786843457957,48.444511733136395],[37.737631281202106,48.44467953501682],[37.73743365338756,48.444716241604254],[37.73716487955977,48.4445956341459],[37.737022587533296,48.44458514652728],[37.736706383030025,48.444658559812076],[37.73606606891089,48.44470575401055],[37.73580520019567,48.4448263612074],[37.73569452861953,48.44480014227592],[37.73545737524207,48.44488928658772],[37.73507002472556,48.44495221189007],[37.73444552083159,48.445093793535335],[37.733923783401174,48.445340249531874],[37.73307003124233,48.44542414917274],[37.73196331548086,48.445581460625796],[37.73091984062004,48.44572828420902],[37.729844745308895,48.44583315793716],[37.72935462832881,48.445911813091165],[37.72895937269973,48.44615826511819],[37.72878546022291,48.44637849783262],[37.728524591507714,48.44653056272094],[37.72835067903091,48.446735063059734],[37.72808190520313,48.44679798607524],[37.727726175136944,48.44695529327292],[37.727536452434975,48.44714406126696],[37.72719653259394,48.44730136739269],[37.72677756162711,48.447694630575285],[37.72641392644834,48.447899126226716],[37.72598705036891,48.44837103612572],[37.72582104300469,48.448591259244516],[37.725378356700105,48.44890061867929],[37.72478547325646,48.449440682328294],[37.72294358202487,48.449718576919295],[37.72224002700507,48.44988111833368],[37.721552282210446,48.45038971230162],[37.72076967606483,48.45080392424376],[37.72057204825028,48.450997921080166],[37.72052461757478,48.451165701530186],[37.720682719826435,48.45141212806108],[37.720097741495366,48.45186303308525],[37.71921236888618,48.45224577490574],[37.718224229813444,48.452565598049965],[37.71653253572091,48.452911633937084],[37.715947557389846,48.452785802978255],[37.715133330793904,48.452806774826385],[37.71491989275419,48.452853961452995],[37.71453254223767,48.45286444736407],[37.71457206780059,48.45266521468344],[37.71404242525759,48.452586569989045],[37.71318867309875,48.45276483112147],[37.71243768740346,48.45257084103554],[37.711836898847245,48.452334906148415],[37.711141248940024,48.45223004584668],[37.709346788383925,48.45210421319876],[37.70856418223832,48.451815845537766],[37.70784876954963,48.45147111295758],[37.70743770369536,48.45114603978739],[37.706576046423955,48.45055880555954],[37.705933507300244,48.450064741620736],[37.704593720956424,48.4495145695351],[37.703256997438466,48.44907125679739],[37.702254454799984,48.448521215243126],[37.70069494402902,48.447823392757435],[37.69925920395416,48.4474621632336],[37.698627973404015,48.44694494376029],[37.69755116834787,48.44649339864355],[37.69583075567196,48.44572165769517],[37.69496436079921,48.44508126800539],[37.69287263603496,48.44601721944396],[37.69158542079545,48.446723276659206],[37.690199188999024,48.446871054834105],[37.68878573889314,48.44735502327349],[37.68628165282235,48.44818594838479],[37.676100710985246,48.457169441415886],[37.67182273546788,48.45795370835447],[37.66242012236484,48.44700587960268],[37.657778407614664,48.43340049638888],[37.64302426215795,48.436502904966375],[37.64302426215795,48.43650290496638],[37.6358806,48.4380879],[37.6275838617139,48.43873633440899],[37.62581554358833,48.44657894012177],[37.62604865976163,48.44677524847823],[37.625606965959584,48.44850521586959],[37.62473584762776,48.45131487922151],[37.624245779261145,48.45124620639478],[37.612608660353445,48.45099722508111],[37.608846,48.45125],[37.603218940740554,48.44982650482344],[37.601716161528735,48.453441298062685],[37.59631860236784,48.4530930684394],[37.59607850653167,48.454406533896055],[37.59546719092717,48.45430173693528],[37.59431442435868,48.454371601575794],[37.591746898819764,48.45453753009702],[37.59007888052747,48.45440653389605],[37.585546411974086,48.45393494757258],[37.58518835569145,48.454004812213086],[37.58583460361621,48.45095696727064],[37.58590446825673,48.45074300680906],[37.5859830659773,48.45069934140874],[37.58602673137763,48.450336918586075],[37.58624322317006,48.450205711439146],[37.58637861625718,48.44937078740191],[37.57596166582918,48.4484149703389],[37.57266248994483,48.44829313252674],[37.55883603340554,48.44893083073191],[37.55781185143967,48.449394611244756],[37.54289357827638,48.44835110509086],[37.530983,48.448522],[37.52540416674884,48.447728954562],[37.516937380036474,48.44954764132974],[37.508229546015585,48.45374436221139],[37.49907728101957,48.45514319209296],[37.491891058133824,48.45672182524055],[37.4835699806302,48.457899262602204],[37.48208035852917,48.460177508168485],[37.478993319490506,48.471738203660585],[37.47001240310108,48.478453359002856],[37.4509015928863,48.48347353163027],[37.4493697429059,48.483113814836834],[37.44736104037375,48.48373515835032],[37.44588309812399,48.48592947838644],[37.44474015611751,48.487705763167035],[37.44231633082791,48.48928608188503],[37.44121280061475,48.490435373656915],[37.4413507418914,48.49277305722314],[37.440542800128185,48.49394838813222],[37.438059857148595,48.49521510316157],[37.43376397167598,48.49653402022998],[37.42999082204283,48.498782257714254],[37.427852202676945,48.49863638144813],[37.427723586067174,48.49860189653278],[37.4239780689868,48.50056774554122],[37.422184718848925,48.50188805772979],[37.41084897476754,48.50313498766346],[37.40586744660676,48.5041911866692],[37.39962393131194,48.505467397769024],[37.398118402801124,48.50334036141613],[37.38980024522937,48.49935966151246],[37.386185075561606,48.49649126735638],[37.3825714749177,48.49192649169159],[37.378931154148596,48.4875780201328],[37.378701513036745,48.48738841188178],[37.377793767905224,48.48740308602003],[37.37602796169518,48.4852728878155],[37.369057847190035,48.48620177770513],[37.36200785866692,48.48652263021005],[37.36245066117009,48.47987469547511],[37.36194143829144,48.4791849040103],[37.36138793516247,48.477232890102336],[37.36067945115738,48.47689531616976],[37.36001524740261,48.47442949062288],[37.35890824114466,48.47134704015543],[37.3598299466359,48.469423140793694],[37.35584736197663,48.46969166874833],[37.3507622538806,48.468289340430594],[37.347145301993706,48.46774480888337],[37.343590587610976,48.467516464062854],[37.34257688597814,48.46861935050365],[37.340955004539225,48.4700517928764],[37.34010328248803,48.47081834272247],[37.339458407220704,48.472473116993356],[37.33356322217021,48.471469210442706],[37.329769147427236,48.46798242966555],[37.32561227289243,48.46293035692107],[37.32423788771502,48.460849451572074],[37.30254687500251,48.45516357621493],[37.29184769444686,48.454077086425066],[37.284086604549444,48.45317774117047],[37.269028574941984,48.45232711593619],[37.252666343371004,48.45180817248956],[37.234411549149925,48.45387365474319],[37.22367733258435,48.45484044735429],[37.22503567480406,48.43730348419602],[37.22914383176126,48.43512742367596],[37.24829492486098,48.43919137988315],[37.25637693675169,48.43906184885038],[37.25809390266985,48.43691850778422],[37.2585823,48.4350519],[37.258748622550236,48.434671901026526],[37.258011795240726,48.43447183533321],[37.255586417035076,48.434659617213754],[37.246021319448396,48.43340715736274],[37.24335411794826,48.433050582193445],[37.24327128194418,48.43270582568865],[37.24316367040821,48.43196801854777],[37.23148037636559,48.42700684487719],[37.223285414203566,48.425169662678385],[37.219962926432935,48.42358604114374],[37.21851575306849,48.418696645761],[37.217887966241015,48.40550278792618],[37.21788796624102,48.40550278792619],[37.21788796624102,48.40550278792618],[37.21893194800144,48.40562267973157],[37.21972983967867,48.40555618875847],[37.22107351142678,48.40513784971936],[37.221376070058135,48.405281474956006],[37.22258820079951,48.40525746738198],[37.23302469097222,48.40633496689912],[37.2512727,48.4081716],[37.2541564272723,48.401540699676744],[37.25933938745577,48.39854730696199],[37.26009428674237,48.39577272280593],[37.26111147369095,48.39203411708545],[37.261840695017824,48.39023776696329],[37.2643263204008,48.38842573216101],[37.265196681339326,48.38842052507147],[37.267164,48.38748729999999],[37.26696092648498,48.386254329614985],[37.2656906699801,48.384265097772115],[37.26567498780104,48.37998434046788],[37.265580894726604,48.374859456836425],[37.26300901735871,48.37460944931617],[37.260515550886204,48.374505279153745],[37.2332215,48.3714437],[37.20445012275644,48.363798169745685],[37.2045739,48.3611845],[37.2003561,48.3507054],[37.20064464468601,48.34393628701893],[37.203570360516515,48.33235819436203],[37.20076201429892,48.33206920120213],[37.18883222215643,48.32665988894768],[37.17640762970162,48.32898115414761],[37.171995216477654,48.32980551770736],[37.1578461887326,48.32498442782453],[37.15741306780477,48.32490924676176],[37.14575657483666,48.325033558327796],[37.129840077084495,48.32504841172519],[37.12898170320441,48.32506299418804],[37.11973347981446,48.321839872234435],[37.111218,48.3181808],[37.10923680295563,48.31496626536823],[37.10631944760598,48.31228368690298],[37.105822656455324,48.31226684652499],[37.10558689116348,48.311761635185334],[37.10578055551035,48.31133220554663],[37.10530060473768,48.310784893261996],[37.105494269084545,48.31000181568553],[37.10558431880629,48.30995722795923],[37.0949841,48.3092174],[37.093228971362436,48.30890521996886],[37.09208969863901,48.30818443154646],[37.091075468043734,48.30848014084874],[37.086893503534505,48.30325877152644],[37.0859035866864,48.30146582417475],[37.064204790415246,48.296894916932665],[37.040699205679886,48.297256540051116],[37.041192462644034,48.289517150148185],[37.04384371882635,48.276196089731314],[37.04703961290659,48.26827566098413],[37.04706970256214,48.268067688164],[37.04354079299791,48.26316880150719],[37.04354079299791,48.263168801507184],[37.03241307507346,48.262488149202724],[37.022168419598984,48.26388784895701],[37.02216841959897,48.26388784895702],[37.011838577059386,48.26396270288848],[37.005762932957005,48.265023133583966],[37.005762932957,48.26502313358396],[36.99851107874349,48.278558271387276],[36.99825698837401,48.27973776416414],[36.986166876000595,48.28009153056765],[36.985698835922605,48.2790474411629],[36.9856088282153,48.27643721765102],[36.98769776118145,48.2738512291324],[36.99000142702083,48.26698630190012],[36.980192612187,48.2604694812292],[36.98103166758188,48.25723730903768],[36.980617931392814,48.2572206864276],[36.972045728612656,48.25645568552715],[36.97156193586317,48.25610337863131],[36.97118397277762,48.25563027698084],[36.96475638681309,48.24134789824457],[36.96462048954238,48.24104592853149],[36.935247411360464,48.24547527613322],[36.92605625576888,48.24600233916295],[36.91422264294472,48.24567080014893],[36.913763085165144,48.24274636294491],[36.914886448626355,48.23877600184176],[36.915422599369194,48.23632731717667],[36.91940644577766,48.234360785363194],[36.93589492149989,48.21272428560953],[36.93618680775353,48.212125810304734],[36.936748127472086,48.21139266852382],[36.93885868961383,48.20887895987263],[36.93903831192377,48.207696875651365],[36.937893219697926,48.20717315873034],[36.93778095575422,48.20627534583466],[36.93737680555686,48.20498845323788],[36.93746661671183,48.2042402450034],[36.93812897397973,48.20299819520371],[36.93856814840803,48.20209623211529],[36.93909444389564,48.201015342444045],[36.93954349967047,48.20032693787676],[36.939166348417736,48.200153576079906],[36.93809529479663,48.19989293893857],[36.93805909910853,48.199446173039384],[36.93783561185869,48.19910562103963],[36.9375361961329,48.198251731747575],[36.93765263558181,48.19753091611143],[36.93758609875386,48.196455237392875],[36.937649921156165,48.195373371306175],[36.9375381163441,48.19442623033989],[36.93672597969001,48.19219090221728],[36.9251967411564,48.190390258745346],[36.9250628007027,48.18854141189886],[36.924749361247976,48.18609840389868],[36.92194783010669,48.182743999754386],[36.91336378752718,48.17962006608004],[36.90951289472803,48.17592749972071],[36.90835740523106,48.17541619549476],[36.90351272007938,48.173272421797186],[36.90257644901137,48.1728581217495],[36.90180241277288,48.173699141893245],[36.90150237204037,48.17353245259741],[36.900913403195055,48.173254637104336],[36.90058002460337,48.173354650681844],[36.898957582123856,48.17271011873792],[36.898235261841876,48.172810132315426],[36.897535166799344,48.17248786634347],[36.897768531813526,48.17220449454055],[36.89723512606683,48.17198779845596],[36.89690730378501,48.17196557321651],[36.89667949508069,48.17191556642775],[36.8957571476437,48.17163775093468],[36.895531918320906,48.171584064934564],[36.8860968,48.1688318],[36.889357378176676,48.16044797123064],[36.89165912982807,48.154828774341965],[36.89160538420352,48.15458024542541],[36.89160538420351,48.15458024542541],[36.89160538420352,48.1545802454254],[36.89415207402889,48.14808665977862],[36.89877001260631,48.13352367923338],[36.90074228141032,48.12797282620146],[36.9014881721786,48.12446845177359],[36.902069892773554,48.121735388349606],[36.888879877902454,48.112838838277405],[36.896488989834005,48.09883427543249],[36.89706447975631,48.097608992362126],[36.89600149612165,48.097457985938554],[36.89427815444823,48.0972022162842],[36.89601821643772,48.095606703605995],[36.89588970037745,48.09541561496095],[36.89588970037743,48.09541561496093],[36.89560146890043,48.09498703113467],[36.89312093109436,48.09129861238466],[36.89140591832582,48.08737543535157],[36.8872798,48.0826121],[36.86179423005945,48.08159705670953],[36.85650505806555,48.08222468478117],[36.847750433384384,48.08650446805746],[36.84591648217103,48.09131180848534],[36.83513720713821,48.096676972027495],[36.82654364746744,48.103706633478026],[36.81816606741074,48.11621586257437],[36.812744129029284,48.12431016570391],[36.80566971980934,48.13114888079311],[36.80004710606977,48.13303393046003],[36.7930004808714,48.13577520889722],[36.79183212850691,48.13601887100899],[36.791634608534814,48.13608265337114],[36.78329109593134,48.13768235018589],[36.78222977082348,48.136718850215516],[36.780753129415245,48.1351072337338],[36.777157013850136,48.132611636832365],[36.77476323068183,48.13191301001071],[36.773503600788864,48.13308266557667],[36.77244478145854,48.13335070789149],[36.76996203268398,48.13288772483252],[36.76996203268398,48.13153530304345],[36.770966085497214,48.13065803743223],[36.77185035120124,48.12825000736449],[36.77189544063391,48.127797093041394],[36.77142868817119,48.12734393626779],[36.770357279109014,48.12701114671589],[36.76985870261474,48.12645885291346],[36.76594434673414,48.12467447850118],[36.762167894990235,48.12259263000392],[36.7658891286828,48.115995843101665],[36.773900880392915,48.112319469423625],[36.772819309567645,48.1109392841574],[36.76756917878852,48.109480433348125],[36.75970949851364,48.1078170944423],[36.75349210713399,48.1134088543904],[36.74868954668234,48.1170041865728],[36.746502804821326,48.11493799102287],[36.739495936581754,48.10885910055903],[36.72778357263591,48.100560669130004],[36.72778357263591,48.10056066913],[36.7189666,48.0957403],[36.72066384924431,48.09174699159225],[36.72034216892083,48.08791641286672],[36.71604061044756,48.0875409507828],[36.71538151809197,48.088518418259305],[36.71483718308993,48.08879058576033],[36.71412177137296,48.08847953718773],[36.71374851308585,48.08847953718773],[36.71364742229975,48.08862728525972],[36.7114700822916,48.08792742597139],[36.711656711435154,48.08721201425442],[36.704642566123134,48.0873675385407],[36.6872914,48.0926284],[36.68978053880221,48.09030996045105],[36.686619048009824,48.08984275895729],[36.67642700066642,48.09449796805819],[36.671743155379936,48.09652510481463],[36.65918100078538,48.1016107178533],[36.65876271367063,48.10120108221153],[36.648586224283534,48.10478298405632],[36.63592110662888,48.107635397701614],[36.6307501414326,48.10673465259962],[36.62153233390879,48.10370703252995],[36.61718572548293,48.103006400823595],[36.616511251761686,48.1052333756824],[36.6069000012338,48.10208055142122],[36.60172903603752,48.09972831848177],[36.59652060007893,48.09597453236667],[36.577017068306,48.093434314952276],[36.56851120526574,48.08877900955713],[36.56530745508978,48.086288498434],[36.5654760735201,48.08453630778814],[36.56712478706094,48.083597609674015],[36.57405687808495,48.07956727111385],[36.58391168856772,48.07422220470789],[36.60150490273087,48.06519155400256],[36.622900016732416,48.06548364043571],[36.62507332094536,48.05736971959322],[36.625235031852505,48.055922157739104],[36.621356297366525,48.05290827621286],[36.62128871795378,48.03439529495032],[36.62021743601891,48.03412513738428],[36.620144652971604,48.034106782840745],[36.621996467090625,48.02782671756754],[36.61374214853215,48.02115852296736],[36.612361,48.01887],[36.617989,48.001574],[36.619091270656824,48.001048737067535],[36.63175251573719,47.99248405088405],[36.632530332458074,47.98994762912718],[36.62229494753601,47.988993005370084],[36.622336350796004,47.98883720108249],[36.622647228632005,47.98812995400558],[36.624779755306484,47.97938692221726],[36.61975586752509,47.97232020680534],[36.6183408157269,47.97172758073069],[36.60761849784222,47.96723705595468],[36.60889498378371,47.962791556093485],[36.5973290103467,47.959307678405224],[36.584190733957,47.96394999763711],[36.57039201712409,47.97065058271629],[36.57019324378682,47.97032356851625],[36.5699880584064,47.970182503567216],[36.56964822012009,47.970176091524074],[36.569244261402396,47.970278684214286],[36.56886595085726,47.97015685539466],[36.56850046439839,47.9698426652809],[36.56800673707677,47.96945794269263],[36.567698959006144,47.96938099817497],[36.567262940072766,47.96940023430438],[36.566660208017794,47.96906039601807],[36.56591641101379,47.96884238655138],[36.56549962820982,47.9689129190259],[36.564839187766616,47.96900909967297],[36.56441599291951,47.96920787301024],[36.56409539076261,47.96948359086518],[36.56403768237437,47.96963106785736],[36.56414027506458,47.96986190141032],[36.56415951119399,47.970220975826045],[36.563992798072405,47.97052234185353],[36.56387096925278,47.97091988852809],[36.56394791377044,47.97106736552026],[36.56419798345282,47.971202018426155],[36.56435828453127,47.97132384724578],[36.56437110861754,47.971689333704646],[36.564492937437166,47.9719522274733],[36.56448011335089,47.97221512124196],[36.5643134002293,47.97261266791649],[36.56401844624497,47.972920445987114],[36.56331312149979,47.973459057610704],[36.56237055115851,47.97399125719116],[36.56133180017016,47.974408039995126],[36.56042770208771,47.97467734580692],[36.559651844868014,47.97479917462654],[36.55906193689932,47.97479917462654],[36.55852332527573,47.97497229979127],[36.55805524612666,47.9752993139913],[36.557176796216766,47.97545320302661],[36.55688184223242,47.9757225088384],[36.55630475835,47.9758571617443],[36.55570202629503,47.97590845808941],[36.554656863263546,47.97610723142668],[36.55400924690661,47.97614570368551],[36.5535347557144,47.97629959272082],[36.55205357374953,47.976870264560105],[36.55188365460637,47.977062625854245],[36.55146393589672,47.97740914629958],[36.55079360727292,47.97789298544061],[36.55055636167681,47.97794428178572],[36.55012705566442,47.9782027836911],[36.549751082192586,47.9782587797401],[36.54908159175508,47.97864319448775],[36.548485271743246,47.97889326417013],[36.54791459990397,47.978938148472096],[36.547202863115665,47.978986238795656],[36.54677646224699,47.978797083523084],[36.54611602180377,47.97876502330739],[36.54520551167818,47.978482893409314],[36.544397594242795,47.97805969856221],[36.543256250564234,47.978239235770076],[36.54269199076809,47.97814946716614],[36.542371388611194,47.978136643079864],[36.54166606386602,47.97803405038966],[36.54065296105022,47.97802122630338],[36.53998610856387,47.97816229125242],[36.53951161737166,47.97802122630338],[36.53881911671276,47.978046874475936],[36.538318977348,47.97782886500924],[36.538024023363654,47.97752108693862],[36.53738281904985,47.97731590155821],[36.53712633732434,47.97712354026407],[36.53662619795958,47.97696965122876],[36.53574133600654,47.97645668777772],[36.534984714916256,47.97653363229537],[36.53474105727701,47.9768927067111],[36.53433068651619,47.97698247531504],[36.53363342742935,47.97059416126562],[36.530105,47.965724],[36.5299597385138,47.96490077130722],[36.53000724311185,47.96411615812543],[36.5305772982884,47.96285439031287],[36.530862325876676,47.962207589821574],[36.53109984886691,47.961528970764206],[36.5302328,47.9613779],[36.529106487688615,47.957632069416185],[36.5281375478017,47.95465881194135],[36.52647130976476,47.9551270581769],[36.522119345528886,47.95442512846144],[36.5198731704394,47.95181044027133],[36.51925898193838,47.950546966783484],[36.5193271651083,47.95035277597061],[36.52121125434834,47.95048560890977],[36.52189299716545,47.95057693135738],[36.52284743710941,47.95056862932336],[36.52314492488415,47.95056032728801],[36.523516784602585,47.950651649603586],[36.52457038713813,47.95109165486215],[36.525177758011566,47.95014522381969],[36.52580991953288,47.949622188702314],[36.52613219795552,47.94932330911574],[36.52702466127976,47.948816870314964],[36.52734693970239,47.94832703134373],[36.52749568358976,47.947911909937154],[36.527582450857395,47.94636762903254],[36.527731232035954,47.94611136579589],[36.529392148691215,47.945774629665394],[36.52930143765996,47.938111386724195],[36.52905954157661,47.93685545179063],[36.530208547972514,47.93420843525286],[36.52922343150916,47.934067329093814],[36.52731587397579,47.934120649219636],[36.522780322412984,47.933918065497274],[36.52181273807958,47.9340936381025],[36.520966101787856,47.93408013253865],[36.52022025553086,47.933904559887566],[36.51895030109327,47.933904559887566],[36.51836571889185,47.93410714366282],[36.51435427550963,47.934269210111594],[36.50917366772457,47.93143297392232],[36.50929461576624,47.93116284807682],[36.50943572181485,47.93005531735832],[36.50945573223778,47.929972488045046],[36.50933997128188,47.929893237702665],[36.50892673213949,47.929758170934946],[36.506064295153195,47.929737910889365],[36.50621548020528,47.92914361268792],[36.506699272371975,47.92711754476671],[36.507021800483116,47.92655023152575],[36.50756606667065,47.92573301937204],[36.5079591478061,47.92564521895104],[36.50874531007698,47.92556417227629],[36.51012613355276,47.92517244489143],[36.51067368584741,47.92493100234376],[36.5110987573879,47.92474356754223],[36.51201921369127,47.92408160124117],[36.514485302554796,47.922612636018236],[36.51503838302246,47.9222924695102],[36.51323850335166,47.92179944431544],[36.51137089048167,47.9226531616838],[36.509012403669004,47.92364603057297],[36.508246399405074,47.92359199738226],[36.507883555280046,47.9236392764272],[36.507561027168904,47.924112064500086],[36.50727881507167,47.924422751452234],[36.506291072731315,47.92459835629538],[36.50444661509579,47.92445652166066],[36.50127172900183,47.92547637156871],[36.496756335445966,47.92505762768199],[36.49453895468193,47.92482799249842],[36.49423637711885,47.92484235764415],[36.481905682110494,47.928546943202576],[36.4635922563237,47.92352559954655],[36.46044664036682,47.92619982947865],[36.45622400406052,47.95413086475546],[36.45979653102027,47.95847372947821],[36.45949622964166,47.959335590300164],[36.459538991519885,47.960100932250185],[36.45961420518326,47.96144708855062],[36.45983943121722,47.96184926890884],[36.46102991168241,47.96232326316847],[36.46115861227325,47.96262489361469],[36.46026843318665,47.96306297279287],[36.45998958190651,47.9636877678158],[36.45931390380464,47.96439873227001],[36.454669957485414,47.96364467874649],[36.455645936965894,47.962603348641224],[36.452385521998124,47.961411179437796],[36.44734474885716,47.960233346700996],[36.44236832601161,47.959256586990044],[36.44026621636134,47.958581462867215],[36.43964416350565,47.95815771024108],[36.43844295799121,47.95749693649897],[36.43584749607607,47.95711626952838],[36.43768112288946,47.95168396642387],[36.436544624276415,47.94652111074091],[36.432490555665154,47.92867323531945],[36.42378181568544,47.920436993608405],[36.417394283316014,47.91874825434423],[36.39237383767007,47.92658570568788],[36.383593777145364,47.927517229748126],[36.3793618,47.9267368],[36.380520755961726,47.92531096136551],[36.38693507795616,47.912708913945615],[36.39536149715416,47.912202152644795],[36.39686946113181,47.9124740416696],[36.40649607807965,47.91183488637453],[36.41905154782528,47.912626220338225],[36.41973678936938,47.91265789558777],[36.421765506429054,47.90467955161867],[36.41972006784599,47.892553153430015],[36.41257319944922,47.891561183302414],[36.41171523302513,47.89144209938818],[36.41135462129051,47.89139204724666],[36.40117218998757,47.889977424956555],[36.397038244823854,47.88962580763997],[36.39729145849972,47.88894759697224],[36.39463434034908,47.88826798992826],[36.39314267573813,47.887886469152974],[36.38095650320498,47.8847696304491],[36.367328052144025,47.884759282346565],[36.362761158459755,47.88449668595971],[36.35590234826564,47.88419936832798],[36.35395701696495,47.88448035862414],[36.34141817675122,47.892711492639776],[36.34574919990844,47.89769770512128],[36.33983365608393,47.910387715721455],[36.3387773089724,47.91043019937067],[36.337763215745355,47.9110532888857],[36.335188856392186,47.91158802449901],[36.32848218119659,47.91015991600638],[36.330558928444816,47.892385672271246],[36.33166572928524,47.88380341985909],[36.33070540667639,47.883940608803215],[36.32913814716288,47.883940608803215],[36.325335416715376,47.88324809878562],[36.32234668927101,47.88302941141165],[36.3199289788587,47.88292006772466],[36.318252375658204,47.88172943646634],[36.31867072215649,47.881269255318216],[36.31108299831254,47.880631582536566],[36.3048995,47.8756558],[36.28075667776009,47.87625981271783],[36.27581470033206,47.87659128688386],[36.274995557885354,47.877138704750955],[36.27468784368237,47.877396692703265],[36.27449071427108,47.87752568619769],[36.273707004660345,47.87766849947481],[36.27299541556595,47.87753858552947],[36.27228382647154,47.87746763916494],[36.27120682676109,47.87761598145271],[36.270350996634036,47.877944912836654],[36.26980288070996,47.87831898912756],[36.26946151026603,47.878847850999314],[36.26905282734019,47.87928641528613],[36.26826428262621,47.87956093364118],[36.2676344571858,47.8796024372502],[36.26645648875249,47.87946055007621],[36.265693150407344,47.87924300387129],[36.265370021113974,47.879064527180184],[36.264733266329976,47.878484473687834],[36.26405998212909,47.87760600121499],[36.26352358775529,47.877306397066086],[36.263148561070395,47.877267698887685],[36.26261967728401,47.87737089396585],[36.26170615074389,47.87780302112322],[36.26010026724706,47.87854472351367],[36.259691498973105,47.87901990791133],[36.26007141904053,47.88104224761598],[36.2605089501729,47.881766168505024],[36.26057985467502,47.88284474038275],[36.26060511086135,47.882907653497334],[36.26113399464772,47.88420388561583],[36.26031662879605,47.88433931098065],[36.25993198604231,47.884113601842614],[36.25952811115089,47.8840620110444],[36.25897037915798,47.884165192589435],[36.25830687040779,47.88461660943242],[36.25672983511749,47.885074471068755],[36.25618171919342,47.885151855734215],[36.25549897830554,47.88511316341592],[36.254258505424744,47.88438445269023],[36.253902710877554,47.88402976676942],[36.253469987779596,47.883159163758044],[36.25327766640273,47.883036633270756],[36.253053118137224,47.882612593796],[36.252535135505205,47.882229210153575],[36.252330803746155,47.88199337941826],[36.25189838072121,47.88170018295294],[36.25164652994843,47.88126357209761],[36.25112382079739,47.880935314797725],[36.250434795098286,47.8808938841169],[36.248339206592746,47.88107872843703],[36.24643844604351,47.88134961978361],[36.245473810064766,47.88170974373342],[36.24468024253546,47.88225470530391],[36.24435236134072,47.88273273704919],[36.24439988035445,47.88308966454249],[36.24478953626704,47.883988346089254],[36.24476102485881,47.88460020545516],[36.24442839176268,47.885224804436376],[36.24337346965786,47.88576016899717],[36.24230904375028,47.88560720825872],[36.24131114446193,47.88558171475841],[36.23519473808552,47.87675650006807],[36.2481095864159,47.86726239208244],[36.25461774224392,47.864399095261454],[36.27389887598253,47.857779744066],[36.28415849697407,47.857055308291244],[36.29257385250991,47.85439954422755],[36.30075406177254,47.84967507812382],[36.30581304625019,47.8393612243038],[36.313259659964025,47.83107630513085],[36.3273799269778,47.82003581581298],[36.33191742798228,47.814008639394025],[36.33024532087965,47.809200819632586],[36.31986983618658,47.80334729717438],[36.2676232,47.7972584],[36.25620626006288,47.79857297687473],[36.24455597910444,47.80026246532694],[36.23471765999832,47.79984334085415],[36.22043533090618,47.79930453205803],[36.21814211288649,47.79821739029692],[36.2191745264982,47.79205018683725],[36.223142460888845,47.786895872499606],[36.22475563241382,47.78096610692855],[36.22518264840573,47.778511113526434],[36.223664369323394,47.77423851093028],[36.22992974202165,47.7695138851899],[36.233390461387536,47.76410395536912],[36.236510972253946,47.762267143076095],[36.2371956170926,47.76186414366035],[36.23910711607696,47.75180828353602],[36.22820467433108,47.751322068295195],[36.216404604448314,47.75118181389882],[36.188707149027834,47.75303051451519],[36.18389733036455,47.74580551049008],[36.18196718224343,47.743970914256145],[36.182626490265,47.74156300669911],[36.18257871432141,47.74055971188368],[36.181766523280345,47.739479975558496],[36.1817108063871,47.73872676570536],[36.18144011858942,47.73602275707456],[36.18526372235127,47.733068443928445],[36.18333357423017,47.7325237981715],[36.182827149228096,47.731912266093524],[36.183094694512214,47.73022577528474],[36.18347212446659,47.72896449037391],[36.18391166314764,47.728644391551846],[36.185521712446686,47.72697223352612],[36.186142799713394,47.72601671465428],[36.18641990018623,47.72543384814245],[36.187155649717546,47.72389546275879],[36.18835960349607,47.722127752845886],[36.188703590289926,47.72044603963144],[36.186133244524676,47.71901276132368],[36.185817923296966,47.71669562805947],[36.185703261032344,47.71246267945721],[36.18856026245915,47.708439945006766],[36.1949240181456,47.70517207046508],[36.19563110211076,47.70530584310714],[36.19645284834055,47.704847194048654],[36.19845943797141,47.70578360254306],[36.19832566532935,47.708688379913454],[36.2000647096761,47.71002610633403],[36.2004278068474,47.70981589218222],[36.200274923827905,47.70865015915858],[36.20113489081256,47.70798129594829],[36.20243439647827,47.70821062047754],[36.203619239879345,47.70807684783548],[36.20577871252971,47.7058027129205],[36.20467031063837,47.7047134214066],[36.20518629082917,47.70297437705985],[36.204899635167614,47.70117800158079],[36.20715465970516,47.69676350439289],[36.21072830028584,47.69080106663261],[36.2134610842593,47.68940600907972],[36.2159072125712,47.6890811326633],[36.21374583306529,47.68712435996164],[36.177797567970345,47.67356135029088],[36.17684791937922,47.671397914504475],[36.205628,47.6776452],[36.210414964801075,47.6725503962153],[36.21828366325295,47.6617153918006],[36.21777134004495,47.66153105790377],[36.18370743469466,47.649171069494905],[36.187620370306014,47.64530241055406],[36.19841488521408,47.640136199920796],[36.203659717193624,47.63966684383545],[36.21665902033383,47.63971314386581],[36.227177176847725,47.64196323083877],[36.23922416253108,47.63888539542794],[36.24577057300264,47.63228860026888],[36.251694909925625,47.62816693414498],[36.25206529525093,47.62485713321962],[36.243668828018826,47.611410870791],[36.229186410792316,47.60880635780784],[36.22237839672295,47.607318585844354],[36.21761403955997,47.598208883928216],[36.21430837727755,47.5886078582876],[36.21401379073112,47.587649493030916],[36.21241955765635,47.584856108819686],[36.21224627145258,47.58411975258986],[36.20949102081247,47.5833132553103],[36.209300405988316,47.5826937634552],[36.209300405988316,47.58216777405],[36.20967297132645,47.58206841990228],[36.20980293597928,47.581519046505164],[36.2101755013174,47.58063653036232],[36.21099427863027,47.57957866028277],[36.21093362845895,47.57935656329705],[36.21002387588911,47.579353640962],[36.20844697143471,47.581609635068645],[36.2083776569532,47.582930456963346],[36.20863758625887,47.584192804265975],[36.199183861141634,47.590602773041056],[36.185896018315574,47.58855277656832],[36.170574950698516,47.58600402033569],[36.16223667529299,47.585006647155815],[36.14913367108429,47.58333046331281],[36.14100272965005,47.577914804406724],[36.12852664127234,47.56890574732179],[36.10365073691012,47.566280275059945],[36.080425037223804,47.56873046318118],[36.07538049555241,47.56223764962182],[36.074109730058034,47.551416460227074],[36.07466424591012,47.55090964946077],[36.075334285898066,47.55041842819467],[36.07620071691697,47.55010653928683],[36.07696317621359,47.550051958537146],[36.07718267207172,47.549825837682874],[36.073786262477654,47.54156785957052],[36.0715604974602,47.53633219431485],[36.07188396504058,47.53619180681794],[36.071822352168134,47.53604101982851],[36.071452674933404,47.53603582026942],[36.06038546271869,47.538261184447606],[36.060146712837934,47.53838596842739],[36.05992336617528,47.53858874176114],[36.05773123703269,47.53882809065],[36.046087059395795,47.534956818374056],[36.03768536195135,47.532897055635665],[36.036439482862626,47.53296176145514],[36.029363528551066,47.53040582087818],[36.02623285802043,47.53041660569928],[36.02313413310746,47.528259597347656],[36.02327788838692,47.52773111677203],[36.02313413310746,47.52718105990534],[36.02174449873926,47.527191845389545],[36.01973663289037,47.5257648383996],[36.0076928847683,47.53026572842916],[36.00314346488095,47.5309913444756],[35.999368782904384,47.531044311683445],[35.98125482598278,47.52954326156812],[35.9785458457669,47.52852128081224],[35.9679386961036,47.52383452628409],[35.94577746154098,47.52408404260478],[35.9385339,47.5244161],[35.93411611550398,47.52489821935396],[35.92830092991899,47.52516230300448],[35.92122748780395,47.5266893693461],[35.9190560757537,47.526616577292366],[35.91226666089375,47.52778010380048],[35.912106,47.5273193],[35.91223265396051,47.5242437454464],[35.92760378778748,47.52148223492659],[35.93268782430769,47.5169808334451],[35.932738834707564,47.515281224291414],[35.931934500837905,47.50884388317439],[35.92643732387462,47.50090906703302],[35.916712,47.495457],[35.916699803142656,47.49467939602164],[35.90145335934277,47.48205113325266],[35.89193901459864,47.47785956170533],[35.886766277723574,47.477846640584694],[35.8700427468788,47.478775056197215],[35.867279450951244,47.47894778287329],[35.839104,47.480344],[35.831739951305025,47.48389184321076],[35.8264689243912,47.486029087690106],[35.8236257644195,47.48585638429499],[35.81238090700335,47.486935771198524],[35.81025652342899,47.484140113447474],[35.80578413695665,47.482574911901516],[35.79974641521901,47.48038894894208],[35.799594673535125,47.480723596081496],[35.799299176571765,47.48360579126585],[35.798005379056555,47.489456053256035],[35.7975421676005,47.491388007721405],[35.789066,47.491322],[35.776928,47.490931],[35.76700240759148,47.49129768720834],[35.75374955649066,47.4918041638012],[35.7461742204222,47.49251537800535],[35.74145358994585,47.49222442790418],[35.74006610733963,47.49371148926384],[35.738981638176135,47.50067210062748],[35.737067869064106,47.50326862488303],[35.72491543520272,47.513486478228145],[35.71611209728737,47.51643781252394],[35.715298745414756,47.51679325399481],[35.70686221324589,47.51936744005454],[35.68979777199695,47.52282462093619],[35.674118,47.519805],[35.657774035522316,47.51432665598697],[35.650326284061336,47.51216155520021],[35.63975197571591,47.51495842156638],[35.62985733348009,47.51650328859285],[35.62259664154172,47.514267898111676],[35.61435255119996,47.512978992962374],[35.613481787222916,47.5141859709971],[35.61270199930591,47.515251013509705],[35.60890723660792,47.52068994806635],[35.60890723660792,47.52448619492308],[35.60162901088439,47.53553243551351],[35.59546002202983,47.541472327660614],[35.58778344320239,47.54753143556989],[35.58518415014569,47.54966014505821],[35.58215164157956,47.551297555064245],[35.57634655375294,47.55178876809039],[35.57327938794603,47.55253727432453],[35.56146126884827,47.55351967253277],[35.56111469644071,47.55334424563201],[35.56079411696372,47.55340856889714],[35.55673055548508,47.555168656694796],[35.55075218145468,47.55535577218676],[35.54446189225749,47.55553119235363],[35.53572826758698,47.55211624088331],[35.53260911591895,47.551110425081326],[35.52689742915496,47.551007350056615],[35.51124853505527,47.551501883717435],[35.50605608497799,47.554481542943186],[35.50583653447097,47.55761423267295],[35.488711594923885,47.55732848833196],[35.47861313482124,47.557238584635634],[35.47518206798641,47.557168418925734],[35.46228712318683,47.555846826019646],[35.46208020461883,47.555810397219986],[35.446122505239316,47.566492836736046],[35.42426019124876,47.566176805953674],[35.42378929625816,47.56628022240531],[35.4086302,47.5777697],[35.4313682,47.5908487],[35.44782800780151,47.60521164338328],[35.447264026793235,47.60989740841735],[35.43800241696896,47.6096978375169],[35.42942186187125,47.61103214819825],[35.42388841576621,47.61563224463395],[35.4071146851875,47.613732597723526],[35.408982961604806,47.60459948560237],[35.40615043424148,47.602782973488935],[35.39742421507559,47.59477903893642],[35.3952758161043,47.59260582043439],[35.38407519381205,47.58887690617986],[35.382412191423256,47.58883724675289],[35.38146238831822,47.590111873298156],[35.378130984703695,47.59380858348095],[35.3763788,47.5957528],[35.36010818110123,47.60270402257482],[35.359901971487986,47.608457590024145],[35.35750663902703,47.61049774632758],[35.36143061472002,47.61738486154888],[35.36165502769775,47.623597446147095],[35.36349842001487,47.63174291660271],[35.355066903851394,47.63221820989658],[35.350867175268064,47.63191575102789],[35.3379548,47.6175987],[35.330263834597524,47.61563335823007],[35.32953223448573,47.614509196390884],[35.315693167969506,47.60748106406551],[35.30562828547879,47.60723855882203],[35.30029943784081,47.62677474162817],[35.29977831289442,47.633255045787436],[35.31209290585041,47.65419585332966],[35.2976786,47.6593573],[35.276128447044826,47.656642693585624],[35.27389462138594,47.64465606255533],[35.27647507516431,47.631429524007594],[35.27904817214024,47.62187781033585],[35.27925080836372,47.61007793845178],[35.27599940792012,47.61487390668949],[35.27315399279191,47.618879248930845],[35.26917878048047,47.624914889317644],[35.265998610631314,47.62988765814232],[35.26598964455234,47.62994484290399],[35.26531054569314,47.63098960379315],[35.26468261844645,47.63105805642157],[35.264414825944186,47.63137542652726],[35.26461797887694,47.63190437242049],[35.26180154049107,47.63635975122527],[35.257904697871936,47.641947105542194],[35.253453801799836,47.648597642515455],[35.252788937656284,47.649269492515444],[35.251108308848984,47.650725137867084],[35.24901213995195,47.65254774770489],[35.24856889718959,47.65314490296364],[35.24636191760197,47.65522245242786],[35.24405336154798,47.657498953633564],[35.24223421937744,47.65902278559591],[35.241116878247304,47.660111209768544],[35.2391499884893,47.66191483415506],[35.23675832441736,47.66415994848455],[35.23521620897329,47.66555920912493],[35.233821841116686,47.666877589274534],[35.23115315031827,47.66935257150359],[35.22964797177107,47.67077656587709],[35.228654633867215,47.67174322639986],[35.22821666701761,47.672169431080206],[35.2272840103718,47.67273527195009],[35.227468694856114,47.672878285704144],[35.224310590174255,47.675856613505395],[35.22371959982444,47.675974748263776],[35.22342410464953,47.676316715793476],[35.22338716775266,47.67650946014081],[35.22313784369882,47.67660894081569],[35.22302703300824,47.67684520665839],[35.22270383516067,47.67726177803817],[35.222066673689774,47.677989215607106],[35.221725007393786,47.67861094908046],[35.221318701528276,47.67977357079454],[35.220940098335426,47.680706136331544],[35.220598432039445,47.68139622409701],[35.21741262468492,47.68094860064067],[35.211161054890724,47.694649111370936],[35.12560555724755,47.71833542772851],[34.689046162293465,51.18076576770089],[34.71674457985079,51.17157743845262],[34.730721505503986,51.16494108369059],[34.73240030590625,51.16390718357327],[34.7324058,51.1639038],[34.751847343515266,51.1520256243466],[34.770238188838974,51.14924051531153],[34.786513840445785,51.15010147584252],[34.78801853591376,51.1479909524774],[34.8041921165897,51.133533828796004],[34.81925443247374,51.12236519310883],[34.83115310103834,51.12120541102906],[34.834615636936945,51.12138397494591],[34.84955864148138,51.11924394412418],[34.849558641481394,51.119243944124186],[34.8639778297988,51.118197623319176],[34.868506509264165,51.11734161869353],[34.913174094645704,51.12150987941522],[34.9304708221009,51.135423667809064],[34.94155833258561,51.13939948494539],[34.94512666224526,51.138745926355746],[34.95005064915792,51.13737748813947],[34.95241885165184,51.136660358227736],[34.96180267290687,51.12805207293719],[34.96137505495527,51.12685328580902],[34.959369092561104,51.12123019668471],[34.953905353450054,51.105912672857116],[34.96537154998141,51.099140228143696],[34.98070435651797,51.098625176614995],[34.9925532014335,51.09824328659271],[35.027056012868556,51.10446440961635],[35.027616902865844,51.1044097587961],[35.04069509378686,51.10492479303773],[35.04602937700359,51.104888004877616],[35.05331343270643,51.10428100023573],[35.0672377513101,51.099535327580845],[35.067807967791886,51.10711368856461],[35.0761337349507,51.114393530749666],[35.08069269315185,51.1166746296465],[35.08717911992556,51.11950706834164],[35.087785895764796,51.11977203014978],[35.090158187059835,51.12016906861476],[35.10368191031621,51.12148897792447],[35.105451858794304,51.1213795664895],[35.10799951190672,51.12079042353923],[35.110324975790874,51.12029469056892],[35.13934655501894,51.11801709113178],[35.142241890199266,51.1175004527723],[35.14491436750138,51.114592336140035],[35.144833212432005,51.11406103645184],[35.144712534126676,51.1140694540585],[35.14473935152786,51.113749583926754],[35.145866987198445,51.11356026065437],[35.1479072,51.1111779],[35.1438142,51.1021857],[35.149195896912516,51.096296624057715],[35.14949117109781,51.095819784427],[35.14797084837046,51.09539543218278],[35.147702674358634,51.094553323792574],[35.14774290046041,51.09397226006156],[35.148078117975196,51.0937701492262],[35.14799766577165,51.093365924905385],[35.147662448256845,51.0930627543459],[35.147756309161,51.09222060347417],[35.14785017006515,51.091698462231726],[35.147628548518064,51.090810495605595],[35.14167897337143,51.08220436597487],[35.15288631260114,51.0805993643074],[35.15465734892386,51.08053018320105],[35.16355403920129,51.077666085397894],[35.168701113514196,51.07481582381602],[35.172063315283104,51.0713567684982],[35.17834480903017,51.06597535060868],[35.17915537870291,51.06517952961882],[35.186466821626475,51.05476713919397],[35.200386060225355,51.04843014985174],[35.20346897645729,51.05127757565841],[35.21344,51.046509],[35.21344007568935,51.046509006973444],[35.222029166338345,51.04730034043447],[35.226817506045,51.0477203702333],[35.23997843974167,51.050772586771465],[35.243086660253006,51.050296552999455],[35.2468109244693,51.04410811396336],[35.266776340907015,51.04707632454176],[35.270640615056244,51.04942849141521],[35.27114465081484,51.05021254703969],[35.27811714547541,51.05001653313357],[35.279474255213984,51.04973436180179],[35.280945346120866,51.049428491415206],[35.289009918258394,51.051780658288656],[35.293770255978465,51.05220068808749],[35.29619286775535,51.052830092127564],[35.29948266124255,51.05368479337669],[35.3129086839474,51.05605277741448],[35.316311855182335,51.056653003955084],[35.32658858426037,51.06130133372881],[35.33815340472151,51.05844513109676],[35.35142634636454,51.05922918672125],[35.360835013858335,51.060825299956804],[35.36654741912242,51.0647735800658],[35.36990765751306,51.06597766548911],[35.38194851174618,51.05822111520405],[35.384972726297754,51.05497288475977],[35.385700777949054,51.05427283509505],[35.384776712391634,51.05040856094582],[35.39370934611342,51.044416135815844],[35.39191721897175,51.03458743852323],[35.38497272629776,51.02341464587436],[35.38029639453745,51.025850818707575],[35.37814024157013,51.01966237967147],[35.375116027018564,51.0122138512389],[35.37463999324656,51.01025371217769],[35.37335190186348,51.009721674432505],[35.36912360188859,51.01039372211063],[35.36478329396735,51.009609666486156],[35.3606950039254,51.0077895373579],[35.35881887082396,51.0077895373579],[35.35750277745429,51.00918963668733],[35.356578711896866,51.0095256605264],[35.35562664435285,51.00932964662027],[35.35492659468814,51.00784554133108],[35.3542825489966,51.00711748967977],[35.35232240993539,51.00683746981389],[35.35064229074007,51.007537519478596],[35.34565793712729,51.01207384130596],[35.33048086039624,51.01829028232864],[35.32241628825871,51.018696311134185],[35.31639586114215,51.01774424359017],[35.313651666456465,51.012703886004225],[35.326490577307354,51.00584339929001],[35.3271066210123,51.00540936849789],[35.32996282364434,51.00333722149033],[35.33206297263849,51.001377082429116],[35.33433113355217,51.00031300693875],[35.33575923486819,50.99910892151543],[35.33440113851864,50.997638817219524],[35.330004826624226,50.99626671987668],[35.32793267961667,50.986746044436536],[35.33893746034601,50.981033639172445],[35.338909458359424,50.97781341071475],[35.33776137690929,50.97039288426876],[35.33213297760497,50.9665846140927],[35.32899675510704,50.96342038960819],[35.3264065713476,50.95633588700125],[35.32548250579017,50.95364769628874],[35.32217827137271,50.95051147379081],[35.31921006079432,50.947515261225824],[35.32119820184211,50.93905866127605],[35.32201025945318,50.937966583799096],[35.324726452152284,50.935726424872],[35.33267901634346,50.9295379858359],[35.33405111368631,50.92945397987613],[35.33696332029153,50.9305180553665],[35.338727445446615,50.931022091125094],[35.339595507030864,50.93155412887028],[35.34194767390431,50.931918154695936],[35.34471987057658,50.92987400967496],[35.35118832947857,50.927801862667394],[35.357068746662186,50.92819389047964],[35.36084901485165,50.92707381101609],[35.36026097313329,50.92298552097415],[35.37028568433203,50.91690908988442],[35.377538198858495,50.917329119683245],[35.38137447102114,50.917133105777125],[35.383698635908,50.91735712166983],[35.38672285045957,50.9174411276296],[35.387898933896295,50.91682508392465],[35.39030710474292,50.911700720378924],[35.39134317824669,50.907976456162636],[35.39013909282338,50.90778044225652],[35.38770291999017,50.906968384645445],[35.38498672729107,50.90565229127578],[35.38182250280655,50.90503624757083],[35.38036639950394,50.903804160160924],[35.36975364658684,50.898875810521325],[35.37907830812086,50.887366994033385],[35.380758427316174,50.883138694058495],[35.37521403397162,50.86804562328721],[35.383726637894576,50.861129132599814],[35.40198393315038,50.85874896373977],[35.40500814770196,50.855304719389366],[35.40875430647521,50.85391381001281],[35.40968028159594,50.849443086383026],[35.41064230873145,50.84479829911938],[35.41194031028262,50.844046048220385],[35.41154205980669,50.8420252958055],[35.411559141188974,50.84098333148619],[35.411571559841946,50.840225793655016],[35.41247131091719,50.83721679005913],[35.41244181088194,50.83553528804967],[35.41152730978907,50.831951033766316],[35.41135030957755,50.82790952893654],[35.408075805664375,50.82189152174476],[35.407692305206076,50.82068202029935],[35.404476801363415,50.81625701501129],[35.404004800799356,50.811242009018144],[35.403591800305804,50.805961502707696],[35.40376880051733,50.80469300119179],[35.40309029970649,50.80374900006366],[35.40338530005903,50.802745998865035],[35.403208299847506,50.802332998371476],[35.40317879981225,50.80147749734912],[35.402146298578366,50.80059249629151],[35.40309029970649,50.80009099569219],[35.40506680206849,50.799913995480665],[35.40807580566439,50.798055493259675],[35.409344307180305,50.796373991250206],[35.41226481067043,50.79640349128546],[35.41382831253888,50.796049490862416],[35.41651281574698,50.79416148860617],[35.419079318814056,50.79318798744279],[35.42194082223367,50.79188998589163],[35.42391732459568,50.790886984693],[35.425982327063444,50.79047398419945],[35.43014183203423,50.7893529828598],[35.43253133488978,50.78820248148491],[35.43559933855617,50.787110980180515],[35.43695634017786,50.78619647908765],[35.43987684366799,50.78380697623209],[35.443947848533014,50.781653473658565],[35.44999535576004,50.77949997108503],[35.45232585854508,50.77890997037995],[35.452856859179654,50.77914597066198],[35.45465636133013,50.778467469851144],[35.45627886326909,50.77861497002741],[35.466544875537416,50.778821470274195],[35.47182538184784,50.77961797122605],[35.47527688597254,50.77657946759491],[35.47743038854607,50.77418996473935],[35.47728288836979,50.773275463646485],[35.47524738593729,50.77159396163701],[35.47436339515486,50.770448309582974],[35.47340363373393,50.769204458781445],[35.472135132218014,50.76902745856992],[35.471191131089896,50.768319457723834],[35.4665891255903,50.76029544813479],[35.466294125237766,50.757846945208726],[35.46369812213543,50.753805440378954],[35.46393412241746,50.752448438757284],[35.45576471728205,50.7451824871564],[35.442277609733054,50.730305026028276],[35.436674066210514,50.727490376171424],[35.435041054848995,50.725380305311035],[35.42808023228481,50.717893595479154],[35.428094241957055,50.70650873297262],[35.432322,50.703095],[35.43474771123545,50.69816335521658],[35.43427073510262,50.69471607022775],[35.433483243940614,50.69366850340365],[35.4357686257074,50.68846963412204],[35.45015712027821,50.68508138982963],[35.453758779106565,50.68384393585821],[35.45821111557823,50.68501135816709],[35.458211115578244,50.68501135816709],[35.464524123122544,50.679553851645146],[35.470955130807866,50.67598434737944],[35.47142713137193,50.674479845581494],[35.4624296206195,50.671972342584915],[35.44765010295735,50.670202340469686],[35.440393094284914,50.66798983782565],[35.43623358931413,50.66551183486434],[35.41950706932523,50.66356483253759],[35.417147066504924,50.663210832114544],[35.41157155984197,50.66542333475857],[35.409300057127425,50.665128334406035],[35.40620255342578,50.66477433398299],[35.40428505113428,50.66530533461756],[35.40059754672755,50.662886331726746],[35.38867953248502,50.65731082506378],[35.38673253015827,50.65279731966995],[35.38699803047555,50.64781181371206],[35.38988903393042,50.636660800386124],[35.38720453072233,50.62987579227775],[35.388148531850455,50.623031784098856],[35.39304553770259,50.620052280538225],[35.399277131415154,50.61257725977395],[35.39940279529978,50.61242652142511],[35.40154892286449,50.61111376985632],[35.4050594270597,50.60623151402182],[35.40567892780003,50.60378301109576],[35.40252242402788,50.59977100630124],[35.39966092060826,50.59907775547277],[35.398392419092346,50.59836975462668],[35.395324415425954,50.597956754133115],[35.39517388807678,50.597625593964935],[35.394660664632745,50.59649650238805],[35.39390841373377,50.59605400185924],[35.39243341197108,50.59556725127755],[35.38169539913871,50.585905989731955],[35.383177775910205,50.57855310594494],[35.38869428250266,50.576901103970734],[35.39005128412434,50.57519010192601],[35.3948007898002,50.57044059625015],[35.39606929131612,50.56784459314782],[35.40034679642791,50.566369591385126],[35.40126129752078,50.565248590045485],[35.408842806581006,50.56288858722518],[35.41199931035316,50.56229858652011],[35.41279581130502,50.562033086202824],[35.41438881320872,50.56044008429912],[35.41565731472463,50.558965082536425],[35.42256032297402,50.55462857735412],[35.42371082434892,50.54875807033862],[35.423415823996386,50.543507064063455],[35.42135082152862,50.538610058211326],[35.423238823784864,50.52922904700062],[35.4250678259706,50.527990045519964],[35.42671982794481,50.52757704502641],[35.43076133277458,50.52731154470912],[35.43235433467829,50.52642654365151],[35.43592383894399,50.52495154188882],[35.4414698455717,50.51536403043132],[35.44810735350381,50.5123845268707],[35.452738859038654,50.509818023803625],[35.45406636062507,50.50616001943215],[35.45598386291657,50.50279701541322],[35.459169866723975,50.50138101372104],[35.463240871589,50.496779008221445],[35.463535871941545,50.491823002298794],[35.46622037514964,50.48972849979578],[35.46990787955636,50.48468399376738],[35.485778898522895,50.47683698438986],[35.49976458755011,50.46544002726748],[35.51741276966004,50.46390613560368],[35.52284077614673,50.46072013179625],[35.52412402768027,50.46001213095016],[35.5266610307121,50.46083813193728],[35.5297290343785,50.46089713200779],[35.530260035013065,50.46048413151423],[35.53111553603543,50.458478129116976],[35.532405382649586,50.458166786830795],[35.53368203910251,50.45785862837664],[35.53710404319195,50.45800612855291],[35.5403195470346,50.45768162816511],[35.54607205390909,50.45198812136114],[35.54978905835107,50.451870121220125],[35.55563006533132,50.450660619774716],[35.55790156804587,50.45039511945743],[35.56374257502612,50.44962811854083],[35.565896077599646,50.44980511875235],[35.568934581230785,50.44948061836456],[35.57964309402791,50.44248911000941],[35.57982009423943,50.43927360616675],[35.580351094874,50.43458310056139],[35.57303508613106,50.426736091183884],[35.57014408267619,50.41301857479086],[35.57176658461514,50.40301806283983],[35.57751909148963,50.39416805226369],[35.58209897196278,50.39000117228408],[35.584871975276634,50.38594491743669],[35.58433359963324,50.37850353354391],[35.59048435698366,50.37438827862599],[35.593065610068365,50.37260352649314],[35.59788886583236,50.36966827298539],[35.59877386688997,50.36447626678069],[35.60288912180788,50.36211626396039],[35.60493937425802,50.360877262479725],[35.6065176261441,50.359859511263465],[35.607225626990186,50.358546759694676],[35.60808112801255,50.356880007702834],[35.6092611294227,50.35630475701539],[35.610441130832854,50.35562625620455],[35.61119338173182,50.3548887553232],[35.610721381167764,50.35432825465338],[35.61042638081523,50.35348750364865],[35.6123291330891,50.35224850216799],[35.613096134005694,50.35199775186833],[35.61367138469314,50.351230750951736],[35.61427613541584,50.350758750387676],[35.61483663608567,50.35058175017615],[35.615515136896505,50.35080300044056],[35.61604613753107,50.35069975031717],[35.61629688783073,50.35037524992937],[35.61690163855343,50.35030149984124],[35.61837664031612,50.35028674982361],[35.61986639209644,50.34987374933006],[35.62057439294253,50.34954924894227],[35.621208643700484,50.34953449892464],[35.62191664454657,50.34926899860736],[35.62210839477573,50.34888549814906],[35.62300814585097,50.348531497726015],[35.62340639632689,50.3482512473911],[35.62376039674994,50.348118497232456],[35.62489614810721,50.34754324654502],[35.62570363115846,50.347336569335475],[35.62613514958787,50.347226121166045],[35.62861315254919,50.347093371007404],[35.63014715438239,50.34722612116605],[35.63208309419591,50.3463743076481],[35.63636059930771,50.34535655643184],[35.636630975719086,50.344433595623755],[35.63631634925483,50.34398480479254],[35.64177385577678,50.340975801196656],[35.647494641161344,50.341607786693686],[35.69304491704788,50.346639807965396],[35.719211448318,50.34661030793015],[35.72844495935244,50.34879331053893],[35.74459219770436,50.350197623368196],[35.75256123817242,50.35478181769542],[35.759523246492314,50.35835132196113],[35.76551175364883,50.364752829611206],[35.76883050761489,50.374650091438845],[35.77630876655172,50.37782134522864],[35.78949528231017,50.38537335425361],[35.80247529782184,50.3949608657111],[35.808928430533605,50.404555752177345],[35.80876618033971,50.40706325517392],[35.81454081224065,50.41117851009184],[35.81518243800742,50.41204876113183],[35.81486531262844,50.412277386405044],[35.81474731248743,50.41272726194263],[35.81840531685891,50.418524018869995],[35.82001306878024,50.41887801929304],[35.82724057741742,50.417535767688996],[35.833509334908854,50.41718176726592],[35.84017634287621,50.415957515802894],[35.85469036022109,50.420412021126225],[35.85666686258309,50.420825021619756],[35.85899736536814,50.42085452165501],[35.86343712067384,50.41852401886996],[35.86510387266567,50.41684251686049],[35.86929287767171,50.4138925133351],[35.873275382430975,50.415588765362195],[35.87535513491637,50.416105015979134],[35.876903886767195,50.41750626765369],[35.876771136608546,50.41814051841165],[35.87851163868852,50.418332268640796],[35.88016364066273,50.41849451883469],[35.882464643412526,50.41868626906384],[35.88435264566877,50.41883376924012],[35.884278895580636,50.41921726969842],[35.88461814598605,50.419659770227234],[35.88534089684977,50.42048577121434],[35.88562114718468,50.421533022465844],[35.88701502385042,50.42234427343533],[35.889817527199526,50.42486652644953],[35.889581526917496,50.42763952976338],[35.889301276582586,50.42909978150844],[35.889257026529705,50.42943903191386],[35.8894192767236,50.4299552825308],[35.889257026529705,50.43076653350028],[35.88997977739342,50.430943533711805],[35.8975907864889,50.42970453223114],[35.90086529040207,50.429601282107754],[35.902160540500944,50.429580558106174],[35.902148541935624,50.429616032125374],[35.90228129209427,50.430707533429775],[35.90304829301087,50.4322120352277],[35.90341704345154,50.43302328619718],[35.904287294491525,50.433583786867004],[35.904375794597286,50.43429178771309],[35.9058065463071,50.43415903755445],[35.91055605198296,50.43306753625006],[35.91297505487377,50.432566035650744],[35.91622005875169,50.43263978573888],[35.919229062347576,50.43287578602091],[35.92217906587295,50.43305278623243],[35.92480456901055,50.43306753625006],[35.92788732269458,50.431740034663626],[35.92872807369932,50.43120903402906],[35.93086682625522,50.43054528323585],[35.93306457888163,50.42983728238976],[35.93347757937518,50.42979303233688],[35.93508533129651,50.42938003184332],[35.936471832953444,50.42983728238976],[35.93738633404631,50.42999953258366],[35.93866958557985,50.43039778305958],[35.939126836126285,50.430737033465],[35.93998233714865,50.43103203381754],[35.9416048390876,50.431607284504985],[35.949466598482736,50.430250282883314],[35.960978987240544,50.4255819023044],[35.98100951117788,50.431349159196536],[35.99162952386925,50.43602491478424],[35.99241127480348,50.43630516511916],[35.998488282065765,50.43719016617678],[36.00388678851721,50.43831116751642],[36.01863680614411,50.42878265612944],[36.020156057959674,50.429239906675875],[36.02371081220777,50.43168840960193],[36.02655756560976,50.432514410589036],[36.032059322184594,50.43289791104734],[36.045186837872535,50.437470416511694],[36.06319660939497,50.44242642243432],[36.06936211676302,50.43974191922623],[36.07512199864631,50.44199129691433],[36.083028008094324,50.44278779786618],[36.120729053148686,50.43390828725478],[36.137592010800624,50.42677296622774],[36.146014270865585,50.429899969964644],[36.14802764827167,50.43004009513211],[36.14923714971708,50.42650009090165],[36.14994515056317,50.42425808822236],[36.15268865384177,50.41962658268751],[36.16041766307828,50.40431606439079],[36.18058093717424,50.3973688060885],[36.18187893872541,50.39820955709324],[36.18317694027658,50.39871105769255],[36.18677594457753,50.40049580982541],[36.187985446022935,50.40037780968439],[36.189194947468344,50.39997955920847],[36.191702450464916,50.39782605663494],[36.196555206264165,50.395997054449204],[36.197292707145515,50.3941828022811],[36.20097939410933,50.39057546854129],[36.20191775632796,50.389354018559054],[36.205123827241565,50.38534046136267],[36.206355427653506,50.383906965752914],[36.207371986723665,50.38243602956543],[36.209502850928445,50.38138889465209],[36.210108876527975,50.379892947529754],[36.21026317541623,50.37955309135273],[36.21304572597105,50.37716128193965],[36.21411646516999,50.37106589912793],[36.22189705189935,50.36635248041124],[36.224555744852104,50.36264875153993],[36.22586554211559,50.36148893863025],[36.223871522401026,50.360229324764894],[36.22379332554948,50.359269002629006],[36.22500537674853,50.35813405141987],[36.226627961418224,50.357522912605916],[36.22713624095331,50.35718615928506],[36.22723398701774,50.356824458612934],[36.22655953917312,50.356512645476734],[36.22718511398552,50.356512645476734],[36.22884679708099,50.355876540328175],[36.229179133700086,50.35522795375392],[36.230840816795556,50.3534567683563],[36.2317400805884,50.35228425716701],[36.233440862109646,50.35117408690759],[36.2356108247402,50.350625229100785],[36.23762439366765,50.349739558806576],[36.241573334671,50.347194724066526],[36.24472075794595,50.34370159157885],[36.246617031596074,50.342703506533425],[36.24767268909201,50.341880070581176],[36.247301254047144,50.3388981148812],[36.248591502097746,50.338586184013785],[36.249725356445246,50.33821186426907],[36.25193441750157,50.33801222586582],[36.25369384666148,50.3378999288953],[36.2580142227097,50.33586606004259],[36.278423600964615,50.333938171451344],[36.27927399172525,50.333626208014906],[36.27830630568729,50.33249688324577],[36.279547680705676,50.33178558204448],[36.27862886769994,50.33079348627],[36.278658191519284,50.33046278307525],[36.27890255668037,50.33013831732651],[36.27843337557107,50.3294706596812],[36.2769280861787,50.32784827490813],[36.27628296215341,50.32678745491545],[36.2758137810441,50.32679369510227],[36.275442345999224,50.326369360530364],[36.27429871704528,50.32468446528201],[36.2745039837806,50.324060414845796],[36.27351674852977,50.32194482289402],[36.27789577221665,50.31877437901885],[36.282196599051986,50.31388099549983],[36.288295953473,50.30813811740555],[36.29427801261667,50.30434244339134],[36.29906756977423,50.29956620605982],[36.299213,50.299103],[36.29865703630357,50.29714980919517],[36.29560735909307,50.297024927468655],[36.28518762862378,50.291161361397975],[36.28544176839133,50.28880074421465],[36.2854808668171,50.285590616557826],[36.29398477442333,50.28208046262606],[36.29592014649922,50.28259263644748],[36.29754273116892,50.282892442956424],[36.301022491062966,50.28321723121007],[36.30340749503527,50.2835170337848],[36.30667221358755,50.28410414169005],[36.30931135732741,50.28577798404458],[36.31582124521908,50.2855781253658],[36.32287851107159,50.2852158793713],[36.326847001287824,50.28464127662116],[36.330268113543205,50.283979225720984],[36.34080513928976,50.2826925721603],[36.34762781458763,50.28181812755881],[36.34971958036663,50.28173068221509],[36.354919670994796,50.27915721874274],[36.35810619269553,50.27813279165654],[36.374605728372885,50.27973188769983],[36.37546589373996,50.27990678557062],[36.37634560831991,50.279781858585636],[36.37837872646025,50.27936959720898],[36.38027500011037,50.27863251494044],[36.38095922256144,50.27812029850723],[36.381408854457845,50.27724576990816],[36.3815066005223,50.27622130168811],[36.38125246075475,50.27473453420623],[36.381584797373854,50.2736600346873],[36.38160434658675,50.272785424153774],[36.38191713399295,50.27116110482488],[36.38283594699868,50.26959920706074],[36.38314873440489,50.268974433610296],[36.38342242338532,50.26851209597969],[36.3842630395395,50.26757491133574],[36.38310963597911,50.26636279184394],[36.382640454869794,50.26512564838597],[36.38467357301013,50.26386347901387],[36.385905173422074,50.26288871146004],[36.385905173422074,50.26223885534126],[36.38559238601587,50.26161398532724],[36.38524050018389,50.26056418524952],[36.38744956124021,50.258901954475355],[36.38707812619535,50.25758962605046],[36.387508208878884,50.25678971289637],[36.388075136052635,50.255689810378975],[36.387879643923746,50.254227400661755],[36.38797738998819,50.25385241658071],[36.38881800614236,50.25325243591244],[36.3892480888259,50.25241495026332],[36.389404482529,50.25083993737997],[36.38926763803878,50.2497523981008],[36.38864206322637,50.248877348477485],[36.38743001202733,50.248227301212644],[36.387136773834,50.24792727640742],[36.387762348646426,50.24658964283458],[36.38877890771659,50.24583955150463],[36.38979546678676,50.24540199277696],[36.39098796877292,50.24508944836915],[36.391066165624466,50.244739396199094],[36.39087067349559,50.24423931721057],[36.39003005734142,50.24328915267696],[36.38961952387076,50.24266403410114],[36.389326285677456,50.24155130275153],[36.38954132701921,50.24031351488935],[36.38862251401349,50.23897566762292],[36.3886029648006,50.23803790182955],[36.38915034276147,50.237325187489155],[36.38977591757388,50.237087613674554],[36.39090977192137,50.236687486679195],[36.391163911688906,50.23618732321245],[36.3902255494703,50.235011918411146],[36.38836837424594,50.232936132776494],[36.38754730730466,50.2325234658276],[36.38592472263496,50.2327360522776],[36.383852506068855,50.23248595047332],[36.38404799819773,50.232085784857865],[36.38516230333234,50.2314730247508],[36.38664804351182,50.23149803552156],[36.387508208878884,50.23122291632171],[36.388505218736164,50.231335465277155],[36.389834565212546,50.23099781761391],[36.390636082940944,50.23059763950966],[36.390792476644044,50.23000987183036],[36.39046014002495,50.22918448371045],[36.402482905951,50.22960968543514],[36.40285434099586,50.22972223819824],[36.40261975044121,50.23083524566408],[36.402678398079864,50.23239841453191],[36.402834791782965,50.23342382547518],[36.40304983312474,50.23467429678131],[36.40371450636293,50.2357621801401],[36.404066392194906,50.236624966532816],[36.40373405557582,50.237400210553076],[36.40320622682784,50.23905068808948],[36.40271749650564,50.2407761262357],[36.402404709099436,50.24138876678462],[36.40232651224788,50.24192638363681],[36.402052823267454,50.24280156089125],[36.40228741382211,50.243339161808855],[36.40363630951137,50.2442643212846],[36.40459422094288,50.245464501412584],[36.404379179601115,50.24601457387088],[36.40361676029849,50.24676466244622],[36.40254155358966,50.247389727240915],[36.40125130553906,50.24797728067278],[36.40074302600397,50.24851482321187],[36.400606181513766,50.25007741243983],[36.40017609883022,50.25125244578613],[36.39964827008226,50.251852451638456],[36.39865126022497,50.25201495192327],[36.39767379958059,50.25221495151305],[36.397497856664586,50.25286494438217],[36.39769334879347,50.2534024317878],[36.39814298068989,50.25395241262421],[36.40111446104884,50.25350242877571],[36.40420323668513,50.25338993214955],[36.406764183573436,50.25316493810039],[36.41470116400591,50.25061493128964],[36.43432857374532,50.24493942632536],[36.43497369777062,50.243545448923264],[36.43681132378209,50.24310161796504],[36.445686666433176,50.24242648689268],[36.44636111427781,50.24264528041719],[36.447553616263974,50.243595457786256],[36.44826716253438,50.24440184345737],[36.44881454049524,50.2446706356493],[36.44994839484273,50.244951928180384],[36.45097472851934,50.24532073142809],[36.451610077938206,50.24608958325967],[36.45176647164129,50.246770913134725],[36.454816148851805,50.246389619634215],[36.45681016856637,50.246058329362015],[36.457572587868995,50.24578954499619],[36.45796357212675,50.24517696100991],[36.45947863612557,50.24450811031906],[36.46056361744083,50.24429557635869],[36.46228394817497,50.24407053936767],[36.46328095803225,50.2435204444721],[36.46415089800576,50.243451682163744],[36.465059936405055,50.24307661328104],[36.46654567658454,50.24085114386881],[36.46760133408048,50.23668748667917],[36.466311086029876,50.23036003217124],[36.46554866672725,50.22944710875277],[36.464715,50.229073],[36.458867,50.228366],[36.458921483558264,50.22612041801439],[36.46140423359502,50.22047952110458],[36.47763008029196,50.21432505452956],[36.49651461994163,50.20928330441316],[36.50986673234405,50.21980406965887],[36.53201599054599,50.23401780343481],[36.541556006435286,50.2347680808072],[36.569525,50.230051],[36.57752655814895,50.22482594743829],[36.580185251101696,50.224163064845634],[36.58710567246402,50.222199377437875],[36.5900380543972,50.22114870893862],[36.596000564327994,50.2187971289144],[36.597877288765226,50.21740864159973],[36.60118110574328,50.21685823904724],[36.607036095003195,50.215882509825526],[36.618961114864796,50.215069386897206],[36.62022203909606,50.214938034970224],[36.62143409029511,50.21545718571465],[36.62191304601086,50.215400892533495],[36.623457433829,50.21548845967549],[36.62625297127197,50.21583872663625],[36.63743512104383,50.21548845967549],[36.656796987307125,50.21657539082095],[36.65961207396299,50.21679777777361],[36.6623924064626,50.21648643574964],[36.66399109764989,50.217086879262304],[36.665555034680914,50.21799864940516],[36.66642388858705,50.21893263977601],[36.66725798833694,50.220555960480525],[36.668126842243076,50.22191239158023],[36.66982979589909,50.22253500277568],[36.6719845535863,50.2224238228011],[36.674382590367216,50.22257947469294],[36.68140292992877,50.22949435331587],[36.68522588711574,50.231473024750784],[36.68529539542824,50.23193989030849],[36.683766212553444,50.232873607710765],[36.68324490020976,50.2340073828326],[36.68390522917843,50.236252622629536],[36.6848088372408,50.23825324227302],[36.68630326595935,50.239053466623034],[36.691099339521195,50.2419430538299],[36.69269803070847,50.246254881310854],[36.69332360552089,50.248566215850296],[36.695061313333156,50.251188555829046],[36.69443573852074,50.25363298008302],[36.69659049620794,50.25469959863988],[36.69408819695828,50.25674388413189],[36.69314983473966,50.2597434920915],[36.692802293177195,50.26118768041386],[36.69464426345819,50.26134320577551],[36.696277708801716,50.26067666493605],[36.697633120895276,50.26107659055895],[36.69916230377007,50.26245408644816],[36.698675745582634,50.26332055538757],[36.69912754961383,50.263742675571066],[36.704035,50.264214],[36.73349941014038,50.258832520014856],[36.73749613810859,50.258199273063745],[36.74507254417005,50.25548843658728],[36.749694846950675,50.25218856272643],[36.75457780590313,50.2488995721589],[36.756280759559154,50.247821711674916],[36.760034208433645,50.245065833819524],[36.76217158904272,50.24327665038582],[36.7634574928238,50.243298876678985],[36.76559487343288,50.24268764984084],[36.768079795604415,50.241965280744914],[36.7699912741979,50.240520509710464],[36.772476196369425,50.239709196007354],[36.776507678493886,50.23926463469755],[36.77815850091554,50.23892009683088],[36.780348012758985,50.23923129243219],[36.78182506439941,50.23952025795726],[36.785109332164595,50.240120411527805],[36.78609982561758,50.239975930803226],[36.78741106709377,50.23993886085065],[36.78806343544542,50.240342688710534],[36.78954048708586,50.24047605452268],[36.79070742643168,50.24036761738215],[36.793189673491604,50.2400981837525],[36.79475361052264,50.23987590542965],[36.79765558256912,50.23976476587956],[36.800140504740654,50.2404427131046],[36.80076607955306,50.240676102541265],[36.802434279052825,50.24099840036091],[36.80363329744329,50.241576308235715],[36.804554282583794,50.24192082690453],[36.804950287196725,50.24222013631033],[36.805510021880536,50.24264319667412],[36.80606608838047,50.24268764984084],[36.80798240595247,50.24252872579298],[36.80902019166131,50.24283212234632],[36.81001068511431,50.24326553723537],[36.81108806395791,50.243365555496226],[36.81206118033278,50.24383230460522],[36.815223808551096,50.24423237163216],[36.81631856447282,50.24377673947478],[36.81729168084768,50.243621156764924],[36.82792645265875,50.24438239590151],[36.83040268629122,50.2448658042238],[36.830298423822484,50.24545477785248],[36.83035055505685,50.24683272545501],[36.83042006336934,50.247227211183024],[36.83050694875995,50.24762724971338],[36.83127154019735,50.24878289771615],[36.83208826286911,50.25018852794477],[36.83309613340022,50.250832992763534],[36.83385203629856,50.2510163303005],[36.834451545493785,50.25096077354562],[36.83515531715778,50.251060775657784],[36.8366758114935,50.25118300017657],[36.83754466539963,50.25158300550057],[36.83811810897768,50.252205229330244],[36.83904778265723,50.25265522542973],[36.839742865782135,50.25329965688717],[36.8405799972047,50.25351890368042],[36.845341,50.2436265],[36.8450842,50.2303182],[36.8813909,50.2350842],[36.8853697,50.2397411],[36.90381855727915,50.23759796718106],[36.90467287835807,50.24236591413762],[36.904531171209484,50.24918601670066],[36.904531368991464,50.250914171603505],[36.90424061056279,50.25160735542315],[36.90402614913308,50.25233375703989],[36.904026149133074,50.2523337570399],[36.90492445879925,50.262908043305345],[36.90559764759737,50.26280678564303],[36.909232192706575,50.262654416642526],[36.9182265,50.2625709],[36.92970838509462,50.255500290572726],[36.93139371912276,50.25378464934668],[36.9295209,50.2448463],[36.9518668,50.24358929999999],[36.952906503230444,50.25143493691758],[36.952526479040834,50.2554788446105],[36.946933975283606,50.26517456531597],[36.95158282094046,50.27192210039776],[36.95158282094048,50.27192210039779],[36.956629599999985,50.2748003],[36.9566296,50.2748003],[36.974400298250856,50.28084590356901],[36.977931995855684,50.282964088774904],[36.99415608479868,50.293550482324996],[36.9923701,50.3030119],[36.9995808,50.3064323],[37.0060305,50.3059604],[37.0129089,50.30209],[37.0138283183975,50.30237482464978],[37.01431855963777,50.302380039982125],[37.01501219883943,50.30209841203559],[37.0162378019401,50.30204625871215],[37.01705660911799,50.30222358001181],[37.01821441289819,50.30280248190192],[37.02287692001308,50.30543100940294],[37.024837884974154,50.30551445472043],[37.02481702364478,50.30465914021613],[37.02687186458803,50.303876840364644],[37.03461141778545,50.307944799592384],[37.0369172,50.3097476],[37.043944935873334,50.31204937903511],[37.054636,50.315551],[37.05716921152201,50.319487955366576],[37.06083577500589,50.3213852257943],[37.05903367875776,50.32538528109152],[37.05897642764677,50.32551235954808],[37.05371986151467,50.32581189562894],[37.046998799505694,50.328090794794306],[37.047846409109255,50.3295614838586],[37.04763788417179,50.330315803139236],[37.045552634797076,50.33144725960802],[37.04259853151624,50.333133301610715],[37.040617544610264,50.33306674845538],[37.03950541161042,50.33379882803666],[37.0385670493918,50.33599499909944],[37.03894934511049,50.33759215065279],[37.0392040520702,50.33988612590219],[37.04560476603143,50.33973269317519],[37.053320188717855,50.34010977357491],[37.06409397715385,50.33973269317519],[37.07650121093339,50.33831306952852],[37.08251367996379,50.33913379462306],[37.09200156461873,50.33824652362909],[37.111463892116014,50.34033158417641],[37.12077800598972,50.349668870794744],[37.13179507351944,50.349757577303194],[37.14680886901735,50.34997934284931],[37.14979772645444,50.35093292289558],[37.15209150076662,50.351088155044124],[37.15598396626608,50.35082204247879],[37.15859052798447,50.350799866364355],[37.16157938542155,50.351930834994995],[37.16380365142124,50.353571800400715],[37.16679250885833,50.35434791293123],[37.16905152901426,50.35363832482903],[37.173847602576096,50.354059644043794],[37.17495973557594,50.35377137340602],[37.17711449326314,50.3541926914401],[37.178852201075394,50.355124012774496],[37.17944302173156,50.356432266647886],[37.17979056329402,50.35711963982853],[37.181528271106274,50.35767396578903],[37.185107949199526,50.35820611262135],[37.1884791023553,50.359070838500756],[37.19125223343575,50.359216750492],[37.19185025551109,50.359248216221275],[37.19466534216695,50.360334640296536],[37.197237149729084,50.36040115524843],[37.200538794572374,50.3605341848726],[37.20099059860357,50.36190880249094],[37.2010948610723,50.36468008793941],[37.20185945250969,50.3656112035307],[37.204848309946776,50.36669748196483],[37.207420117508924,50.36813842519186],[37.21775947899185,50.37048817721375],[37.22050505733522,50.37022217339161],[37.22276407749115,50.37108668036122],[37.22554440999076,50.37177384133182],[37.232703766177266,50.37172950866629],[37.23576213192685,50.37363577587924],[37.23843820195771,50.374389395279806],[37.24090574705113,50.374145578548415],[37.24215689667595,50.374987849217156],[37.244867720863084,50.377736207389006],[37.256545117361455,50.38504961068541],[37.2601247954547,50.38695534267885],[37.261688732485744,50.387553638089976],[37.26613726448512,50.387553638089976],[37.28010843529567,50.390367741173606],[37.2874415622634,50.39171933761279],[37.29279370232516,50.393292458718214],[37.29540026404354,50.394355947640236],[37.29873666304307,50.395928981262884],[37.311595700853786,50.39887550941707],[37.31076160110389,50.40137880672221],[37.3132986545098,50.40115728131942],[37.31628751194689,50.40359400380497],[37.32063178147754,50.413804723558485],[37.317295382478,50.42159971366577],[37.31958915679018,50.424101810665114],[37.322751785008485,50.42525317372308],[37.32758261272655,50.424389654053854],[37.341240996130914,50.42886207268515],[37.34833084400492,50.4275115353397],[37.34965150194225,50.42901704991677],[37.35104166819205,50.429614814487365],[37.353126917566755,50.42921630561213],[37.35788823697235,50.428264298611595],[37.36744562993977,50.42425680347644],[37.3726239992203,50.42252971205644],[37.378566959938226,50.42082470105716],[37.38019750561755,50.42092859001289],[37.38172958815653,50.421799000572506],[37.382754835765766,50.421821143510364],[37.38633451385902,50.422463284205556],[37.3893233712961,50.422618282379304],[37.40968930685577,50.423260412266764],[37.41198308116795,50.42339326563925],[37.41433420431856,50.4238310626674],[37.41642516152822,50.42492341804002],[37.41956159734271,50.42564276025748],[37.421861650273335,50.42686828109172],[37.422948948022345,50.42804048873419],[37.432337345893714,50.432742348186885],[37.43281826605194,50.433195193850835],[37.4354737817082,50.43295545256831],[37.436331074164165,50.43304868543355],[37.43725109533641,50.43376790422273],[37.440742993876555,50.43400764139111],[37.44268758408154,50.43134382688107],[37.44427671156088,50.43079772639448],[37.44569856246345,50.43127722959799],[37.44864681212906,50.42939914764681],[37.45190870537613,50.42553619172957],[37.45203416280871,50.42506995160018],[37.45036139704097,50.424004242638816],[37.449943205599055,50.416437019398906],[37.45345601371129,50.40563031466433],[37.45347692328338,50.40495064913053],[37.454522401888205,50.402578406768164],[37.45234780639015,50.401272290064206],[37.45280781697628,50.39354147471591],[37.453727838148524,50.39191517720145],[37.45399966258578,50.39002220328453],[37.44636766877053,50.38787585270466],[37.44314759466764,50.3875692232623],[37.44111936617428,50.38807582735973],[37.439885701420586,50.38776919921047],[37.44019934500202,50.38651600268524],[37.44189302034185,50.38112954695158],[37.44442307856553,50.372715319093516],[37.44440216899343,50.37184847549175],[37.44498763701214,50.37104829811016],[37.454606040176564,50.359737681267305],[37.45615334851173,50.35823028467878],[37.46108800752651,50.352560444141076],[37.465918118680825,50.34687658325132],[37.46692177814146,50.347063387614014],[37.470350947965315,50.34367410847435],[37.47863113851557,50.342072790103515],[37.48164211689747,50.34191265529701],[37.48758043537291,50.33497296174745],[37.49203417422949,50.33204997971636],[37.4944387750206,50.331582819802996],[37.49851614157944,50.33031479117078],[37.50110892851941,50.32723133826251],[37.51674928844766,50.33062179068108],[37.51700020331282,50.32883315695319],[37.51815022977813,50.32728473308878],[37.522206686764875,50.325322433813355],[37.52255517963315,50.32076122111241],[37.522453511063816,50.31583466437467],[37.52394793978236,50.31401484900009],[37.528170569766154,50.31221715810656],[37.52963024432845,50.311262800753774],[37.544491111391714,50.30683620632487],[37.54485872320288,50.30660755113699],[37.55202373657465,50.298611981306344],[37.56557313929324,50.2982914181911],[37.56841684109837,50.297383144300255],[37.57114902518566,50.29741876321092],[37.5739927269908,50.296154275551345],[37.57647173582058,50.29509849838009],[37.577756449968184,50.29455135556546],[37.581826846669664,50.29651047265859],[37.59236527100636,50.29880787992449],[37.59476290194011,50.30069558890135],[37.59512533452311,50.30301060141083],[37.59677022086137,50.30374069736944],[37.600506064409295,50.306340460260174],[37.60284793648412,50.30641168464067],[37.60663953889096,50.30580627400635],[37.60987355270858,50.30413245155628],[37.611992389347705,50.30039284816573],[37.617819190105315,50.29823799079528],[37.618204324178926,50.29780745290125],[37.61444577914038,50.29015195322042],[37.61673189235627,50.28365006739821],[37.61673189235629,50.28122721976892],[37.61500336772965,50.28055022559298],[37.612856651661076,50.27994448580027],[37.61190875105937,50.2767196824541],[37.6128287722316,50.275793179218816],[37.61441789971094,50.27372629933422],[37.61458517628772,50.27121385037911],[37.61497548830019,50.26887947048903],[37.61617430376706,50.268237941466175],[37.617122204368776,50.26326579850447],[37.618655572989205,50.26024483451516],[37.62099744506401,50.258694176819226],[37.62083016848725,50.258159455564936],[37.61879497013651,50.25580661074125],[37.61804222554104,50.25489752593828],[37.61550519745993,50.252517780644745],[37.61455729685822,50.25084208343482],[37.61628582148487,50.24695566522314],[37.615811871184015,50.244958850047006],[37.60850746066494,50.239966446080324],[37.608730496100634,50.23256602833514],[37.60605407087226,50.22932018156496],[37.60254126276004,50.22568171707111],[37.60527344684732,50.21380126813049],[37.6066116594615,50.21215989243871],[37.615254282594776,50.20234614259293],[37.62267021083169,50.19094181522788],[37.624984203477055,50.18262332665438],[37.62490001357847,50.18063309151773],[37.62455060691102,50.180624569403015],[37.62379644962866,50.18047741676255],[37.62263762258502,50.180385446362266],[37.62041193889804,50.18003595884117],[37.61844377233186,50.180403840442324],[37.61761603872926,50.18016471740157],[37.616751516966545,50.18007274700128],[37.604022813566594,50.168594841045255],[37.60183391803972,50.16530230071493],[37.59655481706315,50.156050078445894],[37.595230443298995,50.15527752708347],[37.59493613801807,50.15485446324214],[37.59554314265998,50.15422906452018],[37.59367614353412,50.15463373428144],[37.59310592705233,50.154817675082015],[37.590898637445406,50.154808478041986],[37.59051236176419,50.15454176388115],[37.59068710552474,50.15284950851584],[37.59086184928528,50.15135958803116],[37.5905586,50.1502908],[37.58813952543674,50.14994324386672],[37.587790037915646,50.14937302738493],[37.5867231812723,50.14872003754288],[37.58565632462895,50.14874762866297],[37.585371216388054,50.14803025954072],[37.58330188238156,50.14783712170011],[37.58276845405989,50.14709216145777],[37.58209707013778,50.14664150649636],[37.582032690857574,50.14603450185445],[37.58250173989905,50.14465494585012],[37.58309035046089,50.14336736024608],[37.58368815806277,50.142622400003745],[37.58438713310496,50.14064503639754],[37.584920561426635,50.14059905119739],[37.5856103394288,50.140203578476154],[37.58761529415509,50.137803151028606],[37.58882930343891,50.13666271806503],[37.588737333038615,50.13627644238382],[37.589555869601185,50.13603731934306],[37.590213457963245,50.135949947462784],[37.59092622856548,50.136092501583235],[37.591413671687015,50.13535673838093],[37.59179994736823,50.1354119206211],[37.59242534609019,50.13555907326156],[37.59358417313383,50.13579819630231],[37.59437511857631,50.13600053118295],[37.595478763379774,50.136184471983526],[37.596398467382656,50.136423595024276],[37.59748371810606,50.1358901667026],[37.59809072274797,50.13579819630232],[37.598734515549985,50.13598213710289],[37.6007733,50.1372813],[37.60189829731991,50.13715935822658],[37.60296515396326,50.13657074766474],[37.60690148709562,50.13392200013643],[37.60945826422365,50.131199676287885],[37.60993651030515,50.131107705887594],[37.610653879427396,50.13125485852805],[37.61271401639386,50.12963617948297],[37.61604334488431,50.124706566027506],[37.61692626072708,50.12345576858358],[37.61860012201234,50.11761564816525],[37.61889442729326,50.11666835304228],[37.61905077697375,50.1164200329615],[37.620982155379814,50.11632806256121],[37.624072360829516,50.11629127440109],[37.62623394090316,50.11458570532936],[37.62654636459727,50.11403799959402],[37.62720855147934,50.11333902455183],[37.62800869396185,50.11273201990992],[37.6294672,50.111939],[37.63001364868815,50.11195027150747],[37.6307310178104,50.11169275438666],[37.630988534931205,50.111849104067154],[37.6316875099734,50.111849104067154],[37.632524440616024,50.1120238478277],[37.633085460057785,50.11200545374764],[37.63383042030013,50.11179392182698],[37.635163991104314,50.111738739586805],[37.636203256627574,50.111407646145764],[37.63658033526876,50.11123290238522],[37.638272590634074,50.11089261190415],[37.638888792316,50.11057071550314],[37.63921988575704,50.11135246390559],[37.64090294408233,50.1115823899063],[37.641537539844315,50.111288084625386],[37.64236527344692,50.11179392182697],[37.6434413271303,50.111996256707606],[37.64711329194217,50.111238114719086],[37.65086946406733,50.0997448700968],[37.65259036545535,50.094499430289055],[37.653186062089674,50.09264615187118],[37.65326052416896,50.09095834474061],[37.653384627634445,50.090759779195835],[37.653417721891906,50.0900730733535],[37.65517999110177,50.089899328501815],[37.6561314510038,50.089791772165064],[37.656793336153044,50.0890388778078],[37.65685952466797,50.08875757661937],[37.65667750625193,50.0875992776082],[37.65696708100472,50.08716077869683],[37.661865031109116,50.085654989982295],[37.6632384427938,50.085340594536405],[37.66358593249715,50.08505101978361],[37.66479387289451,50.08428985186199],[37.665786700618376,50.08333011839559],[37.666092822499905,50.08245312057285],[37.6660928224999,50.08245312057284],[37.65981307196281,50.07372986476207],[37.66266787863998,50.06715411308766],[37.66856167307031,50.063784614577685],[37.675836825570244,50.063784614577685],[37.67657461297693,50.06377582589327],[37.67895509905699,50.06309578127185],[37.68681405829179,50.059189643564274],[37.69808742465293,50.05214628969198],[37.7204484070278,50.04264388593568],[37.75119833234253,50.033196744363366],[37.75727778023271,50.03151490163638],[37.759207763689915,50.0282752865475],[37.76105503357038,50.02718622445379],[37.7669154,50.0208659],[37.7669154,50.02086589999998],[37.76569892452617,50.005615698836415],[37.765141685599524,50.003954326917146],[37.758321426409125,49.991423543684405],[37.75334761077057,49.98551977698537],[37.75338587089087,49.98242000936733],[37.75218777735482,49.978020335797],[37.751788480773534,49.97731040878411],[37.75143616026063,49.976811943132745],[37.75091942350838,49.97647962982966],[37.74885247649937,49.97581499633821],[37.747772026926484,49.97518056489604],[37.74716133803745,49.97392678292325],[37.74314488419041,49.97147954810004],[37.7432036042759,49.97119251857794],[37.74240501111331,49.97036918755618],[37.73652125854792,49.96860162200642],[37.72712604487062,49.965376025255146],[37.72630523603083,49.95607286764671],[37.72630523603084,49.95607286764668],[37.73047308974317,49.953688036607836],[37.74374334376562,49.9495814353806],[37.7443427739343,49.949395936243796],[37.75220896261131,49.93875464255487],[37.75423532677128,49.929377877709875],[37.759997,49.926],[37.755638,49.920631],[37.745617,49.91625],[37.74275484416929,49.911288813320645],[37.74275547341337,49.911266020151],[37.74277653392488,49.910503143188805],[37.74300794656324,49.908026957027296],[37.742865538785786,49.906949317794286],[37.742367111564704,49.90619266309486],[37.738895921989375,49.903246182458496],[37.73811023210066,49.90335250650547],[37.73789461730417,49.90335510226127],[37.737702984472534,49.903315896117064],[37.73751634664532,49.903277711900365],[37.736944033333224,49.903138235249344],[37.73593651036426,49.90282483248468],[37.73379873000032,49.9022635852716],[37.73266113148292,49.90196492316006],[37.73171767995732,49.90172987861071],[37.7093070834882,49.89639224937163],[37.70512276410449,49.895521861186424],[37.70542564404567,49.894861485953825],[37.70325392543956,49.894494532624655],[37.70129581849963,49.89451746728947],[37.69848326489499,49.8949646910749],[37.69548406368846,49.89559087443916],[37.694940871430944,49.895962329199044],[37.694371240321146,49.89591646123187],[37.69353459462862,49.895990996656366],[37.69293337090589,49.89594928797415],[37.68999917344119,49.896361590111376],[37.6894848734574,49.8962432695465],[37.68854142193179,49.8961630010427],[37.6868325286024,49.89665607688549],[37.68660111596405,49.896564342226476],[37.68526604305046,49.89608273240536],[37.68401997499776,49.895945128716455],[37.68263149916764,49.895429111388246],[37.681207421393154,49.8951768342417],[37.67958753292463,49.89478694878469],[37.67560011515606,49.88857129054632],[37.673987063515696,49.8884830521788],[37.67371321210483,49.888468071752364],[37.673054576134135,49.88825016468471],[37.6726095518296,49.888009318886475],[37.672057721691985,49.88735558851901],[37.671096469194204,49.88654128041526],[37.67056872275611,49.88567142801613],[37.67033102739041,49.88527964918224],[37.669725794336244,49.88530258822624],[37.669280770031705,49.885864591399326],[37.66930492232017,49.88672823837027],[37.66935197392044,49.88841072788258],[37.668408522394834,49.88924794161785],[37.66744726989706,49.889706682711406],[37.66525249973373,49.89011693964533],[37.66080742283854,49.89190463299442],[37.657033701171045,49.89342232487812],[37.655354034799885,49.892003227843446],[37.65411434173333,49.89085351636976],[37.65115977227138,49.892079058258936],[37.64900546271732,49.892929215992105],[37.64824002091353,49.8930209575617],[37.64017087833459,49.88884624878113],[37.64225889426066,49.88429325997801],[37.642223292316274,49.879211889292975],[37.64224109328847,49.876435835634005],[37.642063083566654,49.875323075103495],[37.64181386995611,49.87450856402852],[37.64149792255209,49.87388428939855],[37.641244238846326,49.87391201199041],[37.639232728989846,49.87394642865446],[37.638042661603784,49.871791288605685],[37.6377552482988,49.87118154514911],[37.633601238253334,49.8715620269406],[37.633358408170054,49.8709061953865],[37.63280657803243,49.869862146609364],[37.63022543706616,49.866569229554855],[37.62952315281831,49.866508594938495],[37.628836961236026,49.86646596371731],[37.62780450484951,49.86519233356919],[37.6271624,49.8633708],[37.625578388620696,49.85662266770224],[37.62298044138842,49.852465662437176],[37.62450336686099,49.85204290953115],[37.625312368744154,49.851742585905534],[37.62525896582761,49.850330833878864],[37.623718893090135,49.84870093051571],[37.62198358694627,49.84686440601193],[37.619527052785266,49.84282375249911],[37.61942024695217,49.84126250046092],[37.62133704923704,49.838377992672974],[37.6202421,49.8319356],[37.6161349,49.83053],[37.613245239821836,49.827181701150245],[37.603341518829744,49.828380247359085],[37.60134780994544,49.82827689990407],[37.59946811423039,49.82781696271542],[37.59693761908733,49.82756494476922],[37.59576275492337,49.82715154665643],[37.594374279093245,49.82596874920788],[37.59360883728945,49.824958180904716],[37.592932400346555,49.82418875679125],[37.59246957506985,49.82353416246351],[37.59218475951496,49.8229714339441],[37.58616249539945,49.81734466237281],[37.58988843410358,49.806212906068026],[37.59209575465404,49.799181555907545],[37.591917744932225,49.79883685562382],[37.591045497295354,49.79760740462762],[37.586238807242864,49.790898253320464],[37.589768890490646,49.79009391391967],[37.60013651182892,49.78447127448783],[37.60797225090352,49.77979933708527],[37.6129042,49.7770229],[37.6211396,49.7740164],[37.62460333657642,49.771989356548055],[37.624811450614004,49.771476112365896],[37.62525889532439,49.76530853366264],[37.62246509420587,49.76301046939955],[37.62456044504477,49.76041620461773],[37.62431060615168,49.75214340860555],[37.6216966,49.7492823],[37.6268228,49.7417393],[37.620922316875586,49.737648922765274],[37.620424309795084,49.73700514897843],[37.620563762295184,49.73566021758365],[37.62310684939006,49.73029404136748],[37.623665555623994,49.72955637231938],[37.62391656119324,49.729309470943676],[37.62346911648286,49.728632249295224],[37.62294527877314,49.72837828874113],[37.62143924535767,49.72717901261752],[37.6171394108237,49.72643121368466],[37.61645187382968,49.72607847434057],[37.61561155083701,49.72623367996774],[37.61533871869652,49.72657230870464],[37.61548059140957,49.72708730204741],[37.6150203,49.7272898],[37.60655980868534,49.726045013463626],[37.60264656752136,49.72528127398106],[37.60054030339685,49.72459694110656],[37.598597738556634,49.723707999463926],[37.59724449113985,49.72311536265949],[37.594494343163795,49.72075885427317],[37.58470408075149,49.715400397994934],[37.5846178196784,49.71492353441738],[37.58587284752461,49.714260225142866],[37.58683321665911,49.713575736925534],[37.5880227647916,49.71329699926883],[37.589211131810984,49.71277538706409],[37.590309098128834,49.712439606321794],[37.5915664,49.7118408],[37.587658228173375,49.70673852282009],[37.5854173,49.7038129],[37.58903678358114,49.701814350487304],[37.59195559189239,49.70033701734879],[37.59183139224692,49.700195686717734],[37.591700845542455,49.69980404660435],[37.591733482218565,49.69960822654766],[37.59196332931006,49.69945061711349],[37.592165918177095,49.69836803285527],[37.59212512233195,49.697870323544514],[37.59221487319127,49.69725838586735],[37.59249228493825,49.697135998331916],[37.5928054,49.6960472],[37.59302263092513,49.69609162469622],[37.59546222246475,49.69761738930462],[37.59797601876636,49.699229176345064],[37.6016289,49.69723779999999],[37.6050509,49.6994391],[37.6085159,49.70087010000001],[37.6100403185284,49.701154481349185],[37.61416554049248,49.70128859140802],[37.61415462720685,49.70191678622923],[37.61475485791591,49.702813185],[37.616533723471846,49.70323667472991],[37.61603171233336,49.70400600496181],[37.62082107523933,49.70438926969809],[37.622370314660614,49.7042495841765],[37.62306246787394,49.70420720744915],[37.623076593449724,49.704588597995276],[37.62294946326768,49.70537963023907],[37.6227799563583,49.70556326272424],[37.622878835388775,49.70762559678844],[37.623104844601286,49.70826124769864],[37.623104844601286,49.708699140547886],[37.62314722132864,49.709151158972915],[37.62305540508605,49.709363042609645],[37.62304127951027,49.710012819095624],[37.6237334,49.714144],[37.623658,49.7208424],[37.6341256,49.7382572],[37.6498743,49.75072489999999],[37.6495761,49.7625868],[37.66055289024473,49.76745651337768],[37.6639418,49.7658379],[37.6713905,49.7640217],[37.674272,49.762351],[37.6777185,49.76113849999999],[37.68033152089917,49.759460830256046],[37.68091815559534,49.759674428446345],[37.68170139837132,49.75963993041176],[37.682253228508934,49.759536436160744],[37.68357050045033,49.759501938027974],[37.68394998271188,49.75927614605534],[37.684246937393226,49.75909945799881],[37.685332796696265,49.759323697284344],[37.6868102773873,49.75895571432163],[37.687353207038825,49.759030461086944],[37.68840346439752,49.75959393299414],[37.68902649842387,49.7597089264564],[37.689720736338934,49.75972042578762],[37.69007675578256,49.7594444410855],[37.69139402772397,49.759651429759344],[37.69158983841797,49.75963993041176],[37.69255109091575,49.75990441471635],[37.69281810549847,49.75990441471635],[37.69344113952481,49.7599964089189],[37.693708154107526,49.76020339523649],[37.69372595507971,49.760571368730474],[37.693992969662425,49.76083584795434],[37.69497202313239,49.76118081868696],[37.696182489240705,49.761376301012604],[37.697268348543766,49.76141079781179],[37.69847881465208,49.761042830688446],[37.69920865451151,49.76098533557317],[37.702466232420676,49.76103133167083],[37.70485156269296,49.76108882673158],[37.71651119947162,49.75520097854512],[37.71462429642042,49.74910538262111],[37.71255938364741,49.74154808042568],[37.71207875739852,49.73756765806083],[37.71164841378206,49.735727105380974],[37.71238137392562,49.73560033453444],[37.71380545170011,49.73576140495522],[37.71492691294754,49.73576140495522],[37.71540753919642,49.7358304349719],[37.716030573222774,49.7358304349719],[37.716671408221295,49.735933979812806],[37.71777506849653,49.735795919975835],[37.71830909766197,49.735864949943426],[37.71907453946575,49.73607203925703],[37.720017990991366,49.73597999967121],[37.720552020156795,49.73603752443281],[37.72128840661225,49.735602973929765],[37.72093474105868,49.73518615099762],[37.72065882598987,49.73456486906438],[37.72069442793426,49.7335754036396],[37.725136641364834,49.733414186150455],[37.728886523590695,49.73327809485127],[37.73400955512578,49.73309216900737],[37.7341875648476,49.73631364233935],[37.73371375831111,49.73657214223933],[37.733840445890074,49.73701543494725],[37.734971519661364,49.737007221355846],[37.74663934488838,49.73647471039261],[37.746781752665825,49.73771146513201],[37.746683847318835,49.73802208695125],[37.746781752665825,49.73863182029557],[37.74686185704065,49.7392760585237],[37.746897458985,49.73992604021055],[37.74695086190155,49.740397702885716],[37.74695976238765,49.740691051749174],[37.74647023565266,49.74079458621872],[37.74638969929517,49.74095691842609],[37.74747043982236,49.74133074163437],[37.74803672120461,49.74119721816679],[37.74908589238519,49.74121677636207],[37.750139203707214,49.740840659077975],[37.75106288647542,49.74081184194216],[37.7522110491811,49.740501237981206],[37.75270947640216,49.74027691166175],[37.753163401192786,49.74000656830895],[37.75381313667741,49.739868520058465],[37.75424926049585,49.73968445511355],[37.75455187702293,49.73948888534449],[37.754926335340805,49.73918497159066],[37.75548316558095,49.739004651881196],[37.755740091916024,49.739014337775124],[37.75609009725897,49.73880810769959],[37.75690160535085,49.738623192046994],[37.75741338330105,49.738459255032076],[37.75767049712847,49.73829630349924],[37.75810317097306,49.73802208695126],[37.758490342118,49.73793005106396],[37.75884919048266,49.73791458984484],[37.759091124929135,49.737904165939206],[37.75949890474334,49.737704183292635],[37.759847666246834,49.737533144300365],[37.76010133010042,49.73742097440923],[37.76078089031159,49.73728901899702],[37.761093734299514,49.73722827168323],[37.761863626346354,49.736986673154576],[37.76225575155744,49.73681139292584],[37.76287383151764,49.73653511077478],[37.763438492119356,49.736428368604464],[37.7639997430081,49.73632227099862],[37.765201308630324,49.73597712343136],[37.766294559154986,49.73550344628985],[37.76764894230524,49.73520628500131],[37.76814975991756,49.7349026164085],[37.76851228945603,49.73468279819107],[37.76903527231496,49.734615832185796],[37.76945574098164,49.73456199274064],[37.77105782847794,49.7340672625206],[37.77210808583663,49.733906186476915],[37.77230576469567,49.73389512967459],[37.774887744332645,49.72754882820724],[37.77864152478734,49.722657331448055],[37.77883160084227,49.72233783741949],[37.77827087648023,49.7204269734754],[37.78062781956128,49.713360424668316],[37.78323186151373,49.704510426586076],[37.786368116419986,49.694183390867266],[37.784695447136656,49.69455225136465],[37.78152117701943,49.69505635618359],[37.77952537844273,49.69557275082023],[37.77823286126924,49.69578176613703],[37.77694034409575,49.695474390360104],[37.77623706269253,49.695080946528805],[37.775723857344246,49.69520389806824],[37.775134621573976,49.69514242233741],[37.77471645425314,49.69323663610981],[37.775134621573976,49.69283087842511],[37.77559080410579,49.69294153994781],[37.777016374517714,49.692904652801566],[37.77825186887474,49.69301531415628],[37.77954438604822,49.69301531415628],[37.780836903221704,49.6930644968997],[37.78302277785332,49.692757103936664],[37.78465743192568,49.69242511735293],[37.785951591967674,49.692232080278444],[37.78578004896704,49.6920596888339],[37.78532785875893,49.692127193355326],[37.784527829929225,49.69217219631753],[37.784237964411204,49.692277203067285],[37.78328720551213,49.692509717205844],[37.78242920357881,49.692644724904895],[37.781107416816674,49.69268222697696],[37.78007549557255,49.69275723103429],[37.77946098067436,49.692727229425245],[37.77873051956896,49.692742230232085],[37.777536273634745,49.69273472982924],[37.77590143211316,49.692727229425245],[37.77559997197442,49.692712228613765],[37.77524053873209,49.69247971544402],[37.775623161215854,49.69151214869575],[37.77566953969875,49.69101710709715],[37.77605216218253,49.69047705596651],[37.77707248880593,49.69000450630504],[37.778324707843744,49.688894371567],[37.778289923981575,49.68818177171944],[37.77805803156717,49.6874991662801],[37.778162383153656,49.68697407865043],[37.77810441005006,49.68663276864963],[37.77790150418745,49.68642648122359],[37.777489895151874,49.686257699951184],[37.777180952096145,49.685714841731446],[37.768926,49.6764704],[37.76801482881349,49.66692149425997],[37.78051801795355,49.6608208310015],[37.78675222283074,49.65716794602383],[37.7882042621815,49.65631800588213],[37.78963891183944,49.65426345350233],[37.78969535666205,49.65363308648409],[37.7890888314809,49.653675649654694],[37.78406767655156,49.65506333212054],[37.78129231161991,49.64964009251911],[37.78123346996059,49.64791407051215],[37.787196091439185,49.634458944412415],[37.8010641603263,49.63700534124197],[37.82251412612215,49.6346986451148],[37.82232283950108,49.63339216785459],[37.82246195704368,49.632141971456484],[37.82246703613714,49.63129009455002],[37.81175085088405,49.627369818603654],[37.813085923797665,49.624590843694804],[37.814082778239815,49.62259588015002],[37.8172335503159,49.61582623318501],[37.817269152260245,49.61557249729727],[37.81600528323536,49.615180357417806],[37.807076195670874,49.61192075602614],[37.80617914659136,49.61159328444443],[37.80585872909207,49.61155868116876],[37.80572747624531,49.611802846985114],[37.805306898954456,49.61258523456825],[37.79637125677057,49.61131658054654],[37.79068340030759,49.61050903679891],[37.790436423002916,49.610544493811474],[37.78771063795333,49.61093581800574],[37.78648237087284,49.61117804351491],[37.78585145971712,49.60879489935629],[37.7856896545558,49.60873315547844],[37.77241960284967,49.610999258136395],[37.772544209654946,49.605462354075875],[37.771832170767695,49.59872493941401],[37.77309603979256,49.59840188929585],[37.7744845156227,49.5977442449426],[37.77471592826105,49.597478877165926],[37.77589079242501,49.597375037208046],[37.77818711783638,49.59795192306492],[37.78018082672068,49.5981596003028],[37.7809106665801,49.598274976163914],[37.78152246358521,49.5984939554761],[37.78189223937671,49.59804215961252],[37.78187191907789,49.59768655641833],[37.78266122189758,49.596959135630094],[37.78301118129749,49.59663661335323],[37.78213090159171,49.596034334197086],[37.7794865888056,49.59422512007691],[37.77983603762885,49.59203242543001],[37.779767986656815,49.59191375443862],[37.77078191340901,49.57387844817165],[37.7701428,49.5738011],[37.76346133460166,49.57247448296097],[37.761898120147755,49.572381880828964],[37.7478609366041,49.56585732983912],[37.747548209100785,49.56569896606451],[37.74469746359633,49.56425536160458],[37.74438974702877,49.56409953534487],[37.73108908312714,49.56419478691456],[37.71836357199195,49.56490474457094],[37.71309253304935,49.56370795421349],[37.7077916,49.5609632],[37.7014653,49.5598606],[37.6990326,49.5568593],[37.698681752643566,49.556023718542335],[37.697949235729666,49.5561273306615],[37.69703248566234,49.556156199505914],[37.69644505358036,49.55634673345099],[37.696195839969825,49.55633518596032],[37.69614243705327,49.55620816338283],[37.69600002927584,49.55597143860686],[37.69590212392883,49.555786677008825],[37.695555004971304,49.55551530714451],[37.695279089902485,49.5550591714221],[37.69507437872241,49.555007206322664],[37.694638254903964,49.554949467258425],[37.69423773302988,49.55503607582918],[37.694264434488154,49.55517464922291],[37.694415742751694,49.55515155368459],[37.69437124032125,49.55533054382089],[37.69397071844716,49.55547489022719],[37.69328538101819,49.55564233152403],[37.69276025233885,49.555584593210654],[37.69270684942231,49.555168875339355],[37.69250213824221,49.55436052490437],[37.69215501928469,49.55423927118519],[37.69211941734033,49.554579935631004],[37.691959208590696,49.55462035328894],[37.691941407618515,49.55412379117278],[37.69208381539596,49.55377157544857],[37.69245763581177,49.553344293947326],[37.69292046108847,49.553240360043986],[37.69334768442083,49.55329810112871],[37.693730405322725,49.55348864622395],[37.69430003643252,49.5535694833125],[37.694593752473516,49.55363877213907],[37.695216786499856,49.55357525738514],[37.69591992490101,49.553119103543914],[37.69664086427435,49.552079749766406],[37.69682460629831,49.55163698988536],[37.69689007788488,49.55147922416983],[37.69680997351007,49.551236702124505],[37.69662305525235,49.55118299826995],[37.696186939483724,49.55105769698534],[37.69510108018066,49.55093066068216],[37.693774907753166,49.550901788748995],[37.69335658490691,49.550844044831486],[37.693169674699014,49.55100572762851],[37.69341888830955,49.55120205601972],[37.69387281310017,49.551334865954566],[37.694113126224615,49.55152541870861],[37.69455815052914,49.55165822776426],[37.69462045393178,49.551802585023886],[37.694522548584786,49.55187765063026],[37.693961817961075,49.55187187635696],[37.6936503009479,49.55154851596162],[37.69297386400502,49.55126557385971],[37.692795854283204,49.550982630118845],[37.69226182511777,49.55098840449729],[37.69192360664633,49.550820947245356],[37.69156758720271,49.55054377536001],[37.691505283800076,49.550162661449704],[37.6916654925497,49.54973534837794],[37.69209271588205,49.54934267901636],[37.69255554115876,49.54919831448696],[37.693449109574075,49.54871343621862],[37.69398851941932,49.54843606269841],[37.69512778163891,49.547795069033704],[37.69532359233289,49.54755252869704],[37.695181184555445,49.54735041082999],[37.69463825490392,49.546980821710555],[37.69423773302985,49.546784476353594],[37.6935256941426,49.54636290865651],[37.692430934353446,49.54596443721507],[37.691229368731214,49.545467787100655],[37.69087334928761,49.545421586833356],[37.690463926927436,49.54553131239689],[37.690027803109004,49.54579118774856],[37.68928016227739,49.5461376860672],[37.68913775449994,49.54627628470657],[37.688594824848415,49.546518831379345],[37.68855032241795,49.546796026102314],[37.6891733564443,49.5468595496715],[37.689671783665375,49.546801800975665],[37.68973408706801,49.54687687426692],[37.689030948666854,49.547119417958],[37.688221004432606,49.54714251729435],[37.68782048255853,49.54702124565668],[37.6868147276303,49.54685954967148],[37.6865299120754,49.54670362803608],[37.68593357950733,49.54625895989813],[37.68547965471671,49.545675687762916],[37.68542625180017,49.5453984866833],[37.68550635617498,49.545173259648045],[37.68591577853515,49.54455532373209],[37.68646760867277,49.544024008097594],[37.686627817422384,49.54359664132928],[37.68690373249119,49.54347536088977],[37.687571268948,49.54317504612487],[37.68758906992018,49.542996011444515],[37.68744666214273,49.54244157730523],[37.68702833929646,49.54147130242325],[37.686521011589306,49.54066850090207],[37.686503210617126,49.54029886123482],[37.68676132471374,49.53970974223584],[37.68725085144874,49.53906863407874],[37.68802519373862,49.53831200011763],[37.68892414283377,49.537572682336105],[37.689458171999206,49.53741673106311],[37.68961838074884,49.53718569122538],[37.690223613803,49.53665429545346],[37.6904016235248,49.536307729880576],[37.69039272303872,49.53600737106282],[37.690668638107525,49.53630195376688],[37.69087334928763,49.53629040153743],[37.69091785171808,49.536151774571],[37.691060259495515,49.53597849031001],[37.69114036387034,49.53588029562271],[37.69103355803726,49.53553372456119],[37.691167065328614,49.53539509544847],[37.69117596581471,49.535354661883176],[37.69106915998161,49.535354661883176],[37.69095345366244,49.53520447977642],[37.690944553176344,49.53508895476486],[37.69081994637108,49.53489833789882],[37.69083774734327,49.53480591733253],[37.69068643907972,49.534678838768514],[37.69044612595528,49.53425716662077],[37.69040162352482,49.533997229922676],[37.6902325142891,49.53398567714845],[37.6901435094282,49.53369108048313],[37.690196912344746,49.53318852913244],[37.690428324983095,49.532275836454744],[37.690526230330086,49.53160574743716],[37.69045502644137,49.53025398818723],[37.69060633470491,49.529543433079944],[37.69055293178836,49.52924303269258],[37.690544031302274,49.528965738388855],[37.6904772776566,49.52830138105433],[37.69036602158046,49.52818295118999],[37.69041497425396,49.528018304316554],[37.690174661129504,49.528018304316554],[37.69040607376787,49.52774966875363],[37.690495078628764,49.52742903727843],[37.690519554965476,49.527338046882114],[37.69060165681138,49.527292865267285],[37.69067308835053,49.527253555648194],[37.690592548508896,49.52722422933967],[37.69053624337689,49.52720372741617],[37.69049619118948,49.52715173268511],[37.690581566031994,49.527141470506145],[37.69067642603281,49.5271300681975],[37.6906397115277,49.526954585494174],[37.69055095929252,49.526910832364976],[37.690376034627256,49.52682459790041],[37.69028591720559,49.526703275834414],[37.69013905918508,49.526434633045426],[37.68998552580002,49.52625698135799],[37.689952148977184,49.52584101390598],[37.68983866777953,49.5255593672676],[37.689705160488174,49.525035066896336],[37.68959167929051,49.52497007059084],[37.689571653196815,49.52487474251981],[37.689317989343216,49.52446309644253],[37.68905765012508,49.52414677657569],[37.68857702387618,49.52336680103649],[37.688376762939136,49.5226691457069],[37.687308704608256,49.52199314719644],[37.68680137690109,49.52136914027638],[37.68706839148382,49.52088379605531],[37.68784273377371,49.520329111046784],[37.68800294252333,49.51944506880956],[37.687682525024066,49.51878636028158],[37.68661446669319,49.518006299233974],[37.68567991565369,49.51727823103002],[37.68541290107096,49.51668883454509],[37.68538619961268,49.51538867012385],[37.685813422945046,49.51495527430256],[37.68680137690109,49.51462589090991],[37.687041690025545,49.51433117757304],[37.68720189877518,49.514001789977385],[37.687308704608256,49.51393244493776],[37.68685477981763,49.51344702690744],[37.68592022877811,49.51294426744028],[37.685840124403306,49.512441502805345],[37.68608043752774,49.51212943939821],[37.68701498856726,49.51147063233396],[37.687148495858615,49.51103720179475],[37.68680137690108,49.51053441755786],[37.68616054190257,49.51011831635021],[37.683997723782554,49.509563509234226],[37.683009769826484,49.50913006179664],[37.68268935232724,49.508800639175476],[37.68258254649413,49.508332508476805],[37.68306317274303,49.50782969644039],[37.68378411211638,49.50739623364048],[37.68410452961564,49.506945428254454],[37.683997723782554,49.50611316124366],[37.68311657565957,49.505627665615755],[37.682529143577604,49.50512482577941],[37.681929896721876,49.50428409305306],[37.681325450255706,49.50423502777935],[37.68069005222427,49.50444133849308],[37.68030427484805,49.504588702755996],[37.67973695517711,49.504072925893986],[37.67964618402976,49.50351293343049],[37.679600798456086,49.50271714364139],[37.67946464173506,49.50259924775706],[37.67878385812995,49.50259924775706],[37.677399598132865,49.50299714522817],[37.67655996501989,49.502864513097315],[37.6759018742016,49.502790828424835],[37.675379940104335,49.5025108256574],[37.675198397809645,49.50193607811485],[37.67531186174384,49.50144974799817],[37.67503954830178,49.500919200540075],[37.67528916895699,49.500521286171505],[37.675266476170165,49.50002020421571],[37.67980503353762,49.498502189327354],[37.68057658829009,49.49885590574213],[37.68263028549887,49.49900328682707],[37.6833224154974,49.49940121353931],[37.683957813528835,49.499762292385384],[37.684808793035245,49.50004231088077],[37.68523995598514,49.50004967976691],[37.68538745909959,49.500145475185676],[37.68613632106523,49.500241270416936],[37.68649940565461,49.50024863927312],[37.68732769237418,49.500263376982126],[37.687860972864854,49.50006441753585],[37.688121939913486,49.49998335975174],[37.689131768927744,49.49999072864676],[37.68976149376248,49.50006810197739],[37.6902607350729,49.50010126193878],[37.6903288134334,49.49998704419938],[37.690805361957,49.49997967530382],[37.69102661662865,49.49978071470406],[37.691463452775274,49.4998175593206],[37.69179817138112,49.49975860792081],[37.69217260236395,49.49985808836676],[37.692598092117144,49.500093893060395],[37.6965882,49.4983353],[37.7105618,49.5069669],[37.712873934340465,49.5094680790834],[37.71439641705116,49.513962589360936],[37.717572007035784,49.51570141934438],[37.72302407417806,49.51495621406398],[37.73040827739531,49.510770433417996],[37.73082913871858,49.50991335996721],[37.727266997207835,49.4921532818616],[37.73975497179503,49.48938304479187],[37.746198454626864,49.48923833057272],[37.77123427170513,49.49978071470406],[37.77131369645905,49.50100762551589],[37.77149523875376,49.50111815651097],[37.77226679350623,49.50111815651097],[37.77615860644883,49.50021179498113],[37.779316104590166,49.499064263240406],[37.78864257174418,49.49567473881028],[37.79432985550879,49.494345829944315],[37.79410292764042,49.49410262777303],[37.77991993586711,49.48125541368901],[37.779420694556684,49.481026889981],[37.77910299554096,49.48093842890451],[37.7770606447256,49.48145444959796],[37.7672687072053,49.48047400563107],[37.75709099230878,49.46966570597937],[37.75664848296545,49.460765131432055],[37.75658040460494,49.4597768983342],[37.75604712411427,49.45991702215018],[37.75570673231171,49.45991702215018],[37.75541172608282,49.459998146281556],[37.7551621054276,49.45999077136607],[37.754367857888305,49.46021939323003],[37.7542997795278,49.46037426549959],[37.753970734118646,49.460499637930766],[37.75376649903713,49.46038164035737],[37.75356226395559,49.460352140919625],[37.75301763707149,49.46047013856405],[37.752699938055756,49.46042588948068],[37.752484356580815,49.46050701276967],[37.75133837084552,49.46061763522004],[37.75098663264955,49.46069138338153],[37.75040796658519,49.46063975968013],[37.74990872527478,49.460720882615064],[37.74978391494717,49.460824129792556],[37.749454869538035,49.460838879371586],[37.74930736642359,49.46079463062118],[37.74912582412888,49.460824129792556],[37.74832023019617,49.46080200541569],[37.74763944659105,49.461030623494935],[37.74749194347661,49.46114124476327],[37.747230976427986,49.46114124476327],[37.74673173511755,49.461229741598146],[37.746255186593984,49.461369861259826],[37.74582402364407,49.4614141094908],[37.74571055970988,49.461539479261575],[37.74539286069417,49.461605851363316],[37.74508650807186,49.46169434735911],[37.74466669151537,49.46174596994953],[37.7443262997128,49.46181971641292],[37.74388379036948,49.46203358052913],[37.74338454905906,49.46224006913495],[37.74320300676436,49.46233593854901],[37.743021464469656,49.46253505134811],[37.742885307748644,49.462697290808435],[37.74272645824078,49.46276366134192],[37.74204567463566,49.4631176360022],[37.74179605398044,49.46319875483503],[37.74156912611207,49.463383115319296],[37.74124008070294,49.46357484948708],[37.74102449922798,49.463766582904604],[37.74076353217935,49.46393619261006],[37.74069545381884,49.46403943301291],[37.74043448677021,49.46420904177389],[37.740355062016285,49.46433440439379],[37.74037775480313,49.46458512867134],[37.7402415980821,49.46474736134371],[37.73974235677168,49.46475473554334],[37.739209076280986,49.46454088330381],[37.73847156070879,49.46409842743114],[37.73765589174486,49.463502664690374],[37.7366809,49.4636252],[37.72688288509505,49.45619026871326],[37.71537719952493,49.44748839964936],[37.71507779375003,49.44724188922837],[37.70460182625523,49.43776294545687],[37.70031669278199,49.432289139442716],[37.68355876009203,49.427387076532824],[37.66678757424646,49.41889451298882],[37.6763775991897,49.4093681034681],[37.67774533077364,49.40836616056358],[37.68417048844705,49.409089785994624],[37.690532030697945,49.40939195925154],[37.69873046827381,49.41122090264869],[37.714437192533914,49.41194381132325],[37.733622735220685,49.40566856335702],[37.74439521533781,49.40195563646561],[37.74502502002181,49.40199233892903],[37.76265015110349,49.39624806960312],[37.76848473848034,49.39919377884544],[37.769537985889095,49.39868904499382],[37.77023011588763,49.3983789102434],[37.77063858605071,49.398282915757065],[37.771444179983426,49.39835675768629],[37.77170514703205,49.39831983673556],[37.7717959181794,49.39810569467395],[37.77154629752419,49.397780787693954],[37.77151225834393,49.39753710604839],[37.77330498850409,49.39696112644341],[37.77378153702766,49.39713835165669],[37.78061206586568,49.394908221115834],[37.78331250749932,49.39570576287427],[37.796383552717586,49.39102371223524],[37.81324429333769,49.38493785643602],[37.837525575253615,49.38444297822335],[37.83741211131942,49.382470802105416],[37.837514228860194,49.38179861912479],[37.83852405787445,49.38165827206742],[37.838943874430946,49.38146621754985],[37.83967004360975,49.38133325629032],[37.84033948082145,49.38141451043612],[37.843096654422176,49.38137019000962],[37.84303992245508,49.37933879422615],[37.843198771962925,49.37902115020297],[37.84328954311028,49.37809775475568],[37.84325550393004,49.37729253976499],[37.84345973901156,49.3747955506824],[37.84344157963429,49.37436042580123],[37.843346275077366,49.372076791104455],[37.85423881275927,49.37269739077482],[37.85471536128286,49.36969775311771],[37.85805927241201,49.36967167558149],[37.85746686168691,49.36724840584289],[37.85768244316185,49.36712648944204],[37.85787533184997,49.367082156130415],[37.85914612791285,49.36728165571793],[37.86087077971247,49.36770281885537],[37.86350314298559,49.36782842821543],[37.86806439313987,49.36776931796833],[37.86897210461335,49.367976203522325],[37.87056059969195,49.368973675225696],[37.8723533298521,49.36927660706991],[37.87331777329268,49.36914361283158],[37.87532608492778,49.369121447090215],[37.87880942770729,49.369431766559885],[37.878956930821715,49.369623868107126],[37.87849172869157,49.37077646162687],[37.88088581770289,49.370990722828104],[37.88982677571675,49.37108677064965],[37.89064371604288,49.37447048951738],[37.89286760915293,49.37424885567235],[37.902012802248336,49.375297913708984],[37.903170134377035,49.374581306065146],[37.90454304798068,49.37405677219826],[37.905950000764584,49.373221939148046],[37.90836678256274,49.37178865287988],[37.90935391879016,49.37181081741866],[37.90976238895323,49.37181081741866],[37.91021624468996,49.37198074521725],[37.91081760354116,49.37228365853179],[37.911555119113345,49.372483137012274],[37.911861471735655,49.372549629659204],[37.912303981078985,49.37253485352321],[37.912723797635465,49.37259395804053],[37.91333650288008,49.372667838587226],[37.91389247615758,49.372682614683235],[37.9142669071404,49.37263089832775],[37.91451652779561,49.37272694294464],[37.914800187631066,49.37287470352725],[37.914993076319185,49.37303723965512],[37.91533346812175,49.37317761133305],[37.9156057815638,49.373369698242726],[37.91582136303874,49.37355439648644],[37.91602559812028,49.37358394814104],[37.916252525988654,49.37349529312396],[37.91658157139779,49.373591336051916],[37.916842538446424,49.3736873787922],[37.917137544675306,49.37391640303098],[37.917375818937096,49.37402722082794],[37.91775024991991,49.37393856661036],[37.91796583139486,49.373783421344825],[37.91827218401716,49.37384252436087],[37.91878277172099,49.373894239441604],[37.91915720270381,49.374041996515324],[37.919497594506375,49.37408632355083],[37.91973586876815,49.37399028159005],[37.91989471827601,49.37393856661036],[37.92025780286542,49.374064160038074],[37.92058684827456,49.374204528783416],[37.92089320089685,49.374234080047145],[37.921290324666515,49.374293182521306],[37.92149455974805,49.37447787729502],[37.92168744843617,49.37446310173866],[37.921778219583516,49.37425624348328],[37.92193706909136,49.37416758967877],[37.922198036139996,49.37427840690943],[37.92235688564786,49.37430795812873],[37.92295824449905,49.37441138725643],[37.92355960335023,49.37443355061262],[37.924149615807984,49.37475122428647],[37.92464885711841,49.37491375420939],[37.924943863347295,49.37495808045874],[37.9255565685919,49.37496546816306],[37.92632812334436,49.3750541205285],[37.92691813580213,49.37509844665124],[37.92749680186648,49.374891591069726],[37.92791661842296,49.37483987703832],[37.928109507111074,49.37515754808609],[37.92834778137288,49.37537917783376],[37.92880163710962,49.37543089129774],[37.929085296945075,49.37528313839913],[37.92947107432131,49.37524620010507],[37.92987954448439,49.3753865654748],[37.930242629073774,49.37455175501018],[37.9312978436617,49.374411387256416],[37.931865163332624,49.37408632355083],[37.93220555513519,49.37369476668751],[37.932126130381256,49.3733401464593],[37.932370077839764,49.37289686757632],[37.93343663882112,49.372675226635785],[37.93352173677177,49.37259395804051],[37.93339692644417,49.37209526144585],[37.93271046964233,49.37112001792876],[37.93849145708912,49.369579537047464],[37.93844607151544,49.369291384185274],[37.93810567971288,49.368323473745065],[37.93691998160065,49.36575952728064],[37.936534204224415,49.36492085871123],[37.93600659693046,49.3640193664112],[37.93497974832606,49.36195400002253],[37.93520100299773,49.36178773240805],[37.93526908135824,49.36142563654676],[37.93526908135824,49.36125567226382],[37.936244871192166,49.3598996318365],[37.93691430840393,49.35881329454558],[37.94246836798236,49.35972966227923],[37.943234249538115,49.35989963183641],[37.943534928963714,49.360110245472754],[37.943932052733366,49.36080858949724],[37.94418167338857,49.36111157165074],[37.944953228141024,49.36161407452159],[37.94592901797505,49.36190596721387],[37.9482231,49.3609487],[37.9494421,49.3594865],[37.94905494936187,49.35850290805495],[37.94870321116589,49.35791908053872],[37.94668355313738,49.35661837659559],[37.94371079806171,49.35467464693619],[37.94208826380285,49.35357341239654],[37.94173652560687,49.35258301933774],[37.94173652560687,49.352176508952084],[37.94197479986865,49.3515186941208],[37.94028418724928,49.351053044597116],[37.93837799315496,49.34927910127041],[37.93504215348989,49.34918301084725],[37.93548466283322,49.34660328241118],[37.935893132996284,49.344622195689595],[37.936120060864646,49.34407516515355],[37.93629025676591,49.34274452494816],[37.936494491847455,49.34085938972768],[37.93671007332241,49.33973566692946],[37.93854818905622,49.3398317758038],[37.93930839741526,49.338342067159616],[37.93989840987304,49.33809069748299],[37.94017072331509,49.33780236009649],[37.94053380790447,49.33704084554349],[37.940340919216354,49.33616841633146],[37.940499768724216,49.33587267410592],[37.9410025,49.3356789],[37.9410330492149,49.33551038745792],[37.94118055232935,49.334704474942555],[37.94143017298454,49.334593568517654],[37.94449369920758,49.33438654252253],[37.9465124,49.3337],[37.9519709,49.3326886],[37.9576868,49.3322922],[37.960208454092346,49.33168773114235],[37.960821159336945,49.33133280795208],[37.96120693671318,49.33028281186473],[37.9622858,49.3258382],[37.96191041310513,49.32231838006211],[37.961819641957774,49.322029950282705],[37.96187637392487,49.32183766282454],[37.96184233474462,49.32162318746618],[37.96170617802359,49.32154183449969],[37.961275015073674,49.3214308984197],[37.96110481917241,49.32112767185929],[37.960866544910616,49.3207578808441],[37.96044672835412,49.320639547132785],[37.960480767534385,49.32023277283144],[37.96070769540276,49.31981859918158],[37.95913054671756,49.31930827328728],[37.95936882097935,49.31899024143216],[37.95919862507809,49.318694396002165],[37.95891496524262,49.31865741519846],[37.95813206409672,49.31880533824667],[37.95716762065614,49.3180509260557],[37.95657760819838,49.31714117833795],[37.9554316224631,49.316386740655524],[37.95374100984373,49.3157432405591],[37.9529921478781,49.31546956555626],[37.952719834436046,49.315047955143704],[37.952697141649224,49.31461154758238],[37.95252694574794,49.31429348539837],[37.95228867148615,49.31328011079095],[37.95318503656622,49.31225192108694],[37.954637374923806,49.31131987446563],[37.955250080168405,49.3111645316476],[37.95553374000388,49.311401244317686],[37.95584009262618,49.31141603882178],[37.95614644524847,49.311364258037955],[37.95627125557608,49.31129768266448],[37.956407412297104,49.310950009807854],[37.959051121963626,49.31112754519015],[37.95891496524262,49.31084644720605],[37.95519334820131,49.31055055285841],[37.953718317056904,49.310446989416846],[37.95394524492527,49.309403945474564],[37.9541494800068,49.30904886164717],[37.9545125645962,49.30662978496758],[37.95517065541447,49.30395904555156],[37.95540892967626,49.30282708184367],[37.95273118082948,49.302989849467735],[37.94900956378817,49.30317481202426],[37.9489074462474,49.30290106719397],[37.94886600494647,49.30247411365929],[37.948850714280304,49.30231657989898],[37.94880476633717,49.30200198263438],[37.948623786411936,49.30076284578637],[37.94849748598179,49.30018990649431],[37.9483628193633,49.29957901548647],[37.94849897608432,49.299142470886785],[37.948453590510645,49.2986171324284],[37.948544361657994,49.29838775754242],[37.948850714280304,49.29803999358234],[37.949486112311746,49.29772922371204],[37.94989458247482,49.29738145510525],[37.95021228149054,49.29690789390767],[37.9501895887037,49.29676730455123],[37.94990592886824,49.296597116898994],[37.94980381132747,49.29647872514216],[37.95013285673661,49.29599035613919],[37.95059805886677,49.295442785139166],[37.95105191460352,49.29541318653344],[37.95151711673368,49.29491000751663],[37.95198231886384,49.294073831025415],[37.951948279683585,49.2939480333346],[37.95172135181521,49.29357063833596],[37.951807214064814,49.29336805661745],[37.95297480798871,49.29354588901671],[37.95572997701345,49.294209017588834],[37.95585297563063,49.2939790627234],[37.954057195819864,49.29355658470962],[37.951904932673195,49.2931375012371],[37.951914240503335,49.29311554052404],[37.952254632305895,49.29257533766768],[37.95315099738596,49.29156891655832],[37.95378639541741,49.291206303917626],[37.954036016072614,49.29085848928669],[37.95425159754757,49.29007404728106],[37.9553068121355,49.288771549967684],[37.957178967049565,49.28663271552992],[37.95835899196512,49.28544114468317],[37.958744769341365,49.28510069058069],[37.95999854581412,49.28420513704337],[37.960174414912096,49.284231041712964],[37.960270859256156,49.28417183101959],[37.960219800485774,49.28406821213513],[37.961989837859086,49.282865477008855],[37.96302235966018,49.28247319397722],[37.96365775769162,49.28211051443585],[37.96405488146127,49.28171082368849],[37.96481508982032,49.28117049586168],[37.965268945557064,49.280548741447696],[37.96784457686309,49.27871303982283],[37.971464076363624,49.276159228354246],[37.9735858519329,49.274693502918886],[37.97927039503561,49.277661921839524],[37.98203891502976,49.27906094013646],[37.98253815634017,49.27924599249491],[37.984024533878014,49.279416240051425],[37.98852905206519,49.27917197163485],[37.99091179468311,49.279090548560475],[37.990843716322594,49.27883147424768],[37.983990494697764,49.279164569542736],[37.98273104502829,49.27906094013646],[37.981312745850964,49.278394745896804],[37.97383547258809,49.274508433479156],[37.97868159088185,49.27111079732889],[37.982248823307984,49.26861175765139],[37.98422309576282,49.267264270146754],[37.98838722214745,49.264428503153646],[37.98947647591564,49.26457658901406],[37.990429572962796,49.26494680172074],[37.99246716073501,49.26581811576482],[37.993425020825306,49.26622771625434],[37.99259673410575,49.26678301569057],[37.991439401977054,49.26727907790173],[37.99099689263374,49.267530809056474],[37.990849389519305,49.267841769297945],[37.99107631738767,49.26790099959792],[37.99214287836902,49.267634462688065],[37.99293712590832,49.26751600137704],[37.993980994102834,49.267530809056474],[37.99448023541324,49.267441962913225],[37.99543333246042,49.26720503908239],[37.99690836360483,49.267086576740326],[37.997089905899536,49.26658310861349],[37.99813377409404,49.26606482723425],[37.999359184583255,49.2658575131582],[37.99983573310682,49.26557615694746],[38.00058459507245,49.264806121219394],[38.00210501179055,49.26433224710606],[38.002740409821996,49.262999451763605],[38.001968855069514,49.26217013871583],[37.9974529904889,49.26105202495567],[37.993969647709385,49.259778381067555],[37.99328886410427,49.2597931910691],[37.99311866820299,49.259719141016966],[37.99252865574522,49.25963028080776],[37.992290381483436,49.25947477505666],[37.9924605773847,49.258460273131426],[37.99241519181104,49.25824552187434],[37.992335767057114,49.2579048800327],[37.99234711345051,49.25774936884506],[37.99226768869659,49.25754942516954],[37.991949989680876,49.25727542696536],[37.991700369025665,49.256875534964436],[37.99120112771525,49.25667558774898],[37.99055438329039,49.25683850776341],[37.989884946078696,49.25710510299069],[37.98951051509589,49.257208778523534],[37.989363011981446,49.2573124538386],[37.98949916870245,49.25754942516954],[37.989363011981446,49.2575716411735],[37.98904531296572,49.257467966402864],[37.98831914378693,49.25768272104322],[37.98719585083849,49.25840103149868],[37.986481028053106,49.25868983378673],[37.98586832280851,49.25871945443868],[37.985709473300645,49.25859356654515],[37.985573316579625,49.258541730260376],[37.98534638871124,49.25827514279295],[37.98486984018767,49.257853043024596],[37.982827489372326,49.257956716986335],[37.98128437986739,49.258593566545166],[37.979718577575625,49.25896382413887],[37.979037793970505,49.258223306173726],[37.978379703152235,49.25810482226822],[37.97508924906084,49.25877129053679],[37.97367662308029,49.254598310425905],[37.97099887423352,49.24809560811497],[37.96938768636808,49.244806899523795],[37.96813958309203,49.242229109933355],[37.967572263421104,49.24182909603967],[37.96600646112933,49.24156241831044],[37.96434988769022,49.24210317998297],[37.96270466064451,49.2423402243288],[37.961899066711794,49.242703196278214],[37.960242493272666,49.243066165559696],[37.95858591983356,49.24325135294079],[37.95746262688512,49.243332835168445],[37.95534085131583,49.24431801873511],[37.95573797508549,49.24474023424671],[37.95568124311839,49.24494022980793],[37.95553374000395,49.245199482107616],[37.95493238115277,49.245614282955856],[37.95361619951621,49.24607352268749],[37.95193693329026,49.246525351158205],[37.95050728771952,49.2470956861111],[37.95046190214584,49.24731048587902],[37.9506774836208,49.24746602995519],[37.95152846312719,49.2477845234394],[37.95302618705845,49.247799337039815],[37.95407005525296,49.24767342129453],[37.9549437275462,49.24735492709364],[37.95603298131438,49.247073465392106],[37.95837033835862,49.246184628432495],[37.96000421901089,49.245858717538255],[37.96218272654726,49.25095453263452],[37.95136961361933,49.25786415095948],[37.95022362788404,49.25770123433055],[37.94882802149355,49.257504993131676],[37.94791222010758,49.25746057952805],[37.94706365731697,49.25730875115254],[37.94523688797658,49.25714953538859],[37.94557540220093,49.25233857855244],[37.94544112305811,49.25232838694543],[37.94448802601095,49.25221729502578],[37.94406820945446,49.252032141270796],[37.940879872903835,49.25047682231188],[37.94010831815137,49.250062062313816],[37.93977927274222,49.24968433142671],[37.93987004388958,49.24892145435209],[37.93975657995538,49.24837336063328],[37.936988059961244,49.24649942668561],[37.936103041274585,49.24591427068367],[37.9344010822618,49.244892082802416],[37.93200699325047,49.24313653684632],[37.93165525505448,49.24300320169193],[37.92946540112469,49.24321061177653],[37.92274833622089,49.24398098446371],[37.9219715344937,49.244388888475214],[37.92122791950283,49.24406987284658],[37.91991173786627,49.24366987386374],[37.91737014574051,49.243151351841284],[37.91507817426996,49.24212910676375],[37.91519163820414,49.241788353702056],[37.9161447352513,49.24124018079961],[37.917551688035196,49.2402919754678],[37.917846694264085,49.23895853091776],[37.91843670672184,49.23755837539221],[37.91896998721252,49.23563217065464],[37.918640941803375,49.23529878143974],[37.919174222294046,49.2316313515606],[37.91896998721252,49.23157207773081],[37.91347110418284,49.23088508488854],[37.912091803986655,49.230656548486934],[37.91186535171563,49.23032046362286],[37.91149479345396,49.23007848110503],[37.90202497121148,49.22925842042465],[37.90015159333308,49.22921808922032],[37.89747533922108,49.22962139978195],[37.896116625594985,49.22962139978195],[37.89486084481936,49.22990371521613],[37.89070235766071,49.23013225510031],[37.89000241427756,49.23058933169703],[37.88578216740864,49.230683435177305],[37.878062203624026,49.22849212191265],[37.8740301,49.2273114],[37.8753096,49.2213529],[37.87917387840899,49.218663625963245],[37.87828865589501,49.21803163115793],[37.87664173028762,49.21746686300499],[37.8802237934837,49.21617594013638],[37.87900918584825,49.21372847298014],[37.876933687797745,49.211717012523344],[37.87477330635687,49.20682529168938],[37.87434429742973,49.20624439735063],[37.87757408658198,49.20406308970428],[37.87711683330697,49.20238399027361],[37.87755865528598,49.20187184567139],[37.878793158966474,49.201424338087214],[37.88337625388032,49.2001589718147],[37.88368487980044,49.19745849501362],[37.883623154616416,49.196625205029285],[37.88292874629614,49.19660977373328],[37.881833124279694,49.19685667446937],[37.88198743723976,49.196455460773215],[37.88127759762347,49.19647089206922],[37.87896290322254,49.19707271261347],[37.876740796597645,49.19728875075756],[37.874842747188886,49.197242456869525],[37.873608243508386,49.1976745331577],[37.87359610858691,49.19844076168005],[37.86691783039725,49.19936422596065],[37.86578169178407,49.19902019226354],[37.8641915478689,49.19911095581369],[37.86146985871096,49.1993949581606],[37.85915050621115,49.1993949581606],[37.85739915840517,49.1988979540535],[37.851695444604616,49.19870861915556],[37.85031714223825,49.198644746606874],[37.85034643345675,49.19965529364528],[37.8483719,49.200696],[37.84336470909507,49.2007203024462],[37.84341204281956,49.201098972242086],[37.8363356510089,49.201832644971624],[37.831694641800254,49.20201424967979],[37.83079760524406,49.208364698950696],[37.82525955947919,49.215038754103226],[37.81617148437789,49.21697943680715],[37.800598689022,49.215748759970516],[37.794124568764765,49.217505037274336],[37.79194074565873,49.215789145295915],[37.787743274129525,49.21754440825362],[37.78407936450993,49.217177753000826],[37.78292417285753,49.216471859580366],[37.78218354135441,49.2168773834385],[37.779710027589154,49.21766298950058],[37.77793999021584,49.218092844135896],[37.77707766431603,49.216729154479346],[37.77655573021877,49.216714331559],[37.77630610956357,49.216165880380466],[37.775262241369056,49.216121411099266],[37.77421837317455,49.21563224636563],[37.77396875251934,49.21422401783202],[37.773696439077284,49.21348282880517],[37.773900674158824,49.21314187812094],[37.773628360716785,49.21180770066476],[37.77371913186412,49.21084410566373],[37.7727887276038,49.210236289926236],[37.77347834723769,49.208548015539954],[37.773292001781556,49.20843641957628],[37.77234501955729,49.207145260865815],[37.77028636254807,49.20518155902738],[37.767898320417366,49.20359440055459],[37.76890706235189,49.20258558691009],[37.77347728091239,49.20191303304703],[37.77893814041503,49.19710286334983],[37.78961715186478,49.19697620772811],[37.789864190705885,49.197097280183335],[37.79480496752806,49.19607488124616],[37.80291607614444,49.19420491272869],[37.80178381478935,49.19205234346229],[37.80213378648093,49.19154109449683],[37.80376562251244,49.191109220340785],[37.80235694094044,49.18844837737146],[37.80131765840982,49.1858186776349],[37.80199476672522,49.185676957289814],[37.802530154695546,49.185330529779606],[37.803537943816146,49.185299036369585],[37.804215052131546,49.185283289664575],[37.80552202864733,49.18509432920446],[37.8068132584581,49.18451170111911],[37.80745887336349,49.18443296759406],[37.80971601801563,49.18521956942581],[37.8102401500037,49.185259887271044],[37.81022504714645,49.18469353012439],[37.80801488334405,49.183699287094896],[37.804557963445134,49.18214419035986],[37.795972,49.184165],[37.79618426772422,49.1856613516428],[37.79008354709852,49.18705319111106],[37.78964934999789,49.18801927965996],[37.78678344968618,49.18863340115533],[37.7856339402205,49.18861765445032],[37.783400007696876,49.18860803780723],[37.781526629818465,49.18945568214647],[37.77417722429551,49.19120474361186],[37.7712127582022,49.191944712540206],[37.77018342969759,49.1925097722687],[37.769545246024734,49.1928999287906],[37.76516030659504,49.194648868488244],[37.76516030659504,49.195133179318034],[37.76396628552969,49.19544259764344],[37.7620723210812,49.19530806817456],[37.76192821509055,49.19501210205514],[37.76336927499702,49.19359951208982],[37.763286928716646,49.1928999287906],[37.756122802324505,49.193236268150095],[37.7534671347826,49.19369368600916],[37.751120265792075,49.193814766499166],[37.74955568646506,49.19362641894221],[37.748835156511824,49.19259049456017],[37.748135213128684,49.19186398919497],[37.74331795572707,49.190141859784546],[37.74171220325987,49.189886226090515],[37.74167103011968,49.18325274265959],[37.74018879707303,49.181611053710746],[37.739612373110454,49.18053450680187],[37.73644204131623,49.17929644890584],[37.73125422565296,49.17894655736559],[37.72668400709246,49.17652416347725],[37.72297842447585,49.17289035034914],[37.714455584457625,49.17143675040565],[37.71297335141097,49.17022538451528],[37.708773691112135,49.16602575327898],[37.70803257458882,49.164962328596445],[37.706879726663644,49.155727073031635],[37.70642682212163,49.14991040153411],[37.70552101303757,49.14473945350147],[37.70389467400027,49.14480678702159],[37.70181543042095,49.14499532039114],[37.70123900645835,49.145089586806925],[37.70082727505651,49.14553398320877],[37.70051847650513,49.14556091619595],[37.700499042077396,49.143368681656945],[37.685460286788526,49.14273905392962],[37.68297384226323,49.14270893217317],[37.67657354987405,49.14135343418343],[37.670956027057635,49.140781101678144],[37.66335855767479,49.13978703477562],[37.655668997753956,49.13083953540327],[37.648439890523015,49.12653090412389],[37.642822367706614,49.12092611018931],[37.66860781536511,49.11779237998235],[37.673761416190125,49.11059957446657],[37.67475669466648,49.10580959376947],[37.68348461135293,49.10013798054797],[37.69697635028075,49.09902002728603],[37.697514505884286,49.09786275137885],[37.69762559001867,49.096541391310126],[37.696054575173385,49.09558345289287],[37.690101780573436,49.09337392515294],[37.68941971506579,49.093196588120946],[37.682435364267484,49.0943697407941],[37.66320460723881,49.10036854668927],[37.64577338797918,49.10492117128272],[37.642014634500036,49.107566423450926],[37.634661573006426,49.11360998786261],[37.63259144770228,49.1119641118805],[37.63005709999443,49.11302565500647],[37.627613910232974,49.11284112741142],[37.62305642163948,49.1118877239025],[37.621599904666304,49.11170319207474],[37.61920369932332,49.11216452035716],[37.612296989805344,49.11557821631745],[37.61038628226311,49.11388719348607],[37.60554872246171,49.1165488077553],[37.59458994844281,49.10482387126617],[37.5956789234521,49.10317826541294],[37.597747751818325,49.1000519530185],[37.59790520780988,49.099849732200305],[37.59808938888582,49.09333737843161],[37.593160791231476,49.09099862102292],[37.593116499835226,49.0893571860637],[37.59239627418311,49.07633722167627],[37.59237317089572,49.07560700642819],[37.59219559445548,49.06999442748382],[37.6041673643921,49.07092956279817],[37.61623122486667,49.069330772389236],[37.63174848051528,49.06709841292298],[37.63317588385387,49.07494139520593],[37.63719393842681,49.0881936913944],[37.63820889660237,49.08789283071111],[37.64333019821774,49.08690817710704],[37.65056579866514,49.08429259615199],[37.6539661813084,49.0833963164076],[37.65867522067165,49.082230324664955],[37.6613643643806,49.08105191678699],[37.6540190443936,49.07618106178514],[37.6605068787436,49.07074091114151],[37.66423341778556,49.06967014257923],[37.66773285822857,49.070001968968064],[37.67137043447853,49.070816442526606],[37.673258290507,49.07090693876447],[37.67427128642471,49.070424290257726],[37.67522718620888,49.06908732941182],[37.6728899283551,49.06695511615326],[37.674409422231676,49.06330468014742],[37.673995014810785,49.06188666988285],[37.66860866351559,49.05877110179685],[37.666535681234905,49.05757204939892],[37.66685799811781,49.0561237012173],[37.67064180001965,49.05406245137933],[37.67560659922532,49.05461496031861],[37.67804699848163,49.05618404990077],[37.68242129903539,49.057149618871996],[37.701990538354835,49.04945472033516],[37.70641088417759,49.04749308511079],[37.71207445226299,49.048549359848295],[37.721743958750245,49.0512955691519],[37.730657395658085,49.05217716849104],[37.73716912386087,49.0524121163725],[37.74255642033235,49.05386057269715],[37.75891869269578,49.059463840368345],[37.759578164997045,49.05891934604929],[37.76102900405991,49.05804641413848],[37.767214854246056,49.052557827658475],[37.76883786497495,49.05187888610127],[37.76907456613572,49.05177986873076],[37.76865992892062,49.05165501320651],[37.7680985471298,49.05148596996765],[37.768401904388405,49.05133037580144],[37.77151461365052,49.050258491646765],[37.77444267066827,49.0493940521083],[37.77679039206088,49.04806278582416],[37.777687274390644,49.04692167206772],[37.77722564377974,49.04659316476806],[37.77804338943333,49.045564404184304],[37.777410296024094,49.045417436649174],[37.77868967228861,49.04385263772535],[37.78155178207622,49.04093904113899],[37.7852052586254,49.03721250119922],[37.787117728299165,49.038276020186224],[37.787671685032244,49.038388423303324],[37.80302420020638,49.04642891030434],[37.80601820445426,49.04780344408813],[37.817756811417325,49.04991271763489],[37.82780610542601,49.05007253356962],[37.8311840241539,49.04764774294431],[37.82806385907516,49.04478028611028],[37.82494291717095,49.041912115367396],[37.82783827608057,49.04026721775604],[37.83604179299117,49.043198471743956],[37.84906855628285,49.050621551771066],[37.848305902158096,49.05700134766809],[37.850014113180094,49.05678133023541],[37.86661711422059,49.05223367958488],[37.87180056650878,49.05364694970549],[37.8790599933676,49.05710609710242],[37.886173771379084,49.05661316513553],[37.88971991449661,49.05654274588407],[37.89083748687304,49.05672583573036],[37.89163268260242,49.05647232653284],[37.89919778791979,49.0558526319404],[37.90323824189609,49.0556272865368],[37.904054929401944,49.05595122023323],[37.904721174472506,49.05561320241515],[37.905408911319554,49.055570950026265],[37.905709796190116,49.05544419264415],[37.90717123699007,49.05540194011162],[37.90772747494611,49.055255083017784],[37.909515787419636,49.05228122143438],[37.91397382017638,49.05036222338132],[37.91851659870103,49.05022611731178],[37.9192759774788,49.048823513779645],[37.92014648091652,49.04417251775238],[37.92149280605143,49.04146411747204],[37.9199808,49.0408082],[37.9152605,49.0350485],[37.91662548116827,49.031821740049125],[37.91716981899986,49.028910715993234],[37.91783249114266,49.02715936818725],[37.91890639837109,49.02508125387447],[37.8597928,49.0182889],[37.860744379397104,49.011936719173576],[37.860965285194574,49.0109794607179],[37.861172802761885,49.00988831996073],[37.86478093078712,49.00718389747057],[37.87346989215402,49.00674208587564],[37.87724537305613,49.00502839241653],[37.8920661438314,49.00638060366163],[37.90510627999682,49.00534970994013],[37.917490392884936,49.00338164010818],[37.91283798290805,48.9829043420948],[37.90500586827071,48.982730295102854],[37.896008977610364,48.98215460120643],[37.8935357727504,48.982587250620576],[37.889496510665985,48.982068955499805],[37.88616193433557,48.978841014244495],[37.87997657200659,48.9752797450248],[37.87919443417993,48.97485190894867],[37.8649036,48.9724882],[37.86293830229903,48.97242797228315],[37.86288719234831,48.974043806439134],[37.85779227256237,48.97389888614001],[37.85515989733964,48.9729178761141],[37.84581921106545,48.9718811059014],[37.84184517363241,48.97158010405935],[37.84011290090521,48.97113417206404],[37.837616390210094,48.97147976970817],[37.83702198290171,48.97111187535959],[37.840469545290205,48.969077259108694],[37.84216785188552,48.96916644950626],[37.8436963278213,48.96903266385007],[37.84821382336484,48.96850866657356],[37.8539832,48.9646572],[37.8604697,48.9557719],[37.8705467,48.9512797],[37.861652,48.9408098],[37.8655207,48.9282536],[37.8626093,48.9266367],[37.8691006,48.9154405],[37.88022038859057,48.904374269494795],[37.88302913038347,48.904121987297835],[37.88561922760566,48.90163280295443],[37.89005939427227,48.901010506868566],[37.891270348817706,48.89949681368677],[37.8940790906106,48.900186385025144],[37.893490432151026,48.89830267795446],[37.89296904894396,48.89739446204538],[37.895155494651,48.89742809967164],[37.8969382888429,48.89705808578276],[37.89988158114084,48.89774765712114],[37.902051208034756,48.89813448982315],[37.90435538543372,48.898168127449416],[37.907433228236705,48.898386772020125],[37.90758089433003,48.89839572148033],[37.90815643720135,48.89805039575754],[37.910292426469,48.89761310661613],[37.913639370282084,48.897444918484815],[37.91622946750427,48.897529012550436],[37.939933267351414,48.90585168876818],[37.94207787032277,48.907261312730505],[37.94470756206148,48.90865411639851],[37.94524371280432,48.90935889382302],[37.945626677620645,48.90957703720165],[37.94667344811857,48.91042443129066],[37.948001059481804,48.910567060565825],[37.94949462226543,48.91117952282529],[37.95237962388168,48.91169130059923],[37.953924248640824,48.911397658255204],[37.95477953673059,48.91050833091361],[37.95582630722853,48.90924982177655],[37.955800776240764,48.9084527495942],[37.95521356352242,48.907546588932426],[37.95443486839591,48.906917301026745],[37.95333703592247,48.90642225563835],[37.95222643795514,48.905675482976974],[37.9513583843715,48.90503778063471],[37.9509115920858,48.90440846113494],[37.95073287517151,48.90362809394899],[37.95107754350621,48.90267149819429],[37.95162645974293,48.90177362411726],[37.95241792036332,48.9013372682741],[37.95400084160408,48.901169438089255],[37.95536674944895,48.90122817871805],[37.957128387604,48.90100999889163],[37.959553831440665,48.90056524475743],[37.95976105539882,48.90060677587755],[37.96710831990906,48.895242482895924],[37.97352468378693,48.894482277918975],[37.97665351140232,48.894184155164545],[37.97936289473591,48.894124530400326],[37.990189091738344,48.89439284127931],[37.99270575742896,48.893938202553755],[38.00855394948071,48.895913242393064],[38.009964728317044,48.8948149780564],[38.010650050134274,48.89354367121791],[38.01160561484602,48.89109379647502],[38.01242147097848,48.89049499938036],[38.0132692185692,48.89018914466209],[38.01660518288783,48.88706594174562],[38.02352767534371,48.88032776462676],[38.01299405797171,48.86707899057863],[38.00965618213792,48.86427584739296],[38.00104781294085,48.86051135274354],[38.0009647625784,48.8546563021919],[38.00114884781703,48.853087368371476],[38.001148847817035,48.85308736837147],[38.00114884781703,48.85308736837147],[37.999688482268475,48.84688000290795],[37.9977645,48.8409965],[38.00103868565439,48.833467755320434],[38.01612087241592,48.82834823646855],[38.02353305771777,48.8265138218597],[38.02214541896982,48.82130017670435],[38.0050766,48.8041182],[38.00506252146482,48.80168493119463],[38.0056110691173,48.79104689145064],[37.998504053629574,48.781774374050485],[37.99797686857403,48.781456377293836],[37.98401773769418,48.78109479428265],[37.97206813387494,48.77935734413648],[37.960657117837535,48.77782444799068],[37.956140041989485,48.77785301066453],[37.954966302114144,48.7708407102785],[37.95492614310295,48.76446783320511],[37.96882153900877,48.76151467490611],[37.970742122878114,48.76120371706549],[37.9723570499161,48.76074679592941],[37.972776647289905,48.760489670990474],[37.98228337262979,48.750367103156776],[37.9786325,48.7429639],[37.9817571167866,48.721924180097474],[37.9818598994418,48.721584532317934],[37.97932627601708,48.7167777454532],[37.966842847051836,48.70833819715139],[37.96593373828397,48.707747232329226],[37.96581329152301,48.70776085796504],[37.96365597912044,48.707067488614655],[37.96126393324407,48.706197075268],[37.96064915509825,48.70587251050561],[37.95990024353882,48.705437295379824],[37.95930782096195,48.704861920453524],[37.9586818650317,48.70469963402855],[37.958407103656285,48.70443319296243],[37.955026981785295,48.7043298639309],[37.94924781493978,48.70757645215546],[37.94859950344057,48.70760595713039],[37.94564856834073,48.70713387545539],[37.94484376785895,48.706588025497965],[37.94473199001427,48.705997910775565],[37.943278878033276,48.70587988700073],[37.925691737110604,48.70625493201312],[37.92422075551351,48.70432711093733],[37.92305826592873,48.70369270883179],[37.913390645224005,48.69905906604183],[37.90881295758713,48.694227448741756],[37.90836104970237,48.69341406374909],[37.90897424578675,48.69070382437837],[37.90676244582258,48.68949185034793],[37.90693990072427,48.68934275813153],[37.908407588126224,48.68736157320057],[37.90706941493048,48.686155864395374],[37.90702043586684,48.6861797844032],[37.90300532059115,48.684782380177076],[37.90224523124724,48.682937449765376],[37.90043443016326,48.68180093899365],[37.8963358,48.6824112],[37.8937229,48.6823515],[37.892006380673564,48.682066619133174],[37.89016852462546,48.681284630608715],[37.8828805034665,48.68432364692211],[37.88054296881833,48.6887757610394],[37.88082789411663,48.689857347273886],[37.88121556884338,48.69059647869748],[37.8832468220224,48.69344177073476],[37.89168,48.701717],[37.8765147,48.7030232],[37.8465362,48.6971072],[37.8446353995765,48.69202819044311],[37.83446214795846,48.68213502609544],[37.83435080264384,48.6821176918269],[37.82663407894759,48.67998818343846],[37.82092837516604,48.67773887294693],[37.81686763581439,48.67204210504285],[37.818663493579535,48.669245062937264],[37.82236494234509,48.663480069601036],[37.818682666809785,48.65652902148393],[37.81414443826616,48.65398747245121],[37.81404634263947,48.65393253585145],[37.80255124528103,48.63695761689771]]]]}},{"type":"Feature","properties":{"fid":null,"id":null,"name":"RU_0"},"geometry":{"type":"MultiPolygon","coordinates":[[[[38.01536490816372,48.76897938659236],[38.046425733465696,48.770896164509274],[38.049317081748505,48.77088322335393],[38.059183107169275,48.77227876674393],[38.05974361597067,48.77230498850221],[38.06045601299488,48.77272690896582],[38.060618071593886,48.77276405825725],[38.06906177019293,48.78493062149726],[38.05836814972844,48.79167795223434],[38.05779896463429,48.79140206048013],[38.01826574328391,48.78705740945875],[38.01621519509258,48.8014852749272],[38.02282893503359,48.8023159399619],[38.043286282012645,48.80324804388762],[38.056677420670496,48.82237454119067],[38.05756310345733,48.82464996279125],[38.06480618281689,48.833722911229536],[38.064862002787905,48.83499666277528],[38.06489665235575,48.836957502604356],[38.0645249,48.8401375],[38.06165539787745,48.84198616695109],[38.06020432344683,48.842568998776386],[38.05883860633567,48.84234429333388],[38.0577503005127,48.84173337031559],[38.057174138606435,48.84124883986438],[38.05271421866528,48.84032892132764],[38.05043091037004,48.84016740716917],[38.048670415656424,48.840188474262845],[38.04742739969195,48.84016389598602],[38.044173151887996,48.839883000537164],[38.04333024835844,48.83990406775046],[38.03969189261698,48.839616148401646],[38.0347815805899,48.84042194852967],[38.0283436,48.8388806],[38.025848365484336,48.83617996545445],[38.01225216976649,48.83546437620615],[38.00625108868259,48.83655085367771],[38.009013486774286,48.84217503273325],[38.00878467761082,48.84338976887276],[38.009154432069465,48.84431290943796],[38.009758483334465,48.84503729324085],[38.00993298703325,48.8461856851138],[38.01659206804129,48.86393598537033],[38.024082172822894,48.86626625008897],[38.02620543614416,48.86677159438514],[38.03848024291456,48.865229886660124],[38.05166948231249,48.86003819432916],[38.0651089,48.8609521],[38.059598,48.8744462],[38.05740265530471,48.889914907856195],[38.05740265530472,48.889914907856195],[38.05740265530471,48.8899149078562],[38.05715125777552,48.89034529898619],[38.05694729374241,48.890635343092875],[38.05699472723849,48.89088172332418],[38.05676230310773,48.891087559042255],[38.05676704645734,48.8912154262586],[38.05689511689674,48.891443091468474],[38.0569425503928,48.891620856733496],[38.056591542521865,48.89223211492682],[38.05621681790289,48.89277787485577],[38.05575671299098,48.89357311437263],[38.05523968788377,48.89426854875854],[38.05495983025695,48.89465212502027],[38.05492188346009,48.895232161581895],[38.054874449964004,48.89560325671201],[38.054542415491504,48.89604607250612],[38.05436216820643,48.89673835412723],[38.05418666427096,48.89731836648255],[38.05398744358745,48.897648908147616],[38.05399218693705,48.89798256591353],[38.05403677423905,48.89834228552282],[38.053848702385096,48.898742721871486],[38.05380245295275,48.899186209999044],[38.053867948941445,48.89942450613021],[38.054120257376454,48.89997822941505],[38.05436691155602,48.9001341372705],[38.05504046720028,48.90019026397942],[38.05534404157514,48.900414770184796],[38.055875296731166,48.90051455039682],[38.05640655188718,48.90067669281652],[38.057525982394495,48.900894960627795],[38.05835132522618,48.901019684663424],[38.05939011879019,48.90118806161782],[38.060324558662835,48.90138761875515],[38.06087953056688,48.90165577240376],[38.06166218325209,48.90192392461365],[38.06207011131831,48.90207982639986],[38.06249226943337,48.9022762619581],[38.06091747736374,48.9042966971741],[38.05838452867343,48.907592200939234],[38.05667692281479,48.909659184631245],[38.05594644697526,48.91024528209368],[38.05546495063748,48.91056975095908],[38.0531371,48.9093448],[38.03981388480448,48.91254147349482],[38.03797173086428,48.91339453173536],[38.032113069938504,48.91671158092866],[38.034287422983866,48.91970447522391],[38.03614658142199,48.9221999235829],[38.037393577935354,48.92360029968527],[38.03875393776812,48.92450903338134],[38.03945252346388,48.92491991591811],[38.0384761,48.9264165],[38.026046114354415,48.938001224119446],[38.02431029851265,48.93810333093367],[38.02193904157355,48.93715787710638],[38.0188716747617,48.9375529562382],[38.014872069016846,48.93830359797388],[38.011955063323214,48.93488611141541],[38.01147390774487,48.93192278340172],[38.00953424931974,48.92847522380804],[38.00775998812465,48.926459921138935],[38.00612105193598,48.9216880714351],[38.0006997,48.9162885],[37.9979951,48.9149672],[37.9937457,48.9156763],[37.992077323493476,48.91951440697133],[37.99249833462452,48.92160903074841],[37.99467857083883,48.92879134233696],[37.99667837371126,48.93139924383687],[37.99697909594772,48.940150523659945],[37.9972271917928,48.94062952798443],[37.99700916817137,48.94079742531936],[37.98611,48.945366],[37.9618954,48.9476642],[37.9537381,48.9459549],[37.9502394,48.9407359],[37.942903268025255,48.941470356999055],[37.94218002413322,48.9410625705493],[37.94192278554471,48.94091753177068],[37.93926296604964,48.94102183841755],[37.9357549,48.941323],[37.93511712225167,48.939855284508575],[37.9350281161869,48.93809082164067],[37.93488208688129,48.93507635954626],[37.93482993355786,48.93431492102414],[37.935195006821885,48.93399157041886],[37.93515328416314,48.933376161202354],[37.93471519624631,48.93338659186704],[37.934788210899114,48.932865058632714],[37.93538275878625,48.932458262709936],[37.93600859866744,48.93237481739244],[37.936811759848304,48.9314777802294],[37.934616104931784,48.931347396920806],[37.93477256490208,48.93084150968352],[37.93518979148955,48.93073720303666],[37.935460988771396,48.93052858974292],[37.93535668212453,48.93004877916734],[37.93609725931727,48.929589829921134],[37.936681376539724,48.928776238075585],[37.935930368682286,48.92821298218252],[37.93577390871199,48.92706560906701],[37.93577390871198,48.92706560906701],[37.930815513349614,48.91506177161961],[37.91987548509685,48.91257011987411],[37.91448844668067,48.91470942437157],[37.91221618877052,48.913971164936264],[37.89089781399561,48.925228435915294],[37.881591768959126,48.930172612464524],[37.880813073832606,48.93626514390502],[37.88134922457545,48.93623160137655],[37.88203856124482,48.93619805882554],[37.88240876056725,48.93644124180971],[37.88298320779174,48.93634061451167],[37.88308533174275,48.936080659719515],[37.88337893810192,48.93602196006296],[37.88368530995498,48.93616451625199],[37.884221460697816,48.935904560542795],[37.88464272199576,48.93530917301124],[37.885000155824336,48.9350995278238],[37.88525546570188,48.935233700845174],[37.88554907206104,48.93555236032568],[37.885178872738614,48.935845860679166],[37.885000155824336,48.936583796801365],[37.8856256650243,48.93661733909318],[37.886072457310014,48.93677666467148],[37.88663413904061,48.93734687836389],[37.88668520101613,48.93775776360429],[37.886493718607966,48.937858388045555],[37.88626393971817,48.93803448032967],[37.88671073200388,48.93807640697243],[37.88700433836305,48.93830281023473],[37.88720858626509,48.93891493243195],[37.8871447587957,48.93921679814899],[37.88662137354674,48.939619282931865],[37.8861873467549,48.939912759373314],[37.88566396150594,48.93989598933743],[37.88474484594679,48.93978698396684],[37.88391508884477,48.93984567919597],[37.88340446908968,48.9400217644692],[37.88304703526112,48.9400217644692],[37.88248535353053,48.94009722939614],[37.88208962322033,48.94025654386718],[37.88155347247749,48.94010561438098],[37.88073648086935,48.940088844409885],[37.88034075055916,48.940189464151885],[37.87902808372186,48.9514541642906],[37.88297931420166,48.95996450686248],[37.9234794266196,48.96519060016801],[37.9247142,48.9659619],[37.92537339998827,48.96602114108748],[37.92537340216347,48.966021143504356],[37.9322231,48.9662884],[37.9669839,48.9697606],[37.96795727827889,48.977499480111945],[37.96858382703784,48.97831746698481],[37.97433518944469,48.97764379125222],[37.974372934974845,48.977584952354654],[37.97555033356214,48.97700535607448],[37.9777445763839,48.97574075897947],[37.979247043311375,48.976245876597986],[37.98412105324035,48.97561095951736],[37.98443434108443,48.975512425529224],[37.986173679906564,48.9752840910331],[37.9879665368463,48.975670502644626],[37.988689031433964,48.97647844451703],[37.98863551331635,48.977409317829924],[37.98764542814068,48.97841042633131],[37.98352453308516,48.980746267975945],[37.98242741167427,48.98092189074251],[37.98170619195509,48.9816017810508],[37.97859347258712,48.98580477460113],[37.97758883079994,48.987729145952194],[37.9806398,48.9899033],[37.974103285452856,48.997560707546675],[37.973224897184934,48.99824421917739],[37.9721801973376,48.999057144989735],[37.97085639714662,49.00057700994027],[37.96958260762434,49.00225390091147],[37.968307187319404,49.00372808795907],[37.96179265929052,49.00577121899813],[37.96075434701669,49.00774406534278],[37.958588212790254,49.008131579547225],[37.956762215343154,49.00868348851074],[37.95623538690736,49.00907513091303],[37.95462922011887,49.0090301371769],[37.95353298460633,49.00903633601103],[37.95271080797193,49.008974347635025],[37.951255460825976,49.00883797293615],[37.94987571612916,49.008862768363734],[37.94851487204463,49.00840405095472],[37.94736193469523,49.00857762020108],[37.945736482038726,49.0084164487781],[37.942013061418564,49.011912511791216],[37.941749869703045,49.012790291290386],[37.93992466255151,49.014182737883175],[37.939535796800996,49.019480165550966],[37.94080788722482,49.019685561418825],[37.94166282403659,49.02046576423498],[37.941168407623785,49.020900852078775],[37.9402675,49.0234157],[37.94901578128557,49.0249360763326],[37.94975193762232,49.024739767976136],[37.95004898943472,49.02481531516703],[37.94897487328938,49.02828990051784],[37.946862444870185,49.03190508986579],[37.94670323169413,49.03339153971696],[37.94584499553509,49.035342111608294],[37.94525648998762,49.03769204883916],[37.93698000755996,49.03547202821271],[37.928709830024914,49.03495069896981],[37.924606662688454,49.04067709734048],[37.9277189799347,49.043121637706314],[37.92820320395855,49.04345802863583],[37.92858772637343,49.0435500466169],[37.9323335290448,49.04558169445414],[37.93247861295107,49.045901563359074],[37.93295343300802,49.045996659123205],[37.93460211376125,49.046869802638504],[37.934588924315236,49.04765648317079],[37.934509787639065,49.047898536215236],[37.93591446364084,49.04807143052554],[37.936970388406664,49.048127798997676],[37.93737189742671,49.04814923276904],[37.93793904360581,49.04832212620765],[37.93828196920249,49.04936811869008],[37.93817539959467,49.05008054796674],[37.939271177654454,49.05057833046689],[37.94039228056664,49.05126986682766],[37.940616501149094,49.05159834322942],[37.94033952278255,49.05238494894896],[37.94039228056664,49.05288629555072],[37.94093304785372,49.05369881206492],[37.94095942674577,49.05423471994442],[37.94057693281102,49.0545026717177],[37.94051098558088,49.05491756193648],[37.940102112754076,49.055133649220664],[37.940194438876254,49.055980702316646],[37.940352712228574,49.05642150995221],[37.94016805998422,49.057061106237164],[37.93978556604945,49.057882197511404],[37.94049779613485,49.06050959844163],[37.9414870045868,49.06210844221295],[37.94201458242784,49.063499826554626],[37.94196182464372,49.063854148020795],[37.93974599771136,49.06525412520014],[37.93902057817995,49.06542695915377],[37.93812369585019,49.06553065923742],[37.93936350377662,49.06774287613507],[37.93316446414444,49.06960935753453],[37.9306057116154,49.069643921343655],[37.89835125916249,49.0714280890885],[37.87639568495955,49.06839379069625],[37.866024304985075,49.06128406468376],[37.847830598292894,49.06252357328378],[37.8403305482908,49.07022286157196],[37.84146484064904,49.072244778997714],[37.84141208286495,49.073264347173385],[37.84025141161467,49.07703138368533],[37.83776067044084,49.07748199868791],[37.833861509121974,49.07579320363403],[37.82357031303824,49.07016340549811],[37.82139800107711,49.06995316607684],[37.78891315807711,49.07088949354282],[37.780469717133435,49.07065873892296],[37.78046971713343,49.070658738922965],[37.76574224697487,49.06840517279951],[37.76414171332205,49.06841689139509],[37.74481666098628,49.06355525635835],[37.74157090412414,49.06127375617674],[37.74112642596313,49.061536071157],[37.73985766591324,49.06360941075072],[37.73823303414204,49.06317617561174],[37.735937378566014,49.06429849611557],[37.73324656910868,49.06365365692575],[37.73113597055553,49.063872010141495],[37.72973035852472,49.06432956439609],[37.714547406488656,49.06862701999268],[37.714251182130326,49.07010680266451],[37.714732028745,49.072437892166455],[37.71350423072064,49.07272248618845],[37.71204577462118,49.07319758931176],[37.71281919831029,49.07495436597702],[37.7128965406792,49.07657855572415],[37.71423345877038,49.07829113675003],[37.71541569212373,49.078965120250544],[37.716598415619124,49.07988373132677],[37.717505856901965,49.08194386829323],[37.71929621402757,49.08493597198262],[37.72377343890586,49.08713901699117],[37.72392850809576,49.087473434126146],[37.72172612034327,49.088324808550965],[37.72154571786738,49.08839454652239],[37.721415605253235,49.08844484400152],[37.7069264,49.0892393],[37.70486014148076,49.09525258411783],[37.70506747032503,49.095405827176634],[37.70538297074022,49.095495970152406],[37.70588777140453,49.09572132759183],[37.7069154013283,49.09645148569556],[37.7111264,49.0989699],[37.70992060205312,49.10067680294002],[37.71002375327669,49.10111003807901],[37.71083864794287,49.10162579419685],[37.714314844177125,49.10233753763947],[37.7166597,49.1063778],[37.71644964564495,49.108677533415964],[37.71603503167572,49.109252295967615],[37.716018932016716,49.10987410124957],[37.703824,49.110266],[37.69671840292124,49.105596245179804],[37.68783167217114,49.105014456847286],[37.6795373901377,49.106117424768684],[37.67850334123128,49.106641469326995],[37.67859877704075,49.10897668395673],[37.678913319031786,49.116672420085294],[37.68469099796367,49.12341518145515],[37.6886444,49.1282404],[37.7003972,49.1302842],[37.7034651966514,49.12915272990998],[37.70694903417722,49.12717931030042],[37.72171019949716,49.13222162776485],[37.72475690812912,49.13316119616124],[37.73358922232481,49.13212126881341],[37.73726500644899,49.13135904226052],[37.740370901561676,49.13016939894901],[37.74749451420544,49.12949977936049],[37.75201088462159,49.13072504073523],[37.75350684327678,49.136936830960586],[37.74767972813418,49.138632250769795],[37.745681,49.142893],[37.74684542584591,49.14452405898824],[37.75410522673886,49.14997304209867],[37.76698471839879,49.15350635396998],[37.76293850641713,49.16795304041153],[37.761285828283775,49.16882212115407],[37.750657398219275,49.175717778193246],[37.751056320527326,49.17802582868983],[37.75306517929287,49.179820979076055],[37.75338154335941,49.18067849220378],[37.753606573853794,49.18128844328067],[37.755336,49.181574],[37.75720803318855,49.18170847954795],[37.770329906272465,49.18243655321211],[37.77382135043477,49.18265166588562],[37.77610294258281,49.18279864916116],[37.776520662191075,49.182692810244625],[37.797103352656634,49.18004893468066],[37.8001448950704,49.18130528686568],[37.801508183489865,49.180976342429055],[37.80394202079465,49.180675812593314],[37.80664691528876,49.18124681835971],[37.810552733328066,49.18311208811748],[37.81120810569129,49.18229999627609],[37.81390083127064,49.18178709616574],[37.814200023001675,49.18335429094737],[37.8125329424567,49.18461954296741],[37.813254667783184,49.18511703989052],[37.81399654729867,49.185197896413435],[37.81619463454193,49.18504971075659],[37.82160858015119,49.18520643023475],[37.827385765582775,49.18665717061148],[37.84163702815135,49.19023588247256],[37.851624444017894,49.19035421678376],[37.85505613904312,49.19011754816133],[37.856073814119576,49.19042521737049],[37.86288987044555,49.19092222147759],[37.8726642845519,49.19177422851835],[37.87337192219302,49.191689312001415],[37.87442917051755,49.19171906570661],[37.88069892402323,49.191895512803384],[37.88333767564029,49.19280595926775],[37.88352285119237,49.19323803555593],[37.88407837784859,49.193346054627966],[37.88506598079299,49.193855287396175],[37.88540546930513,49.19447253923642],[37.88540546930513,49.19501263459664],[37.885374606713114,49.19584592458097],[37.8856060761532,49.196092825317066],[37.889433037562746,49.197635954917686],[37.891238499195474,49.202959752039824],[37.890050289403,49.203330103143976],[37.89023546495507,49.203839335912186],[37.89034348402711,49.20414024618431],[37.89092215762735,49.20571423837693],[37.88190471354184,49.20725410246257],[37.882581542136,49.209201711274325],[37.88128733352616,49.20953278789545],[37.8834742,49.2135813],[37.88361886200158,49.21508221521208],[37.88416783720403,49.220209962153916],[37.88170795202572,49.2208404237306],[37.88087484376288,49.22062175004674],[37.880576338496546,49.22059485788089],[37.880329299655436,49.22063519612416],[37.880051380959195,49.220924285904154],[37.878430523510346,49.221299847343204],[37.87819905407025,49.22301272119989],[37.87725774501387,49.22466386987256],[37.87691825650173,49.225867510961045],[37.87727317630988,49.226253293361204],[37.87775154648607,49.22648476280129],[37.87804474111019,49.22645390020928],[37.878908893686535,49.226639075761355],[37.88835284684233,49.22640760632126],[37.88900096127459,49.2252656904168],[37.88995770162697,49.22498792708869],[37.89208722047583,49.22495706449668],[37.892627315836044,49.22531198430482],[37.89477226598091,49.22549715985689],[37.897117822973854,49.224324381360425],[37.89792025036618,49.22389230507225],[37.90702471500984,49.224802751536615],[37.92203936602388,49.22654648798532],[37.92054253031128,49.22889204497825],[37.920064914177374,49.230419928537614],[37.92138109581391,49.23117568216577],[37.92119955351923,49.23170914835423],[37.920745697782486,49.23200551596977],[37.920586848274624,49.23228706355766],[37.92124493909291,49.232538973197215],[37.92185764433751,49.232583427706125],[37.92226611450058,49.233339148237164],[37.92219803614007,49.23542843306843],[37.921539945321776,49.23742872935421],[37.920586848274624,49.23879184781754],[37.919247973851235,49.240021585455196],[37.91820410565672,49.24128092358948],[37.91797717778834,49.24196243436426],[37.918317569590904,49.24221429466176],[37.921176860732395,49.24273282652364],[37.921834951550665,49.242125402938726],[37.92192572269802,49.241666126487374],[37.92242496400843,49.240969795978465],[37.92269727745048,49.24089571768694],[37.924172308594905,49.24110313662321],[37.924263079742246,49.24086608633921],[37.92401345908704,49.23879184781754],[37.924376543676445,49.238436255323634],[37.92537502629728,49.238628868242294],[37.92567003252615,49.238199192238696],[37.92517079121574,49.2378139622988],[37.925148098428906,49.237636162851594],[37.92535233351044,49.23735464575116],[37.93109360858025,49.23852515368713],[37.93236440464313,49.23886592926484],[37.93270479644569,49.23919188631293],[37.936834883650064,49.23769542940509],[37.9384460715155,49.23688050806031],[37.942485387572525,49.24239207762776],[37.94756857182405,49.25255057003474],[37.94767656896571,49.25254707453505],[37.9489414854277,49.25250613349689],[37.95018958870374,49.25251353958931],[37.95145415108196,49.252507558332354],[37.94559521186548,49.23661493507071],[37.94661547477686,49.23655824000041],[37.94813589149494,49.23630635085739],[37.9485897472317,49.236247082637064],[37.960412689173886,49.23808436439784],[37.96220541933402,49.23854367415937],[37.96309043802067,49.239091876992845],[37.963510254577166,49.23924003887629],[37.96504201768867,49.23941042449275],[37.966051846702925,49.239840089958875],[37.966505702439676,49.24032160715996],[37.9673353,49.2404595],[37.97417586439066,49.24015122468705],[37.97726208340052,49.24184020758045],[37.9798944466736,49.24107720930378],[37.981233321097,49.24276616052848],[37.98133543863777,49.243143944344325],[37.98108581798256,49.2440180213093],[37.98088158290101,49.244203205120755],[37.98118793552332,49.24459579250424],[37.98093831486811,49.24515874255063],[37.98051849831163,49.2455735437411],[37.98113120355623,49.245958713154984],[37.98234526765203,49.246558682602895],[37.98320759355184,49.24682533335077],[37.983411828633386,49.24695125125891],[37.98431954010686,49.24802524389557],[37.98442165764763,49.24839558076724],[37.9840926122385,49.24982505503615],[37.983933762730636,49.25142483207991],[37.9762862935665,49.25514263218759],[37.97835133716868,49.255468481798566],[37.97950866929738,49.255661028284855],[37.97999656421439,49.25585357402005],[37.980904275687884,49.25677926418403],[37.98334375027288,49.25742353429164],[37.98620304141437,49.256164607851794],[37.98800711796794,49.255720273206464],[37.988415588131,49.256038713441725],[37.98968638419388,49.255838762836326],[37.99364627549697,49.25381699454869],[37.99440648385602,49.25331339103075],[37.99530284893608,49.25322451928838],[37.99576805106625,49.25293568502063],[37.99577939745967,49.25272090972597],[37.99571131909916,49.25244688471749],[37.99596093975437,49.252209888888906],[37.99715231106333,49.251898830137186],[37.99770261114413,49.25180254965013],[37.998058662648496,49.251923328976105],[37.99842878032291,49.25196548574898],[37.99916062269842,49.251828471338186],[37.99974496195947,49.25177662794846],[38.000210164089644,49.251872908486064],[38.00059594146587,49.252180264330306],[38.00074911777702,49.25219137354186],[38.00069805900663,49.25224321649603],[38.000624307449414,49.25226543488831],[38.00075479097373,49.2527690490974],[38.00085123531779,49.25305788434016],[38.00111220236642,49.253309688044695],[38.0011575879401,49.2534281834612],[38.001429901382146,49.25350964889505],[38.00157740449659,49.25365036160048],[38.00182702515179,49.253898459340874],[38.002053953020166,49.253898459340874],[38.00218443654448,49.25395400344028],[38.00240569121614,49.25391327110683],[38.003216958345575,49.25399103280516],[38.003659467688884,49.25407620023897],[38.004084957442096,49.254131744138384],[38.00420409457299,49.2542317229998],[38.004266499736794,49.25440946269789],[38.00443669563808,49.25447611491968],[38.00458419875252,49.25462793353334],[38.00447073481833,49.25471309986826],[38.004510447195294,49.2548760263604],[38.004612564736064,49.254957489404816],[38.004714682276834,49.255235203318534],[38.00485651219455,49.25544256202189],[38.00489055137481,49.25567954233049],[38.00502670809583,49.25573508442574],[38.00512315243989,49.25573508442574],[38.00519690399712,49.255801734857535],[38.005185557603696,49.25584987122453],[38.00511747924319,49.255894304752395],[38.005145845226735,49.256083146799575],[38.00521392358725,49.25615349953439],[38.00516853801357,49.25625347430086],[38.005242289570795,49.25635715162255],[38.00519123080041,49.256427503966826],[38.00506074727609,49.256560802870446],[38.00500401530899,49.25671631780299],[38.00511180604647,49.25696069742132],[38.005242289570795,49.25738280482121],[38.00554296899639,49.25763828912532],[38.00569614530754,49.257656802429295],[38.00571883809436,49.25781231390858],[38.00611028866731,49.25807520124739],[38.00647337325671,49.25827514279293],[38.00687617022306,49.25840473410279],[38.00729031358285,49.258660213117004],[38.00755695382819,49.25893050106919],[38.0079257116143,49.25933778148902],[38.0081129271057,49.259585850643155],[38.00805052194189,49.25971543851144],[38.00801080956492,49.25988575347798],[38.00802782915506,49.26005977033674],[38.00819235185963,49.26024489398097],[38.00807321472873,49.26053738792348],[38.007931384810995,49.26060403187039],[38.0079370580077,49.260666973293205],[38.007931384810995,49.26074102192315],[38.00786897964719,49.26086320191963],[38.00733569915653,49.26115939459504],[38.00714281046841,49.26128157355574],[38.00702367333751,49.261292680718995],[38.006694627928375,49.2613556212635],[38.006303177355434,49.26152963293939],[38.00612730825744,49.26160368027493],[38.00601384432325,49.26155184715172],[38.00591172678248,49.26162589445393],[38.00569614530754,49.2616851322157],[38.00553729579968,49.26173326284478],[38.005230943177374,49.26185914272968],[38.004930263751774,49.2620405572931],[38.00485651219455,49.26212200851279],[38.00456717916237,49.26228120823583],[38.00438563686769,49.262473728145046],[38.004476408015016,49.26250704882232],[38.00428351932691,49.262629224446506],[38.00413034301577,49.2626662473032],[38.00399418629474,49.262758804323425],[38.00403957186841,49.26286246797996],[38.00396014711448,49.26296613141874],[38.00394312752435,49.263121626168605],[38.00408495744209,49.26326971595103],[38.00419274817957,49.26336597407128],[38.00436861727756,49.263414103061],[38.00460689153935,49.26358440526305],[38.004731701866945,49.26361402297733],[38.00481679981758,49.263673258352554],[38.00494161014519,49.26372508924753],[38.005043727685965,49.263791728889665],[38.00510045965305,49.263810239885395],[38.0053103679313,49.263936114472216],[38.005594027766755,49.26399164727607],[38.005843648421965,49.264058286558246],[38.00618971342124,49.26412492575039],[38.00642798768303,49.26418045834178],[38.00657549079747,49.26425079953445],[38.006779725879,49.26429522549923],[38.00694424858358,49.26434335358261],[38.00723925481246,49.26455437616326],[38.0073924311236,49.26465063177754],[38.007556953828185,49.26470246164592],[38.00769311054919,49.26480241909547],[38.00770445694261,49.26493569537989],[38.00773849612287,49.265098588127536],[38.00771580333603,49.26533181998913],[38.007545607434764,49.265498413501014],[38.00728464038614,49.26566870850958],[38.00715983005853,49.26576125989817],[38.006779725879,49.265909341758814],[38.005843648421944,49.26627584245279],[38.00566210612726,49.266342478650124],[38.005384119488504,49.266468346777316],[38.00530469473457,49.2665164727411],[38.00501536170239,49.26663123446528],[38.00488487817809,49.26671638008816],[38.00485083899783,49.26684224726152],[38.004828146210976,49.2670865767403],[38.004935936948456,49.26720133713847],[38.00494161014517,49.267271674024755],[38.005077766866194,49.2674160494246],[38.00504372768594,49.26746417446399],[38.005089113259615,49.26754931864947],[38.00516853801354,49.26766037606189],[38.005185557603674,49.26769369323686],[38.005282001947734,49.26781215412124],[38.005327387521405,49.26788989392205],[38.00544652465231,49.26793801849925],[38.00557133497991,49.26812681446424],[38.005679125717386,49.26823787057674],[38.005628066947004,49.26836373386873],[38.00566777932397,49.26848219314434],[38.00561104735687,49.268626565001924],[38.00555998858649,49.26866728519307],[38.00557133497991,49.26876353278401],[38.005531622602945,49.26879684921403],[38.00540681227534,49.268811656509044],[38.005384119488504,49.26885607836743],[38.00529334834115,49.26888569291747],[38.00524796276748,49.26895232559006],[38.00515151842342,49.269015256364845],[38.0050834400629,49.26905967803991],[38.005021034899094,49.26907448525606],[38.00494728334189,49.26915222306785],[38.00473737506365,49.269218855380444],[38.00444236883476,49.26927808402721],[38.00424380694993,49.26937062864545],[38.004016879081554,49.269500190819336],[38.003648121295456,49.26964085793716],[38.00293897170678,49.26979633165338],[38.00249078916676,49.26974820888882],[38.00173625400441,49.269566822661986],[38.00146961375909,49.26948908550348],[38.00108383638285,49.26938173398797],[38.00104412400589,49.26928918939058],[38.00124835908742,49.26932620725037],[38.001463940562374,49.26927808402721],[38.00150932613605,49.269218855380444],[38.001424228185414,49.2691226086778],[38.00107816318614,49.26875242730232],[38.00078883015396,49.2686635833589],[38.00047113113825,49.26864877601943],[37.99579074385304,49.26889679836914],[37.99415686320078,49.26905227443019],[37.99352146516934,49.26946687486426],[37.99343069402199,49.26969638432062],[37.992903086728006,49.26995920835441],[37.99242653820442,49.270159101752526],[37.992460577384676,49.27031457383556],[37.99269885164647,49.27049225561623],[37.99283500836749,49.27077358379349],[37.99285770115433,49.27132142879784],[37.99264211967938,49.27170639732338],[37.99063380804429,49.27142507446563],[37.990111873947036,49.27078839049523],[37.98993033165233,49.27066253338886],[37.98960128624319,49.27057369288515],[37.98937435837482,49.270595903026084],[37.989215508866955,49.27069214685454],[37.98886377067099,49.270943860595104],[37.9883872221474,49.27112154010929],[37.98713911887135,49.271321428797826],[37.98685545903588,49.27143247771927],[37.98603851870975,49.27152131667645],[37.98542581346514,49.27167678446653],[37.98489253297446,49.271898880459574],[37.98458618035215,49.27358677732996],[37.98587966920188,49.27379405892871],[37.98671930231485,49.273668209490495],[37.98735470034631,49.27381626761977],[37.98819433345928,49.274327064754495],[37.988477993294744,49.27441589849886],[37.988738960343376,49.2746749960061],[37.98919281608012,49.27488227303201],[37.989884946078654,49.275193186937706],[37.99014591312728,49.275333837822664],[37.99024803066804,49.275533709442946],[37.99007783476678,49.27601487854028],[37.989714750177384,49.27645162796466],[37.989510515095844,49.27673292215654],[37.989612632636614,49.276947592960525],[37.98970340378396,49.27702161715904],[37.99037284099567,49.277169665222786],[37.99114439574814,49.27756199044256],[37.99133728443625,49.27792470343544],[37.99162094427171,49.27808755329927],[37.99166632984539,49.27825780485472],[37.9919159505006,49.27838364258319],[37.99293712590827,49.27879076244615],[37.99512697983806,49.279619796141006],[37.99718067704683,49.28042661019519],[37.99778203589802,49.2805228348436],[37.998633015404415,49.280471021594714],[38.00304676244424,49.28009352342397],[38.00633721653564,49.27979744440538],[38.00615567424094,49.28011572927871],[38.006303177355385,49.280308179600944],[38.00633721653564,49.28064126492237],[38.00640529489615,49.28094474070104],[38.00638260210931,49.28117419675729],[38.006450680469825,49.281425857010724],[38.00714281046835,49.281766336485944],[38.00753993423801,49.28181814837391],[38.00793705800767,49.28169972112142],[38.008788037514066,49.28147026751037],[38.00908304374295,49.28143325876344],[38.009434781938914,49.28144066051505],[38.00961632423362,49.28145546401493],[38.01046730374001,49.28169231940869],[38.01108000898462,49.28211421526091],[38.01135232242665,49.28236587071728],[38.011272897672725,49.282506501148234],[38.01108000898462,49.28255091067468],[38.011204819312226,49.282772957707046],[38.01137501521351,49.28297279918132],[38.01137501521351,49.283217048772265],[38.01132962963983,49.28342428990067],[38.01122751209907,49.283513107260504],[38.01117078013197,49.283513107260504],[38.01084173472283,49.28350570581996],[38.01053538210052,49.283809163971256],[38.01037653259267,49.284053409419506],[38.0101496047243,49.2842014363751],[38.01007017997037,49.284238443044565],[38.00900361898902,49.28419403503788],[38.00861784161278,49.28420883771123],[38.00809590751553,49.28425324570459],[38.007517241451175,49.28429765365795],[38.00712011768152,49.28423104171291],[38.00635990932247,49.28422364038013],[38.005940092766,49.28411262025507],[38.005781243258134,49.28402380397507],[38.00576989686472,49.28339468407852],[38.00565643293053,49.283217048772265],[38.00547489063583,49.2831060263809],[38.00503238129251,49.283120829380856],[38.00463525752286,49.283202245801185],[38.003806970803296,49.28343169135345],[38.00305810883766,49.28363893157978],[38.00280848818246,49.283890579255115],[38.00250213556016,49.28434206157133],[38.00188943031555,49.28494156448749],[38.001322110644615,49.2852154090734],[38.001072489989404,49.28534122904891],[38.000312281630364,49.28514139717313],[38.00013073933566,49.28483794722054],[38.000017275401476,49.28424584437513],[37.99989246507387,49.28349090293555],[37.99974496195942,49.28304681433664],[37.99944995573055,49.28272854838059],[37.998281277208434,49.28278776080702],[37.997827421471705,49.282876579313346],[37.99374271984101,49.28319484431399],[37.98945378312878,49.28341688844681],[37.98804683034486,49.28341688844681],[37.98704834772402,49.2834612971534],[37.98641294969259,49.28329106356098],[37.986276792971566,49.28311342788145],[37.985550623792776,49.28222523988528],[37.98532369592441,49.28168491769488],[37.98513080723629,49.28127041994702],[37.9847790690403,49.2810335625269],[37.983689815272115,49.28072268543655],[37.98346288740375,49.28099655345223],[37.983485580190596,49.281159393172985],[37.979537035280906,49.28235106749069],[37.97890163724947,49.282654532747564],[37.97875413413503,49.28278776080702],[37.97908317954417,49.28386837510013],[37.97982069511637,49.28504518153672],[37.979729923969025,49.285319025547174],[37.97904914036391,49.28585190682987],[37.97743795249846,49.286614213097074],[37.975872150206705,49.28685844465095],[37.97510059545424,49.286969458593695],[37.97372768185059,49.28706567047521],[37.972184572345654,49.287050868659506],[37.97169667742865,49.28716188216899],[37.97122012890507,49.2872950980504],[37.970312417431586,49.287391309296474],[37.97005145038295,49.28745791697226],[37.969779136940915,49.287805755594825],[37.96838353055042,49.28779835479862],[37.96632983334165,49.28724329191706],[37.96622771580089,49.28750232203942],[37.967248891208556,49.28791676740459],[37.967872942846576,49.28808698502745],[37.96752120465059,49.289330295927485],[37.9664489704729,49.293478139120616],[37.96625608178477,49.29361133793532],[37.965030671295565,49.293973932885166],[37.964826436214025,49.294107130360125],[37.964588161952236,49.294521520202785],[37.964009495887865,49.295120899347204],[37.96377122162609,49.29589786146455],[37.96380526080633,49.29634183431853],[37.96397545670761,49.29672660755715],[37.96383929998658,49.29707438078456],[37.96404353506812,49.29730376178302],[37.96394141752736,49.29740735285176],[37.96332871228275,49.29750354436348],[37.96269331425132,49.29771812475158],[37.96260254310397,49.29787350996667],[37.9628067781855,49.29975289234317],[37.962137340973804,49.30303054128948],[37.96936499358148,49.302682810090815],[37.9702386658747,49.302608824412815],[37.97006846997344,49.30520565523309],[37.96997769882609,49.30889721048242],[37.969886927678736,49.31249972416529],[37.96844593571457,49.312240825397325],[37.967912655223884,49.312240825397325],[37.967322642766106,49.31210027978202],[37.962284844088245,49.311183024865684],[37.96211464818696,49.311375353924554],[37.96741341391347,49.3123443850678],[37.96648300965313,49.31409007245958],[37.96596107555588,49.31464483304083],[37.9649399001482,49.31536971078448],[37.963714489659,49.31606499165802],[37.96337409785644,49.31677505561161],[37.963045052447306,49.317100498169246],[37.962250804907995,49.31772179162612],[37.96321524834857,49.3181877565755],[37.96419103818257,49.31830609617812],[37.96423642375625,49.320081156095746],[37.96459950834565,49.32059886985366],[37.96514413522973,49.320953870427815],[37.96593838276904,49.32114616133697],[37.966051846703216,49.322092813327146],[37.9661653106374,49.324341038870124],[37.96632416014527,49.32697369882381],[37.96626742817819,49.328792814190464],[37.9649438,49.3324748],[37.962823,49.334169],[37.96265499748725,49.33505957829678],[37.957984560982545,49.33496695248584],[37.9574626268853,49.335040889569335],[37.95613509885532,49.335388392374114],[37.9519936652575,49.33708150923962],[37.952447520994255,49.337879989558914],[37.951948279683826,49.33803524811666],[37.95134692083265,49.33870063638806],[37.9417892,49.3388375],[37.94165710085312,49.33894460983357],[37.94187268232808,49.339299478140745],[37.9423293,49.3418475],[37.94112382036244,49.34477743297705],[37.945140443632624,49.34684721667831],[37.9429959752765,49.349759550570866],[37.943620026914516,49.34987781429443],[37.9456737241233,49.35049869417892],[37.94866917198582,49.351319130578844],[37.94992862165529,49.35165912723891],[37.949327262804104,49.352257811297875],[37.94931591641069,49.35254606398687],[37.94952015149221,49.352760404634985],[37.951131339357666,49.353610366975424],[37.95185750853646,49.35419424563846],[37.953309846894044,49.35510330874819],[37.953911205745236,49.355701950889255],[37.954206211974125,49.35610104160215],[37.95455795017009,49.35727612322973],[37.95451256459641,49.357542175549405],[37.9536502386966,49.35825903158085],[37.95309426541908,49.35853246875743],[37.9543081,49.3615883],[37.95028035985127,49.36247866303116],[37.95018958870392,49.36272251858034],[37.948691864772655,49.36482110422895],[37.94663816756388,49.36766587486485],[37.945378717894414,49.369368963968135],[37.94507236527211,49.36949456907135],[37.94511775084579,49.36967189337662],[37.94370512486516,49.371640889032605],[37.94238894322859,49.37345465952099],[37.940227455282354,49.37638758056753],[37.93969984798837,49.377078306031784],[37.9385188,49.3791976],[37.934321657507944,49.380232618716136],[37.93383376259095,49.38111904017097],[37.93208641800448,49.38079402082739],[37.93105389620338,49.38057980235744],[37.92500626851124,49.37990020654832],[37.92198812786188,49.37955301810578],[37.92174985360008,49.37951608302074],[37.92161369687907,49.37935356831677],[37.92150023294489,49.379360955360426],[37.92126195868309,49.37952347003998],[37.91839132114817,49.37949392195638],[37.91614473525128,49.37953085705809],[37.915713572301364,49.38497478744602],[37.9136031431255,49.38515205590782],[37.91265004607833,49.38518898675686],[37.90680665346772,49.38536625444585],[37.90668184314013,49.38455377228603],[37.90659107199278,49.38358616236841],[37.90651164723885,49.38251512153923],[37.89211307399057,49.382105165250884],[37.88272960663334,49.37971922564497],[37.88287710974778,49.379416358152476],[37.879643387623474,49.37869981055557],[37.87916683909988,49.37875152052572],[37.876613900580686,49.378286128835555],[37.87541118287831,49.378241805587585],[37.87173495141069,49.37855206748387],[37.86919335928491,49.378773681924855],[37.8662092578158,49.379261230177356],[37.86559655257119,49.37926861723489],[37.865324239129144,49.379423745186685],[37.86215859536534,49.3799629956856],[37.8611601127445,49.38009596065265],[37.86086238590493,49.3801481246828],[37.86064385184394,49.380251085992874],[37.86047365594266,49.38026955326266],[37.8603762385136,49.380284327733975],[37.85947517332182,49.38042098461315],[37.85296234349951,49.38059088264603],[37.85298503628635,49.379719225644976],[37.85105614940518,49.379756160577344],[37.85128307727354,49.38097499777258],[37.847016833348114,49.38103409214095],[37.84710760449547,49.387031800872165],[37.83721354943438,49.39485652814755],[37.834535800587574,49.39721219530681],[37.833276350918105,49.39795062570161],[37.83318557977077,49.39959728549659],[37.82907818535322,49.40045382212517],[37.82831797699417,49.39934622882603],[37.82744430470093,49.39978188517082],[37.82532252913165,49.40045382212515],[37.824970790935666,49.4004833576045],[37.82477790224754,49.40043905437883],[37.82466443831337,49.400313528355646],[37.82470982388704,49.400128930679855],[37.823132675201826,49.39426574750358],[37.81859411783438,49.392279195470884],[37.800360463610616,49.395631916959154],[37.78641574609909,49.39991479650661],[37.76813039186123,49.40391306289878],[37.7665511801163,49.40108700349034],[37.76570517382439,49.40040187368505],[37.765347971167785,49.399349691443916],[37.76387686022682,49.397642906029006],[37.74697553452824,49.40431065560842],[37.74032028503178,49.40738118624349],[37.73659785734734,49.40840873130015],[37.7242116,49.4132672],[37.71791847008811,49.41469589510322],[37.68337529566569,49.41318502881864],[37.67702965727043,49.42086659108659],[37.68022633225151,49.422488784360574],[37.68358204578886,49.42325216943068],[37.689498280082205,49.425812690186675],[37.6980704582653,49.42838911479829],[37.70985724045651,49.43469656226775],[37.710700664744635,49.43813705751604],[37.71086046593311,49.43860161072225],[37.711612471525925,49.43944513029444],[37.71831472137193,49.44524546251975],[37.733683835675144,49.454274645736994],[37.74257630181023,49.45951111550397],[37.74276279618486,49.45925774422151],[37.743253106843774,49.45913229982587],[37.74398631229676,49.45923616893221],[37.74488871900814,49.45894289088871],[37.745640724600975,49.45888179107539],[37.74612012816639,49.45890623100986],[37.747013134807865,49.4586312810444],[37.74747373823347,49.45873515121266],[37.748423145294396,49.458606840972806],[37.74892134899964,49.458405209917174],[37.7554167973076,49.45524621507228],[37.75739081198875,49.45397522740564],[37.75812401744175,49.45696932841123],[37.75962802862739,49.456529390339135],[37.76116991328982,49.456547430587875],[37.761328870250374,49.45694483638484],[37.76154445172533,49.456893208736645],[37.76177137959371,49.4566055679869],[37.76229331369097,49.456502311921376],[37.76288332614873,49.456627694258366],[37.76212311778968,49.45667932218625],[37.761896189921316,49.45673832546579],[37.761873497134474,49.456871082585074],[37.76206638582259,49.45690795949883],[37.7621911961502,49.45707021758973],[37.7623727384449,49.45701859007362],[37.76269043746061,49.45718822313658],[37.762452163198816,49.457306228399325],[37.76253158795275,49.457402107466095],[37.76278120860797,49.457424233377935],[37.76301948286976,49.45759386503689],[37.763201025164456,49.45759386503689],[37.76331448909864,49.45770449406336],[37.76358680254069,49.45769711880269],[37.763927194343246,49.45757173920162],[37.7641427758182,49.45756436392098],[37.76430162532606,49.457689743540925],[37.76399527270376,49.45772661983868],[37.76385911598273,49.45784462380506],[37.763518724180166,49.4579036256817],[37.7631669859842,49.45795525226547],[37.76294005811583,49.45796262748729],[37.76276986221455,49.458073255681335],[37.76267909106719,49.45819125881306],[37.76272447664087,49.45827238580131],[37.76262235910011,49.458405138765116],[37.76241812401856,49.45853051623408],[37.762089078609435,49.45864851826479],[37.762588319919864,49.45976952338543],[37.766400708108506,49.46152472989344],[37.770303867444525,49.46071350780836],[37.77534166612241,49.459673648950265],[37.778722891361156,49.46355272635216],[37.79336541206789,49.47746251927688],[37.79392138534541,49.478420907116934],[37.79538507009641,49.48066935881454],[37.79700760435528,49.48310199355648],[37.79827840041817,49.48503327204611],[37.79943573254687,49.48667701013821],[37.800842685330785,49.488799783056706],[37.80227233090154,49.491018277216355],[37.80204540303316,49.4912393840814],[37.80209078860684,49.49157841266807],[37.80222694532786,49.491711075388885],[37.802465219589635,49.49229331307843],[37.798709563368035,49.50465133243331],[37.789711873387034,49.504990268119755],[37.77214765637497,49.5058818051275],[37.74739549913218,49.49546417588877],[37.74719126405065,49.49559682807816],[37.732389893835986,49.500784720583],[37.73326356612922,49.50219213634741],[37.734800890817475,49.50465272491035],[37.73640084390947,49.507213554323606],[37.736497288253524,49.50734249077186],[37.736741235712024,49.50755615613797],[37.73697950997382,49.50832976431272],[37.737524136857914,49.50920650545548],[37.74033804242573,49.51065051543773],[37.73623064800819,49.51211658400445],[37.73413156522574,49.51298589034199],[37.73208921441039,49.51379624674275],[37.72836759736907,49.51517013850811],[37.72780027769813,49.515273270917156],[37.72354058580208,49.51616095694077],[37.71439641705116,49.51716695660588],[37.71334426374302,49.51500589476927],[37.712177330073956,49.513962589360936],[37.71163166707655,49.51265806052926],[37.71176782379759,49.51220130521681],[37.71182455576468,49.511884520801736],[37.711801862977836,49.511729811388285],[37.7114160856016,49.51158246863483],[37.71182455576467,49.511228844215694],[37.71197205887911,49.51085311546926],[37.71181320937125,49.51030793529361],[37.71127992888057,49.50951962348422],[37.710803380356985,49.50893759072519],[37.70950989150727,49.50823030108987],[37.70847736970618,49.5076924594185],[37.70724061282354,49.5068230590073],[37.70674137151312,49.506940944714266],[37.70628751577638,49.50657991883962],[37.70661656118551,49.50615257864694],[37.706582522005256,49.50601258708251],[37.705958470367236,49.50556313777342],[37.70569750331861,49.50531999134423],[37.705368457909465,49.505040003050105],[37.704540171189905,49.504782117677465],[37.704086315453154,49.50442107587219],[37.703428224634884,49.50418529203069],[37.702645323488994,49.50376529924847],[37.702055311031216,49.503308460900726],[37.70111356037746,49.50314635594559],[37.700354274488866,49.50294912130901],[37.69860600743193,49.50214424066481],[37.69801599497415,49.50198213185262],[37.69714232268092,49.50199686903956],[37.69539497809444,49.501694755820196],[37.69480496563668,49.50209266064646],[37.69428303153941,49.50229898039364],[37.693999371703946,49.50247582519881],[37.694044757277624,49.502564247361704],[37.69427168514599,49.50257898437332],[37.694509959407796,49.50270424879286],[37.69460073055514,49.50272635424537],[37.69447592022753,49.50288846059197],[37.694543998588045,49.50309477698364],[37.69472554088274,49.50322740849031],[37.69471419448933,49.503418986698605],[37.69486169760378,49.50354424896768],[37.69511131825897,49.5035810907505],[37.695168050226066,49.50387582401438],[37.69539194817968,49.50399290677856],[37.69578075547066,49.504782117677486],[37.695769409077236,49.50499947829586],[37.69593089240947,49.505960706954475],[37.696262977190955,49.50679727147106],[37.6966033689935,49.50744932357159],[37.696977799976324,49.50848080067189],[37.697329538172305,49.50923229172183],[37.697431655713075,49.509666972451335],[37.69796493620375,49.51027109857613],[37.69812378571161,49.510665250013794],[37.698549275464806,49.51128409819972],[37.698517095542634,49.511511613812274],[37.698498216694425,49.51164508935929],[37.698634373415445,49.51182558394004],[37.6988293802479,49.51197721019227],[37.69909390234889,49.512182887574454],[37.699235688009914,49.51258298889346],[37.69938890857778,49.513015358082725],[37.69962718283958,49.513324768288335],[37.69997892103556,49.51429718762091],[37.70014911693684,49.51473182334352],[37.70014911693684,49.51498228963286],[37.69995622824872,49.51519592163079],[37.6998881498882,49.515586350112486],[37.6998881498882,49.51579261295781],[37.69980872513428,49.516035707337295],[37.700228541690755,49.51610200559474],[37.700160463330256,49.51745005067018],[37.69968391480667,49.517545812021545],[37.69968391480667,49.51785519356753],[37.69978603234744,49.51801724978671],[37.70012642415001,49.51803934832044],[37.70013777054341,49.51888645125209],[37.700115077756564,49.519041138029124],[37.699808725134275,49.51923265431323],[37.70001296021581,49.51969670989111],[37.69996757464212,49.520072370704966],[37.699513718905386,49.520425931187674],[37.69949102611855,49.52084578094067],[37.6998881498882,49.52126562708884],[37.69947967972514,49.52156761945764],[37.6998881498882,49.521707566508326],[37.6997633395606,49.52191380353716],[37.6999562282487,49.52214213637588],[37.70001296021581,49.522422026788135],[37.70047816234597,49.52258406787348],[37.70061431906699,49.522841859402526],[37.70064835824725,49.52333534225268],[37.700580279886736,49.52385091602982],[37.70046681595255,49.52411606614115],[37.70068239742751,49.52435175392185],[37.70061431906699,49.52480839576393],[37.700671051034085,49.52538287460421],[37.70048950873939,49.52550071558326],[37.69868543218581,49.526008901551876],[37.69757348563079,49.52631086462556],[37.696279996781065,49.5264581630091],[37.69399937170392,49.526612825834185],[37.69382862359274,49.52651035859401],[37.69369869227832,49.526432385824016],[37.6933753200659,49.526432385824016],[37.69314839219753,49.526546541826214],[37.69310427576622,49.52678233046295],[37.692660497280514,49.52685586642794],[37.69206481162605,49.52691846759731],[37.69194712364115,49.52695728065686],[37.691919721835774,49.526984682462235],[37.69191698165524,49.52702030480922],[37.69193479282873,49.527064147697814],[37.692025099249065,49.527113635434354],[37.69221798793719,49.52726093139923],[37.6924619353957,49.527286708147464],[37.692768288017994,49.52727197857871],[37.69304664721649,49.52718695303261],[37.69315406539423,49.527154141868934],[37.69341503244285,49.52739717977165],[37.69360792113098,49.527448733110816],[37.69390292735986,49.527419274066524],[37.694044757277595,49.52738613262046],[37.69411283563811,49.52745241549011],[37.6943511098999,49.5274376859713],[37.694441881047254,49.52748555689125],[37.694578037768274,49.527507651146195],[37.69475958006298,49.52762180463764],[37.69485602440704,49.52778014613609],[37.69486169760374,49.52785011082088],[37.69476525325968,49.527864840215436],[37.69466880891562,49.527772781426606],[37.69424331916242,49.527610757537204],[37.69399937170392,49.52763285173557],[37.69384052219605,49.52768440482623],[37.6938688881796,49.52792007540553],[37.69402773768746,49.52834354312291],[37.69397504941075,49.52846382695177],[37.693863214982905,49.52871913750696],[37.6938064830158,49.52909104674972],[37.69402206449075,49.52942613087208],[37.69421495317888,49.52945190647868],[37.69436245629332,49.52936721514885],[37.6945233935159,49.5292179896314],[37.694600730555116,49.52914628055435],[37.69479929243994,49.52919783204904],[37.69484467801362,49.52927147694716],[37.69485602440704,49.52953291543947],[37.694805268570114,49.529605665261],[37.694719867686004,49.52972807283919],[37.69454399858802,49.52978330592407],[37.69427735834268,49.53007788132278],[37.69421495317888,49.53039454789658],[37.69417524080191,49.53051237679573],[37.69397100572037,49.53071857668581],[37.6938008098191,49.53081431205337],[37.69372138506516,49.531119927549085],[37.6938121562125,49.53125248307359],[37.69407312326114,49.531362945736106],[37.694345436703195,49.531362945736106],[37.6946574625222,49.53121566213062],[37.69477092645638,49.531112563342745],[37.694827658423485,49.531009464337416],[37.69494112235766,49.530943186290585],[37.69502054711159,49.53086954391094],[37.69496381514451,49.53103523910914],[37.6947765996531,49.53136662782055],[37.69477092645638,49.531782701577015],[37.69472554088272,49.53199257814575],[37.694634769735366,49.5320662188335],[37.694390822276866,49.532971990218016],[37.69411850883481,49.5337378326018],[37.69392562014669,49.534271706011424],[37.69370436547504,49.53474666434996],[37.69360792113098,49.53479452811257],[37.69347743760667,49.534945482749166],[37.69329022211526,49.535133254939126],[37.693176758181075,49.53532838997998],[37.69317108498436,49.53558611431161],[37.69323349014817,49.53576283878213],[37.69369301908162,49.53584383728421],[37.69402206449075,49.53585488252408],[37.69420927998217,49.535818065048105],[37.69455534498144,49.53553088778352],[37.694685828505754,49.535501433609696],[37.694935449160965,49.53548302474204],[37.695111318258945,49.53536152604161],[37.69544036366809,49.53511116413069],[37.69550276883189,49.53503016441434],[37.69551978842202,49.534923391855855],[37.69561837244811,49.534893570873685],[37.69582046784762,49.53497861907041],[37.69598499055218,49.534967573632485],[37.69607008850283,49.53503384622254],[37.69624595760081,49.535011755369176],[37.69633672874816,49.535022800797094],[37.69635942153499,49.53521057269001],[37.69633105555145,49.53534679890588],[37.696217591617255,49.535420434540136],[37.69618355243701,49.53563029548914],[37.69624595760081,49.53577020228786],[37.69642749989551,49.53588801822877],[37.69653529063299,49.536182556838476],[37.6966033689935,49.536502865561694],[37.69661471538692,49.5366243614248],[37.696529617436276,49.53669799513422],[37.696580676206665,49.53679740046596],[37.69645586587905,49.53698148387971],[37.69631970915805,49.53704039042567],[37.69635374833829,49.537125068461094],[37.69613249366663,49.53719133812561],[37.69591123899497,49.537283379177246],[37.69579230538153,49.537589565267965],[37.69580438070658,49.5377767232084],[37.695667291536466,49.53785034823254],[37.69547440284835,49.53791293532253],[37.69533257293061,49.538166964453104],[37.69516237702935,49.53842467381596],[37.69498083473464,49.53856089107301],[37.69480496563665,49.53881491683542],[37.69473121407943,49.53887382117145],[37.694702848095886,49.53897322207748],[37.6949524687511,49.53910575630432],[37.69450428621106,49.53928246804768],[37.69452130580119,49.53935609775213],[37.694453227440675,49.53942236439129],[37.6943511098999,49.539448134726705],[37.6942830315394,49.53952912712093],[37.69422062637559,49.53958803059605],[37.69422629957229,49.53966902275841],[37.69412418203153,49.53974265188044],[37.69412418203153,49.5398420510192],[37.69404475727761,49.53992304276054],[37.69411850883481,49.54010711440075],[37.69419793358875,49.54016233575758],[37.69441351506371,49.540081344412854],[37.69468015530905,49.54004084869014],[37.69490140998071,49.53992304276054],[37.695134011045795,49.53989727267558],[37.6954460368648,49.53974265188044],[37.695604886372664,49.53970215587705],[37.6957467162904,49.53991199844008],[37.69595008478519,49.54003502061593],[37.69608143489625,49.54011447725192],[37.69614384006005,49.54031327381458],[37.69629701637121,49.540508388172995],[37.69625163079753,49.540802898936626],[37.69680760407504,49.5409022959187],[37.69719905464798,49.54134405783737],[37.69753377325382,49.54168642057735],[37.69792522382677,49.54200301194409],[37.698543602268096,49.542216525893714],[37.69930381062714,49.542194438287],[37.69978035915073,49.54221284462662],[37.700126424149985,49.54235273258103],[37.700381718001914,49.54263618852386],[37.70065970464067,49.542765031590626],[37.70104548201691,49.543022716704954],[37.70143125939313,49.543519677016235],[37.701692226441764,49.543931966179024],[37.70181703676937,49.54449149590676],[37.701590108901016,49.54493322537612],[37.70132346865567,49.545161450703866],[37.700961325074395,49.545393661854995],[37.700841246935376,49.54547065751177],[37.70056893349332,49.545835077308794],[37.70045546955914,49.54676267907196],[37.70051220152622,49.547344261670645],[37.70085259332879,49.547800688734554],[37.701246999068964,49.5481163582094],[37.70151068414708,49.54872825317693],[37.701624148081265,49.549353981146396],[37.70168655324506,49.54985823844252],[37.70164684086811,49.55012692816068],[37.70148499815907,49.55038447584298],[37.701346161442515,49.55060541304045],[37.70135750783593,49.551209033433615],[37.70105115521362,49.55157709098819],[37.70111356037743,49.551797924189735],[37.701442605786575,49.552129172120075],[37.70155039652405,49.55237576634294],[37.70165818726153,49.55282110499405],[37.70174193719783,49.552833090097394],[37.70204396463775,49.552876311981976],[37.70212906258841,49.552935199366985],[37.70256457237959,49.55313728895503],[37.702826865783656,49.55307505662184],[37.70352466897891,49.55332164606936],[37.703507997171016,49.553374822997235],[37.70345659061838,49.55353879096994],[37.70380265561766,49.55353511055594],[37.70417141340376,49.55363080122983],[37.70449045793601,49.553622185456796],[37.70460071834868,49.5536902981308],[37.70458555676355,49.55378537807626],[37.70459690315697,49.55414237511389],[37.70466498151748,49.55452881226512],[37.704857870205586,49.555066138841546],[37.705147203237765,49.555158146224166],[37.70530037954892,49.55526487457088],[37.70537980430285,49.555364242132285],[37.70578260126921,49.55555193586337],[37.70605491471125,49.55564394233083],[37.70612866626848,49.55568442512159],[37.70645203848091,49.555772751094075],[37.70672435192296,49.555732268376524],[37.707274652003754,49.55555929638714],[37.707541292249104,49.55534216046944],[37.70783629847799,49.55522807171905],[37.7085170820831,49.55495941006054],[37.70873266355805,49.554941008523],[37.70902766978694,49.5548784432435],[37.70913899820699,49.55479255736531],[37.70936522499115,49.55481035740711],[37.7094717740575,49.55487634122642],[37.70953542089242,49.55497229113269],[37.70975667556409,49.555016454782844],[37.70997821263431,49.55500384820196],[37.71008004777652,49.55499805326681],[37.710255916874516,49.555036696442485],[37.710392953231704,49.555108268207924],[37.7153675,49.5563607],[37.73145000759963,49.557153013942774],[37.73252605055694,49.5568860126771],[37.73329760530942,49.55687865235327],[37.7343868590776,49.55674616633475],[37.7395494680831,49.556576878121355],[37.74087699611307,49.55663576104475],[37.742283948896976,49.556495913985785],[37.7438157120085,49.55606164951337],[37.74474611626882,49.55601748680833],[37.745880755610685,49.55620885824172],[37.74784368167212,49.55626038119182],[37.748513118883814,49.55640758932116],[37.74935275199679,49.55615733523727],[37.74954564068491,49.55614997480362],[37.74955030288146,49.55653709341439],[37.74955131388162,49.55662104032055],[37.75035123461764,49.556661522301404],[37.75049873773209,49.556573197936295],[37.75049179379503,49.55650337769649],[37.75045335215841,49.5561168528385],[37.75305167625129,49.556083730850894],[37.753270366581575,49.556109193802286],[37.7537324598564,49.5624648190398],[37.75370409387285,49.56258257061688],[37.75383518284118,49.56259328823653],[37.75505431468967,49.56269296246247],[37.756483960260425,49.56286958889629],[37.75832774919096,49.56319340236554],[37.76229331369077,49.563815265392144],[37.76258831991965,49.56389989702607],[37.76248052918217,49.56473884615775],[37.76241812401837,49.56532757378279],[37.76233869926444,49.566939179339386],[37.76240110442822,49.56767505459537],[37.762355718854565,49.56827110542157],[37.762355718854565,49.568675827142705],[37.76227062090393,49.56904743231368],[37.76204936623226,49.569661862380954],[37.76208367140865,49.56981378060385],[37.767163136839784,49.571204942830626],[37.7732072958686,49.571736389497175],[37.7726465652449,49.57461072352909],[37.777786595962226,49.57583139852018],[37.781311188454104,49.57639411075257],[37.784728975112884,49.57699144433072],[37.78944178249789,49.57795235691972],[37.794181291341125,49.57880937110371],[37.79832001737326,49.57958846184681],[37.798720539247334,49.59238108379588],[37.794368201549034,49.59279648483373],[37.79073507938447,49.59320671679416],[37.79081279835929,49.59391828424434],[37.795302752588526,49.593333039271556],[37.799842000494735,49.59281379313353],[37.803259787153536,49.59279648483373],[37.80542260527355,49.592831101427194],[37.80531579944046,49.60089609796226],[37.80532915016959,49.60517035144419],[37.79492893217273,49.604088844981774],[37.790763504682324,49.60362162676938],[37.78997581166332,49.60359134395297],[37.78972214780973,49.60365190956698],[37.78952188687269,49.605347716214155],[37.78928524584357,49.60742648261103],[37.78949518541442,49.607437111149366],[37.78967542025775,49.607294360308195],[37.78972214780972,49.60635132909826],[37.790009188486145,49.60376438836482],[37.79402108259148,49.6042618876279],[37.803166332049564,49.60526119689474],[37.80954798057652,49.60597065078117],[37.81510188389706,49.606524363714264],[37.81850631982672,49.606662790964904],[37.82080264523809,49.60668009434358],[37.823499492523545,49.606766611144906],[37.829307059697655,49.60685312779272],[37.833178771147054,49.60687908275711],[37.83655650561845,49.60691368935482],[37.838025085823396,49.606991554109825],[37.840548373630085,49.606991554109825],[37.84474050257875,49.60694829592795],[37.846783164136546,49.60685312779272],[37.84817261788311,49.608669492656546],[37.84907688190993,49.610472435644134],[37.850328939793215,49.61216263413222],[37.85147665951956,49.613357005721525],[37.85227658538943,49.61403305213974],[37.85318084941626,49.61552032125191],[37.852728717402854,49.61644420799755],[37.85293739371672,49.61736807722879],[37.854224230985665,49.61829192894573],[37.85571974456847,49.619779068091084],[37.85624143535318,49.621626662595624],[37.85606753842494,49.62225753247911],[37.85556295276275,49.63029836263924],[37.848269078358875,49.63602854459394],[37.82991793538765,49.64812736311722],[37.829409139326614,49.648262538196775],[37.828835279463426,49.648577801690585],[37.82862660314956,49.64934343310378],[37.82885266915626,49.649861353407815],[37.83005255796107,49.649940166884036],[37.84399909160546,49.6517190656865],[37.84465224326548,49.65384418772655],[37.84690781241359,49.654169857110794],[37.84246010379061,49.67548589462134],[37.834252168777944,49.67265001840154],[37.82646158639305,49.671018189280154],[37.82004230531068,49.67031250869046],[37.81924852524359,49.67040929688102],[37.81377259318659,49.67074433143805],[37.799242966741204,49.66825012993485],[37.79859873944038,49.66820545650331],[37.79645898447692,49.66875642595847],[37.79875979626559,49.67449656081699],[37.80247250514313,49.67590225935091],[37.799020732093034,49.685936751487525],[37.800755703999144,49.693645150157664],[37.80315438999014,49.69361021783741],[37.8053667702731,49.69351706498339],[37.806694198442884,49.69335404748885],[37.80787025322488,49.69345884444962],[37.8089182228326,49.69340062391586],[37.8093606988892,49.69372665890493],[37.80996619244033,49.694192423175025],[37.81042031260367,49.694227355495286],[37.811165535435826,49.694041049787245],[37.81164294381268,49.693843099972455],[37.81352928910657,49.69370337069142],[37.81454232639403,49.6938314558657],[37.81871091661137,49.693982829253486],[37.833003276495646,49.6960338128234],[37.82483000613391,49.701074472037206],[37.82243504784186,49.70326269301456],[37.82351848135492,49.718331695384215],[37.815858416341484,49.725176345341794],[37.802020879543,49.733199454952455],[37.786170853859616,49.73991309818221],[37.78626430896355,49.74020644997549],[37.78881429822852,49.745072379825594],[37.78283317157564,49.746426816019124],[37.7810708753297,49.74724636095709],[37.779869309707465,49.74827292929246],[37.777546282837825,49.74948925524978],[37.77595754607065,49.75005858883527],[37.77423530201213,49.75044676699391],[37.77101777629037,49.750671046291785],[37.7699096657721,49.75083494204594],[37.76961594973109,49.7509384548685],[37.766838998070845,49.75129212201205],[37.759229082463385,49.752033952032946],[37.75893536642239,49.7513697559179],[37.756425429344844,49.746987558788256],[37.75516588374047,49.744674810688196],[37.735306969639375,49.747648051161846],[37.73597211230864,49.75032168770423],[37.73604554131888,49.75090826365139],[37.731759957266256,49.751684603262156],[37.73200027039071,49.75238329828737],[37.73200027039071,49.75243936597042],[37.73168652825603,49.75249112069723],[37.7315863977875,49.75265069742395],[37.73129268174651,49.75281027362561],[37.73119922664255,49.75299141354257],[37.73117252518429,49.75322430672743],[37.730191246592796,49.75340975790814],[37.729957608832926,49.75353482923427],[37.72967056815649,49.75379359647119],[37.72904975925167,49.75396610719544],[37.728469002534254,49.75429818861204],[37.72764125732784,49.75483727697886],[37.72718733253722,49.75518660304085],[37.72684688894425,49.755389297256514],[37.726392964153646,49.755579052775744],[37.72579218134251,49.755669617648145],[37.72403000527039,49.75593191998232],[37.72298185285941,49.75608793891159],[37.722776985342975,49.75673349153758],[37.723122035515345,49.75843823355538],[37.72209402937188,49.759110957474526],[37.72142649291508,49.759248950971],[37.72010477073062,49.75919720345584],[37.71957501087794,49.75878186402037],[37.719377155992724,49.758602103062174],[37.718776373181605,49.758705599307454],[37.71846930641148,49.7589643389542],[37.71841590349494,49.75918857886461],[37.71849600786975,49.75932225985627],[37.71855107107489,49.75943687649616],[37.71867624271308,49.75969742712237],[37.71847598177606,49.75999928373485],[37.71809548599568,49.76001222040482],[37.71729882319792,49.76023793724188],[37.71657350287418,49.76044344076205],[37.713734794871115,49.761391792683376],[37.71364456605774,49.76142193620938],[37.71346278298551,49.76148266606452],[37.71357403906175,49.76168389660567],[37.71375417124491,49.76230724651607],[37.71382325267228,49.762546303750625],[37.713238527060035,49.76260760683781],[37.71042326698568,49.76290276088986],[37.7105598707699,49.76416750125179],[37.71063687865186,49.76488047547179],[37.708073538657764,49.765834808881465],[37.704691353943325,49.76732951020057],[37.70401491700045,49.767743419340476],[37.70257147097483,49.76662193580225],[37.70217251637968,49.76631196854125],[37.701522780895075,49.76607051484259],[37.7011133585349,49.766122255022104],[37.70074843860519,49.76635221070744],[37.7007395381191,49.76665115146759],[37.700169907009304,49.76709955915125],[37.699991625731286,49.767150280399434],[37.69942226617769,49.767312263909695],[37.69911964965061,49.767266273770744],[37.698567819512995,49.76687535582789],[37.698033790347566,49.7666454026242],[37.69758876604303,49.76655342103726],[37.69730395048813,49.766185492944324],[37.697232746599404,49.76616249734578],[37.69689452812796,49.766196990739495],[37.695951076602356,49.765921042902626],[37.695630659103095,49.76577157050179],[37.695274639659466,49.7655071182021],[37.695684953957766,49.76524208789983],[37.695380515431324,49.76510719479205],[37.69468720757748,49.76513918216788],[37.69411757646769,49.764886224524474],[37.69383319479338,49.764492601536794],[37.69355436923599,49.764397227690864],[37.691144814113436,49.765001205435105],[37.689702935366746,49.764345810591585],[37.687976241065186,49.76364441331263],[37.68669457106813,49.7634144447827],[37.68619303230367,49.76316395292169],[37.684967876766564,49.762552053080114],[37.68434484274021,49.76250605842509],[37.67933495214086,49.763427507114116],[37.67722289127038,49.76381596983234],[37.6720404,49.7671743],[37.666195,49.774498],[37.6579446,49.779382199999986],[37.650748808525606,49.779237687994694],[37.65014633178113,49.779059752535886],[37.63479751927336,49.77452663483342],[37.6232738,49.7767237],[37.6181379764579,49.77944698567899],[37.61168196725846,49.783745915292464],[37.61226662879476,49.78724040028053],[37.61241941479343,49.78821272751257],[37.61320517135802,49.79027005122831],[37.612134023112546,49.79120013034279],[37.60534760571216,49.796568300391236],[37.604741760923616,49.80079451183703],[37.60081378077999,49.80890109361285],[37.600760377863445,49.80949844834931],[37.60095618855745,49.810084308333856],[37.60095618855745,49.810647186737434],[37.600835278888404,49.81096637785775],[37.60097398952962,49.811003290101894],[37.605452559564036,49.81396180702768],[37.606721615272924,49.814525395671495],[37.608913223122464,49.814989171541654],[37.6097562,49.815873],[37.6157104,49.8234517],[37.6170778,49.8247906],[37.62178649507659,49.82687120373703],[37.62836968571663,49.82716302998524],[37.6286723022437,49.827679776951534],[37.629580151824946,49.828127619856986],[37.63004297710167,49.82957446859868],[37.629918370296394,49.83087200248433],[37.62976153764806,49.83139654929209],[37.62943774404751,49.83247951831251],[37.632238071538964,49.83787423347188],[37.63298903799765,49.85039970078841],[37.63301688303789,49.85118967206251],[37.6341422,49.851668],[37.63572837289319,49.851631050900195],[37.64924257902966,49.85389771847727],[37.64899211198862,49.854669257523724],[37.649081116849516,49.856207123727415],[37.64790746805893,49.85644901542454],[37.647318820603566,49.85651698636668],[37.645681131162895,49.857021943447364],[37.64356281547331,49.85791708166746],[37.64194292700483,49.85914500071079],[37.63849681542739,49.860321126047445],[37.636656038266985,49.860476167411804],[37.63608640715719,49.86048764282738],[37.635979601324095,49.86086633001193],[37.6364603,49.8627673],[37.64016087605061,49.86819565132838],[37.640857067701766,49.86798050721007],[37.64208533478228,49.86781987606056],[37.64338480575151,49.867601875788964],[37.64913555213502,49.86702994152897],[37.64997256738882,49.87340829362142],[37.64993948198885,49.87505505821473],[37.64950834018186,49.87520835606541],[37.648903107127694,49.875976968419394],[37.6487963012946,49.87704382797784],[37.64836907796226,49.877984480292675],[37.64749683032538,49.87797300903336],[37.64682039338248,49.87807625026913],[37.646090553523045,49.87879893273864],[37.64495129130344,49.87846627072321],[37.644773281581635,49.879728080020065],[37.64443951335324,49.880396252043305],[37.64454127476021,49.8808234039505],[37.64466202550551,49.8810357384956],[37.64444396359628,49.88185587464227],[37.64455003482408,49.88243518515942],[37.644556237976964,49.88357648279616],[37.64479998303991,49.88451691976262],[37.64544081803845,49.885927672980166],[37.645529822899356,49.88632909928756],[37.645672230676794,49.886776398954865],[37.646152856925696,49.887154880051284],[37.6464376724806,49.887670985854754],[37.64638426956405,49.888267367910494],[37.646117254981334,49.888966960545396],[37.64556542484372,49.889505984019955],[37.64570783262116,49.88975829081204],[37.646455473452775,49.89002206468447],[37.64722091525656,49.89067575893778],[37.64811096386564,49.89087071866768],[37.648609391086715,49.890962464150434],[37.649695250389776,49.89095099597462],[37.652017818808524,49.89027770794583],[37.65506214853512,49.888980450709965],[37.655605173153624,49.88853975149384],[37.65549836732055,49.88817275009494],[37.655213551765634,49.88747888045],[37.655293656140465,49.88688248865201],[37.655507267806634,49.886481066946686],[37.658248617522545,49.88306311264231],[37.659263272936876,49.88339574298598],[37.661078972099354,49.88143433787304],[37.66539298663463,49.882524284055066],[37.665937641593885,49.882520579205305],[37.679817130727415,49.88486513963963],[37.68062443955433,49.885001512406355],[37.683365789270226,49.888728985499775],[37.6838836845266,49.88901021671704],[37.68461185732291,49.88940563436059],[37.68514588648834,49.88954325669684],[37.6940245,49.8910215],[37.694242183272934,49.89043779231738],[37.69500762507673,49.890128147248014],[37.695719663963985,49.89000199498355],[37.69709033882193,49.89004786857241],[37.69774897479264,49.88989877924917],[37.69776677576482,49.889600599221126],[37.697926984514446,49.8894056343606],[37.69835420784679,49.88927948020766],[37.6987280282626,49.88905010817573],[37.69904844576187,49.88879779768162],[37.69942226617767,49.88867164193995],[37.70016990700928,49.888992764997425],[37.7010955575627,49.88911891989976],[37.701825397422134,49.88915332572499],[37.70137160607756,49.8901507872276],[37.7019903,49.89013520000001],[37.70796718236633,49.89251176194446],[37.710654679624,49.89312129970381],[37.7109394951789,49.892846075044076],[37.723008554317765,49.89659587603523],[37.72932789944209,49.89875159300751],[37.73308390457232,49.899978474022774],[37.73357389629214,49.90019309161815],[37.74416432057325,49.90054254894087],[37.744581694950156,49.900917989234784],[37.7459718084315,49.902168436418116],[37.74663044440221,49.902500935105145],[37.74727127940072,49.9025926584776],[37.7476807017609,49.903051272724014],[37.748463944536866,49.90381944181953],[37.74873095911959,49.90461052855087],[37.74855294939778,49.90658245639206],[37.748404634021924,49.90695295937997],[37.74834378797467,49.90723879240015],[37.748388290405124,49.907622845136395],[37.747747989656894,49.9113795312018],[37.74815687776676,49.91246050130984],[37.748708258009096,49.91282083852196],[37.753528,49.913556],[37.76595117108759,49.91274934485861],[37.77090475486223,49.91310148871546],[37.77098013698476,49.913427910866616],[37.77158493477859,49.914136254916876],[37.77215458545858,49.91532429243375],[37.772103571964855,49.91624404331297],[37.771942029234715,49.91728421662015],[37.772103571964855,49.91791378430015],[37.772690227142725,49.91887180630194],[37.77347243404657,49.919545147517596],[37.77471376239396,49.920366282615255],[37.77527491082498,49.92103412884855],[37.775198390584386,49.921959244822546],[37.77437367243577,49.92286244743377],[37.77359996778089,49.92396268957071],[37.773489438544466,49.92441153736013],[37.77344692729968,49.92575805565312],[37.77334490031224,49.92667213403606],[37.77326838007164,49.92712095659745],[37.77324287332478,49.927619035279335],[37.773523447540285,49.92846739920682],[37.773629371051186,49.92933921812968],[37.76696821359615,49.9330264153971],[37.75283369829512,49.94015302017119],[37.7508019833374,49.94670562199134],[37.7475857470736,49.954049374299345],[37.73531162478694,49.95583394334489],[37.7331009908124,49.95720325582336],[37.728365038674276,49.960136802685874],[37.72790114999895,49.96064299615143],[37.72845431870556,49.96132467551843],[37.72852748702656,49.96141484210622],[37.728829256788586,49.96178671820459],[37.729292816024916,49.96235797027113],[37.73440146346194,49.966354302845005],[37.73578725747935,49.966837768598644],[37.73680898696676,49.966890647370846],[37.742855714580784,49.96809863970268],[37.746424222927274,49.9696979291379],[37.752240625431725,49.97181567260107],[37.76366664945419,49.97294899392163],[37.763831784151215,49.97296537325643],[37.76731517407676,49.977426598860475],[37.767730719610306,49.977697017709175],[37.771040027505705,49.97985057047012],[37.772286095558385,49.980594622264185],[37.77511809971763,49.98230774788536],[37.77779953397328,49.986890180569105],[37.782042700993,49.99262880697166],[37.77950308795899,49.9993695073627],[37.77928797233166,50.008245303176054],[37.776388131136144,50.01812957550618],[37.775222908520185,50.023633525095455],[37.77021562546713,50.030924198026085],[37.764505251325986,50.03929233748137],[37.76372506892729,50.03975729466847],[37.751423405044854,50.03980457845021],[37.74535531972167,50.040198609964705],[37.73455885622458,50.051798897751354],[37.73797472987277,50.05439467556802],[37.73816384168804,50.05546475361248],[37.73437454920863,50.055828790444565],[37.731429160294496,50.056010808860606],[37.727358566626656,50.05796337005087],[37.72595206068451,50.05956844153778],[37.723883669593135,50.0599490254986],[37.723205237315156,50.06036270371687],[37.723139048800235,50.06125624866835],[37.72140160028347,50.06143826708439],[37.72110375196632,50.06173611540155],[37.71668566859512,50.06238145342206],[37.7141229758301,50.066586897959525],[37.71281038884856,50.06685462108324],[37.705720237142785,50.06704699094535],[37.70112277445377,50.07011527349438],[37.69957593748721,50.07017515105438],[37.69840109134731,50.07042335798535],[37.69658090718688,50.07093631897601],[37.68612312182885,50.07639687145726],[37.6850310113326,50.083611419584],[37.676294127362596,50.08374379661385],[37.67169402557536,50.08337975978177],[37.66269238754567,50.093539696822646],[37.659250584769616,50.10197873247549],[37.65513034971557,50.109474581790664],[37.65461738872491,50.11078180496042],[37.65388931506074,50.11304876159657],[37.652449714861135,50.11298257308165],[37.64625281515136,50.11373546743891],[37.64575640128942,50.11363618466651],[37.63941885098542,50.11408295714225],[37.63749938405262,50.11454627674672],[37.637449742666426,50.115406727440735],[37.637002970190686,50.115688028629165],[37.63457054226722,50.11603551833252],[37.633379148998586,50.11686287476907],[37.633461884642244,50.11732619437354],[37.63311439493889,50.11861687041456],[37.63266762246315,50.11919601992015],[37.6323201327598,50.12010611200036],[37.63152587058071,50.12104929833803],[37.63144313493705,50.12162844784362],[37.63154241770944,50.12222414447793],[37.6314026225958,50.125117903330256],[37.63040912140941,50.125083644668656],[37.628459348923286,50.1255434966701],[37.62728212779959,50.12629765395247],[37.62763161532069,50.12878085476026],[37.62781555612126,50.130289169324996],[37.62842256076317,50.13096975028713],[37.63039072732935,50.13153996676892],[37.63143918989264,50.13251485301197],[37.6298021167675,50.133949591256474],[37.62866168380392,50.13409674389693],[37.62616008891607,50.13819862374982],[37.62503805003255,50.13825380599],[37.623327400587186,50.13852971719086],[37.622094997223314,50.13849292903075],[37.620899382019566,50.13819862374982],[37.6200164661768,50.137701983588265],[37.613707296717,50.13814344150965],[37.60736133909709,50.13862168759114],[37.60557711333149,50.139247086313105],[37.597060654264766,50.139228692233054],[37.59470621201738,50.140828977198076],[37.59152403616739,50.14377203000731],[37.590806667045136,50.14463655177003],[37.590677908484736,50.14610807817465],[37.59054914992433,50.14693581177725],[37.59100900192578,50.14739566377869],[37.59224140528964,50.1477819394599],[37.59351059681362,50.14763478681944],[37.59446708897663,50.14783712170007],[37.59599379762142,50.14787390986019],[37.59634328514252,50.148241791461345],[37.5985689688295,50.14800266842059],[37.60042677091533,50.14761639273939],[37.603020336203464,50.148205003301236],[37.60432631588756,50.14870164346279],[37.604271133647394,50.14941901258504],[37.603829675726004,50.15092732714977],[37.60414237508699,50.15227009499399],[37.605301202130626,50.152969070036185],[37.6066623640549,50.15318979899688],[37.60782119109853,50.153796803638784],[37.60907198854246,50.154734901721724],[37.60942147606355,50.15541548268386],[37.60783958517859,50.15650073340726],[37.607637250297955,50.1571813143694],[37.60546674885114,50.15909429869541],[37.60859374246096,50.16060261326014],[37.610543514947075,50.16010597309858],[37.61150000711008,50.16001400269829],[37.61481094152047,50.16341690750897],[37.614939700080875,50.164594128632665],[37.61595137448405,50.16499879839393],[37.61815866409097,50.16525631551474],[37.62766840348082,50.16685660047976],[37.62719015739931,50.17149190865431],[37.62695103435856,50.17546502994678],[37.62676709355799,50.175722547067586],[37.627153369239196,50.17603524642857],[37.62873526012416,50.17647670434996],[37.6318070714938,50.176660645150534],[37.63257962285623,50.17656867475024],[37.63432706046171,50.17684458595111],[37.636460773748404,50.176991738591575],[37.63855769887499,50.17701013267163],[37.64028674240041,50.17656867475024],[37.64065783889345,50.176557033430406],[37.64090568098555,50.17716216723303],[37.64023657467845,50.178384188107515],[37.63961703180151,50.179225301196695],[37.639121397499956,50.17959030792958],[37.639847,50.181424],[37.63979050380705,50.18266894940313],[37.64006310267291,50.18433514167214],[37.64102958956093,50.18547763992176],[37.64132697014187,50.186350363228556],[37.64182260444341,50.186889856932986],[37.64182260444341,50.18727067234932],[37.64219433016957,50.18776255443465],[37.64221911188465,50.188381366636456],[37.64261561932589,50.1888891039929],[37.641996076448955,50.189444435545504],[37.64276430961635,50.19014255747812],[37.64352851563408,50.190804117237],[37.64157478729263,50.19269696210071],[37.637250378011615,50.19671868248737],[37.636159982548214,50.1973254807066],[37.63461112535588,50.19829316909912],[37.632566633862,50.19982398034979],[37.6315051374785,50.20053257215443],[37.62893611260316,50.20262373092547],[37.62728812855052,50.20420595359601],[37.62674293081881,50.204713522689524],[37.62655706795574,50.20498713191492],[37.625576947560496,50.20581094932447],[37.62501440619216,50.20628378039204],[37.623459353571064,50.20798483460432],[37.6225610163995,50.2092021019152],[37.62182376037594,50.21028453178126],[37.621018354635915,50.211620684238646],[37.6206590197673,50.21217971615346],[37.62031207575622,50.212417600088195],[37.61883756370911,50.21317882070981],[37.61780912253339,50.213678365143004],[37.6174250059497,50.213844878791846],[37.616848831074144,50.21426116037162],[37.61636558763014,50.2145981475618],[37.61618592019582,50.21497874199694],[37.614835316724104,50.222748547976096],[37.615083133874876,50.22285953603617],[37.61516986987764,50.22331141332883],[37.616173529338276,50.2248889864548],[37.616421346489055,50.22551524473462],[37.61657003677952,50.22628418352732],[37.61795781282386,50.22736226240191],[37.618614528273405,50.22779824326144],[37.619097771717435,50.22858299876463],[37.62028729404115,50.230176250515946],[37.62163789751287,50.23196760433419],[37.62281502897903,50.233671705903106],[37.62380629758214,50.235082497397656],[37.624624094179694,50.23646947081248],[37.62801299371656,50.24114525528388],[37.62927686118552,50.245852276702976],[37.62543569534852,50.247785665963235],[37.62536135020329,50.249180193131394],[37.62565873078421,50.25027360066356],[37.62617914680084,50.25220681055664],[37.626290664518685,50.253450678731824],[37.62653848166946,50.25444891887556],[37.62674912624762,50.25581948436652],[37.62772800399317,50.258101031952975],[37.628037775431636,50.261348879951704],[37.62713324283131,50.26229942771956],[37.626897816538076,50.26382026469269],[37.62678629882024,50.26488957411376],[37.62681108053532,50.267899353219676],[37.62673673539008,50.271479158577954],[37.62677390796269,50.27284923410693],[37.62688542568055,50.2741242400796],[37.627034115971,50.27466274166334],[37.627034115971014,50.27576348330397],[37.626897816538076,50.277165110283626],[37.62635261880638,50.279160575802536],[37.62652609081192,50.27956440983773],[37.62647652738177,50.280973842959085],[37.62635261880638,50.282858300693434],[37.62640218223653,50.28509896636197],[37.62631544623377,50.287022845994954],[37.62614197422822,50.289176232183685],[37.62614197422822,50.29064871222846],[37.62624110108853,50.291432433026884],[37.62631544623376,50.292928591433856],[37.62705889768609,50.294480113423674],[37.62865731830858,50.2964273602387],[37.63065224637232,50.29786003972539],[37.63584401568104,50.30143759235949],[37.637380482015836,50.3023398529696],[37.637752207742,50.30269600376223],[37.63755395402138,50.30327375382037],[37.636934411144445,50.30498321973757],[37.63630247740996,50.30734946236867],[37.63595553339889,50.30875015921941],[37.635856406538565,50.30943862220929],[37.635905969968725,50.309786806592804],[37.635720107105655,50.31035655735744],[37.63651312198812,50.31083134444644],[37.63531120880686,50.31227150294967],[37.63408451391054,50.31216072307497],[37.63373756989945,50.312200287345554],[37.63070180980247,50.31337137484554],[37.62980966805967,50.313664142213604],[37.62717041540394,50.314083508546084],[37.62244949868169,50.31474024461562],[37.61652666877818,50.31549191934447],[37.61269789379872,50.31597456737852],[37.609092154254945,50.31634644039051],[37.6062298661635,50.31634644039051],[37.60440221467656,50.31629501131752],[37.59777310589336,50.31614467986203],[37.596187076128395,50.31609720667205],[37.59507189894992,50.31603390901168],[37.59085900738676,50.31521103175759],[37.58799671929532,50.31460177692195],[37.586249608382346,50.31430901532758],[37.58535746663957,50.313873825842236],[37.58498574091341,50.31332785521802],[37.58440337060908,50.3129638713188],[37.58201193510412,50.31089860556737],[37.580029397897924,50.308999431453095],[37.576876,50.306363],[37.57655995778709,50.30651456411299],[37.57529609031814,50.3079152855549],[37.57410656799442,50.30926057239163],[37.572855091383,50.31058208181583],[37.57104602618235,50.31252075672403],[37.5693980421297,50.314372315284544],[37.567923530082595,50.316073470059294],[37.56675878947396,50.317252374170124],[37.56573034829823,50.31845498448178],[37.557750636043316,50.32734702697687],[37.554281195932475,50.3338172362458],[37.55167911584934,50.33422851560887],[37.5445295910495,50.33468724608289],[37.54274530756393,50.33460815493786],[37.54202663782669,50.33419687886118],[37.53996975547526,50.33434715322504],[37.53788809140876,50.334481608831915],[37.53477798616654,50.333643232366555],[37.53327869240435,50.33390423794641],[37.52573266016327,50.33540696945199],[37.521420641739795,50.33623740594482],[37.52092500743826,50.33649839727311],[37.518917688516986,50.33825411985025],[37.51663777072985,50.34003350219777],[37.514345462085195,50.34193934446888],[37.51199119915284,50.34404279944041],[37.51097514883466,50.344833547892485],[37.50979801736849,50.34590894465885],[37.50868284019,50.34681826851134],[37.507914607022606,50.347695947194445],[37.50694812013459,50.34922986918586],[37.50590728810133,50.350542361036084],[37.50570903438071,50.35245568777515],[37.50102529023108,50.352874711851726],[37.49935252446334,50.3531672359019],[37.49299601454599,50.35462192333012],[37.485734972028304,50.35622677133455],[37.48465696742243,50.35662995122258],[37.48429763255381,50.35708055998649],[37.48241422220793,50.35910429397266],[37.48253813078331,50.359349349653776],[37.48294702908209,50.36155479385394],[37.48196815133654,50.36299341548985],[37.48132382674453,50.36344396384855],[37.48164598904052,50.36380756115978],[37.48074145644021,50.36419486827517],[37.4792049901054,50.36535677065717],[37.478436756937995,50.36575987300033],[37.47778004148845,50.3657440651298],[37.47574794085209,50.366716239370966],[37.47455841852838,50.367735815349214],[37.47326976934435,50.36842342398908],[37.472625444752346,50.368439230967084],[37.4718448207274,50.369442963287774],[37.47095267898462,50.370683768384396],[37.47095267898462,50.372288073371536],[37.471064196702464,50.37496706273958],[37.470791597836616,50.37569407800454],[37.46810278175071,50.377819743507985],[37.467408893728546,50.378475598765704],[37.46716107657776,50.37895760708964],[37.46647957941314,50.38086188715725],[37.465736127960824,50.38166782499023],[37.465352011377114,50.382426342205676],[37.46501745822356,50.383548293344816],[37.46500506736602,50.38436208636619],[37.4652528845168,50.38550769365273],[37.46561221938542,50.38612393991825],[37.465909599966345,50.387230002873395],[37.46613263540204,50.387790924941584],[37.46600872682665,50.39023204371066],[37.46600872682665,50.39127481341952],[37.46599014054034,50.391748792069635],[37.46609546282942,50.392052925874495],[37.46603970397049,50.392590092504264],[37.4663246936939,50.39562338983923],[37.466014922255425,50.396610749445635],[37.46582905939234,50.397645480244314],[37.465891013680036,50.39858540696507],[37.46623795769112,50.399327856913416],[37.46622556683358,50.400204564750794],[37.46732835315453,50.40682279069509],[37.465891013680036,50.40901023493844],[37.46549450623879,50.4109922723007],[37.4652095165154,50.41192403810714],[37.46483779078925,50.413084771572656],[37.46445367420554,50.41387436992265],[37.46501126279478,50.41475080868038],[37.46539537937848,50.41540615319265],[37.46280569015289,50.41860378854097],[37.463561532462755,50.41909328403719],[37.463958039903986,50.419551194599386],[37.46418107533968,50.419930151716926],[37.4645032376357,50.422614344501625],[37.46349957817506,50.424343199895254],[37.46342523302983,50.42461949513643],[37.463933258188916,50.426466684762794],[37.464404110775384,50.428424311361134],[37.46508560794002,50.431005413048815],[37.46694423657083,50.43035028435438],[37.46942240807857,50.4308791238853],[37.475122202546395,50.43066601015802],[37.47527717999427,50.430692396787435],[37.47735255690336,50.43124615083369],[37.47874652837646,50.43152635228771],[37.47970681983572,50.43171183684508],[37.48031397185512,50.43205517868274],[37.48102025073482,50.43232353608663],[37.48267443021623,50.433246989647344],[37.48329397309317,50.43376790422263],[37.48355418110149,50.434123069965],[37.48393210225641,50.434375630649626],[37.48516499258152,50.435713390556025],[37.485288901156906,50.43605670337434],[37.48553052287891,50.4370274364908],[37.484235678266124,50.43815204143053],[37.4850472794349,50.439517315379014],[37.48485522114306,50.440693155597664],[37.48478707142659,50.441142965943136],[37.485022497719825,50.44192420533045],[37.48466935827997,50.44235033047008],[37.48451447256074,50.44266203068885],[37.4844401274155,50.44326569742658],[37.484378173127816,50.44390486557975],[37.484898589144436,50.44549485755031],[37.48859133244359,50.45291974197229],[37.49059218818346,50.45694280055235],[37.49074087847394,50.45736879045641],[37.48867160526498,50.4576764474457],[37.486069525181854,50.45811031928621],[37.48540041887476,50.45819709317675],[37.48459501313474,50.45823653580166],[37.48400025197289,50.45833119796722],[37.483120501087626,50.45855996408522],[37.48193097876391,50.458725621617916],[37.47948378440002,50.45900171621647],[37.47722864832797,50.459356692618],[37.476974635748434,50.45942374341695],[37.476763991170266,50.45933697177669],[37.475023075686074,50.45734906878627],[37.47370344935821,50.45604742037814],[37.473139665340206,50.455546473415914],[37.47225991445495,50.4550612992539],[37.46978793837598,50.45381875736905],[37.46895775092088,50.45347951804028],[37.46828864461379,50.453298063447264],[37.46480681364542,50.452426282763824],[37.463233174738,50.45197263487718],[37.46166573125935,50.451554486016114],[37.45947254947499,50.45097459421515],[37.456944814537096,50.45033552154907],[37.45408252644566,50.44951497114836],[37.45306647612748,50.44926643624807],[37.451536205221444,50.448903494048466],[37.44817208739968,50.44807897370563],[37.44620194105102,50.447641064715434],[37.444869923865625,50.44733334246002],[37.44283162780051,50.44690726218731],[37.4419023134851,50.446642932682416],[37.44104114888616,50.44630364190021],[37.439448923692424,50.445790755867186],[37.43814788365087,50.44534888036577],[37.43695836132716,50.44490305536593],[37.43467224811126,50.44418499211136],[37.43409607323571,50.44405084721862],[37.43366858865062,50.443975883730594],[37.43291894176953,50.443798338153684],[37.43208875431443,50.44349848188923],[37.43179137373351,50.4432222968069],[37.43148160229504,50.442638357326544],[37.43112226742642,50.44205441064129],[37.43052750626455,50.44144678279278],[37.42966014623684,50.440823364295184],[37.42897864907222,50.44021572064202],[37.4283962787679,50.440010540503856],[37.42693415757834,50.438945167795204],[37.423563844327795,50.436459204887164],[37.421581307121606,50.43485707072243],[37.421011327674826,50.43468343716229],[37.41601781208673,50.43376001162029],[37.41270945312389,50.433097028328326],[37.41018171818599,50.43280499702808],[37.408186790122265,50.43263924873202],[37.40624142548869,50.43243798216383],[37.405677641470675,50.43240246444533],[37.405212984312975,50.43240246444533],[37.40401726656048,50.432288018282264],[37.402827744236774,50.43211832173813],[37.40073368931273,50.43174340861227],[37.398825497251764,50.431451368962506],[37.39707838633881,50.431092236653335],[37.3965951428948,50.431033038758436],[37.39627917602756,50.43106461097827],[37.39525073485185,50.43119879267765],[37.39320624335795,50.43137243901824],[37.39034395526651,50.43159738901256],[37.387283413454455,50.431822337938094],[37.381242870404336,50.432295911129984],[37.37864698574998,50.432493231895215],[37.37755659028656,50.43262740954582],[37.37630511367516,50.43284446082257],[37.37343663015494,50.43325882867863],[37.37067346892381,50.43370870967319],[37.36905026658624,50.433945487426875],[37.36750140939391,50.4341783177299],[37.36612602420711,50.434442716854996],[37.36436652243661,50.43479393131971],[37.36331949497458,50.43501886505756],[37.36118826747793,50.435480567802706],[37.35713645706277,50.43636055287221],[37.35557520901288,50.43666834647898],[37.354342318687785,50.43691300150802],[37.353313877512065,50.43716554730848],[37.35296693350099,50.43722473753556],[37.35262618491866,50.43731154973474],[37.35182697460743,50.43735495577462],[37.34918772195167,50.43733917176473],[37.34611478928207,50.437319441744954],[37.3428745800357,50.437244467594816],[37.34240372744922,50.43721684550955],[37.340830088541814,50.437189223408204],[37.33952904850024,50.437201061453614],[37.33264592713749,50.437055058686575],[37.33076251679161,50.43660520949202],[37.32895345159096,50.43614746381824],[37.328631289294954,50.43578442099857],[37.3271072138177,50.435358236744605],[37.32502554975119,50.43461635129803],[37.32351386513147,50.43407966096164],[37.322411078810525,50.43373238750183],[37.32113482048403,50.43334564815083],[37.320007252448015,50.43292733468391],[37.31958596329169,50.43269055183806],[37.317578644370414,50.43145136896253],[37.31576957916975,50.43016479446298],[37.31405964082942,50.42909920015795],[37.313638351673106,50.428901865247575],[37.31132126131335,50.42733894370728],[37.31050346471581,50.426573251196785],[37.30982196755117,50.425878591610136],[37.30953697782779,50.425428636212736],[37.30936350582224,50.42497078247259],[37.30917764295917,50.42397611943855],[37.309190033816705,50.42315511198989],[37.309128079529,50.42280775840014],[37.30889265323578,50.42234987932122],[37.30827311035885,50.421331477222175],[37.30761639490928,50.420084102179906],[37.30697207031728,50.41890775004926],[37.305695811990766,50.416468107882785],[37.30495236053843,50.4153785183662],[37.30199094558669,50.41079881015387],[37.3012598849919,50.40949588124362],[37.30114836727405,50.408872041990726],[37.29984113180372,50.406420037245915],[37.2995623375091,50.406072560931335],[37.298025871174296,50.40486427118581],[37.29290844701082,50.40142087129187],[37.29231368584896,50.40109310344558],[37.290628529223696,50.400635014465266],[37.288144162287175,50.399928127093055],[37.28740071083486,50.399742518046764],[37.27519571615922,50.3965278120299],[37.274749645287834,50.39641722858313],[37.27375837668473,50.39631454372304],[37.26938440397356,50.395169197514704],[37.26529542098579,50.39415811028001],[37.26418024380731,50.39383424184037],[37.26359787350299,50.39361306212237],[37.26009126081953,50.392001578745656],[37.257897,50.390997],[37.257656457313175,50.39084032882786],[37.25743961730625,50.39089562708793],[37.25686344243069,50.39148810439846],[37.256058036690675,50.39238075623261],[37.255847392112514,50.392483449613465],[37.25380290061864,50.391693494804635],[37.25123799310813,50.39065863409073],[37.248512004449616,50.38956845104645],[37.244299112886445,50.387901528509964],[37.241845723093775,50.386929788336445],[37.23752131381277,50.38517586542367],[37.23589811147519,50.384551706035175],[37.23263931594251,50.38331126362533],[37.23070634216647,50.382473749128906],[37.229752246135995,50.382094492416606],[37.22916987583167,50.38196017160376],[37.22711299348024,50.38111473187323],[37.22247881276076,50.379257872094236],[37.223336,50.377942],[37.22116538186167,50.376990034105845],[37.216878145153274,50.37526735300394],[37.214362801072916,50.37427954892431],[37.211413776978695,50.37358412251566],[37.20893560547095,50.37294400510717],[37.20534225678472,50.371813900204785],[37.20221976068496,50.3708576365704],[37.20047264977202,50.37032022375501],[37.1989981377249,50.36980651463859],[37.197387326244865,50.36920586308012],[37.194673728443895,50.368210029270585],[37.19275314552539,50.36745918837331],[37.18914740598163,50.36596537483799],[37.1880198379456,50.36553856233389],[37.18649576246833,50.364827199630135],[37.185157549854154,50.3641790598834],[37.18447605268953,50.36379965690006],[37.18400520010305,50.36351510267214],[37.18312544921781,50.36336492058625],[37.18152702859531,50.36292227588439],[37.18037467884422,50.36262981194145],[37.179110811375274,50.36230572817],[37.17785933476386,50.36213182864865],[37.176075051278296,50.3620053558693],[37.17438989465303,50.36165755398836],[37.170623073961266,50.36079594289714],[37.16805816645075,50.36018727242401],[37.16450199033713,50.35946001954673],[37.1615157936703,50.358875047190224],[37.159979327335506,50.35847188636995],[37.1581206987047,50.35792642804529],[37.15639836950682,50.35728609940574],[37.15467604030893,50.35677224918912],[37.153114792259046,50.35629001546504],[37.15258198538489,50.35621886581237],[37.149026,50.355824],[37.14287994393207,50.35879599631886],[37.13855553465106,50.36082756192924],[37.138109463779664,50.36088289518471],[37.13550738369654,50.360622037844124],[37.132471623599564,50.36039279839163],[37.12727985429084,50.35982364737818],[37.12248459242336,50.35933353964805],[37.11803627456696,50.35881180650369],[37.11476508817673,50.35845607607193],[37.11179128236745,50.358100342974346],[37.11000699888187,50.35792642804529],[37.1036133163919,50.35729400475026],[37.10348940781651,50.3571279922392],[37.10495152900608,50.35459820595779],[37.10544716330762,50.35379180824708],[37.105856061606396,50.353317450254345],[37.105670198743326,50.35246359392407],[37.10557107188301,50.35184691035778],[37.105509,50.351607],[37.10210163177217,50.35107209144646],[37.100230612283816,50.35074792876276],[37.09528666012587,50.349957278789205],[37.0909746417024,50.349372189332925],[37.086464369558314,50.3486763978925],[37.08384989861764,50.34828896414876],[37.082722330581625,50.34790152724395],[37.0818177979813,50.34779083040485],[37.079983951065564,50.34760106379458],[37.079104200180325,50.34741920341482],[37.07771642413598,50.34734013346726],[37.073835,50.3469],[37.07155816793924,50.34673919756326],[37.07030669132782,50.3466443122517],[37.06952606730289,50.3466443122517],[37.069018042143796,50.346707569147135],[37.06409887170092,50.346881525175135],[37.06281022251691,50.34703966646581],[37.060146188146085,50.3470871087503],[37.059031010967594,50.34703175941379],[37.056837829183245,50.34673919756326],[37.05129911586344,50.345893130177004],[37.04523998652701,50.345015418174235],[37.044784,50.344966],[37.04318310417558,50.345782428656186],[37.039193248048115,50.34794106176681],[37.037963,50.348663],[37.03724788341454,50.34875546561513],[37.03262566515755,50.34874847628524],[37.02752106024667,50.33648257965776],[37.03906933947275,50.33121502083016],[37.03991191778538,50.33028166872185],[37.04020929836632,50.32926919824702],[37.040159734936154,50.32904771745496],[37.039366720053685,50.32877877510534],[37.038945430897364,50.328304167245804],[37.03892064918229,50.32806686153847],[37.03973844577985,50.327481502393596],[37.04079166867063,50.32665882329963],[37.04138642983249,50.32639777791833],[37.04240248015067,50.32635031496767],[37.044434580787005,50.32679330066371],[37.04735882316614,50.324942225868455],[37.04963874095326,50.323296765522024],[37.050630009556365,50.3222525015232],[37.05053088269606,50.32141390927797],[37.050233502115134,50.321224037281475],[37.0497750403862,50.321295239369036],[37.049415705517575,50.321137012362925],[37.04905637064894,50.320701885380274],[37.04900680721879,50.32024301988343],[37.04913071579418,50.31993446990345],[37.04867225406525,50.31913539526094],[37.048027929473236,50.31879519108881],[37.047135787730454,50.31870024995506],[37.046404727135666,50.31849454351478],[37.044893042515945,50.31841542541611],[37.04372830190731,50.31836795449371],[37.03775626318844,50.314615209659415],[37.036290754799985,50.31342611388515],[37.03079022486375,50.31045879961284],[37.02789406972732,50.308852267420114],[37.025933104766246,50.30795523025707],[37.024076446452035,50.30750671167555],[37.02196945218535,50.30651579853033],[37.02118715233386,50.3065366598597],[37.01925747936685,50.306067279948806],[37.015784068026235,50.3050659361389],[37.013405876477705,50.30442966559302],[37.0086334,50.3079903],[36.9998196,50.3092733],[36.99512062095027,50.30859439888053],[36.99475963291432,50.309497972000514],[36.991178675085614,50.308073556569994],[36.99114464869474,50.308084565034946],[36.98712,50.308099],[36.978668,50.309649],[36.973993,50.306923],[36.9624032,50.2911245],[36.94998571094217,50.287948558082675],[36.950553261518,50.28702323498691],[36.95402539602888,50.280046726566376],[36.95421719949335,50.27927987677987],[36.954069658366826,50.278909018762846],[36.94903850595236,50.27806357739798],[36.94366800894687,50.27705782833849],[36.94261554891099,50.276925822197015],[36.938356528392,50.27615263601782],[36.937618822759376,50.275876046042455],[36.936989313952864,50.27581947062228],[36.93327860169969,50.27518245738455],[36.932491,50.2758912],[36.92871429113747,50.280420768318365],[36.9226951,50.2794497],[36.9151097,50.2813232],[36.8963769,50.274672],[36.8900384,50.2561402],[36.8684253,50.2600501],[36.866010017606314,50.25954909371468],[36.86607562147455,50.260092668622896],[36.86622557317337,50.2602894802276],[36.865935041756906,50.26078619522993],[36.865672626283974,50.26120793438286],[36.86554141854751,50.261095470608744],[36.865710114208674,50.26058001164406],[36.86578509005809,50.260092668622896],[36.865335234961634,50.25935228210998],[36.86242054881584,50.258593151634706],[36.86058364050531,50.25827450427472],[36.85816566936186,50.257271702288875],[36.857012915677196,50.257243586345346],[36.85612257746546,50.25751537379945],[36.855410306896076,50.257590349648865],[36.85401388170082,50.2583213641806],[36.85253310867499,50.25893991493823],[36.851680258387965,50.25895865890059],[36.85146470282091,50.259342910128815],[36.85082740810094,50.259727161357034],[36.85021822932449,50.25983025314997],[36.849515330736274,50.260355084095835],[36.84961842252922,50.260917402966406],[36.84901861573394,50.26115170249581],[36.848137649503386,50.26118919042052],[36.847893977992804,50.26167653344167],[36.84782837412457,50.26228571221812],[36.848212625352794,50.262791799201636],[36.849468470830395,50.26336349005338],[36.8495059587551,50.26389769298042],[36.84884992007277,50.26458184760628],[36.8482876012022,50.26477865921098],[36.847209823366946,50.2647317993051],[36.84665687647755,50.26427257222747],[36.84640383298579,50.26354155769573],[36.84601020977639,50.263222910335756],[36.84497735241902,50.26379820040916],[36.84440896753959,50.26363808365718],[36.84264946576909,50.26338461323106],[36.840419111412125,50.26290935254636],[36.83873395478686,50.262069713747266],[36.83782942218656,50.26144393558223],[36.83723466102469,50.261087475990166],[36.83713553416439,50.26037454880341],[36.834929961522505,50.258980349247096],[36.8350538700979,50.258140641189314],[36.83379000262895,50.25715040040417],[36.83315806889446,50.25670676585617],[36.83386434777418,50.256278971486694],[36.83388912948926,50.256144294686464],[36.833467840332936,50.255954162085075],[36.83221636372153,50.25606507286143],[36.831906592283055,50.25555805006175],[36.83096488711011,50.25486088490176],[36.82915582190946,50.25410825197113],[36.828437152172214,50.253466523976975],[36.82671482297434,50.253149618075796],[36.825760726943855,50.25291193726667],[36.82414991546383,50.251921587799906],[36.82344363658412,50.250947063831966],[36.82289843885241,50.2502736006637],[36.82216737825763,50.25009136781724],[36.82089111993115,50.25051129463345],[36.819044882157876,50.25066183353439],[36.81847490271109,50.25074898741756],[36.818227085560316,50.25051129463345],[36.817545588395696,50.2501785227438],[36.81702517237907,50.249806132397666],[36.81674018265568,50.249172269796965],[36.81638084778705,50.24907718967967],[36.81530284318118,50.2493703527654],[36.81421244771778,50.24910888307318],[36.81354334141069,50.24852255188107],[36.812923798533745,50.24820561309785],[36.81123864190849,50.2489504158948],[36.81037128188076,50.249528818547304],[36.809404794992744,50.25031321640764],[36.80835157210195,50.250772756630745],[36.80727356749609,50.25040829405878],[36.806703588049295,50.25039244779677],[36.80582383716406,50.25054298707316],[36.8051051674268,50.25015475323417],[36.80410150796617,50.24952089527072],[36.80402716282095,50.24915642312392],[36.80348196508924,50.248894952257885],[36.80335805651385,50.24872856095982],[36.80283764049723,50.24869686731334],[36.802106579902436,50.248966262636365],[36.801623336458434,50.2489504158948],[36.800396641562095,50.248760254585186],[36.799516890676855,50.248807794983726],[36.79897169294515,50.24865725022565],[36.79824063235037,50.24839577662073],[36.79697676488142,50.24777774239695],[36.795712897412464,50.24757172920788],[36.792503665309944,50.24694576059247],[36.78873684461817,50.24762719438485],[36.78088104093863,50.25025775435687],[36.77971630032999,50.250273600663675],[36.777139001961935,50.25152544224966],[36.77627164193423,50.252412803708225],[36.77431388644312,50.25410825197111],[36.772227,50.255269],[36.76549159587555,50.25748312360406],[36.75188643429803,50.26239448145315],[36.749953460522,50.263329166395536],[36.74784154170249,50.264123331529305],[36.74194896655198,50.26515095720978],[36.733696655431196,50.266513294365076],[36.730797194767135,50.26694099682942],[36.72866596727048,50.26673506649274],[36.72797207924831,50.266861792959155],[36.726485176343665,50.26779639023478],[36.72631170433813,50.268730969169134],[36.72658430320398,50.27033079900916],[36.72536999916519,50.27128116752478],[36.72408134998116,50.271851379529544],[36.72027841828132,50.27723122227086],[36.71559667540543,50.27434166445569],[36.71276421167146,50.27262021813825],[36.71151306204663,50.271731705364594],[36.710503,50.271243],[36.70923666481257,50.2706710215312],[36.70687338218791,50.26924933493866],[36.705926331430234,50.268727298738824],[36.705274691000625,50.268449617577524],[36.70461436203198,50.26772208525641],[36.7041364923836,50.26744995198999],[36.70192960346204,50.26748327451432],[36.700348289352874,50.26706118748323],[36.70000943632949,50.26684458873853],[36.69997468217324,50.26615035535402],[36.69960976353267,50.26566716294549],[36.69922746781397,50.265339477947826],[36.69887992625152,50.26539501793663],[36.69715090697833,50.266433603797076],[36.69662090609558,50.266905680791915],[36.696455823853405,50.26767210171182],[36.69597795420504,50.26865510179265],[36.695352379392624,50.269032746146124],[36.69486582120521,50.26908689343654],[36.693800389102826,50.26889946024562],[36.692412394987784,50.26836214767628],[36.6903010799959,50.26738122420982],[36.68863939690043,50.266650204410894],[36.68821908882333,50.26613161091226],[36.68784765377847,50.26526311035741],[36.687095009082284,50.26403218675789],[36.68773035850114,50.26337609773081],[36.688776241390634,50.26287621431082],[36.68866872071976,50.26269500527547],[36.68829728567489,50.262769988408195],[36.68723185357249,50.26320113913057],[36.686625827972975,50.26313240521895],[36.68506189094195,50.26072040696469],[36.68374231907201,50.25825829314638],[36.683194941111154,50.25705218588078],[36.68308742044028,50.256114775725685],[36.68318516650471,50.25556481985],[36.68355660154958,50.25508985284851],[36.68377164289135,50.254821119421315],[36.68366412222046,50.25461488111199],[36.68382051592357,50.25270244699639],[36.67264814075817,50.24660839496677],[36.674994046304704,50.238056657326396],[36.66744805012998,50.2327297997487],[36.66671071839573,50.23142930579539],[36.66261939454668,50.22421309404218],[36.65988250474237,50.2208234973322],[36.65585536688748,50.21969774772697],[36.652864337315634,50.218928470217065],[36.65221921329033,50.21893472455578],[36.65122220343306,50.21854695400478],[36.64939435202804,50.21800281904596],[36.648031,50.217714],[36.647537176803695,50.21780267589067],[36.64516194743781,50.21923493184988],[36.642405508420616,50.22095483305559],[36.640421263312504,50.22211807653502],[36.63895507234592,50.22258086443995],[36.6358369728903,50.223237515248165],[36.63324670218266,50.22391917176221],[36.61952315473538,50.226902086131446],[36.61771485254325,50.22706467149022],[36.616668969653745,50.227002138725524],[36.61583812810601,50.227127204172945],[36.615476467667584,50.22703340511813],[36.614899765887394,50.22666446037926],[36.61449900702319,50.22575771965697],[36.61417644501055,50.2246883687901],[36.61510503262272,50.224275630463794],[36.61510503262272,50.22410678193723],[36.613971178275214,50.22380660530299],[36.613489,50.223726],[36.612201974508864,50.224156811192586],[36.61102413443238,50.22430689864383],[36.61008577221376,50.224607072129466],[36.60640074558439,50.22608915102342],[36.60096606440157,50.22782756461754],[36.599578070286526,50.22832156267383],[36.596704335992015,50.22936582020393],[36.596039662753824,50.22960968543531],[36.59547273558007,50.22981603196472],[36.59506220210943,50.22966596185007],[36.59489603379987,50.229603432496226],[36.594553922574335,50.229547156007676],[36.59423136056169,50.22926577256874],[36.59402609382636,50.22902190557862],[36.59380127787815,50.22886557992904],[36.59361556035572,50.22877803734143],[36.59342006822684,50.2287405190404],[36.59297043633042,50.228671735411865],[36.59257945207266,50.22862171089241],[36.59218846781491,50.228509155531825],[36.591836581982925,50.228309056457036],[36.59144559772517,50.22817148785608],[36.59124033098984,50.228065184574454],[36.590829797519206,50.227721260569275],[36.590341067197,50.2276462222749],[36.58966661935236,50.2276462222749],[36.58878690477241,50.227483638898704],[36.588249301417996,50.22752115818857],[36.58739891065737,50.22780880509683],[36.58728161538006,50.228540420936405],[36.58691995494163,50.229665961850046],[36.58509210353661,50.23104158689047],[36.586724462812754,50.235036927325815],[36.58445675411775,50.23599976055977],[36.58121158477836,50.23817544196711],[36.57995066054709,50.23865057757041],[36.57837694890962,50.23967585405305],[36.57581600202131,50.240901155558795],[36.57542501776355,50.24108244749455],[36.575073131931575,50.24135125840603],[36.57505358271868,50.241882624352414],[36.573978376009855,50.242864072937536],[36.57184751180508,50.24373298188906],[36.57088960037357,50.24383925024207],[36.56948205704565,50.24410804560679],[36.568820735121356,50.24458598546094],[36.56098792404587,50.244542490723774],[36.5498253234869,50.24345480772555],[36.52908360861287,50.24450498482668],[36.527998627297585,50.244554992682914],[36.52751967158183,50.24445497691799],[36.526845223737205,50.24434870993782],[36.52608280443457,50.24412367319765],[36.524685035713084,50.24401115442913],[36.52384441955891,50.24322976676484],[36.522573720721205,50.242742174371614],[36.521400767947924,50.24232334102582],[36.52054060258086,50.24131687569955],[36.520012773832896,50.240879275450965],[36.518155598608544,50.24041666510564],[36.505396,50.238677],[36.49336230936351,50.24021036445013],[36.49146603571339,50.24094179001812],[36.490840460900976,50.242004525116535],[36.48962840970193,50.24231083848127],[36.488934412644404,50.24212329992021],[36.488396809289995,50.241935760621246],[36.48802537424512,50.241985771173105],[36.48738025021982,50.24234834610496],[36.48697949135561,50.242417110005036],[36.48520051298283,50.24214205380951],[36.48404710942244,50.24189825267291],[36.48280646452554,50.2422727574835],[36.48038163200595,50.24300472474158],[36.47793798039497,50.2441924345365],[36.47647178942837,50.24579267040465],[36.473851102731544,50.24641989162806],[36.46474226169565,50.25157432486514],[36.45920983444838,50.253411806514436],[36.44826227523118,50.25368054789067],[36.44474341691136,50.24994928205174],[36.443873476937846,50.249449257729026],[36.44333587358343,50.249011732142634],[36.443159930667434,50.248942977756705],[36.43755908117506,50.25015554055635],[36.43237853975976,50.25155557468719],[36.43051404103825,50.252210433593795],[36.43043754006676,50.252237302661584],[36.42890855447217,50.252774320908436],[36.42739349047336,50.253205562104654],[36.42289717150915,50.25406178305662],[36.42236934276117,50.25424927464217],[36.42043397068526,50.25527421560204],[36.41819558580961,50.25641787369349],[36.41696398539767,50.258517633465814],[36.413347381013416,50.2600673967909],[36.406544254928434,50.26159211472839],[36.403103593460166,50.26234195810582],[36.40091408161672,50.26219199037469],[36.40058174499764,50.26255441158335],[36.40054264657186,50.263141778030814],[36.39966293199191,50.26371664030616],[36.39878321741195,50.263829112548486],[36.397571166212906,50.26370414337394],[36.397004239039155,50.264116540405574],[36.3971019851036,50.26497881356953],[36.397277928019584,50.2657785892158],[36.396378664226745,50.267040707836216],[36.39567489256278,50.267490563813254],[36.3929184535456,50.26800289461139],[36.39102217989547,50.26967730316581],[36.39074849091503,50.270514485365084],[36.39014246531551,50.27106426865332],[36.39004471925108,50.27165153015406],[36.389399595225775,50.2720013846267],[36.38894996332935,50.27280104234003],[36.38930184916133,50.27390054976762],[36.3888717664778,50.27521242881753],[36.38826574087828,50.27608699476878],[36.387737912130305,50.27669918137566],[36.38764016606587,50.27744878690776],[36.387737912130305,50.27807344916823],[36.388774020413365,50.278635638194594],[36.389966522399526,50.2792228063115],[36.390025170038186,50.279972372106634],[36.3893604968,50.280621986248484],[36.38838303615561,50.280871835480916],[36.38828529009117,50.28115916047696],[36.388637175923144,50.28229595106412],[36.38719053416945,50.28365756559173],[36.38636946722816,50.28419470556275],[36.38543110500953,50.285955982473915],[36.38296790418566,50.28831674077559],[36.379664087207615,50.288891299150286],[36.376145228887786,50.284269654844195],[36.376223425739354,50.28375749906859],[36.375441457223836,50.28224598281756],[36.37422940602479,50.28190869578129],[36.373369240657716,50.28165885199126],[36.37290005954841,50.28169632864338],[36.37264591978087,50.281821250603954],[36.37215718945867,50.282083585654],[36.3711601796014,50.28219601451855],[36.370593252427646,50.282258474884124],[36.36842328979709,50.28362009048382],[36.36359463421378,50.284844262080945],[36.36240213222763,50.28569366876696],[36.36266604660161,50.286680460439285],[36.36292018636916,50.286911541608326],[36.36291041176271,50.28727377469636],[36.362907232074164,50.28732237545908],[36.360417887119496,50.28726752932164],[36.35920583592045,50.28749860764007],[36.35787648944408,50.287867081556435],[36.35609751107127,50.28822930737127],[36.35477793920135,50.288710189106936],[36.35306738307365,50.288947505575265],[36.34281382091396,50.28884133782785],[36.3405949852512,50.288947505575265],[36.329461708511545,50.28947209567404],[36.323899957444944,50.29002790506427],[36.31809384121724,50.29058995290198],[36.31065536571342,50.2911769735558],[36.304252998492636,50.29186390342294],[36.301740924636555,50.29198255394104],[36.29751829465277,50.29182643477681],[36.29701978972413,50.29188263773494],[36.29706866275634,50.292201119910416],[36.298329586987606,50.29466147898629],[36.30198040249451,50.29411509043521],[36.305577457665876,50.293190898946285],[36.308451191960394,50.29345317132833],[36.3092331604759,50.296750186516384],[36.310601605378054,50.30329358531037],[36.30268749006107,50.30366664107367],[36.30243492169405,50.30393351635494],[36.30100782915324,50.305306997817006],[36.29903335865157,50.30631835426347],[36.29682429759523,50.309626962727606],[36.29438064598425,50.31317253663295],[36.29338363612697,50.313983986438735],[36.29283625816611,50.31502012528884],[36.29095953372887,50.3170049547225],[36.28875047267254,50.31827819789815],[36.2875384214735,50.31874005218993],[36.2849579253723,50.3191894196263],[36.27938103454089,50.323036089270104],[36.279370865905946,50.32304310310282],[36.27941572351859,50.3233521076727],[36.28053926861785,50.324725479512495],[36.2826217944322,50.32727106696685],[36.281546587723376,50.33411598969367],[36.28198644501335,50.33472742979865],[36.282592470612876,50.33527023227769],[36.28334511530906,50.33567577031213],[36.282221035568,50.33627471246182],[36.27993377766012,50.337828183469725],[36.27707959257848,50.33993682990252],[36.273814874026215,50.342188860736314],[36.270432860196614,50.344596731262726],[36.26980728538421,50.34495852509298],[36.26770574499876,50.34646181131699],[36.264177112072495,50.34907529524487],[36.261225180926424,50.35116473143006],[36.25838077045125,50.353409993198596],[36.255526585369616,50.3551936532558],[36.252657738378325,50.35596073120497],[36.249886637451475,50.35650640919321],[36.24801968762068,50.356961655744115],[36.237029763666605,50.3614324996326],[36.234579603760274,50.363044702683744],[36.23371943839321,50.363630829021325],[36.233416425593454,50.36375553581882],[36.23303521594214,50.364204477576685],[36.231656996433536,50.36893057894661],[36.230875027918025,50.369703669467164],[36.23049381826671,50.37078223439062],[36.233274693800006,50.374893648634604],[36.23032276265394,50.38035420292352],[36.22232713458279,50.382049589610496],[36.221134632596645,50.38234876920575],[36.219766187694496,50.38228644027902],[36.217342085296394,50.38178780591658],[36.21599318960713,50.38251082403185],[36.21244848381716,50.38571339684047],[36.21240482935369,50.38616449296307],[36.211415328181545,50.386790206939565],[36.21073140825374,50.38683386140305],[36.209501807532476,50.38852910973474],[36.20695529716299,50.391657679617246],[36.204627059110905,50.39360757898588],[36.201163805008406,50.39535375752496],[36.20113470203275,50.39615408935536],[36.20014520086061,50.399239004774394],[36.198821015468475,50.40014119701958],[36.19685656461202,50.4006650505813],[36.19479025334078,50.40171275770475],[36.19321869265561,50.40072325653261],[36.19240380933738,50.4012325586065],[36.19105052096959,50.4022511627543],[36.190803145676554,50.402818670779496],[36.19161802899479,50.40351714219513],[36.18453145442371,50.40631102785765],[36.167084220520806,50.41649706933559],[36.16546900537217,50.42025135319461],[36.16411571700438,50.423292614150164],[36.16261691375834,50.42636297808137],[36.161118110512305,50.42994264408647],[36.16041963909667,50.43078663038036],[36.15934282899758,50.431295932454255],[36.157814922775884,50.43136868989338],[36.15538482430901,50.431674271137716],[36.15331851303777,50.432445499992475],[36.15308568923256,50.43327493479854],[36.152343563353455,50.433624170506356],[36.14962243513007,50.434278987458505],[36.145402503660634,50.43532669458195],[36.13540563152443,50.43769858709753],[36.13272815776452,50.43775679304883],[36.129730551272445,50.43770586284142],[36.12958503639419,50.43742938457273],[36.12842091736814,50.43753852073142],[36.1283408841851,50.43778589602446],[36.12580164955952,50.43788048069533],[36.124906733058246,50.43788775643924],[36.12387357742263,50.438149683220104],[36.12124703387011,50.43830247384227],[36.119420822147994,50.4383752312814],[36.118402218000206,50.438055098549235],[36.1176018861698,50.43811330450054],[36.116357733960704,50.43866626103791],[36.11460427967772,50.43898639377007],[36.112625277333436,50.43937928394136],[36.11162122467347,50.43956117753918],[36.1072630540697,50.44074712379699],[36.10395986633328,50.44168569476173],[36.1040835539798,50.440950844626535],[36.10375614550372,50.44079805400437],[36.10359607913764,50.44112546248044],[36.10361790636938,50.44175117645695],[36.101173256414675,50.442424182768875],[36.099048739192135,50.442998966537985],[36.09849578265476,50.4427806942206],[36.095789205919196,50.44360285328275],[36.09545452169921,50.44401029494187],[36.093082629183634,50.444650560406195],[36.09237688202409,50.444927038674884],[36.09209312801149,50.44475969656489],[36.09047791286285,50.44557457988312],[36.09055794604589,50.44586560963963],[36.08899366110464,50.44689876527525],[36.0882042428901,50.4470697452572],[36.08726567192535,50.44761542605066],[36.08617431033843,50.448146555356296],[36.08549039041063,50.448226588539335],[36.08409344757936,50.44810290089282],[36.08322035830983,50.448059246429345],[36.08310394640722,50.44835755192977],[36.081707003575964,50.44831389746629],[36.07976437995124,50.448059246429345],[36.077770826119135,50.44790645580717],[36.075529896993984,50.447637253282394],[36.075348003396165,50.447353499269795],[36.07491873450531,50.44730256906241],[36.07482414983445,50.4475281171237],[36.07340537977145,50.44729529331849],[36.072073918635404,50.44699698781807],[36.07201935055606,50.44669868231764],[36.071182640006086,50.44650223723199],[36.07025862052916,50.44613845003635],[36.06917453468615,50.445781938584624],[36.06869433558791,50.4455418390355],[36.067792143342714,50.44538904841333],[36.06774848887924,50.44568007816984],[36.067995864172275,50.44577466284071],[36.06913088022267,50.44613117429244],[36.06745745912273,50.45096226825056],[36.06706456895144,50.45110778312881],[36.06476543387499,50.451238746519245],[36.06072739600337,50.450889510811436],[36.05720593594957,50.45056937807927],[36.05586719906962,50.45020559088363],[36.053742681847076,50.44973266752929],[36.051108862550635,50.44942708628495],[36.04795118969249,50.449179710991935],[36.04656879834906,50.44874316635717],[36.04640873198298,50.44810290089284],[36.045768466518645,50.44797193750241],[36.044444281126516,50.44855399701543],[36.043745809710884,50.448510342551955],[36.0415921895127,50.4488741297476],[36.03914753955799,50.449077850577154],[36.03766328779978,50.448117452380664],[36.035844351821574,50.447346223525905],[36.03300681169558,50.44699698781809],[36.027870136493135,50.446880575915486],[36.026502296637524,50.4465458916955],[36.02520721422105,50.44568735391378],[36.02338827824284,50.444945228034676],[36.0229080791446,50.44452323488773],[36.02223871070462,50.444566889351215],[36.021220106556825,50.44487247059555],[36.01912469230994,50.44503253696163],[36.016883763184794,50.44482881613207],[36.01548682035353,50.44461054381469],[36.01424994388835,50.444756058692946],[36.01273658915449,50.44461054381469],[36.011892602860605,50.444159447692094],[36.01136874929888,50.44423220513122],[36.010335593663264,50.44452323488773],[36.00714881782945,50.44493067654685],[36.00531533036342,50.444857919107726],[36.00352549736087,50.44462509530251],[36.00144463460181,50.44420310215557],[36.00055699384444,50.443679248593845],[35.998956330183624,50.44298077717822],[35.99766124776715,50.44229685725041],[35.995798657325466,50.4418894155913],[35.99469274425072,50.44190396707913],[35.9908220484891,50.44107453227306],[35.98903221548655,50.4406379876383],[35.98666032297098,50.440543402967414],[35.98286238464849,50.440281476186556],[35.979893881132064,50.44016506428395],[35.97848238681298,50.44039061234525],[35.977412852457796,50.44046336978438],[35.97646700574913,50.44041243957698],[35.97628511215131,50.44011413407656],[35.97630693938304,50.439495695843966],[35.97605956409001,50.438709915501384],[35.975579364991766,50.43838250702531],[35.97460441530745,50.437662208377944],[35.97401508005051,50.43729114543839],[35.97370949880617,50.43633802298581],[35.972741824865764,50.435734136241045],[35.97242896787752,50.436127026412336],[35.97191966580362,50.436301644266244],[35.97137398501016,50.43625798980276],[35.96995521494716,50.43542127925279],[35.968725614225896,50.43488287420325],[35.96858737509155,50.43460639593456],[35.968347275542435,50.43462094742238],[35.96795438537114,50.43472280783716],[35.96724863821159,50.434657326141945],[35.96704491738204,50.434388123617175],[35.96682664506465,50.434671877629775],[35.96548790818469,50.43473735932499],[35.96540787500165,50.43463549891021],[35.96511684524514,50.43466460188586],[35.96501498483036,50.43481739250803],[35.96365442071866,50.43489014994716],[35.962526680412175,50.4350865950328],[35.961187943532224,50.43470098060542],[35.96006020322574,50.434191678531526],[35.95950724668836,50.433784236872405],[35.959259871395325,50.43353686157937],[35.959238044163584,50.43326038331068],[35.95900522035838,50.43320217735938],[35.95872874208969,50.43336224372546],[35.9569752878067,50.43334041649372],[35.95535279691415,50.43347137988415],[35.95431236553461,50.43354413732328],[35.95287904398379,50.433878821543274],[35.95190409429947,50.4339515789824],[35.950696320809946,50.43387154579936],[35.94956130475955,50.43375513389675],[35.94783695345221,50.43351503434763],[35.94563967879054,50.433282210542416],[35.943173201604104,50.43302028376155],[35.942220079151525,50.43284566590764],[35.940503003588084,50.43356960242696],[35.9396590172942,50.43378787474434],[35.938691343353796,50.43380242623216],[35.937709117925564,50.433445914780435],[35.93745446688862,50.433140333536095],[35.93745446688862,50.43225996852265],[35.93731622775427,50.431430533716586],[35.93701792225385,50.431219537143114],[35.93618848744779,50.430833922715735],[35.93555549772737,50.43095033461834],[35.934536893579576,50.43145236094832],[35.93332184434614,50.43095033461834],[35.93264520016224,50.43104491928921],[35.93225230999095,50.43137232776528],[35.93175028366097,50.432281795754385],[35.930091414048846,50.43330767564609],[35.92822154786326,50.43388973515911],[35.92782138194805,50.434711894221266],[35.927413940288936,50.434973821002124],[35.92646081783636,50.43514116311212],[35.92552224687161,50.43549767456385],[35.92476556950467,50.4358105315521],[35.92389248023514,50.435948770686444],[35.923092148404734,50.43613794002818],[35.92231364380606,50.43677820549251],[35.92172430854912,50.43707651099293],[35.92104038862132,50.43718564715162],[35.92032736571786,50.4370546837612],[35.91994175129048,50.436559933175126],[35.919505206655714,50.4359778736621],[35.919134143716164,50.43556315625907],[35.91832653614184,50.435315780966036],[35.91755530728708,50.435097508648646],[35.91676225120059,50.43514843885604],[35.916332982309726,50.435097508648646],[35.91590371341887,50.43530850522212],[35.91460863100239,50.435272126502554],[35.91348089069591,50.434981096746036],[35.91194570873031,50.43527212650256],[35.91005401531298,50.43641441829688],[35.90906451414084,50.43708378673685],[35.90803135850522,50.43730205905424],[35.907485677711755,50.437447573932495],[35.9069399969183,50.437833188359875],[35.90613238934397,50.43799325472595],[35.90474272225663,50.438284284482464],[35.9035349487671,50.438204251299425],[35.90227624507018,50.43805146067726],[35.901643255349775,50.43804418493334],[35.90120707450221,50.43832175456361],[35.900453671220035,50.43606154471711],[35.89879480160792,50.436312557882104],[35.897714353636864,50.436312557882104],[35.89636106526908,50.43607245833298],[35.894854986279135,50.435723222625164],[35.893468957063746,50.43598514940602],[35.891089788804244,50.43650354615983],[35.89011302018395,50.436983745258075],[35.88838321206868,50.43809693407673],[35.88645150205982,50.43633984192177],[35.88533831324116,50.43505203524921],[35.883843147867076,50.433644178802076],[35.88120205282672,50.43142871478063],[35.87868100756093,50.4291695962957],[35.875306411085894,50.42620353275169],[35.87450109268301,50.4254262260526],[35.87239476482025,50.42250137699965],[35.86706892027607,50.42435669169742],[35.86545370512743,50.42510973119239],[35.86346742703923,50.42572089368107],[35.86151388979864,50.42619017916345],[35.86159028510972,50.42681225526799],[35.86108825877974,50.42729245436624],[35.859876847418256,50.42792544408665],[35.85966948871674,50.42889675589901],[35.859091067075674,50.42896223759423],[35.8578032604031,50.42834016148968],[35.855282215137315,50.42931147330204],[35.851244177265684,50.42830742064207],[35.8465949769054,50.42729245436624],[35.842524198186176,50.426332056169755],[35.838267887997176,50.42525160819871],[35.835135680242715,50.424640445710025],[35.83364051486863,50.428842187819676],[35.83185068186607,50.433633265186266],[35.82578271144278,50.43090486121896],[35.81931093723232,50.427969098550136],[35.81264271793623,50.424891458875024],[35.806563833897066,50.422163054907706],[35.80226386924459,50.42017677681951],[35.80001566437553,50.419194551391286],[35.79964460143598,50.41910724246433],[35.7971890378654,50.41799405364567],[35.796054021815,50.41729558223004],[35.795366464015245,50.41720827330308],[35.79427510242832,50.416629851662016],[35.79437332497114,50.41625878872246],[35.79548651378981,50.41532021775771],[35.79566113164372,50.4147199688849],[35.79427510242831,50.41350855752343],[35.79451520197743,50.41263546825389],[35.79556290910088,50.411915169606516],[35.796730665998886,50.410812894403726],[35.79804029990319,50.41103116672111],[35.79889156194099,50.4109984258735],[35.80069230855941,50.41104208033698],[35.80143443443852,50.41118395734328],[35.80331157636803,50.4111403028798],[35.804774000894504,50.41074741270852],[35.806018153103594,50.40974336004855],[35.80658566112879,50.408270021906205],[35.80512323660232,50.407757081960355],[35.80232779764557,50.4051678779089],[35.77669226701001,50.39133236137488],[35.765747753930846,50.378175345651684],[35.756576744812065,50.368345286652605],[35.748473385029165,50.362018117852415],[35.74443807556151,50.358866811270175],[35.74361955437132,50.35791732668955],[35.743373998014285,50.35759810342538],[35.740509173848615,50.35534717015235],[35.73883120540872,50.35404572145994],[35.73765253489485,50.3542830926051],[35.72984384274041,50.35425853696938],[35.729180840576355,50.35420124048607],[35.72423697258759,50.35412757357896],[35.71713220865672,50.354225796121774],[35.70866869955013,50.3543240186646],[35.70410953652077,50.354405870783616],[35.7004425615887,50.35438950035981],[35.69621899224731,50.35465142714067],[35.691471569344195,50.35472509404779],[35.68799285428587,50.35479876095491],[35.68269702218533,50.35486424265012],[35.67808056267264,50.35495427998104],[35.67271924887688,50.354987020828645],[35.67149146709159,50.35473327925968],[35.6651479278676,50.35280975446274],[35.659884836614665,50.351426453651314],[35.65850972101514,50.35113178602285],[35.65681538215144,50.351270934625184],[35.64872839279234,50.352204048782],[35.646772127147784,50.35231045653673],[35.64114070135926,50.352965273488884],[35.63730183697726,50.353358163660175],[35.630565407581976,50.35412757357896],[35.63030348080111,50.353661016500546],[35.62808528837569,50.35400479540043],[35.62647280163101,50.35190938115354],[35.62314960559883,50.35383290595049],[35.618091144643444,50.35696784210893],[35.61510354229924,50.35880951478686],[35.611592086393316,50.360937669881366],[35.60774503679941,50.363270455273415],[35.603717912543665,50.3657915005392],[35.60156520181346,50.36717480135063],[35.601385127151616,50.3674940246148],[35.60194172156094,50.36760043236953],[35.60806016745763,50.371938594677545],[35.60808534944184,50.37205695000335],[35.608142019576654,50.37232329963694],[35.60894007773709,50.37285533841057],[35.611264677917234,50.37452512163856],[35.60975859892728,50.37485253011464],[35.60947211651071,50.37489345617415],[35.60926748621316,50.37517993859071],[35.60905467070371,50.37564649566912],[35.60864131750266,50.3759984597809],[35.60775731461725,50.37654277637238],[35.60652134762007,50.377263075019755],[35.605436807043056,50.3777091690684],[35.60512986159674,50.37757411307202],[35.60306718819746,50.37835170820271],[35.60264155717855,50.378130707481354],[35.60215862967634,50.37840900468602],[35.602224111371555,50.378687301890686],[35.602420556457204,50.37882645049302],[35.60209314798112,50.37933393363094],[35.60159385005511,50.37946489702137],[35.60134010848615,50.379718638590326],[35.601618405690814,50.37992326888788],[35.59929380551067,50.381372051394514],[35.598540766015695,50.38202686834667],[35.597493058892226,50.38307457547011],[35.59641261092117,50.38494080378375],[35.596134313716504,50.385857547516764],[35.59511934744067,50.389549078084535],[35.594341752309994,50.39044126618184],[35.5939652325625,50.39119430567681],[35.59362145366262,50.39251212479302],[35.59330223039845,50.39277405157389],[35.59298300713427,50.39287227411671],[35.590813925980264,50.39264308818346],[35.589496106864054,50.392561236064445],[35.587629878550416,50.39246301352162],[35.58720424753151,50.392274753647875],[35.58666402354598,50.39238934661451],[35.586352985493704,50.39253668042874],[35.58602557701763,50.39282316284531],[35.5854607973964,50.3927904219977],[35.58447857196817,50.39270856987868],[35.58402838531356,50.3927822367858],[35.5833326423019,50.39426376014005],[35.583188633729954,50.39565089776956],[35.582981445553685,50.39656252574514],[35.582953820463516,50.397957592798676],[35.58289166401064,50.3987932517763],[35.5828364138303,50.40133476007184],[35.58295382046352,50.40353095474027],[35.583022883188946,50.40420776944941],[35.58276044483234,50.404698114799906],[35.58273281974217,50.405140116242606],[35.58264994447166,50.40581693095175],[35.582705194652,50.40785428135171],[35.582794976195046,50.40790953153205],[35.5827793256157,50.408269494857116],[35.582746632287254,50.40902144141135],[35.58289166401064,50.4092907860405],[35.58275353855979,50.41013335129065],[35.58260850683641,50.4105339150981],[35.58256016292861,50.4116941688852],[35.582622319381485,50.41235026477671],[35.58273281974216,50.413393111930596],[35.58260160056386,50.414580990807856],[35.58262231938147,50.41654237220985],[35.58291238282825,50.41679099802137],[35.582788069922486,50.41751615663831],[35.58263267879028,50.418365628161006],[35.58267411642554,50.41934977199827],[35.58281914814893,50.41980558598606],[35.58285022637536,50.42081044864096],[35.58271555406079,50.421763514251786],[35.58270519465197,50.422157171786694],[35.582860585784175,50.42266478281855],[35.582953820463494,50.42467450812835],[35.58299525809875,50.426114465953404],[35.582933101645864,50.42743011087271],[35.58267411642553,50.427865206042874],[35.5827984293313,50.42924300741504],[35.5831092115957,50.42937767972962],[35.583171368048575,50.429978525440795],[35.58353912706145,50.43012355716417],[35.58742390536647,50.43130970947332],[35.58740836625324,50.43263571380143],[35.587988493146796,50.43418962512344],[35.58770878910884,50.435474191816304],[35.58739800684444,50.4364790544712],[35.587770945561715,50.43724565072339],[35.58762591383833,50.43850949859862],[35.587470522706134,50.44062281799654],[35.58637242537192,50.443513093055486],[35.58626883128378,50.44388603177277],[35.58626883128378,50.444466158666316],[35.58644494123361,50.4445283151192],[35.586299909510224,50.445978632353075],[35.58633098773666,50.44742894958695],[35.58633098773666,50.44836129638015],[35.58508785867904,50.44944903430559],[35.58437305947092,50.45020527114897],[35.58252908470214,50.45131372789199],[35.57943162146693,50.45300231152857],[35.579129899801245,50.45325374624998],[35.57874790048525,50.45357207901331],[35.57806417950356,50.4548048486621],[35.57813669536525,50.45514670915294],[35.57861322817067,50.455706117228864],[35.577763756647975,50.456369119392924],[35.57724578620731,50.45675241751902],[35.576779612810704,50.4569699651041],[35.575163545035814,50.457684764312226],[35.57400785584969,50.458563088093676],[35.57151340184338,50.45768394276832],[35.5715248026904,50.45723930973488],[35.57173458071887,50.4568663710176],[35.5715248026904,50.45635358028134],[35.571140209638195,50.45569511035864],[35.570574974394816,50.45547367799525],[35.56961931893178,50.455730073363384],[35.56883265132502,50.455689283191184],[35.56833734209113,50.45550281383254],[35.568145045565025,50.45533965314373],[35.568092601057906,50.455182319622374],[35.56816835423486,50.45502498610102],[35.56841892243553,50.45499002309628],[35.56900163918128,50.455141529450174],[35.56947363974534,50.45500167743119],[35.569520257085,50.45488513408204],[35.569368750731115,50.4546462202163],[35.56863452763147,50.454413133517996],[35.5683548235935,50.454220836991894],[35.56819166290469,50.45404602196817],[35.56760894615894,50.453766317930196],[35.56716608143217,50.453364243375624],[35.56659501902133,50.45301461332817],[35.56606474678269,50.452554267099025],[35.56528390634338,50.452128883874614],[35.564794424276954,50.452088093702415],[35.56403106534002,50.452035649195295],[35.56384459598138,50.45175594515734],[35.563966966497986,50.45158113013361],[35.56415926302408,50.45146458678446],[35.564176744526456,50.45128394459328],[35.56403106534002,50.451120783904464],[35.56354158327358,50.451173228411584],[35.56328518790545,50.45132473476548],[35.56277822433665,50.45197737752072],[35.56246355729394,50.452088093702415],[35.56156617350548,50.45228039022851],[35.56079698740109,50.45248434108952],[35.5603424683394,50.452600884438674],[35.55995204811975,50.452909724313926],[35.55982385043568,50.4532826630312],[35.55988212211025,50.45345165088747],[35.5598762949428,50.453632293078655],[35.55978888743093,50.45376631793018],[35.55910128167095,50.45413925664746],[35.55839619440858,50.454430615020335],[35.55812231753808,50.454337380341016],[35.55785426783503,50.45435486184339],[35.557527946457405,50.45448888669491],[35.55719579791233,50.4544364421878],[35.5570209828886,50.454337380341016],[35.5570909088981,50.45418587398712],[35.55721910658216,50.45388286127933],[35.557213279414704,50.45375466359526],[35.55712587190284,50.45369056475323],[35.55688113086962,50.453748836427806],[35.556496537817424,50.453842071107125],[35.5561906115259,50.453926565035246],[35.55612651268387,50.454124688728804],[35.556260537535394,50.454346121092186],[35.55628967337268,50.454544244785744],[35.55609737684658,50.45468992397218],[35.55587594448319,50.45479481298642],[35.55564868495235,50.45480064015388],[35.55541559825405,50.45470740547456],[35.555514660100826,50.454357775427106],[35.55549577747095,50.454141165373294],[35.555345672244556,50.45393821937016],[35.55510093121134,50.45387994769558],[35.55455900463779,50.454188787570835],[35.55421520175779,50.454567553455576],[35.55389470754763,50.455091998526754],[35.55401707806424,50.45523767771319],[35.554471597125925,50.455325085225056],[35.554594474117046,50.45539790121979],[35.554786264168634,50.455511554583694],[35.55504265953677,50.455756295616915],[35.554966906359816,50.45590197480335],[35.554564831805244,50.45603017248742],[35.554056024922495,50.4561486899541],[35.553754855528645,50.45631570369284],[35.55377930278528,50.456534538545306],[35.55421520175779,50.45679353142435],[35.55431426360457,50.45703244529011],[35.554226856092704,50.45716647014164],[35.55369658385407,50.457457828514514],[35.5532945092995,50.457807458561966],[35.55282250873544,50.45836103947043],[35.55239396347868,50.45846619181013],[35.55173282842088,50.45841348397755],[35.551179247512415,50.45776084122231],[35.55075386428801,50.45766177937553],[35.55049746891988,50.45772587821756],[35.55028769089141,50.45790652040875],[35.55061983943649,50.45849506432196],[35.54962230120732,50.459309046776205],[35.548022743740226,50.45908615762095],[35.54698040916126,50.45891571297282],[35.54654118641414,50.45763082254843],[35.545846296694826,50.45748004459046],[35.54380751648062,50.45767015592877],[35.54266684845081,50.45808315642232],[35.541735958449465,50.458640379310445],[35.54084440182846,50.45888949071926],[35.539002288515945,50.459407380227056],[35.53790095386647,50.45981382515722],[35.53752728675325,50.46023338121416],[35.53759284238715,50.46043660367924],[35.53780917597901,50.46090204867991],[35.53748139780952,50.46130193804669],[35.53682584147055,50.46173460523041],[35.53629484083598,50.462298383681926],[35.53521972844006,50.46348494065547],[35.534144616044145,50.46427160826223],[35.53363932212529,50.464620086826955],[35.53251228076012,50.465484387489354],[35.53110939019472,50.466166166081884],[35.529988388855074,50.4665398331951],[35.5283757202612,50.4669266114351],[35.52701216307614,50.46717572284392],[35.52549127236971,50.46777227911238],[35.52436371546668,50.46813283509882],[35.52300015828161,50.468880169325246],[35.52191849032229,50.46938494770626],[35.52124982285654,50.46967339249541],[35.52072537778536,50.469811059326595],[35.520220599404354,50.46991594834083],[35.51989937679826,50.470047059608625],[35.5195519319386,50.47036172665133],[35.51849648623285,50.47087306059573],[35.51687726207559,50.47156795031504],[35.51602503883492,50.47200717306215],[35.51531703798883,50.4723611734852],[35.5147598151007,50.472570951513674],[35.514314036790196,50.472702062781465],[35.512780034957,50.47367884172654],[35.51133781101125,50.474472064896695],[35.510243031925164,50.47492439877058],[35.509272808543486,50.47540295489803],[35.508125584950285,50.4759995111665],[35.50699802804724,50.476779623209865],[35.50601469353878,50.47754662412647],[35.505693470932684,50.47795962462002],[35.50489369219914,50.47893640356509],[35.50423813586016,50.47959195990407],[35.503189245717806,50.480208182862704],[35.50239602254765,50.48063429448304],[35.50162902163105,50.48097518377931],[35.500199908812085,50.48137507314608],[35.49854790683787,50.48189296265387],[35.49673857134229,50.482410852161664],[35.4950734582413,50.483033630683686],[35.49372301218301,50.483603964698595],[35.49204478795525,50.48431196554468],[35.49091067548883,50.48466596596772],[35.489855229783075,50.48485607730603],[35.48853100597835,50.48521007772907],[35.48567278034042,50.48579352287076],[35.483529111111984,50.486245856744645],[35.482204887307255,50.486521190407025],[35.48098555251676,50.48673752399888],[35.47959577307814,50.48687519083007],[35.4780224378646,50.48741930259142],[35.476455658214455,50.48791096984564],[35.47591154645311,50.48814697012768],[35.475747657368366,50.488291192522254],[35.4756624350443,50.48874352639614],[35.4754067680721,50.48907786012902],[35.4748298784938,50.48952363843952],[35.47460043377516,50.489903861116126],[35.474377544619905,50.49055286189171],[35.47378098835144,50.49129364055475],[35.47279109827959,50.49223764168287],[35.472476431236885,50.492637531049645],[35.47257476468773,50.49288664245845],[35.47182087489791,50.494001088234704],[35.47085720707962,50.4951548673913],[35.46976242799354,50.496544646829925],[35.46904131602067,50.49751487021161],[35.46855620432983,50.498288426691595],[35.468071092638986,50.49992076197564],[35.46686486897528,50.500346873595966],[35.46548164510005,50.50175631972476],[35.463075753336014,50.50453587860201],[35.462885641997715,50.50473910106711],[35.462561141609925,50.50475876775728],[35.461912140834336,50.50466043430644],[35.46159747379163,50.5051324348705],[35.46056497255775,50.505024268074564],[35.45909980414014,50.50445393405966],[35.458765470407265,50.504621100926094],[35.45835246991371,50.50518160159592],[35.4579788028005,50.505535602018966],[35.457624802377445,50.50598793589286],[35.45718230184864,50.50652876987251],[35.45734946871507,50.507040103816905],[35.45854913681539,50.507748104663],[35.45917847090081,50.508180771846725],[35.45943413787301,50.50886910600264],[35.45942430452792,50.50948860674298],[35.45919813759098,50.509852440511104],[35.45853930347031,50.509960607307036],[35.458165636357094,50.51020644093415],[35.45757563565202,50.51080627498431],[35.45748713554626,50.5112487755131],[35.457762469208625,50.513353111361205],[35.451213461382274,50.518446784115035],[35.44737845679928,50.52156395450686],[35.44529378764134,50.523314289931925],[35.444841453767445,50.52469095824377],[35.44519545419049,50.52487779180038],[35.4446152868305,50.529007796735904],[35.44445795330914,50.52921429698268],[35.44332711862442,50.52940113053928],[35.441670302062114,50.529457773840555],[35.441026115874614,50.529479797299956],[35.43968878094311,50.52949946399013],[35.43864644636414,50.52962729747623],[35.436610943931626,50.52997146455419],[35.435814442979776,50.53143663297179],[35.43507694209843,50.532459300860594],[35.43526377565504,50.533177135051766],[35.43551944262724,50.53443580322259],[35.435558776007575,50.535173304103935],[35.43538177579605,50.535664971358166],[35.43543094252148,50.53642213892968],[35.43699444438993,50.538113474284245],[35.43717144460146,50.53924430896897],[35.4373976115384,50.53952947597642],[35.438744779814996,50.54032597692828],[35.43930528048482,50.54121097798589],[35.43922661372414,50.54193864552214],[35.43899061344211,50.54254831291738],[35.438479279497706,50.54311864693229],[35.43843994611737,50.54361031418652],[35.438479279497706,50.54395448126449],[35.438951280061765,50.54427898165228],[35.43697477769976,50.54747481880478],[35.43594227646587,50.54873348697561],[35.43437877459743,50.55063132257693],[35.43246127230593,50.5531388255735],[35.43091743712765,50.55534149487245],[35.43068143684561,50.55629532934566],[35.43061260343002,50.55709183029751],[35.430878103747304,50.55781949783377],[35.43089777043747,50.5581833316019],[35.42841976747615,50.560877668155086],[35.42745609965786,50.56226416981202],[35.42599093124025,50.562972170658114],[35.424112762329095,50.5643881723503],[35.42269676063691,50.565253506717745],[35.421615092677605,50.56601067428926],[35.42045475795762,50.56664984171976],[35.41805542175698,50.5676430095733],[35.41609858608514,50.56819367689804],[35.41470225108313,50.568882011053965],[35.41373858326484,50.569137678026166],[35.41304041576383,50.56926551151227],[35.411939081114355,50.56918684475159],[35.41092624657064,50.5689901778499],[35.40979541188591,50.56976701211158],[35.409195577835746,50.57012101253463],[35.407573075896785,50.57106501366275],[35.40696340850154,50.57192051468511],[35.405803073781556,50.572825182432894],[35.405296656509705,50.57370035014542],[35.40443132214226,50.57481151813998],[35.40150590197958,50.574752518069474],[35.40031115055181,50.57536710213726],[35.39888531551454,50.57595218616979],[35.39805439785489,50.57637010333589],[35.39673672961356,50.57696502071351],[35.394725810543754,50.57791393851417],[35.392646058058354,50.57887760633246],[35.39119563965838,50.579600357196185],[35.39042372206924,50.5801018577955],[35.39024180518518,50.58034277475009],[35.392316640998025,50.581394942674144],[35.3934179756475,50.58227011038667],[35.39422430994444,50.58351894521242],[35.39746931382236,50.58788495042998],[35.39819698135862,50.58809145067676],[35.398924648894884,50.58924195205166],[35.39969164981149,50.58955661909436],[35.40005548357962,50.58987128613706],[35.40009481695996,50.59043178680689],[35.40136331847587,50.591041454202134],[35.40738132566765,50.59368662402989],[35.414215500501456,50.596715294315956],[35.41580850240516,50.597256128295605],[35.418316005401735,50.598386962980335],[35.42070550825729,50.599507964319976],[35.42132500899762,50.599852131397945],[35.424412679354184,50.60256613464129],[35.42565168083486,50.60366746929077],[35.42385217868438,50.604650803799224],[35.423183511218625,50.60545713809618],[35.42277051072507,50.60637163918904],[35.42157084262475,50.60721730686632],[35.42089234181391,50.60790564102224],[35.42031217445392,50.60826947479037],[35.41971234040376,50.6086333085585],[35.419407506706136,50.6090168090168],[35.419230506494614,50.61018697708186],[35.41952550684715,50.61156364539371],[35.42023350769325,50.61264531335301],[35.420213841003076,50.61382531476317],[35.42027284107358,50.61449398222892],[35.42084317508849,50.615732983709584],[35.41903383959293,50.6159198172662],[35.41760800455566,50.615929650611285],[35.41548400201738,50.61554615015299],[35.41415650043096,50.614965982792995],[35.413438666239784,50.61361881451641],[35.41325183268317,50.61340248092454],[35.41307483247165,50.613363147544206],[35.41274049873878,50.61346148099505],[35.41218983141405,50.61440548212316],[35.4114523305327,50.615801817125174],[35.41020349570695,50.618024153114305],[35.4088268273951,50.62003998885665],[35.407902492957156,50.61976465519428],[35.40686999172327,50.61973515515903],[35.40606365742633,50.61957782163767],[35.40576865707379,50.61978432188445],[35.4052573231294,50.620197322378004],[35.40478532256533,50.62025632244851],[35.40464765573415,50.62041365596986],[35.40464765573415,50.62062998956173],[35.405385156615495,50.62138715713324],[35.40627015767311,50.62257699188848],[35.40657499137073,50.62329482607965],[35.40652582464531,50.624032326961],[35.406348824433785,50.62481899456777],[35.40539498996058,50.62652999661249],[35.40490332270635,50.62650295491351],[35.404512447239235,50.62637020475487],[35.404018321648735,50.62640707979894],[35.40360532115518,50.62647345487826],[35.403435695952474,50.62665045508978],[35.40353894607586,50.62679795526605],[35.40456407230093,50.62760183122672],[35.404121571772116,50.62873758258399],[35.40373807131382,50.62938658335957],[35.40356663919528,50.6296579147702],[35.4019735450642,50.632170718541936],[35.39970268308374,50.63575257251922],[35.3936859343011,50.645242852308506],[35.39358268417771,50.6467178540712],[35.39423168495329,50.650449608530806],[35.396208187315295,50.65140835967655],[35.39707843835529,50.652499860980946],[35.39906969073492,50.65437311321956],[35.400662692638626,50.655066364048025],[35.400942942973536,50.65592186507039],[35.40150968134041,50.6563545362967],[35.40243269475387,50.65610624029075],[35.40305957050301,50.65565636475313],[35.406009574028396,50.65522123923313],[35.414380209031656,50.65547198953277],[35.41516195996588,50.65556048963853],[35.420007340756314,50.655597364682606],[35.42134959236036,50.65556786464736],[35.42255909380576,50.65544986450634],[35.42347359489863,50.6551548641538],[35.42524359701385,50.655265489286],[35.426394098388755,50.655132739127346],[35.42666751103627,50.65515552351464],[35.427456099657896,50.65522123923309],[35.432161355280876,50.656755241066286],[35.43372485714933,50.65700599136594],[35.43474260836558,50.65756649203577],[35.43866611305434,50.65884974356931],[35.440642615416344,50.6595577444154],[35.44374011911799,50.66051649556116],[35.44754562366573,50.66166699693606],[35.45149862838974,50.66253724797606],[35.452582754685324,50.66307562361944],[35.457575635652034,50.66469075054959],[35.45892526226489,50.66505212598145],[35.459670138155055,50.665177501131275],[35.46257589162755,50.666239502400416],[35.46742127241798,50.6626109980642],[35.48284979085572,50.65685849118971],[35.484582917926865,50.65638649062564],[35.48599891961905,50.655958740114464],[35.48666267041226,50.65662249090768],[35.48627179494515,50.65709449147174],[35.48628654496277,50.65752224198292],[35.486080044716,50.65776561727376],[35.48543841894922,50.65819336778494],[35.4852614187377,50.65851049316392],[35.48503279346448,50.659174243957125],[35.4847156680855,50.659388119212714],[35.484383792688895,50.65967574455644],[35.48435429265364,50.65986749478559],[35.485143418596685,50.660516495561176],[35.48581454439871,50.66088524600185],[35.486824920606146,50.66085574596659],[35.48765829660206,50.66097374610761],[35.488521172633234,50.66126137145133],[35.49167767640541,50.66456906290413],[35.497430183279896,50.67385419900026],[35.49706237213233,50.675417396377384],[35.49607318165821,50.67962145589238],[35.4926659275864,50.67990170622729],[35.487518171434616,50.68060970707338],[35.482923540943844,50.68137670798998],[35.48097653861709,50.68173070841303],[35.47864603583204,50.681597958254386],[35.4773627842985,50.68159795825439],[35.47516503167209,50.681561083210326],[35.473749029979906,50.681583208236766],[35.471543902344685,50.681428333051684],[35.47069577633114,50.68118495776084],[35.46982552529115,50.681516833157445],[35.46889627418065,50.6818708335805],[35.46781214788508,50.68243870925913],[35.4669492718539,50.68273370961167],[35.465909395611206,50.683242585219794],[35.465260394835624,50.68358921063403],[35.46498751950952,50.68394321105708],[35.46440489381326,50.684584836823845],[35.46380751809937,50.68468071193842],[35.46215551612516,50.685772213242814],[35.46163189049941,50.68672358937974],[35.46123364002349,50.687254590014305],[35.46130739011162,50.68771184056074],[35.46073213942417,50.68790359078989],[35.46074688944179,50.68825759121293],[35.459788,50.688742],[35.459434137873004,50.68896559205903],[35.459478387925884,50.68940809258783],[35.45947838792588,50.68940809258783],[35.4556415,50.6878973],[35.444289581925645,50.68910812838114],[35.440707,50.6911054],[35.441302589338655,50.69223902107159],[35.4450843,50.69659690000001],[35.440985950142604,50.707655710083785],[35.451600523992454,50.72885733512011],[35.4548726661419,50.738014481188635],[35.46175638678571,50.73962787072921],[35.46418755538571,50.7412241852062],[35.46550864322874,50.74137097274431],[35.46672881463931,50.74194894867564],[35.46656367865893,50.742407659732244],[35.46743522966648,50.7424810535013],[35.467948986049876,50.74285719656772],[35.46884805972083,50.74309572631715],[35.46926992869975,50.744024493789404],[35.47006152557324,50.74438140828334],[35.470194275731885,50.744565783503674],[35.470474526066795,50.744632158582995],[35.471057151763056,50.74459528353893],[35.471182526912884,50.74466903362706],[35.471101401815936,50.74477228375045],[35.47040077597866,50.7449640339796],[35.46998777548511,50.745104159147054],[35.46985502532647,50.74558353471993],[35.469980400476295,50.74620303546026],[35.47020902574951,50.74682253620059],[35.47070315134001,50.74720603665889],[35.47100552670136,50.747287161755835],[35.47130790206271,50.74820166284871],[35.471794652644405,50.74869578843921],[35.47331390445997,50.749883164858176],[35.4744791558525,50.75073866588054],[35.47536415691011,50.7512106664446],[35.47609428278265,50.75205141744933],[35.476367158108744,50.75262666813678],[35.4762344079501,50.75300279358626],[35.475828782465356,50.75368129439709],[35.47506178154876,50.75391729467913],[35.47388915514742,50.75489817085131],[35.4744791558525,50.75562829672384],[35.47536415691011,50.757361423795004],[35.47699403385788,50.75980255171226],[35.47844691059413,50.76182330412715],[35.47981128722462,50.76375555643627],[35.48050453805308,50.76455943239694],[35.48092491355545,50.76499455791693],[35.481242038934425,50.765673058727764],[35.48166241443679,50.76672768498809],[35.48207541493034,50.767273435640284],[35.4826506656178,50.767922436415866],[35.485470303732775,50.7715844849306],[35.48563754418725,50.771801691051714],[35.486124294768935,50.77243594180967],[35.48638979508622,50.77349794307881],[35.48600629462792,50.77413219383676],[35.4860505446808,50.7744271941893],[35.48622754489232,50.77476644459472],[35.4860505446808,50.775149945053016],[35.485888294486905,50.7754154453703],[35.48602104464555,50.77578419581098],[35.48618329483944,50.776123446216396],[35.48646354517435,50.77632994646317],[35.48671429547401,50.776403696551306],[35.48805654707806,50.77675769697435],[35.48818192222789,50.777008447274014],[35.487333796214344,50.777620573005535],[35.4845681679093,50.77908819975941],[35.4799587874009,50.78143345256209],[35.476831783664004,50.78324032972139],[35.476499908267385,50.78336570487121],[35.47607953276502,50.783402579915276],[35.475467407033506,50.78315920462443],[35.475253531777916,50.78315920462443],[35.475054406539954,50.783210829686126],[35.47437590572911,50.783594330144425],[35.47358677978607,50.78373445531189],[35.47318115430133,50.783970455593916],[35.472355153314226,50.784228580902386],[35.47089490156916,50.78365333021494],[35.46994352543223,50.78334357984477],[35.46892577421597,50.78326245474782],[35.46792277301734,50.78315920462443],[35.46676489663363,50.783122329580365],[35.46552589515297,50.783291954783074],[35.46489164439501,50.783336204835955],[35.46348301771164,50.78327720476544],[35.46202276596658,50.7831444546068],[35.4611598899354,50.78291582933358],[35.459618513093396,50.782687204060366],[35.457826385951726,50.782650329016306],[35.45686025979716,50.7824807038136],[35.455857258598535,50.78250282884004],[35.45502388260261,50.78266507903393],[35.454588757082604,50.78274620413089],[35.45323175546093,50.78267245404275],[35.452796629940934,50.78273145411326],[35.45250900459721,50.78284207924546],[35.45216975419179,50.78300432943936],[35.4514027532752,50.78345420497698],[35.45109300290503,50.78355008009155],[35.450768502517235,50.783535330073924],[35.45012687675047,50.78343945495935],[35.44953687604539,50.78318870465969],[35.44924925070167,50.78321820469495],[35.44907225049015,50.78326245474783],[35.4483863746705,50.783881955488155],[35.44725062331323,50.78469320645763],[35.44568712144478,50.78580683278847],[35.443658994021085,50.78702370924269],[35.44137274128891,50.78846921097012],[35.43930036381233,50.7897155874596],[35.437545111714726,50.79078496373754],[35.436962486018466,50.791109464125334],[35.43613648503136,50.79158883969821],[35.434978608647654,50.792348465606],[35.434093607590036,50.79325559169005],[35.433510981893775,50.793897217456816],[35.43324548157649,50.79412584273003],[35.43247848065989,50.7944355931002],[35.43166722969041,50.7946568433646],[35.426084348018634,50.795969594933396],[35.42116521714006,50.79711272129949],[35.42038346620583,50.79729709651983],[35.41543483529201,50.79873522323846],[35.413436207903565,50.800431475265555],[35.4127945821368,50.80112472609402],[35.41246270674019,50.80151560156113],[35.41107620508326,50.80365435411703],[35.410714829651404,50.80426647984854],[35.410493579387,50.804959730677005],[35.41036820423717,50.80524735602073],[35.4102723291226,50.806515857536645],[35.41039032926361,50.808094109422726],[35.411489205576814,50.810181236916925],[35.41259495504912,50.812955985795014],[35.41271345703985,50.81346311583893],[35.413093269993745,50.81438867944502],[35.41362427062831,50.81551705579348],[35.4139487710161,50.81614393154262],[35.414973897241175,50.8174493081026],[35.416028523501495,50.81866618455682],[35.41666277425946,50.81937418540291],[35.417864900696046,50.8202444364429],[35.41763627542283,50.82212506369033],[35.4177837755991,50.82295106467744],[35.41830740122485,50.823393565206246],[35.4187720267801,50.824455566475386],[35.419244027344156,50.82540694261232],[35.4192145273089,50.826262443634675],[35.41931777743229,50.82651319393434],[35.41925877736178,50.82666806911942],[35.41942102755568,50.826933569436704],[35.41983402804924,50.827884945573636],[35.42001102826076,50.82850444631397],[35.42024702854279,50.82933782230989],[35.42009215335771,50.83000894811191],[35.419959403199066,50.83078332403733],[35.419730777925835,50.83103407433698],[35.41952427767906,50.83194120042104],[35.419627527802454,50.83358582738643],[35.41983402804923,50.83413157803862],[35.41992252815499,50.83471420373489],[35.419325152441104,50.83535582950166],[35.41922927732653,50.8357614549864],[35.419155527238395,50.8367497061674],[35.41938415251161,50.83793708258637],[35.41970127789059,50.83962595960465],[35.419907778137365,50.840621585794466],[35.41990040312855,50.84112308639378],[35.41965702783771,50.84193433736326],[35.4192661523706,50.84307008872053],[35.41886790189467,50.84388871469883],[35.41791652575774,50.845798841981505],[35.41740765014961,50.8463962176954],[35.41689877454149,50.847421343920466],[35.412990019870364,50.85383022657935],[35.412798269641215,50.85443497730205],[35.412606519412066,50.85503235301594],[35.41216109960922,50.85514681929867],[35.41173795847855,50.85497258471545],[35.41097879350882,50.85580642164942],[35.410869896894305,50.856108220838195],[35.41067077165634,50.85627001009404],[35.4105089824005,50.856388240704085],[35.410260075853046,50.85663714725153],[35.409332898963775,50.857078956373265],[35.40849283936612,50.858143031863655],[35.4079079089796,50.85923822067245],[35.406937173444526,50.86096812117726],[35.40605355520106,50.862797584301056],[35.404286318714135,50.86430346891316],[35.4035271537444,50.86481372733544],[35.402319956989245,50.86503774322814],[35.40086385368664,50.86462704742485],[35.39912150785445,50.8639176637646],[35.397976537736156,50.86385543712774],[35.397354271367526,50.86400478105621],[35.394840315238234,50.86449014882375],[35.39333443062614,50.86490084462705],[35.39252548434691,50.865137305847135],[35.39082047449685,50.86600847876323],[35.38839363565916,50.86686720635195],[35.38517029586962,50.86768859795855],[35.382905246287784,50.86967985033819],[35.382108745335934,50.87023989006996],[35.38304214488889,50.8710363910218],[35.385941906166735,50.87392370697228],[35.387099321612396,50.87510601307269],[35.38992441092601,50.876201201881486],[35.39413093157799,50.877868875749435],[35.39874814803327,50.87891428324875],[35.401610573329,50.87952410429001],[35.401125205561485,50.879847682801696],[35.39940775038405,50.880681519735674],[35.39648932111515,50.882050505746676],[35.39417449022382,50.88308346791861],[35.39200900326097,50.88394219550733],[35.39032266140197,50.88455823921228],[35.38905323800994,50.885099610953],[35.38787093190953,50.8859210025596],[35.387211329558774,50.88651215560981],[35.386265484678454,50.887426887171685],[35.383813755186026,50.89032664844953],[35.38139936167572,50.893052175144156],[35.37975657846252,50.89534211538074],[35.37968190649828,50.89562835791031],[35.37981880509938,50.89577770183879],[35.382270534591804,50.896536866808525],[35.38607880476786,50.89768183692682],[35.38886655809935,50.89819209534909],[35.39391936101268,50.89966064397907],[35.39455407270869,50.89999666781814],[35.395860832082825,50.90050692624042],[35.39764051389712,50.900942512698464],[35.40254397288198,50.90236128001895],[35.40265642380728,50.902398250186174],[35.4025253048909,50.90264129988482],[35.40142389341841,50.90333823821769],[35.4006522831213,50.90338179686349],[35.39964421160411,50.90308310900655],[35.399264629119244,50.90291509708702],[35.39897838658967,50.90296487839651],[35.398698366723785,50.903823605985224],[35.39892860528018,50.90455165763653],[35.39886637864332,50.90477567352924],[35.397460056650196,50.90552239317161],[35.39706802883795,50.90568418242746],[35.39683156761787,50.90567795976377],[35.39658266107042,50.90557839714479],[35.39605995732076,50.905472611862116],[35.3959043907286,50.90551617050792],[35.396308863868214,50.90648068337931],[35.3963648678414,50.90687271119155],[35.39614707461237,50.907314520313285],[35.396153297276065,50.907494977560184],[35.39628397321348,50.90768788013446],[35.39658266107042,50.908272810520984],[35.3968626809363,50.909679132514114],[35.3977774124982,50.90994670705262],[35.3980512097004,50.91017072294533],[35.39847435083107,50.91087388394189],[35.39877303868802,50.911166349135144],[35.399320633092415,50.91135925170943],[35.399656656931484,50.911620603584254],[35.40045603719263,50.91204405907394],[35.399905563478924,50.91260378444671],[35.399488645011935,50.913294500115896],[35.399245961128166,50.91369897325551],[35.398947273271226,50.91432746228782],[35.39829389358415,50.9149310606654],[35.397590732587595,50.91546620974243],[35.396364867841385,50.916611179860716],[35.39525101104152,50.91765658736003],[35.39474697528293,50.91806106049964],[35.39399403297688,50.91847175630294],[35.392867730849645,50.91861487756773],[35.39241969906423,50.91922469860899],[35.39249437102846,50.92029499676305],[35.39260637897482,50.92111016570596],[35.39278061355803,50.92282139821971],[35.39278683622172,50.923848137727965],[35.39271838692117,50.92410948960279],[35.39250681635583,50.92426505619495],[35.39047200533039,50.92396014567431],[35.38861765155185,50.92361167650788],[35.387379341478265,50.92348100057047],[35.38668240314539,50.92349344589784],[35.386128586077305,50.923431219260976],[35.385375643771255,50.92344366458835],[35.38466003744732,50.92335654729674],[35.38339683671899,50.92341255126992],[35.382413655856546,50.92348722323415],[35.38166693621418,50.9235121138889],[35.38107578316397,50.92348722323415],[35.37979391444458,50.923474777906776],[35.376228328152294,50.923362769960434],[35.37448598232012,50.92331921131463],[35.373639700058774,50.923350324633056],[35.37304232434488,50.923443664588355],[35.37210270212824,50.92371746179055],[35.369818984555344,50.92447662676029],[35.36729880576236,50.92535091100822],[35.36588003844187,50.925886060085254],[35.365824034468694,50.92607273999586],[35.36811397470528,50.928182222985534],[35.37138087314062,50.93128110950134],[35.37258806989578,50.93243230228332],[35.37170445165232,50.93247586092914],[35.36793974012207,50.93248830625651],[35.36538222534698,50.93256920088443],[35.364255923219744,50.93247586092914],[35.36396968069017,50.93233273966435],[35.36231445214959,50.93218339573588],[35.359763160038185,50.93173536395046],[35.358313279399255,50.93147401207563],[35.35600467117161,50.93129355482874],[35.354909482362814,50.93137444945667],[35.35447389590477,50.93224562237276],[35.35319202718538,50.932170950408526],[35.35128789209735,50.931847371896836],[35.349831788794745,50.93162335600413],[35.34792765370671,50.931685582640995],[35.34742984061181,50.93185981722421],[35.34703159013588,50.93276832612242],[35.34612308123767,50.93297989668776],[35.3449221071462,50.933788842966976],[35.34426872745913,50.93503337570425],[35.343217097296126,50.93548140748966],[35.34193522857673,50.93485291845734],[35.33983819091443,50.934479558636156],[35.33893590467991,50.93431154671663],[35.33730556679408,50.934317769380314],[35.335482326333974,50.934504449290905],[35.33255145173769,50.93466001588306],[35.3314064816194,50.93466001588306],[35.33097089516136,50.934790691820474],[35.33071576595022,50.93501470771319],[35.325227376578844,50.94676309675304],[35.32932188928445,50.947659160323866],[35.32903564675488,50.94873256980976],[35.32923477199285,50.95002688385653],[35.33010594490895,50.95220481614676],[35.33107668044402,50.952453722694216],[35.33375242582915,50.95504235078775],[35.335314314414425,50.95635533282556],[35.33526453310494,50.957077161813174],[35.3354636583429,50.95817235062198],[35.33650906584221,50.96368563064812],[35.33609837003891,50.963853642567656],[35.33618548733052,50.9645630262279],[35.33635349925005,50.96494260871276],[35.3371064415561,50.96539686316187],[35.33735534810356,50.965689328355126],[35.338095845082236,50.965714219009875],[35.340024870825005,50.965365749843436],[35.34123829024385,50.96534085918869],[35.34152453277342,50.965452867135056],[35.34175477132982,50.96581378162886],[35.34182322063037,50.966585391925975],[35.34390781296528,50.96612491481319],[35.34794009903404,50.969970520971366],[35.35036693787172,50.970767021923216],[35.351835486501706,50.971588413529815],[35.35319202718533,50.97350499394521],[35.3518852678112,50.974662409390874],[35.350653180401295,50.975384238378496],[35.350242484598,50.976342528586194],[35.34888594391437,50.976666107097884],[35.34776586445083,50.979043164626084],[35.34660844900517,50.98089751840462],[35.34550081486899,50.98297588807586],[35.344380735405444,50.98511648438397],[35.34398248492951,50.985489844205155],[35.342849960138594,50.987630440513264],[35.34082137177685,50.987543323221665],[35.34032355868194,50.987705112477514],[35.33676419505334,50.98963413822028],[35.3350467398759,50.990505311136374],[35.334810278655816,50.990866225630185],[35.3343622468704,50.991214694796625],[35.33322214854829,50.99232158637149],[35.336645964443285,50.99340507241421],[35.33845053691233,50.99417668271133],[35.339495944411645,50.9948736210442],[35.34005598414341,50.99537143413911],[35.33909769393571,50.995981255180375],[35.33836341962073,50.99667819351325],[35.33775359857946,50.99700177202494],[35.33756677091138,50.99702811951659],[35.33836815256809,50.99769805762114],[35.339321709828425,50.998495211309674],[35.340463697426955,50.99988579484801],[35.341151172952216,51.000722924909375],[35.338487872894454,51.001755887081316],[35.333522187272735,51.00446896844856],[35.3282453684667,51.008451473207835],[35.327638658757294,51.00946576738868],[35.32655591527587,51.01027471366791],[35.32468911616996,51.01170592631578],[35.32358148203379,51.01260198988661],[35.32292187968303,51.01327403756474],[35.32304633295676,51.013827854632815],[35.32408551779238,51.01425099576349],[35.32500647201797,51.01426344109086],[35.32581541829719,51.01408920650765],[35.329225437997316,51.011183222566125],[35.330507306716704,51.01048006156957],[35.3324301097958,51.00947821271607],[35.33358752524147,51.00853859049943],[35.33406979939313,51.00777110045163],[35.3341662329643,51.00761763627384],[35.33503740588039,51.00724427645266],[35.33636283324559,51.00684602597673],[35.3507745223432,51.005128570799315],[35.35572776263754,51.00383425675255],[35.35924674787238,51.00483009041201],[35.36355587355499,51.00604952502489],[35.365291996723485,51.00666556872983],[35.36662986941605,51.00713849117],[35.366679650725544,51.00735006173533],[35.36691611194562,51.00754918697329],[35.36763794093324,51.00764874959228],[35.36931183746487,51.00743095636325],[35.37004611177991,51.00730028042585],[35.370508930374804,51.00735345532824],[35.3715084377462,51.007468292345386],[35.3724667279539,51.00749318300013],[35.3744268670151,51.00765497225598],[35.37724573366503,51.007356284399044],[35.38055619074618,51.012508649931355],[35.38262211509005,51.01295668171678],[35.382522552471066,51.01386519061498],[35.38270923238166,51.01492304344166],[35.38303281089335,51.017300100969855],[35.38377953053571,51.02015008093821],[35.39379801907076,51.02061055805099],[35.39481853591533,51.02312451418028],[35.40010780004874,51.03151266482949],[35.400381597250934,51.0336532611376],[35.4037791716237,51.03612988128478],[35.41295137789739,51.039888370151345],[35.41225443956452,51.04200407580471],[35.406392690371966,51.05159942320906],[35.4041400861175,51.05162431386382],[35.399317521760565,51.05291240524689],[35.39869525539193,51.05333554637756],[35.389809291647815,51.06043560564371],[35.38261589242638,51.06571242444974],[35.37059370618432,51.069918945101726],[35.36394479003545,51.06651825939712],[35.36331318967128,51.06659915402503],[35.35972271272425,51.06666138066189],[35.35806126151999,51.06657426337028],[35.35616957175934,51.06580265307318],[35.35534818015274,51.06494392548446],[35.35435255396292,51.06466390561857],[35.35139056604821,51.06369317008352],[35.34840368747875,51.064290545797405],[35.341857445280695,51.067115635111016],[35.34007776346639,51.06819837859243],[35.33612014936187,51.07247334854495],[35.3304948613894,51.071315933099285],[35.329508569195106,51.07126615178979],[35.32873073623431,51.07158350763778],[35.32345391742832,51.06827305055658],[35.32228405665528,51.06829794121133],[35.32181113421512,51.06806147999124],[35.32087773466216,51.06770056549743],[35.32066616409682,51.0674889949321],[35.32037992156725,51.067264979039386],[35.319944335109206,51.06732720567625],[35.31954608463328,51.067401877640485],[35.31922250612159,51.067289869694136],[35.31881181031829,51.067090744456166],[35.31837622386024,51.06705340847405],[35.31587471305833,51.06590843835576],[35.315003540142236,51.06574664909992],[35.30824572737884,51.06217484014393],[35.30391475345313,51.06095519806141],[35.301898610418746,51.06105476068039],[35.29703248741601,51.0618263709775],[35.294431413995106,51.062921559786304],[35.2907849330749,51.06399185794036],[35.28710111617256,51.06659293136131],[35.28699844222176,51.06788413407614],[35.287577149944596,51.068873537602265],[35.29011599672863,51.069638925235694],[35.29116140422794,51.069582921262516],[35.292262815700425,51.06990027711052],[35.29412961480634,51.07008695702111],[35.29442830266328,51.0707776726903],[35.29623909779601,51.071767076216425],[35.297956552973446,51.07212176804655],[35.3037933,51.0742383],[35.30391164212129,51.07583669826731],[35.3031925,51.0774739],[35.3043083,51.0788759],[35.30251154279187,51.08026101214831],[35.29986068806148,51.07973830839866],[35.298385916767806,51.079962324291365],[35.29701381942496,51.079728974403125],[35.29594974393459,51.079915654313716],[35.292682845499264,51.0806063699829],[35.29060136449616,51.081362423620796],[35.28987331284486,51.080074332237714],[35.289947984809096,51.079010256747345],[35.28966796494321,51.07869290089934],[35.28927593713097,51.07884224482782],[35.288267865613776,51.07938361656853],[35.28608371065987,51.08042902406784],[35.28498229918738,51.08057836799631],[35.284254247536076,51.08029834813042],[35.28274214026029,51.07947695652382],[35.28229410847487,51.07914093268476],[35.280203293476255,51.078730236881455],[35.27915788597694,51.0788049088457],[35.278523174280934,51.07906626072052],[35.27807514249552,51.079644968443354],[35.277347090844216,51.0803543521036],[35.27544295575618,51.07988765232712],[35.273688164596635,51.07884224482782],[35.272586753124145,51.07785284130169],[35.2715600136159,51.077554153444744],[35.27120532178577,51.07721812960568],[35.270271922232816,51.07671409384709],[35.270085242322224,51.07650874594543],[35.26989856241163,51.076060714160015],[35.26974921848316,51.075519342419305],[35.269506534599394,51.0748846307233],[35.26917051076033,51.07471661880376],[35.26885315491233,51.07475395478588],[35.268685142992794,51.074996638669646],[35.26866647500174,51.07544467045507],[35.268722478974915,51.07579936228519],[35.26909583879609,51.07613538612425],[35.268629139019616,51.076527413936496],[35.268199775225256,51.07660208590073],[35.26707969576171,51.075948706213666],[35.26614629620876,51.075519342419305],[35.26586627634287,51.074940634696475],[35.26532490460216,51.07492196670541],[35.26345810549625,51.073727215277636],[35.26239403000588,51.07337252344751],[35.26175931830987,51.07352186737599],[35.259761843266546,51.073055167599506],[35.25808172407124,51.07294315965315],[35.25548687331402,51.0724204559035],[35.25393743005612,51.071860416171724],[35.25259333469986,51.071039024565124],[35.25156659519161,51.06999361706582],[35.250875879522425,51.06889220559332],[35.24999848394265,51.068294829879434],[35.24908375238075,51.06814548595096],[35.2481503528278,51.06833216586155],[35.24727295724802,51.068630853718496],[35.24577951796329,51.06846284179896],[35.2444540905981,51.06777212612978],[35.2431286632329,51.067230754389065],[35.24077649635946,51.06650270273776],[35.23995510475286,51.06605467095234],[35.238293653548595,51.06620401488082],[35.23676287828175,51.06590532702387],[35.23547478689867,51.06521461135468],[35.23426136747983,51.064729243587145],[35.23379466770336,51.06435588376596],[35.2324505723471,51.06378651003867],[35.23047176529484,51.06331981026219],[35.230212544199674,51.06313739541745],[35.22895965801904,51.06225573477182],[35.2282502743588,51.06117299129039],[35.2270181869489,51.060276927719556],[35.226346139270774,51.059847563925196],[35.225860771503235,51.059231520220244],[35.22412464833474,51.05956754405931],[35.22160446954176,51.06119165928145],[35.219592281805944,51.06240382022879],[35.217180155660756,51.063525158163834],[35.21480932079625,51.06470124160056],[35.21191578218209,51.06628802084058],[35.205330533536795,51.067701340145476],[35.1999122639311,51.06886420360672],[35.19875484848543,51.06987227512391],[35.19810146879836,51.07625672806612],[35.19177301982933,51.08284652890999],[35.18971954081283,51.08519869578344],[35.1892341730453,51.08857760216513],[35.187572721841036,51.088558934174074],[35.18564991876195,51.08910030591479],[35.183885793606876,51.089436329753845],[35.1812722748586,51.08936165778961],[35.17738933271831,51.08962300966444],[35.175121171804626,51.0895483377002],[35.17480381595662,51.08982835756609],[35.1748598199298,51.09060307919504],[35.1751118378091,51.09206851649318],[35.175690545531936,51.09433667740686],[35.17611057533076,51.0958674526737],[35.1770066389016,51.09871432131022],[35.17523317975098,51.10015175662176],[35.174682474014745,51.1003197685413],[35.174346450175676,51.10017042461283],[35.1736417335132,51.10026843156588],[35.17321236971884,51.10047377946753],[35.17242831409436,51.10108982317248],[35.17157425350341,51.10187854579473],[35.171102886729166,51.10227990760251],[35.170141485189625,51.10339065307051],[35.16909607769032,51.10461340648488],[35.16794799624018,51.10543479809148],[35.167653320304346,51.10560259966605],[35.16700371319429,51.10565413994857],[35.16439027364459,51.105190624569],[35.164644829444896,51.100789660787264],[35.1643541,51.1007383],[35.16251928851242,51.10137843385046],[35.161161657577516,51.10101611285282],[35.16031313824321,51.101314495057224],[35.15960038200238,51.1019219100226],[35.15805607681393,51.10253997319868],[35.15763181714678,51.10313671601057],[35.15581598577133,51.10358426806421],[35.154763821796784,51.10326458846807],[35.15444138444975,51.10320065228353],[35.15077578092551,51.10628014472127],[35.15522202223732,51.10981757832089],[35.16615302251169,51.115516087205904],[35.16675324481239,51.116353239362134],[35.167495297456995,51.11761332875862],[35.16860837642388,51.11916743901429],[35.169112412182486,51.11950346285335],[35.17094654230404,51.120063502585126],[35.17394975536567,51.12101557012914],[35.17510483731245,51.12147760290785],[35.174929824896275,51.12231766250551],[35.17406176331202,51.125285873083904],[35.16220292199172,51.129766190938085],[35.16056480577628,51.13011621577044],[35.158184636916246,51.13064825351563],[35.15647651573434,51.13183833794565],[35.15502041243173,51.13325243826838],[35.15320028330347,51.13459653362463],[35.15045608861778,51.13531058428264],[35.14856595452304,51.13568861110159],[35.146241789636186,51.13531058428264],[35.144659677393925,51.135450594215584],[35.14288155124554,51.13571661308817],[35.141618173777545,51.13355323145519],[35.140579868529386,51.132781230274574],[35.13656064976213,51.13147693233519],[35.126572287952186,51.12676626257148],[35.11528892023121,51.124647007689106],[35.097785434231156,51.127039164166256],[35.05016804501655,51.11269629186215],[35.05016804501655,51.11269629186214],[35.04694908100645,51.11286183858267],[35.04752726851246,51.11517388060656],[35.04718073592372,51.11540863734513],[35.04632376464108,51.11598918817902],[35.04458361259375,51.11624369547551],[35.04252363749252,51.11551497365323],[35.04235626185734,51.11503325957303],[35.04235626185735,51.115033259573025],[35.0414804,51.1122485],[35.03986,51.1103768],[35.0374145,51.1104034],[35.0332956,51.1135283],[35.0305607,51.1122417],[35.03043119711466,51.10840127416866],[35.029989739193276,51.107536752405956],[35.02860098614893,51.105789314800475],[35.021738888154154,51.10668664132923],[35.0193974,51.1068814],[34.998439496228194,51.10156090424885],[34.973034619899785,51.10616004219832],[34.96551611783835,51.116112494548915],[34.9658168189808,51.11870315054535],[34.96569977140686,51.12861291936364],[34.95782876963067,51.13915552456281],[34.95455851925169,51.140305108569386],[34.953843248351205,51.141003745262886],[34.951913680340596,51.14323272899928],[34.9449935433605,51.14576199586374],[34.94477187380134,51.145688776100336],[34.93713589621501,51.14858905636537],[34.92900181666065,51.14295913132023],[34.927763487175554,51.140924292105126],[34.9232853392954,51.1400712588974],[34.90170740479784,51.129017531716116],[34.879205348170345,51.13182453874434],[34.863769386707986,51.12297153073612],[34.84980259463208,51.12433904231496],[34.833452753417596,51.12706822557097],[34.83134161909723,51.12845474294957],[34.82075094129379,51.12773229596014],[34.81983001278914,51.128795321182224],[34.818810413373285,51.13039497321838],[34.81729745940137,51.13091097818478],[34.815188078313675,51.13482000565975],[34.8049502,51.1429358],[34.80198720734107,51.14268465258331],[34.80065527735104,51.142941694100145],[34.78660936210592,51.15139512547452],[34.78131755370126,51.152937555395496],[34.77055688754008,51.15209847991306],[34.76085851748989,51.154146784399174],[34.755940479939085,51.15997038228368],[34.7519197,51.1678886],[34.74477653469874,51.16673075602296],[34.736782264659894,51.1791740994447],[34.73916063152188,51.179501156711034],[34.740181720419,51.179602559784875],[34.74144948229562,51.179428450699966],[34.74259046700741,51.17946544712925],[34.74451833772732,51.179675093001244],[34.74681997930111,51.179724421303156],[34.74886588292223,51.17990940196523],[34.750439654938496,51.180057385960474],[34.75209211555556,51.180402680101984],[34.75298596621068,51.18043557037483],[34.753772028795474,51.180464494460466],[34.755280290668274,51.1801634642903],[34.7556355837083,51.17944800996256],[34.7565474128742,51.179016091033176],[34.75719103050259,51.17848652451379],[34.75837770050496,51.17809565008567],[34.758578831013835,51.17756607299334],[34.759664935761755,51.17718779991732],[34.7605700230517,51.17708692657289],[34.761615901697844,51.17654472856526],[34.7652161378067,51.175825991145516],[34.769238747984204,51.175044193862114],[34.76972146120549,51.17475416891829],[34.77213502731199,51.1746406804002],[34.77297474718654,51.174952773152775],[34.77338539555648,51.17519446211416],[34.77445305642677,51.17582283876373],[34.77609227007411,51.17625156070757],[34.7774700140599,51.17683789455881],[34.77777458034388,51.17688607517066],[34.77854606228238,51.17700811911898],[34.77930030169066,51.17733595724185],[34.779396088849296,51.177734180942124],[34.77949137567409,51.17813032456405],[34.77993386279362,51.17961815034155],[34.780426632540355,51.180815941289964],[34.78076560529477,51.181148293379145],[34.781603246017276,51.18196957367525],[34.782980990003054,51.18355183124832],[34.78440901661607,51.1848377695058],[34.785977834585296,51.18387962283853],[34.78621919119593,51.1836652978318],[34.78690303492612,51.183640083059615],[34.7877276700125,51.1831988223135],[34.78810981797936,51.18283320306665],[34.789195922727295,51.18253061942788],[34.7896839,51.1821236],[34.78991999255924,51.18133287303252],[34.79004067086456,51.18046291140292],[34.79076474069652,51.18003422861975],[34.792916837141476,51.1790129388695],[34.79504882053554,51.178092497859055],[34.797040012573405,51.17670549724415],[34.79870939579706,51.175658914614026],[34.80076092698759,51.17536889353688],[34.803033701737874,51.17592371487386],[34.80552772004793,51.17603720023396],[34.80735800767869,51.176440701474284],[34.80828320801951,51.176503748224086],[34.80916818225856,51.17583544828956],[34.80906761700412,51.174965382916575],[34.80854467768104,51.17388093062657],[34.8087292,51.17285420000001],[34.80912795615678,51.17235508828614],[34.813633279555575,51.171522789364566],[34.81409587972599,51.170980525924726],[34.81496074091415,51.1701229800279],[34.81612729786563,51.169177138854096],[34.83462124815667,51.16912038776677],[34.83510396137797,51.16947035169266],[34.83487768955547,51.178587394796],[34.83374633044304,51.18006259745653],[34.833474804256056,51.18315469600656],[34.83670294892351,51.18363693121212],[34.83914668460634,51.184648663188526],[34.84068533299922,51.18572655880427],[34.84260110109626,51.18652078154892],[34.84441127567613,51.18757972391906],[34.84489398889744,51.18792009308517],[34.8459197544927,51.18874264152539],[34.846960604876124,51.18893173104547],[34.84584433055186,51.19115347479151],[34.8621658,51.19899379999998],[34.86350861749379,51.19853645790329],[34.872453896876,51.191909788649426],[34.8764269,51.19120859999999],[34.876979333325686,51.191966511688356],[34.88014713884046,51.19485929408846],[34.8815801937162,51.19510507768613],[34.882937824651094,51.19532250054496],[34.88345850932019,51.195739997609586],[34.884431218679474,51.195960583445924],[34.88558520497414,51.19556355512393],[34.88707859900254,51.195435938150986],[34.8883230940262,51.19547847718124],[34.88988436960134,51.19508144470482],[34.89063106661553,51.19467022889037],[34.89422878859304,51.19413138881962],[34.89459082350901,51.19391868705705],[34.89710244073859,51.19330893656249],[34.89816591830426,51.19296860719645],[34.89859583476698,51.19319549371977],[34.89941041332793,51.194202289188965],[34.90062580306264,51.19568352624859],[34.901514741277026,51.19668373338429],[34.903528560497136,51.19756284155228],[34.90479568270305,51.198640435132475],[34.905361362259264,51.19964711162585],[34.905361362259264,51.20119252991316],[34.90502195452553,51.201773820621206],[34.90423000314685,51.201943953099324],[34.90402635850661,51.20297891213637],[34.90450152933383,51.203616888998425],[34.90588178745098,51.20438244956901],[34.90789560667109,51.20531811743106],[34.90824943679695,51.20528365761771],[34.90886857550777,51.2052047041571],[34.91074663163438,51.20571506169071],[34.91092764909237,51.206112002529366],[34.9118514,51.2064639],[34.91188388627253,51.206526635890654],[34.91341663913968,51.206168708084164],[34.917082242663916,51.20582847370796],[34.91833633737364,51.20599190304229],[34.91838607862607,51.205985631182905],[34.919933267627215,51.2055732962764],[34.9242542,51.2052337],[34.924311605496705,51.20523848330319],[34.9301336,51.2057236],[34.93366796725201,51.20709016356491],[34.93688041682134,51.20889782472139],[34.937989759061466,51.209811893637294],[34.93808026779046,51.21032220011839],[34.93909849099164,51.21111599896003],[34.939437898725366,51.212079879157606],[34.93932476281412,51.21266103246806],[34.93927950844962,51.21538243329977],[34.93953457078811,51.21612615892874],[34.93993569673483,51.217295821952476],[34.9396867977301,51.217607625901444],[34.94056925783778,51.21807532786534],[34.9410896830295,51.21806115514836],[34.94219841495967,51.21861388787732],[34.94391808081055,51.21879813064558],[34.94500418555847,51.218769785652306],[34.94631656212888,51.21855719764643],[34.94715376787207,51.21899654510986],[34.95099825707006,51.2187803128955],[34.951611322775,51.21902488996351],[34.95272005470517,51.21981853878029],[34.95263592653892,51.22109563869628],[34.95222225669571,51.221689228283154],[34.95244852851819,51.22205768846603],[34.95156606841051,51.22336144696939],[34.950887252943055,51.224027483257586],[34.95057047239158,51.22467933922864],[34.950004792835365,51.224806875186644],[34.949982165653125,51.22571378736294],[34.95007267438211,51.226649021828074],[34.95079674421406,51.22721582134561],[34.952403274153696,51.22749921848669],[34.95326310707913,51.228151025288454],[34.95536743502824,51.22840607761098],[34.9566119300519,51.228292721197704],[34.957765916346574,51.22871780630774],[34.95889727545899,51.22895868612719],[34.960390669487396,51.22959630309262],[34.96416940892287,51.23077232898741],[34.96548178549328,51.23160828092646],[34.966975179521675,51.231735797683875],[34.969509423933495,51.232033335410286],[34.9717042606116,51.232600068614346],[34.972021041163075,51.232996777703974],[34.97331079055123,51.232996777703974],[34.97432901375242,51.23346432331149],[34.97575452623407,51.233818521366395],[34.976750122252994,51.23391769633318],[34.97751944644945,51.234158548933934],[34.97770046390743,51.23439940027391],[34.97894495893109,51.23476775870813],[34.97960114721629,51.234994439355695],[34.979691655945295,51.2354336299322],[34.98016682677251,51.235461964664154],[34.980081007982434,51.23510053622302],[34.9808682694222,51.23438523258292],[34.98204488289912,51.23370517828548],[34.98276895273107,51.233591834925356],[34.98267844400206,51.232996777703946],[34.98252005372633,51.23264257332324],[34.982067510081365,51.23228836621589],[34.98222590035711,51.23180664017417],[34.98281420709556,51.23162244947248],[34.98487328068017,51.231395752212116],[34.988833037573634,51.23012055931259],[34.99181982563043,51.22919956468578],[34.99254389546238,51.22919956468578],[34.99338110120557,51.228816992268435],[34.994376697224496,51.228873669864264],[34.995191275785444,51.228689467422555],[34.99557593788367,51.22885950047186],[34.9959153456174,51.22883116167394],[34.99668466981383,51.22910037954964],[34.997024077547565,51.22907204090005],[34.99764360125183,51.22922751467954],[34.99811018229549,51.22914288749131],[34.99876637058068,51.22966714887676],[34.99951306759489,51.2294829496111],[34.9999489,51.22922209999999],[35.00058011202356,51.22967928556749],[35.00204731200672,51.22993636186183],[35.00249985565168,51.23038976964513],[35.00279400902092,51.23044644530391],[35.00308816239014,51.230942354340854],[35.00501147288125,51.2315516066986],[35.005549591791116,51.2318816686463],[35.00686690182563,51.23191998793181],[35.01010258888715,51.231664955084476],[35.01175437319128,51.23089984806139],[35.012320052747484,51.23033309391653],[35.01299886821495,51.229397934316744],[35.01356454777115,51.22810851643058],[35.01523895925754,51.22715914170796],[35.01804472985634,51.22545872011957],[35.019266597697744,51.22472185125389],[35.02017168498768,51.22452346146671],[35.020646855814896,51.224027483257586],[35.02141618001135,51.2235456707367],[35.0221855042078,51.22253951656262],[35.02250228475928,51.221448310415056],[35.022954828404245,51.220895611717964],[35.02383728851192,51.22044211039472],[35.02512703790009,51.220187013937036],[35.02650729601724,51.219747677835066],[35.02795543568114,51.219535094345],[35.029267563408965,51.21962738331041],[35.03107798683142,51.21984688312783],[35.03198307412136,51.21970516121559],[35.03510562527164,51.218812303135664],[35.03806978614618,51.21774935427103],[35.03867660982539,51.204289318917205],[35.04177498723944,51.205140909067644],[35.043505966681444,51.205768223608445],[35.04416781176221,51.20641679406554],[35.04494844954978,51.20707598746628],[35.04589879120421,51.20740558062854],[35.0466454882184,51.20767137984774],[35.047375214845914,51.20791591377454],[35.04773159296632,51.208351818858596],[35.0480031191533,51.20851129529753],[35.0499886543956,51.208766456451116],[35.05100687759678,51.20896845802842],[35.05153295958406,51.2093193007673],[35.0520929823447,51.20953193142939],[35.05236450853168,51.210042241012864],[35.05275482742547,51.21030802501461],[35.05423125106718,51.21061633253484],[35.05528341504173,51.21090337561195],[35.05577555625563,51.211488087456594],[35.05682772023018,51.21307208769782],[35.057710180337864,51.213603619192526],[35.059033870499405,51.213922535144135],[35.062173392036364,51.21580409429669],[35.0626146220902,51.216176144910655],[35.06266553325027,51.21722850036801],[35.06358193413133,51.218238313796846],[35.06356496374464,51.21867412117105],[35.06310676330411,51.218865449934555],[35.062869177890505,51.21947131910644],[35.062377036676594,51.2198539692119],[35.06156245811565,51.2212463635835],[35.06135881347542,51.22179905806918],[35.06191883623606,51.22253243089176],[35.06161336927571,51.22307448155522],[35.061698221209156,51.22328704870039],[35.062258243969794,51.22364841059427],[35.06242794783667,51.224243588705626],[35.062699474023646,51.22447740657229],[35.06380254915824,51.22486001506473],[35.06504138738635,51.225933427467446],[35.06521109125321,51.22657108634839],[35.065771114013856,51.227527558104704],[35.06728147842894,51.22895160144452],[35.0690427,51.230243399999985],[35.0747075,51.2319632],[35.0849051,51.23033779999999],[35.1051432,51.23277559999999],[35.113933071429564,51.231045077687384],[35.1176099,51.229647],[35.1197383,51.2314849],[35.136333981855465,51.22703869724613],[35.15022921865997,51.223354493136085],[41.101522284398534,50.85949101638439],[42.039993613809045,46.429523747824454],[35.253203,46.248701],[33.56754185086262,46.21118143889058],[33.222893,46.157038],[33.195306,46.170137],[33.181455,46.147562],[33.14047,46.127642],[33.101575,46.131873],[33.062645,46.155591],[33.031475,46.149726],[33.029605,46.113243],[32.913276,46.106793],[32.863717,46.115723],[32.828978,46.111371],[32.758447,46.119028],[32.732848,46.109787],[32.703745,46.106234],[32.67705,46.099817],[32.646659,46.107865],[32.596141,46.095849],[32.544276,46.080477],[32.539628,46.073498],[32.541847,46.068187],[32.55212,46.068282],[32.620055,46.0604],[32.719364,46.039073],[32.795279,46.03031],[32.878574,46.025916],[32.908036,46.026622],[32.926517,46.031197],[32.936279,46.039686],[32.941407,46.046089],[32.972882,46.030736],[33.017451,46.025675],[33.049658,46.027752],[33.070055,46.014197],[33.036377,46.008034],[32.968043,46.012572],[32.912066,46.010401],[32.739615,46.033613],[32.637881,46.053703],[32.574897,46.063727],[32.546537,46.065294],[32.389221,46.094552],[32.226041,46.131886],[32.238387,46.149805],[32.227939,46.168376],[32.239877,46.178544],[32.221809,46.187739],[32.208103,46.186828],[32.20613,46.172209],[32.187022,46.175695],[32.165963,46.196922],[32.12115,46.204421],[32.087826,46.22149],[32.077751,46.238949],[32.051416,46.249814],[32.028542,46.245625],[31.969511,46.257237],[31.955596,46.265925],[31.943742,46.285588],[31.936819,46.292171],[31.904488,46.297468],[31.895066,46.280773],[31.883288,46.273445],[31.874001,46.265286],[31.870831,46.265803],[31.86122,46.272172],[31.850738,46.268283],[31.847697,46.267951],[31.835191,46.272857],[31.833142,46.269821],[31.834694,46.266167],[31.818304,46.26434],[31.813241,46.264773],[31.814358,46.269477],[31.809724,46.272123],[31.791702,46.273917],[31.784514,46.268892],[31.784407,46.265113],[31.779602,46.264496],[31.777196,46.268157],[31.783287,46.272539],[31.782128,46.276867],[31.77511,46.282294],[31.775544,46.28549],[31.771212,46.288867],[31.774506,46.293952],[31.768016,46.296545],[31.758091,46.294869],[31.747738,46.298168],[31.745589,46.30605],[31.772538,46.327173],[31.823448,46.337131],[31.868275,46.334384],[31.969769,46.348389],[32.009049,46.364143],[32.035568,46.416592],[32.029038,46.437569],[32.002243,46.453458],[31.974844,46.439231],[31.952823,46.437483],[31.892118,46.456829],[31.797018,46.478139],[31.770904,46.484579],[31.742039,46.485338],[31.716453,46.478678],[31.704264,46.466577],[31.696917,46.457512],[31.697124,46.447264],[31.706976,46.445455],[31.720264,46.433355],[31.737666,46.426222],[31.776887,46.37412],[31.773838,46.371159],[31.74521,46.386432],[31.724946,46.414472],[31.6943,46.440337],[31.65675,46.468916],[31.614245,46.501946],[31.54695,46.538732],[31.52162,46.561607],[31.511296,46.57669],[31.513416,46.580829],[31.530518,46.557632],[31.554083,46.545465],[31.581672,46.537248],[31.631498,46.540518],[31.662856,46.536405],[31.697651,46.545034],[31.756921,46.547955],[31.807071,46.529464],[31.864914,46.517622],[31.881562,46.518298],[31.898754,46.518606],[31.90491,46.517962],[31.910906,46.511556],[31.999388,46.488028],[32.046395,46.488939],[32.078878,46.499234],[32.126377,46.498662],[32.164698,46.489533],[32.208497,46.478155],[32.236933,46.480278],[32.256442,46.477196],[32.302096,46.467799],[32.34392,46.462486],[32.401301,46.471994],[32.417638,46.479462],[32.417841,46.485038],[32.428259,46.485388],[32.431676,46.489187],[32.432689,46.494759],[32.437721,46.503362],[32.448322,46.502869],[32.457067,46.503811],[32.464782,46.50806],[32.489129,46.527383],[32.500265,46.533445],[32.505695,46.537963],[32.50899,46.540014],[32.514585,46.54101],[32.520688,46.540356],[32.531855,46.536868],[32.553804,46.541271],[32.582333,46.555126],[32.666501,46.582534],[32.691777,46.601258],[32.689077,46.606416],[32.678738,46.614152],[32.684459,46.621245],[32.719988,46.631762],[32.751121,46.630308],[32.767524,46.635578],[32.784392,46.628019],[32.79871,46.632116],[32.803575,46.64089],[32.817026,46.645891],[32.833632,46.65495],[32.845933,46.663276],[32.87011,46.682514],[32.875045,46.686842],[32.879959,46.686474],[32.885731,46.68905],[32.891023,46.693202],[32.891767,46.698237],[32.905306,46.711285],[32.923355,46.718326],[32.928559,46.718374],[32.933393,46.717207],[32.942776,46.713303],[32.954231,46.711542],[32.979847,46.710469],[32.991091,46.714538],[33.01958,46.717745],[33.024894,46.724573],[33.04052,46.729226],[33.043353,46.737227],[33.044173,46.738481],[33.048438,46.737604],[33.054173,46.731432],[33.06219,46.732265],[33.073312,46.7384],[33.081979,46.73801],[33.090411,46.743645],[33.104047,46.747501],[33.132062,46.755128],[33.137166,46.755756],[33.140191,46.756687],[33.141455,46.759367],[33.153349,46.762795],[33.19787,46.767502],[33.239884,46.76354],[33.254381,46.752574],[33.286306,46.749398],[33.313396,46.751477],[33.340157,46.757042],[33.358896,46.764016],[33.357445,46.767035],[33.371611,46.775729],[33.37056,46.776837],[33.371408,46.777142],[33.37247,46.776123],[33.373373,46.776487],[33.377184,46.776306],[33.38953,46.782727],[33.402938,46.773597],[33.470266,46.820961],[33.563472,46.818209],[33.620298,46.829034],[33.63746,46.847176],[33.634028,46.866257],[33.633822,46.899514],[33.656816,46.904678],[33.678446,46.900926],[33.688159,46.920449],[33.69561,46.95542],[33.697668,46.995131],[33.802317,47.059017],[33.840787,47.098524],[33.849951,47.137794],[33.97023259039027,47.100053728122305],[34.17963177494465,47.30579277362048],[34.30204975976107,47.36037630383605],[34.411581640912594,47.41490342163087],[34.6370884550481,47.47590683181622],[34.749153,47.492601],[34.859923,47.451254],[34.874741,47.437558],[34.86806491262087,47.41747711577723],[34.8992396299929,47.40177048167118],[34.957751590433546,47.39002239045801],[34.983549741101385,47.39637843804532],[35.02882,47.418144],[35.062432,47.448694],[35.13537577392417,47.447041980733594],[35.135469318746274,47.446926661977756],[35.13572078986423,47.44661665725704],[35.13572970133196,47.44661114721256],[35.13611902148053,47.44653934128264],[35.13629598518442,47.44659678603441],[35.13686934758505,47.44655848954019],[35.137527652563534,47.446491470608215],[35.13798775819365,47.44653455421715],[35.13845848164602,47.44637658081189],[35.13915925791343,47.446192277906135],[35.13952734241754,47.44607260034879],[35.13996621240319,47.4459864323389],[35.14024227578127,47.44603909058394],[35.14030598271467,47.44613483271258],[35.14026882033686,47.44624972303694],[35.14032721835914,47.44634307124069],[35.140640444115036,47.44633230030257],[35.14123504216012,47.44623895207968],[35.14199421644983,47.44599121945425],[35.14230744220573,47.44576861812898],[35.14228620656126,47.44547779884924],[35.14255696102822,47.44542753362559],[35.14283833331741,47.44551729291986],[35.14340638680691,47.445467027733926],[35.14401160267423,47.44532700303417],[35.14427704823007,47.445337774178164],[35.14443100665246,47.4451079892948],[35.14481324825287,47.444957192419594],[35.14515832747546,47.44493205956503],[35.14570514532049,47.4450002772852],[35.1458962661207,47.444950011605236],[35.14634752356563,47.44466995908045],[35.14682532556615,47.444519160949554],[35.147462394900174,47.44437554328013],[35.14917186427979,47.44421038247555],[35.150180557391984,47.44416011604079],[35.15098751188176,47.4442462870424],[35.15200151390508,47.444415038178306],[35.15239437332772,47.44450479920024],[35.15299428028393,47.44453711313066],[35.15307391395068,47.444569427041216],[35.153063296128444,47.44473458671849],[35.15319070999525,47.444792033441225],[35.153535789217834,47.444684320784646],[35.153710983284704,47.444713044181306],[35.15370567437358,47.4448351184421],[35.153795925862575,47.44487102258253],[35.153960502107196,47.444849480101205],[35.15425249221862,47.44465200694467],[35.15465596946349,47.444461713928824],[35.15490548828599,47.444321686552996],[35.15531427444198,47.444292962942654],[35.155707133864624,47.44433245790283],[35.15634951210976,47.44441144773425],[35.156498161621045,47.444555065305636],[35.15643445468764,47.444713044181306],[35.1565831041989,47.444720225028014],[35.15691756559927,47.444666368653785],[35.15720424679958,47.44474535798379],[35.15745376562207,47.444723815451],[35.157570561666645,47.444684320784646],[35.15760241513334,47.44456583660767],[35.15761303295558,47.44432527700319],[35.15769266662233,47.44408112583199],[35.15788909633364,47.44390160218907],[35.158266029022954,47.44379388770924],[35.158865935979144,47.44379388770924],[35.15940213600195,47.44378311624912],[35.159837466713526,47.443876468830176],[35.16018254593612,47.44395904982146],[35.16027279742511,47.4441349828054],[35.160352431091866,47.44423910613098],[35.16072936378115,47.44426782977073],[35.16136112420406,47.444145754193464],[35.16172743907112,47.44417806834443],[35.16204597373813,47.44410625909311],[35.16239105296073,47.44395545934628],[35.1626671163388,47.44392673553596],[35.16350592429527,47.44392314505857],[35.164148302540404,47.44395904982146],[35.16461017780757,47.44386210690541],[35.16488624118565,47.44391237362492],[35.165523310519674,47.44393391649001],[35.16604358380911,47.44399854503235],[35.166940789787866,47.44395186887085],[35.167710581899804,47.4440847162986],[35.168199001722556,47.44389801170996],[35.168549389856274,47.44362872507847],[35.168921013634446,47.44356768658369],[35.169435978012785,47.443582048588844],[35.16980760179097,47.44365026805972],[35.17048714241392,47.44385133545928],[35.17102865134784,47.4438190211076],[35.171840914748714,47.44388005931075],[35.172111669215674,47.443984183140905],[35.17292924152766,47.444109849558004],[35.17394324355097,47.44426782977073],[35.174495370307135,47.44428937249025],[35.17517491093009,47.444440171279886],[35.17578012679741,47.444562246173916],[35.17631101790909,47.44469509206023],[35.17654460999823,47.44485307051538],[35.176693259509506,47.44487461299523],[35.17684190902078,47.44495360201253],[35.17681005555407,47.445097218103776],[35.17702241199875,47.445118760483645],[35.17804172293318,47.444910517108724],[35.17892300217857,47.44485307051539],[35.17928400813452,47.44463046437367],[35.17996354875748,47.44424269658683],[35.18077050324724,47.44414216373104],[35.181577457737,47.444228334762045],[35.182426883515696,47.444336048352284],[35.18358422613917,47.44430014384671],[35.184019556850735,47.44437913372664],[35.18455044796243,47.44435759104387],[35.18502824996295,47.44421397293333],[35.185824586630474,47.44423551567492],[35.18658906983128,47.44433365471935],[35.18714827513559,47.44433844198514],[35.18754467383232,47.44414695101424],[35.18835870687024,47.44407514172044],[35.19022036503521,47.44378311624914],[35.19120428322886,47.443921948232735],[35.19251381463769,47.443960246646476],[35.19311549123093,47.4441182273085],[35.193568518312894,47.44428099476705],[35.194495808121296,47.44435759104388],[35.195500961959425,47.444218760210006],[35.196718472242225,47.443926735535975],[35.197815647206376,47.44388843709783],[35.19892697926683,47.44379747819548],[35.19932337796356,47.443917160929054],[35.200038311327276,47.44396982124557],[35.20067538066131,47.444003332328634],[35.20100807242463,47.44413258916334],[35.201645141758654,47.44427142022461],[35.20189289094411,47.444252271134495],[35.202586588663365,47.44443418720918],[35.203492642827314,47.44476450689442],[35.20405184813162,47.44484588968682],[35.2050003735845,47.44517620678683],[35.205028687777116,47.44531503509382],[35.20555250034065,47.44531024791691],[35.20583564226688,47.44543950154032],[35.206125862741274,47.44551130897165],[35.20659304691955,47.44571236925789],[35.20686203174946,47.445913428775604],[35.20754157237241,47.44632033259092],[35.20797336380993,47.44666978864927],[35.208497176373456,47.4468756315423],[35.20936075924846,47.446487880305874],[35.20942446618186,47.44635862925854],[35.209714686656255,47.446286822983886],[35.209969514389854,47.44629161007193],[35.21041546292367,47.44647830616511],[35.21073399759068,47.44677510371844],[35.211165789028186,47.44696179809556],[35.211696680139866,47.44709104766076],[35.212015214806875,47.44707668661364],[35.212482398985166,47.447215509904865],[35.21289295477819,47.447502729344194],[35.213218567993366,47.4476367645458],[35.21408922941653,47.44793834250061],[35.214556413594806,47.44815375426682],[35.21541291792166,47.44879041055227],[35.215667745655274,47.449001031987834],[35.21647470014503,47.44934568342672],[35.2172321047977,47.44971905327025],[35.21746569688684,47.44999189878741],[35.21830096556922,47.4503509038903],[35.21927780521472,47.450690759796366],[35.220091838252635,47.45102582684957],[35.22082800726084,47.45122686605682],[35.22170574723215,47.45157628951694],[35.22203136044732,47.4518060461434],[35.223071907026224,47.452322994882934],[35.22411245360512,47.45287823046169],[35.22425402456823,47.453122340800554],[35.22484862261332,47.453428673740255],[35.22523794276189,47.45355790741399],[35.22569096984387,47.45354354813258],[35.226363431918664,47.45344781948974],[35.22681645900063,47.45359619881187],[35.22742521414204,47.45394560652963],[35.228515310558016,47.454290225566176],[35.22886215941766,47.45457740637146],[35.22932934359594,47.45482150882283],[35.22973989938898,47.45508954158188],[35.23016461227832,47.4549986020489],[35.231028195153336,47.45528099271616],[35.23170065722813,47.45571175521976],[35.23231649091769,47.45599892826174],[35.23291816751092,47.45637225087164],[35.23353400120048,47.45679821830438],[35.23396579263798,47.45699444933149],[35.23533903098021,47.45796602143253],[35.23627339933677,47.458540341325275],[35.236761819159526,47.45891843183028],[35.23725731753042,47.45912422678522],[35.23759000929374,47.45962674596468],[35.238984483280426,47.46011490285417],[35.23970649519232,47.46044990986164],[35.24013828662982,47.46088063002032],[35.24156107480914,47.461407060977734],[35.242233536883944,47.4618425589674],[35.2427856636401,47.46183298762178],[35.24321037652943,47.46200048591849],[35.24374834618928,47.46237376591698],[35.24435710133068,47.462981536653835],[35.24483844260527,47.46289539634684],[35.245213605657526,47.46292889537189],[35.24568786838397,47.4627853279714],[35.24601348159913,47.46290975307446],[35.24678504334811,47.4635079465741],[35.24718852059299,47.46365151200113],[35.24775480444544,47.46403435122309],[35.2488519794096,47.46454639432414],[35.24958106986964,47.465015364003285],[35.25004825404793,47.46506321781693],[35.25033139597416,47.46535033978399],[35.251067564982364,47.46574273726933],[35.25203024753154,47.46624997845849],[35.25252889192384,47.46658600975836],[35.252893830406535,47.467062404881645],[35.253963477683406,47.467470740122195],[35.25447942519343,47.46741119143052],[35.25474369099125,47.467428205349314],[35.25491986818979,47.46762386501957],[35.255133797645165,47.46765789271395],[35.25549873612787,47.4678535515292],[35.255549072470295,47.4679896615798],[35.2561531085796,47.46849156434519],[35.25646771071985,47.46851708469674],[35.25680748103134,47.468389482815056],[35.2571472513428,47.468466043981245],[35.25746185348307,47.46867871330214],[35.25807847367797,47.46912106273324],[35.25872026204409,47.4695463952138],[35.26058270671442,47.47092444880817],[35.260960229282716,47.471409310923946],[35.26124966325176,47.4717240435873],[35.26123707916615,47.47192819349624],[35.26151392904958,47.472047280576895],[35.26195437204593,47.4720387743658],[35.26214313333009,47.4722259106919],[35.26229414235741,47.47226844158218],[35.2625206558984,47.472421552502155],[35.262709417182556,47.47246408323409],[35.263011435237196,47.47264271193237],[35.26341412597673,47.472676736377494],[35.26364063951772,47.472872376509414],[35.26385456897308,47.4731190521594],[35.264030746171635,47.47316158232684],[35.26450894142482,47.473076521957516],[35.265138145705336,47.47323813654152],[35.26579251815707,47.47334020865427],[35.266434306523195,47.47335722065378],[35.266925085862,47.47323813654152],[35.267529121971286,47.47327216060113],[35.26814574216619,47.473255148574076],[35.26885045096037,47.4730935340424],[35.26916505310063,47.473110546121774],[35.269504823412106,47.47299146145051],[35.26976908920992,47.47283835219096],[35.27015919586384,47.47276179739391],[35.27031020489116,47.47265972415767],[35.27042346166166,47.47240454019974],[35.27039829349043,47.471809106145734],[35.27037312531921,47.47115412089431],[35.27054930251776,47.47072880142461],[35.270347957148,47.47052464685655],[35.27032278897677,47.470337504472504],[35.27041087757605,47.47010782881769],[35.27042346166164,47.46975055358183],[35.27049896617531,47.469614448091264],[35.270712895630695,47.46933372940376],[35.27042346166164,47.46900196902187],[35.270096275435776,47.46875527404701],[35.2698697618948,47.46850007113042],[35.26976908920991,47.468074730182444],[35.26941673481283,47.46718150298783],[35.26941673481283,47.46679868668622],[35.2692499956785,47.466694475099104],[35.26882213676775,47.465894803799955],[35.26880955268213,47.465197208263376],[35.26853270279871,47.46432094709359],[35.26849495054188,47.46359780794285],[35.26824326882968,47.462798089533976],[35.267966418946244,47.462313147977845],[35.26732463058012,47.46146236250972],[35.26699744435425,47.4607562001147],[35.26694710801182,47.46036482891912],[35.2669345239262,47.46002450377215],[35.2667960989845,47.459420421210815],[35.26669542629962,47.45895246516008],[35.266204646960816,47.45809311683824],[35.265952965248616,47.457557080574134],[35.26576420396446,47.45684235705455],[35.26583970847811,47.45646797419086],[35.266141726532766,47.456170167736666],[35.266192062875206,47.45590639489728],[35.266091390190326,47.45571920046661],[35.26611655836155,47.45553200536954],[35.266267567388866,47.45524270254511],[35.266091390190326,47.455038487828375],[35.26628015147448,47.45486830829194],[35.26611655836155,47.45461303795463],[35.266116558361546,47.45428969374844],[35.26836910968579,47.453889765269444],[35.26859562322676,47.45295375055691],[35.27049582015392,47.45080936314027],[35.27088592680784,47.45048599554635],[35.27152771517396,47.45036685961584],[35.272350140418446,47.450241386939396],[35.273591505214036,47.45005199907176],[35.273503416614766,47.45076681488626],[35.272773539649364,47.45201771918409],[35.27266028287888,47.45268145223953],[35.272584778365214,47.4529026947298],[35.27253444202278,47.453055862062435],[35.27272320330693,47.45322604746436],[35.272635114707654,47.45334517691802],[35.27262253062205,47.453447287663494],[35.27282387599182,47.45377914621701],[35.27269803513572,47.453991874957495],[35.27273578739254,47.45434925730425],[35.272408601166674,47.45447689326806],[35.272207255796914,47.454630056015674],[35.272169503540084,47.45484278131398],[35.272232423968134,47.45515761317619],[35.27250927385155,47.45531077394111],[35.2726854510501,47.45562560300139],[35.27283646007742,47.455642620734736],[35.27298746910475,47.455574549768315],[35.273125894046466,47.45543840757111],[35.273390159844276,47.45535331851886],[35.273616673385256,47.45536182743029],[35.27372993015575,47.45548946093637],[35.27370476198453,47.45574472701913],[35.27347824844354,47.45621271161911],[35.27357892112843,47.4565275352793],[35.273402743929886,47.456799813681556],[35.273251734902566,47.45688490039312],[35.27298746910475,47.4565275352793],[35.272710619221314,47.45657858758712],[35.27286162824865,47.4568253397095],[35.272698035135704,47.45701253020232],[35.272773539649364,47.4572677888913],[35.27297488501913,47.45734436625636],[35.2729371327623,47.457523046341116],[35.27325173490255,47.45801654056367],[35.273566337042816,47.45828881125549],[35.27389352326868,47.458544063748604],[35.27410745272406,47.45868019790492],[35.27453531163481,47.459258764136905],[35.274774409261404,47.45936937166222],[35.275038675059214,47.45981179943662],[35.27542878171313,47.460220191000865],[35.276636853931706,47.46141982287491],[35.277945598835174,47.46301928945997],[35.280525336385274,47.4660734548264],[35.281934753973616,47.467791876546514],[35.28256395825414,47.46882970799764],[35.282916312651224,47.46981647955216],[35.283067321678544,47.47079472616783],[35.283016985336104,47.47177295457523],[35.28263946276779,47.47321049197687],[35.2822871083707,47.47397602839269],[35.28160756774775,47.47515833494475],[35.28014781381697,47.477803543191705],[35.278927157512776,47.48021048192182],[35.27854963494447,47.48066123910721],[35.277945598835174,47.482081524192594],[35.27714021735613,47.484403224907474],[35.276360004048286,47.48665679229483],[35.27571821568217,47.48812793695684],[35.27526518860021,47.489684074036774],[35.27437171852188,47.49220100690584],[35.27398580656316,47.493788199848616],[35.27423748827537,47.495057919663864],[35.27479118804221,47.49630493602727],[35.27554623317883,47.49731386395681],[35.27802949273924,47.50004580743165],[35.27938857398515,47.50156475185506],[35.2810328945049,47.50310632215594],[35.282677215024634,47.50412645408245],[35.28418730529786,47.50493121083629],[35.28625109533794,47.50605331585589],[35.28873435489836,47.50717539688854],[35.290898817623315,47.50793477145225],[35.29477471599127,47.509226816355756],[35.29828148118132,47.51034882954703],[35.299741235112116,47.51077949490651],[35.3016875736865,47.51105149226009],[35.305597029616074,47.51136882072425],[35.309305140175894,47.51201480488331],[35.31282868414676,47.51252478676063],[35.315949537378096,47.513159423953496],[35.31928010829349,47.51428319031691],[35.32184857376034,47.51510324254428],[35.323689823101034,47.51564478646801],[35.325051419252134,47.51635652991063],[35.327527048617775,47.51816683388426],[35.32839351889575,47.51907972221284],[35.32862560914878,47.519899774440205],[35.329368297958474,47.52147798816085],[35.32763535740253,47.525562776614144],[35.32317922454438,47.53039025387714],[35.31525721057434,47.53416558865973],[35.315113741731295,47.534258661766714],[35.31560078619056,47.534452145182044],[35.31672551305112,47.53446255931964],[35.31690255339028,47.53463612827961],[35.316965038215855,47.535274862052255],[35.316694270638315,47.535628942730575],[35.3163193616848,47.53616353512726],[35.31590973893928,47.53649678753039],[35.316034708590465,47.53678838338313],[35.31657277236634,47.537086921994266],[35.31682965442709,47.53727090509182],[35.3172253916558,47.537489601981356],[35.31728787648139,47.53778814059249],[35.3172601054478,47.53818387782122],[35.31725346133883,47.538348651723744],[35.317242748551806,47.53861432884192],[35.317357537449816,47.53878387909696],[35.31749828527803,47.53892462692517],[35.317572529575735,47.539100321929816],[35.31749615923335,47.539253062614584],[35.317499630612545,47.539384975024156],[35.31782246887808,47.53968351363529],[35.31823556300278,47.53987096811205],[35.31883264022505,47.5400861936224],[35.31938806089693,47.540363903958344],[35.31973152442049,47.54057750067697],[35.32008580811598,47.54079782635824],[35.320273262592735,47.540967923939],[35.32037852297371,47.54113315825798],[35.320571801203876,47.5414365601309],[35.320911881750135,47.54193773146223],[35.32096753843259,47.54201975183637],[35.32097795257018,47.54231134768911],[35.32081826912702,47.54252657319946],[35.32062844336295,47.54263442874723],[35.32077508671319,47.542966820341114],[35.32110986497976,47.54321737766011],[35.321235524734384,47.54336762301891],[35.321269548422926,47.543408303516074],[35.32168611392683,47.54330763351929],[35.32176560394679,47.54321417903637],[35.32194299598758,47.543005623528956],[35.32206449425955,47.542832054569],[35.3222901339075,47.543005623528956],[35.32264074320663,47.543446488687266],[35.32289415388817,47.54361311488883],[35.32266504286102,47.543762384194395],[35.32219987804832,47.54351938765045],[35.321953410125175,47.54351938765045],[35.32141881772849,47.543738084539996],[35.32108609909038,47.54385486523962],[35.32117234980534,47.544102579355915],[35.32148130255407,47.544151178664706],[35.32148477393327,47.54429697659108],[35.32129037669811,47.544432360379844],[35.32126907305989,47.54453583519407],[35.321384784841726,47.544730065685],[35.321743232203055,47.54494420306969],[35.32198812391716,47.544942653122135],[35.322432460454664,47.545251605870845],[35.32257131562263,47.545550144481986],[35.322737941824194,47.546174992737846],[35.32305036595213,47.5464179892818],[35.323578015590414,47.54662627203375],[35.324563887283,47.5468692685777],[35.32527899139804,47.546862325819305],[35.32720907823282,47.547570487175946],[35.32848654577814,47.54838973266697],[35.32950018850432,47.54932006229237],[35.33088440385744,47.550411519614904],[35.33088103412702,47.55042397296646],[35.330459910183954,47.553363002781076],[35.32965514453818,47.558124951081254],[35.32909468274916,47.56086942122445],[35.32870667074138,47.56251797374736],[35.32863356721314,47.56272515472788],[35.3278673673458,47.56444461280406],[35.32702310265625,47.56573846560064],[35.32518493530283,47.56840295545278],[35.324835576428164,47.568667102369986],[35.32476302521418,47.56901451021219],[35.32415522257228,47.569895501949986],[35.32318739525616,47.57116266290561],[35.32201833651789,47.57204189942868],[35.32014221530524,47.57297098025782],[35.308063329697916,47.577889804503734],[35.3106347,47.5802396],[35.3222993,47.5799417],[35.329674,47.5785719],[35.3327835,47.580389],[35.331196489946066,47.58493832836966],[35.3404482,47.5864048],[35.34354084370956,47.58482288707147],[35.3460763,47.5861359],[35.348516394403816,47.5860021713374],[35.3499756,47.5859222],[35.3512998,47.5840874],[35.35163119697952,47.58310076015872],[35.36289706256311,47.58314099095643],[35.37341859120764,47.58676691685813],[35.37339955295051,47.58872913781375],[35.379743007332785,47.5888738457609],[35.38246442275633,47.58561647202826],[35.382598577037776,47.57621807132958],[35.3839784496469,47.568977437615345],[35.39164997553167,47.5664569560565],[35.40234369334484,47.56686124269431],[35.40280140111117,47.56068991667658],[35.40302385803861,47.558208184699446],[35.40035708519437,47.557861301193554],[35.39914408176791,47.55698423349012],[35.397757,47.546647],[35.39728125507728,47.54017385627601],[35.39922206055962,47.53910931970956],[35.40261847015369,47.53754172102178],[35.40313832876503,47.537424734165754],[35.40478454770094,47.537459830249965],[35.40618816595156,47.536640915497436],[35.40776507040595,47.53610276455327],[35.40887410211014,47.53552951073315],[35.40963656140677,47.53542421853392],[35.40986183347167,47.53655902331876],[35.4128423561767,47.53644203427017],[35.41450590373297,47.536137861522334],[35.41895935917012,47.53541251938763],[35.41999907639279,47.5356932981784],[35.42393267321859,47.536032570544656],[35.43056953482334,47.53807985719758],[35.43413923062119,47.538746670448944],[35.44025623361462,47.53990479962455],[35.44176382358749,47.53982291254351],[35.449423073794556,47.54236135258343],[35.449847785270336,47.54224858981455],[35.450012246887404,47.540583287661576],[35.450289504813455,47.53988140332874],[35.45042813377648,47.537705502181716],[35.4511212785916,47.53322473314758],[35.45656246539028,47.53359912015394],[35.45703033814048,47.533798012163906],[35.46545204764416,47.53423089216627],[35.47028673272962,47.53457017399448],[35.474982788852046,47.534839258021464],[35.48068390495639,47.535260430248215],[35.4972102144083,47.53609746943743],[35.52064370354796,47.537284349594],[35.53142210542307,47.5307794522754],[35.5492359271716,47.53256954945492],[35.565750102391796,47.53446487986895],[35.57836533802695,47.53270994664961],[35.57937039800887,47.52491733388341],[35.59280007880177,47.516854388392055],[35.59677895029344,47.513161963473195],[35.603041293445145,47.50735045838885],[35.61066588641145,47.50617990462541],[35.618983624192865,47.5070227059664],[35.62281232584546,47.50716521524762],[35.627474648178065,47.50733875298044],[35.634562053912646,47.51004263297961],[35.63924078141469,47.50886043418655],[35.63920612417395,47.50658960141198],[35.63342014278169,47.50472172084704],[35.63097502949442,47.50393236822408],[35.63102701535555,47.500490641613965],[35.63988194036869,47.50052576241272],[35.65025031181345,47.50084491716187],[35.66140275512137,47.50152870338574],[35.67083078702706,47.50236443000923],[35.681889512323984,47.50741649399654],[35.69667821445835,47.50792293976131],[35.70157029463208,47.50665681618699],[35.710829634117985,47.50560591042563],[35.714315944126845,47.50127545026717],[35.72164469258634,47.49380393366403],[35.73213173801622,47.4906757118448],[35.738729485989985,47.4903020858512],[35.74364030976591,47.49004244588353],[35.74392146379888,47.48980180281616],[35.74490550291427,47.4897828046323],[35.74581456762089,47.489630818914044],[35.7529933672628,47.48342435976794],[35.76401460535533,47.4861983576546],[35.78411711871288,47.48463404352489],[35.79939315450439,47.4730934125806],[35.80256082327588,47.468633565568865],[35.80257956687808,47.46531377466512],[35.80094887348684,47.45949729967312],[35.81515652395306,47.457659717386846],[35.81553139599703,47.45892702238811],[35.8179493206806,47.45836941195082],[35.819561270469634,47.457900507687604],[35.826327710863175,47.45646842283388],[35.832681792008366,47.45668387172035],[35.83995430966126,47.456126237493876],[35.84824798492617,47.456898006314525],[35.84869679581391,47.45711042864164],[35.850907189435986,47.45934839743872],[35.85175993012268,47.460091837180876],[35.85606851464494,47.46127525018649],[35.85707833914233,47.46141938200204],[35.86167865074162,47.46164695774838],[35.86320460775992,47.46175315942621],[35.86468568368944,47.46194280474588],[35.875962057243754,47.46262552223219],[35.880337963399164,47.46261035082881],[35.88724965107028,47.462397950721865],[35.89339836023223,47.46065320308142],[35.89683714022622,47.46602132974044],[35.91765123761711,47.47243701380318],[35.92474588480904,47.494115911621336],[35.93218116903502,47.49335400760591],[35.93208720019803,47.49358416727585],[35.932591,47.493496],[35.941260907908145,47.51228722014814],[35.95101017474473,47.51450067462058],[35.96810970037353,47.51735021748505],[35.97066991960357,47.516798170213576],[35.970909940156396,47.51751023118694],[35.990472304193226,47.51733070755797],[35.992224497836844,47.52332184619703],[35.99458796769172,47.52591895122059],[35.997808243441995,47.525742936148525],[35.9987761,47.5257009],[36.0207037299072,47.515783130565566],[36.030393774720565,47.52305544953549],[36.030345856294076,47.52422036063192],[36.030936850220776,47.52560096250786],[36.03197508279471,47.52642067767938],[36.03566480163438,47.526248107128865],[36.03786904925289,47.52652853398515],[36.039067009915115,47.52628046415034],[36.04978476463988,47.52575196363355],[36.0554870573921,47.526226535770135],[36.06696352053628,47.52626428564209],[36.07613268603756,47.53292292500997],[36.076690961113584,47.53453624512123],[36.079981359732514,47.542278565954064],[36.08292035655719,47.54929742573434],[36.083511350483896,47.54963163370975],[36.083846779469326,47.5516583977153],[36.083766915425166,47.55194946908799],[36.08339954082209,47.552251319174324],[36.08300022060134,47.55576558864831],[36.08724898775006,47.55600273944904],[36.08663038870599,47.56297562859763],[36.10446472441095,47.564036214778696],[36.12942967865139,47.56579567617568],[36.15101446500629,47.57071533788629],[36.15031598251964,47.575577458170706],[36.1506945305198,47.57546137885026],[36.15482259297427,47.574907173394614],[36.15747194648982,47.574727055358586],[36.16141517032691,47.574214408326576],[36.16755591994823,47.573563200805985],[36.17408688442843,47.573036686677234],[36.17554505574319,47.57310596515452],[36.177249678547774,47.57346621175898],[36.180124945928995,47.57375717836109],[36.18176795586111,47.57385416686919],[36.18396548164532,47.57370175627581],[36.1875390282477,47.573258377481935],[36.19776676507518,47.57206677837205],[36.202490418630035,47.574366817427915],[36.214669229751905,47.57572462438692],[36.21666137929462,47.575849319179206],[36.21648493574708,47.57647422264405],[36.21698998128104,47.577165523876786],[36.22523583737789,47.577872104329195],[36.22338745120426,47.58730611783061],[36.22537091143438,47.59707041198181],[36.237068923488145,47.59604693251203],[36.24386554563926,47.59542565973133],[36.26819257103012,47.601798341662494],[36.2694257200061,47.61550997735981],[36.270850832977686,47.63104099387606],[36.27906103297191,47.63293060356563],[36.281389286089116,47.634532037157946],[36.26788212677904,47.647679250911374],[36.26560792105092,47.650762776620475],[36.2590519,47.65829],[36.2602429,47.6604726],[36.261115266427105,47.660645913662684],[36.26505551750491,47.65836854186253],[36.26988841127542,47.656649819505205],[36.27950615001267,47.651651640245724],[36.27965207878717,47.65153417441218],[36.279661386228646,47.65154781590871],[36.2865985597135,47.64937856493184],[36.29923742101981,47.646551942380405],[36.30025629601248,47.64633022272278],[36.301638072727194,47.645759843738716],[36.301638072727215,47.645759843738716],[36.30594259325704,47.64495844856795],[36.30735582095679,47.644626772679224],[36.309981264182596,47.64492208412366],[36.309522,47.650651],[36.30769373061542,47.65481374270049],[36.304522725226114,47.65848887454146],[36.30303674192117,47.65956245401809],[36.302147680703754,47.66028743302277],[36.30216051878225,47.66111751604006],[36.30148010062178,47.66252689760052],[36.29401467735247,47.66492609630116],[36.287901800453554,47.66793408364065],[36.28790180045356,47.66793408364065],[36.285080549847315,47.6720596428658],[36.2811837,47.6743717],[36.28085323343487,47.675454140861554],[36.27933964480388,47.675582954411574],[36.27897132019709,47.675830956964866],[36.2785902947418,47.675950681913555],[36.26343183204518,47.67955512940898],[36.25504292160436,47.6833068253824],[36.244793336856844,47.68971935611485],[36.24245342710219,47.69079748764037],[36.2360433,47.6904437],[36.23047264771933,47.69398035827479],[36.22750748203482,47.69871267080301],[36.222197682954665,47.70456047318821],[36.222376339236824,47.712703936212655],[36.22482760299925,47.725444087135756],[36.23317206047029,47.74000898624366],[36.24412019188585,47.74101684613719],[36.246304737829576,47.740743530128114],[36.247991911133305,47.74128736361076],[36.247613602794885,47.74371133926062],[36.251166500494136,47.74410069791259],[36.258418539275226,47.74458498286342],[36.258437835596965,47.74457181349831],[36.26901360384474,47.750072091054804],[36.26636763625174,47.7651866830177],[36.2744021475153,47.769609889422384],[36.27267981628053,47.78121029685667],[36.271514709857,47.78657991776511],[36.27332146909349,47.78678254496921],[36.281831811665356,47.78686697297092],[36.29425117071618,47.78717935657724],[36.30624437582629,47.7908553132271],[36.32543464160888,47.79278947673717],[36.33145577670981,47.79327722231797],[36.33581184931077,47.79201581133314],[36.34136205764404,47.792713792078075],[36.347618656128816,47.79323517528514],[36.361107344259956,47.796733488416415],[36.36317605827508,47.7968344012952],[36.366321176330594,47.795001150663914],[36.369734115858456,47.79508937737449],[36.37334724251916,47.79496114561813],[36.377205789103975,47.793825364819035],[36.380655302481934,47.79353225606676],[36.38339582496798,47.79203004776214],[36.385311253047426,47.790475172515315],[36.3881557,47.7955176],[36.38624653826557,47.79795747038612],[36.38474582285144,47.80208324600987],[36.38452922475044,47.80236382842253],[36.38395678691206,47.80337183421773],[36.38330699260903,47.80442138647604],[36.3828119112353,47.80580343779446],[36.380688567854804,47.808679972764786],[36.37609824678176,47.81566644448495],[36.36869796280886,47.8218454474192],[36.35697548399381,47.820729248400106],[36.3565893822213,47.82092368479412],[36.34573563239437,47.82999657324285],[36.32819015726641,47.833079935296865],[36.327429853046716,47.83392206656223],[36.32632741192816,47.83456003569503],[36.32577619136888,47.834751424905356],[36.32431260574597,47.83945937720114],[36.32526298602059,47.84336320875151],[36.326365427139145,47.84696059732573],[36.32902649190809,47.84889951180019],[36.33058963796089,47.8488089402545],[36.32876774662,47.85291137646195],[36.31061933176772,47.85741719957331],[36.310719487781434,47.858761231543085],[36.31157796789909,47.85897243339918],[36.31217890398145,47.86085401195827],[36.31225044399125,47.86189077096263],[36.3120501319638,47.86241874211712],[36.31067656377556,47.86372424770259],[36.31998151852824,47.86992494558616],[36.323772375834444,47.87188689852431],[36.323374832746154,47.87552488652598],[36.32388595957396,47.87591533602915],[36.32512812233557,47.87661091150284],[36.337594058956725,47.87720989740413],[36.33789779142058,47.877106628366406],[36.33868749582661,47.876414118348805],[36.33947720023264,47.8760435647429],[36.3416154767782,47.875302457531085],[36.342204717758094,47.875047322261445],[36.34324348278449,47.87447630522939],[36.3445434577298,47.874178647414816],[36.345667267846075,47.87358333178565],[36.34657239058837,47.873048762649255],[36.34906299679201,47.872252983593945],[36.35145640860722,47.871238517164656],[36.354651674127005,47.86979882528597],[36.35519839256195,47.869889945025136],[36.35700256339727,47.86904556877561],[36.359572140041514,47.86781848962163],[36.362026298349484,47.86646384283282],[36.36413420164866,47.865406853858595],[36.36646686697109,47.86434986488437],[36.36854439702387,47.86335362240291],[36.390658981057605,47.86393040049053],[36.3899371454373,47.867333339843405],[36.388295834150725,47.87495963471031],[36.3884284653658,47.87675015611384],[36.38884293791291,47.877910679245765],[36.39002003994672,47.878026731558954],[36.39139608880314,47.87772831132503],[36.39229134950491,47.87724752317038],[36.39331924142175,47.8766838405063],[36.39399897639902,47.87650147258557],[36.39439687004425,47.87651805148746],[36.39438029114236,47.87693252403457],[36.39378345067452,47.87713147085719],[36.393833187380174,47.87736357548357],[36.39447976455367,47.877661995717496],[36.394776593620726,47.87728738827965],[36.39507804246305,47.8772957618586],[36.39514503109468,47.877563716385104],[36.39535437056851,47.877639078595685],[36.39743939172791,47.877856791648476],[36.397640357622784,47.87807450470126],[36.39804228941255,47.87813311975394],[36.398477715518126,47.87812474617498],[36.39940718278195,47.878426195017305],[36.399758873097994,47.87845968933312],[36.39986772962439,47.87839270070149],[36.40037014436159,47.8785350515437],[36.40061297815124,47.8787695117544],[36.400947921309374,47.87908770775462],[36.401425215309715,47.87909608133358],[36.40155081899402,47.879288673649505],[36.40781425605115,47.879414277333815],[36.40827480289359,47.87787353880639],[36.408693481841254,47.8777814294379],[36.40881908552556,47.877588837121976],[36.40919589657846,47.87742973912186],[36.41008349594752,47.87748835417454],[36.410535669211,47.87747160701663],[36.41117206121146,47.877689320069415],[36.41211827563319,47.8777814294379],[36.4127630412126,47.87788191238534],[36.41330732384457,47.877689320069415],[36.41415305531886,47.877680946490464],[36.41523324700385,47.877371124069185],[36.415861265425356,47.877379497648135],[36.416506031004765,47.877379497648135],[36.41717591732104,47.87756371638511],[36.41875852374323,47.87758046354302],[36.41971311174392,47.87768932006941],[36.4203076358496,47.8777981765958],[36.42128734458715,47.877312509016505],[36.42235916269318,47.87695244512151],[36.423129531956896,47.876893830068845],[36.42353983732561,47.877061301647906],[36.423757550378404,47.877052928068956],[36.42394176911538,47.87727064112175],[36.424477678168394,47.87747998059558],[36.42488798353711,47.87742973912186],[36.42525642101106,47.8776558257536],[36.425499254800705,47.87786516522743],[36.426236129748624,47.87817498764871],[36.42617751469595,47.87828384417511],[36.42601841669583,47.87835083280674],[36.42601004311688,47.878543425122665],[36.426077031748505,47.87866065522801],[36.42627799764339,47.8787527645965],[36.427651264591745,47.87902909270196],[36.427877351223486,47.87917981712312],[36.42869796196092,47.87940590375487],[36.429225497434985,47.87943102449173],[36.43005448175137,47.87956500175498],[36.43093370754148,47.87942265091278],[36.43132726575228,47.87921331143894],[36.43158684669984,47.87896210407034],[36.4318631748053,47.878819753228136],[36.4323655895425,47.87878625891232],[36.43440580473621,47.8801795176708],[36.43502409682537,47.88034736331651],[36.4374825439418,47.88048558873406],[36.43821860595271,47.88061394057727],[36.43888106176253,47.88089038962107],[36.43889578300275,47.88179871180689],[36.439366862689724,47.88241083299267],[36.43969809059464,47.88277119127602],[36.445498259240566,47.88047077888552],[36.448987193172265,47.87965129400193],[36.44934050293751,47.88174441038467],[36.44923745425598,47.88215907434837],[36.4486044409266,47.88672015888304],[36.44997351626689,47.886818879215916],[36.45494705647588,47.88507815592355],[36.45557049169425,47.8849736338126],[36.457628801831994,47.88918433252724],[36.45987524303735,47.89459734399257],[36.460745635386296,47.89516931610759],[36.462411815025696,47.895343394577374],[36.46403654741038,47.89549260469434],[36.46415259972358,47.89464708069822],[36.466664303359096,47.89489576422649],[36.466506803791184,47.89642102319988],[36.46935008546439,47.89670286453192],[36.469267190954966,47.897415757312956],[36.4694260724828,47.897577243456],[36.46920481482802,47.89849915035093],[36.46690114247189,47.90901685777297],[36.46558104047146,47.91479939522058],[36.467303990500184,47.91523139793932],[36.46796094266941,47.914479544730064],[36.46851873224704,47.91402676598002],[36.468853168334036,47.913537224161836],[36.46972107866996,47.91297995957331],[36.47104737833236,47.91221145726338],[36.47170433050159,47.91164234279206],[36.47223732943133,47.91095275044769],[36.47280751433292,47.91013021262241],[36.47334671092464,47.90956522957266],[36.47409662802348,47.9087260521882],[36.47477217317862,47.907832853389664],[36.47535475340416,47.90745895164126],[36.47705291278498,47.9058262156899],[36.47748674912315,47.90542737159962],[36.483628632139194,47.91671845664425],[36.48390132926605,47.91668522674896],[36.48416073425922,47.916436813487024],[36.49208595463811,47.908847407355],[36.49369495491817,47.909068644893516],[36.49409561358693,47.90912373546047],[36.50289624506696,47.911568820514866],[36.50350850990117,47.91159859442613],[36.51450813792726,47.905012963871556],[36.51845916516337,47.90511106071678],[36.5196420344285,47.90586313035371],[36.52249555409903,47.908258235836215],[36.528569386896855,47.91400130295855],[36.53021862697601,47.915459358722316],[36.536185397031964,47.91899896987795],[36.539733206254425,47.927563286519366],[36.53995494433084,47.93038622841143],[36.53957194219887,47.930980512333555],[36.53969289024054,47.931547776979485],[36.54051936852532,47.93230412016131],[36.5405596845392,47.93287137028815],[36.54102331869896,47.93349263709702],[36.54076126460866,47.93393832390532],[36.540438736497535,47.93404636861367],[36.53830198776128,47.93401935745774],[36.53771740555985,47.933587177044004],[36.536890927275074,47.93277682903246],[36.536205555038904,47.932425674283756],[36.535620972837485,47.932358144251],[36.53487512658049,47.932520216181445],[36.53439133441378,47.933006428925026],[36.534794494552706,47.93445153425939],[36.536205555038904,47.934721642926135],[36.537697247552906,47.934438028789],[36.538705147900195,47.934586588769136],[36.54045889450448,47.93619371036028],[36.542273115129596,47.93749017540895],[36.543119751421315,47.93767924051244],[36.5435430695672,47.93771300206531],[36.54476262898742,47.937442909025044],[36.5510534304746,47.93606893711507],[36.553485668388944,47.94085637541171],[36.554488867338755,47.942830998471074],[36.55658530006112,47.942263857605624],[36.55898930024408,47.94708647998827],[36.56412177067901,47.94585455860188],[36.57401510437314,47.946205168777816],[36.5744978372419,47.94622227636372],[36.57444576461645,47.94610390593718],[36.576941681475574,47.94255539716662],[36.58854419206821,47.941723612133025],[36.588701705419005,47.9417545158312],[36.5914945,47.9440551],[36.59196498075161,47.95044180790662],[36.58812772844371,47.95042379263758],[36.57943299794862,47.951193237814124],[36.56216857179964,47.95263113848782],[36.544625221774155,47.95361218108794],[36.54413470047411,47.95369874367029],[36.542903588191606,47.95400652174092],[36.53924030032549,47.95204387476226],[36.54047622644597,47.95061118564716],[36.53997710243577,47.95016545204389],[36.53755278581484,47.94817552299528],[36.53327458001318,47.949273973303995],[36.53137315521244,47.95024504761216],[36.5293991,47.9523144],[36.5339135,47.957856],[36.53667337684449,47.96006619980118],[36.53969188871566,47.96125989170266],[36.542499629473916,47.96288399546541],[36.54450018693296,47.96560590777749],[36.547308661827394,47.97078042658982],[36.547616439898015,47.97076119046041],[36.548212759909845,47.968236448474826],[36.54840031217163,47.96828934783071],[36.548559010239295,47.96752952071886],[36.548376267009864,47.96740448587767],[36.5485061108834,47.96644267940698],[36.548751371533434,47.96642825230992],[36.54896296895698,47.96535102906274],[36.54878022572755,47.96530293873921],[36.54936692767467,47.9626579709448],[36.55012675478652,47.962455991585955],[36.55114626964546,47.96211935932121],[36.55153099223373,47.961907761897656],[36.55173297159258,47.961686546409396],[36.55178663389275,47.96145155791632],[36.55225234708677,47.961527848341746],[36.55259859741622,47.961498994147625],[36.56468142834632,47.9590982897533],[36.578019142436666,47.9557858637117],[36.586348386472885,47.955728155323435],[36.58708897745534,47.95570891919403],[36.59370620597369,47.955006800470436],[36.60256390695894,47.95888362118841],[36.61486659042955,47.96035496513112],[36.616957386368234,47.96072954934256],[36.61704541988144,47.960596909997975],[36.62265755634836,47.96130922840768],[36.622973009770696,47.96104886488648],[36.628805230020625,47.96168257758204],[36.628878591281634,47.961790651839465],[36.62938478398249,47.961887672855234],[36.63051454641535,47.95806254591482],[36.63410269684402,47.95839099778546],[36.65051300425619,47.959982786866895],[36.650690379288775,47.95924041216918],[36.65156212593305,47.95903702002332],[36.658835295475896,47.959585671057155],[36.65855129312898,47.96140801944986],[36.66082331190431,47.96237836080182],[36.666160189340104,47.96300553265126],[36.66311366475635,47.974732412207025],[36.66323788674669,47.974973607675715],[36.6674855336257,47.975418801897696],[36.66455084270755,47.986731562049876],[36.66982855298774,47.98727589988147],[36.666254856789045,48.001121014293616],[36.63981061088237,47.998109114693854],[36.639705708540035,47.998481437914315],[36.64800460661574,48.00118778651278],[36.663017,48.005044],[36.671131531841034,48.01629779745288],[36.670329655945864,48.01900112783306],[36.67119034769995,48.02515399070904],[36.67191122954125,48.030949177346564],[36.66985598502701,48.03834139211492],[36.66934536527191,48.040458135879874],[36.66791562995767,48.04679077728805],[36.666929807456754,48.05067910847837],[36.66692980745676,48.05067910847838],[36.66190198205785,48.061184877469756],[36.66103927202206,48.062699231492076],[36.65722175489195,48.069228733572395],[36.65587206584837,48.07143923922868],[36.65518398908105,48.073242941493255],[36.65680925765578,48.074406914108074],[36.65930070757135,48.074973135324164],[36.69946050740098,48.082310798637565],[36.70070376431178,48.08254314519444],[36.701804247898174,48.08224301330724],[36.70283848440205,48.08209526523527],[36.70339837183272,48.08217302737842],[36.7048525239096,48.0823207754504],[36.7060034036282,48.08207193659232],[36.706679934273595,48.081745335591094],[36.70682768234557,48.081418734589874],[36.70688989206009,48.08102992387413],[36.707636408634315,48.080516693729344],[36.70823517713656,48.080182316513806],[36.70930829471201,48.07990237279847],[36.71046695064493,48.0797079674406],[36.71151673957745,48.07970019122629],[36.712411004223654,48.07977795336944],[36.71311863972631,48.07977017715512],[36.71353855529931,48.07982461065533],[36.71419953351607,48.079785729583755],[36.714323952945115,48.0800734495134],[36.71429284808786,48.080524469943654],[36.714238414587655,48.081138790874526],[36.714339505373744,48.081838650162865],[36.714487253445725,48.08198639823485],[36.71496160251893,48.0823285516647],[36.715086021947975,48.08247629973668],[36.715187112734064,48.08266292888024],[36.715249322448585,48.08288843909537],[36.71524154623427,48.08306729202461],[36.71515600787681,48.08327724981111],[36.714782749589695,48.08375159888432],[36.71474386851812,48.084093752314175],[36.7148916165901,48.084404800886766],[36.71531930837742,48.084723625673675],[36.71582476230789,48.08490247860291],[36.71690565609765,48.08483249267408],[36.717255585741825,48.08491803103154],[36.71844534653199,48.084669192173465],[36.722132898843334,48.08603043348842],[36.7252809276174,48.08641290427405],[36.726340077485304,48.08641290427405],[36.72742864818288,48.086765954230025],[36.728355404317305,48.086692402155855],[36.7293630677333,48.08641290427404],[36.7350446390995,48.08342364547161],[36.73569590131851,48.083080995314575],[36.73569590131852,48.08308099531457],[36.73707610410088,48.08197756533578],[36.738755667603584,48.081308390327315],[36.773033547636025,48.07366871940402],[36.80027796455262,48.062144431365525],[36.81647898822998,48.064952849402054],[36.83930314294714,48.07777957523571],[36.8395393336337,48.07769603187567],[36.8440130631087,48.07497615727804],[36.86928546657147,48.06360311069555],[36.872300371217655,48.06242388370778],[36.87764952029065,48.05628573289716],[36.90096303388955,48.06525549477782],[36.90204364043689,48.065975899142714],[36.9034732672593,48.06615391288632],[36.90211191586243,48.07558733825103],[36.90103588776947,48.081958179099786],[36.91190558214868,48.093521645671615],[36.91294977035176,48.093652041391316],[36.91252615713315,48.09601987511811],[36.91205509730582,48.100633965270696],[36.912075,48.100645],[36.914122,48.102286],[36.90632080223465,48.10348738695796],[36.90548524830306,48.103903491026934],[36.90548524830305,48.10390349102694],[36.90446378026048,48.10640489233161],[36.90333177985939,48.11353932448679],[36.91566946522315,48.11487226382596],[36.912641334551786,48.128449318905844],[36.90681227374894,48.132731345519495],[36.904532,48.134801],[36.90545907045502,48.13683282863836],[36.906123383785406,48.143923270465955],[36.90612821581616,48.14397484437153],[36.907008,48.164655],[36.90702872554821,48.16466059645037],[36.91653729988055,48.16722816492826],[36.92381278116562,48.17430446646789],[36.936282734926266,48.18616605317309],[36.942549273858205,48.18635026800478],[36.948829896845794,48.19089487804415],[36.950897906853896,48.191916083270456],[36.95177038352815,48.19715074666419],[36.950912877743455,48.202794782412596],[36.952455104350186,48.20915563979055],[36.955561407493626,48.21939178106648],[36.947381642143995,48.23714738365263],[36.942106300489236,48.23720695463745],[36.94184154055674,48.239775125982575],[36.94323153020228,48.23986117296062],[36.96919786058078,48.238606872780444],[36.972070505848244,48.23910660715301],[36.97408707927799,48.24032893377078],[36.97455599969939,48.24043779029718],[36.97643586817445,48.24100719366604],[36.97806871607037,48.24125840103465],[36.97970156396629,48.241375631139995],[36.97987740912431,48.24166870640337],[36.98000301280861,48.24201202314046],[36.980084602513614,48.24248850701771],[36.980605774163436,48.242847656392975],[36.981104248090986,48.243372240859586],[36.98146001554651,48.2434271579836],[36.98177821154675,48.24363649745743],[36.981736343651974,48.243904451983944],[36.98269930523163,48.24448222893173],[36.98382973839034,48.244691568405564],[36.983896727021964,48.244984643668936],[36.98422329660115,48.24506837945847],[36.984424262496034,48.2448841607215],[36.98452474544347,48.2442896366158],[36.98695308333996,48.244792051352995],[36.990302514921346,48.24551217914299],[36.99267223776517,48.24605646177497],[36.99478237966144,48.246165318301365],[36.99528479439864,48.245922484511716],[36.995041960608994,48.24560428851148],[36.994271591345274,48.24444873461591],[36.99470701745086,48.24363649745742],[36.995108949240624,48.2432261920887],[36.99591281282015,48.242782392404166],[36.99649058976794,48.24275727166731],[36.99987351566514,48.2431005884044],[37.00012472303374,48.243159203457076],[37.00383421851012,48.243402037246724],[37.006492829827835,48.24362393708898],[37.00744741782853,48.24363649745741],[37.01255530099012,48.24415565935253],[37.01366898699093,48.24423520835258],[37.01398299620168,48.24434406487897],[37.014200709254474,48.244607832616005],[37.01432341891108,48.24490965145408],[37.013680843821,48.2474954549497],[37.01315760410479,48.24788667624358],[37.01336169379981,48.248278995753445],[37.01339168503046,48.248458220722846],[37.012386513996674,48.25238550602473],[37.01167050175344,48.25550266951938],[37.01092695057777,48.25904744803647],[37.01147772922642,48.25935302088432],[37.01184491499218,48.259695260305456],[37.0124324122174,48.259634146291155],[37.01338709520838,48.25516651397064],[37.01377264026244,48.253528488037865],[37.01415818531648,48.25325955339215],[37.0141635925548,48.25215950329568],[37.01357986773541,48.25198820682782],[37.01379099955072,48.25090631490526],[37.013653304888564,48.25074127853205],[37.01460798787954,48.246847488098666],[37.01541069141325,48.2439630670366],[37.015611657308135,48.24315082987812],[37.01589937971839,48.24271954641455],[37.016186465339814,48.242620126339595],[37.0196659430714,48.24293368130429],[37.0200908297911,48.24301780547998],[37.02072241815822,48.24314781529758],[37.02073803672503,48.24327263286681],[37.02083382131086,48.243297062975046],[37.02348325038242,48.243446591356005],[37.031004934611,48.24431384734556],[37.0370447347826,48.24549508615956],[37.03973906943164,48.24633240347947],[37.043039629376715,48.24787243347134],[37.04656816103137,48.24964071333031],[37.045996122203576,48.2521127382647],[37.050666020285895,48.25473920567995],[37.05111061451945,48.25485946354653],[37.05099880162342,48.25614882963188],[37.05056692680283,48.26112897741944],[37.05105504024025,48.26150095881234],[37.05229146683601,48.26189813028386],[37.05780731516214,48.26939008181801],[37.05561213113403,48.28011659527298],[37.06007196703923,48.28058814030643],[37.072201053472995,48.26551503757338],[37.074546817024384,48.26492719933905],[37.07682203295024,48.264156616577054],[37.0778199346721,48.26347902558392],[37.08619303165446,48.268264660416534],[37.08705103559334,48.268643029332814],[37.0975830339432,48.27446812925463],[37.09855901342369,48.27481789965974],[37.10904811157658,48.28090637633674],[37.109316237807484,48.281006298389435],[37.11788398088261,48.2850145665679],[37.11854924647855,48.28515869628835],[37.12033768049407,48.2858441225763],[37.129409106991574,48.28725079311688],[37.136082799613085,48.287226815778105],[37.135067758938916,48.29161466877117],[37.13764931907873,48.2910791748722],[37.13867235219916,48.290703529898295],[37.139879211583406,48.291574706539905],[37.14365963866122,48.289504662960304],[37.14587316495715,48.28846512793042],[37.15531692853027,48.28838103386477],[37.156897896964594,48.288347396238514],[37.158361133707004,48.28852399377639],[37.16271720630796,48.28816238929407],[37.16436544999481,48.287918516503666],[37.16957087265888,48.287060757033984],[37.17435582499468,48.28632913866278],[37.176059938384874,48.28602072550321],[37.1886631,48.2843437],[37.189264,48.2862781],[37.1809386,48.2877272],[37.1795654,48.2886622],[37.18810786504427,48.29008466790781],[37.184921173119264,48.29845964757684],[37.184264054071015,48.300419318657035],[37.17814431491423,48.30196340344313],[37.157883341109454,48.304545161447486],[37.15881857558608,48.304897790840315],[37.17709781009035,48.30668393537354],[37.186009368115606,48.30492078840942],[37.199115669929164,48.29960007184956],[37.205596069275614,48.298558977099546],[37.205007145829775,48.296671604266876],[37.20990770559891,48.2938553847071],[37.2295998,48.2989582],[37.2286229,48.3067902],[37.2404822,48.3099777],[37.239931831532616,48.312771154645304],[37.23912335329534,48.31368284287031],[37.23794675943513,48.31454292610145],[37.237678413467016,48.315065856705985],[37.24771730494087,48.317109414463175],[37.2507886,48.3122221],[37.2577949,48.3130191],[37.2647952,48.3075514],[37.2682095,48.3079568],[37.2705927,48.3031107],[37.2806418,48.3023825],[37.2905196,48.3048506],[37.3015013,48.30736550000001],[37.3046456,48.3265921],[37.3078447,48.3271994],[37.30762441601742,48.32767153689317],[37.3067094,48.3296327],[37.29489957903035,48.33169780185931],[37.287709,48.3273271],[37.27645513416778,48.32829955243604],[37.26911206644248,48.33054523755555],[37.263978180913,48.33146005674015],[37.25483580997507,48.33139786080326],[37.250353532249264,48.345676019792485],[37.2496754,48.3488893],[37.24446170812929,48.35124113117215],[37.23525048887798,48.35694904836987],[37.235341781880635,48.357265843553975],[37.23541278754938,48.35772418203568],[37.236144141724125,48.362000921173774],[37.23730970172002,48.36312161031225],[37.24029189135827,48.364490935022175],[37.248711134937004,48.36842656111284],[37.26007204193481,48.36846699404913],[37.26039663927761,48.36850742695331],[37.26128928197029,48.36844003876185],[37.26464780507187,48.368483881590315],[37.278056068178806,48.37335939330069],[37.28177274461897,48.37709905278112],[37.29413030172804,48.37764070770275],[37.29996407234299,48.38228620361719],[37.299708656228425,48.382795108730775],[37.29867678840895,48.38496615075439],[37.29568469461934,48.38502155989864],[37.287219,48.3874842],[37.26965923075267,48.39007884045044],[37.268679671929455,48.396972693411655],[37.27078271009808,48.40612317619657],[37.270579646541755,48.40723877406066],[37.26230836459623,48.4092602699211],[37.2565519,48.4133443],[37.2520895,48.4137828],[37.251867182033195,48.41484160603025],[37.25251543033261,48.414759647618716],[37.252759230567314,48.41596756696341],[37.25235474381427,48.415945403305706],[37.25162604853292,48.41599002245317],[37.25144262865776,48.416863573397684],[37.2513579,48.4172671],[37.254148,48.421173],[37.2567247,48.4217504],[37.25708132191123,48.42345855947127],[37.2594946,48.4259033],[37.2641979,48.4261289],[37.26567492575534,48.42526475518971],[37.26829917424308,48.4243900056938],[37.2687454,48.4277125],[37.271666842556925,48.42792628111819],[37.2729298,48.4280187],[37.27547252043504,48.43303440102183],[37.278020259431784,48.434947969326906],[37.28290734595481,48.435297046935695],[37.28513894923956,48.43555885514227],[37.31932048650603,48.44061271619124],[37.31884156123085,48.44783890673713],[37.3224845,48.4505449],[37.3362103,48.4524163],[37.342524606605,48.450474353156906],[37.345371791747546,48.45187361081244],[37.3499068,48.4566281],[37.3624997,48.4571379],[37.37382112453755,48.46565313982726],[37.37403263757868,48.46755681679463],[37.375261840797265,48.46936089749739],[37.389565741256824,48.47979848971798],[37.39558789748008,48.48547349314471],[37.39984550065003,48.48505426843521],[37.411069980538926,48.48407478807635],[37.41890074080858,48.48309307259601],[37.43644797222668,48.48145057259346],[37.443320868377285,48.480318143148274],[37.45031622444608,48.47598952502836],[37.4553598375233,48.4721826599854],[37.45791063034397,48.47160293434434],[37.4599010217116,48.46953524622456],[37.46117641812194,48.46700377759193],[37.463398699746,48.466192161694444],[37.470239462310516,48.46557378767729],[37.471476210344775,48.46143841143776],[37.47351757819452,48.46043563424841],[37.47347000637295,48.45968913184224],[37.48525435641397,48.44036538438523],[37.519071685475815,48.43522998141483],[37.53663254135294,48.43731216267563],[37.5474347624647,48.43818175113721],[37.54796134658866,48.43821073741926],[37.55027541810589,48.4382880341714],[37.55320213122695,48.439933378809954],[37.55994717421758,48.44037504647922],[37.563126003149385,48.44067457139377],[37.57017438346894,48.441577671942234],[37.57018262103505,48.441584255981795],[37.57401356696313,48.4420690361764],[37.57413801721671,48.44207830145043],[37.58594549678341,48.436225150102],[37.59073977298981,48.432698358070375],[37.59686802434409,48.43232157588945],[37.60034217768868,48.4296286914788],[37.60235352962503,48.42998331000201],[37.603705512744774,48.43029914212425],[37.60449232259315,48.4306440640472],[37.60520425645897,48.43084647941071],[37.606864708914166,48.43116892297319],[37.60759939035709,48.43143780003861],[37.61345915419742,48.4321434535382],[37.61390329642337,48.43220177801943],[37.614076707035885,48.43156402551357],[37.614092704524836,48.43140235479279],[37.61409270321343,48.431402370590355],[37.61452640725202,48.431415379010936],[37.61480846465955,48.42960969989154],[37.61816375902822,48.42678692250286],[37.62072108603934,48.42385500584476],[37.621235580757514,48.4237193062443],[37.6237400740777,48.42401851562326],[37.62699813175972,48.424040679280964],[37.62950262507991,48.423519833324995],[37.63248363704067,48.42293249639592],[37.6333923470064,48.422766268963166],[37.63489947573006,48.42340901503649],[37.63766993294266,48.42344226052304],[37.63851215193529,48.42427339768682],[37.63967574396458,48.42447287060613],[37.64819767035054,48.42446178877728],[37.64929477140673,48.42445070694843],[37.650336463318666,48.42469450718313],[37.6513792135534,48.42411510614424],[37.65277446566576,48.42416257939831],[37.65335072076597,48.42459477072348],[37.65418185792975,48.42484965278704],[37.654833713899684,48.42527723193777],[37.65609095699496,48.42586185143876],[37.65623444941085,48.42586801272814],[37.6600519332287,48.426857901337215],[37.6632377,48.43056579999999],[37.666809137590505,48.43042860903035],[37.666882668527585,48.43047367637888],[37.66792923000791,48.431104871046],[37.66829060046833,48.431367616338676],[37.66918890872965,48.43188441591315],[37.66997994097344,48.432731338454026],[37.67072153370195,48.432528555469005],[37.67103614879891,48.430971870897544],[37.67208786212305,48.42963582771969],[37.67272062852532,48.428569596667316],[37.67580886721284,48.42963131437421],[37.67608541295678,48.42952780201569],[37.67656759527955,48.42945722528671],[37.67727668693068,48.429541917349724],[37.67818432424412,48.42968777557183],[37.68398463046022,48.42937599486645],[37.68674283113626,48.42984768958148],[37.687709623125805,48.42957410718005],[37.68981374647408,48.43006559413148],[37.69553287413546,48.43042624665154],[37.69576787291756,48.43022353903924],[37.7054815838265,48.43007129892388],[37.74638565441474,48.43350258988217],[37.76172426443854,48.42347578789322],[37.76192779997124,48.423371248522486],[37.76328196726284,48.423500938067406],[37.765710424495516,48.42269313524574],[37.76637642538843,48.42264336661728],[37.77036562906513,48.419988548151146],[37.77039504184668,48.419968973919815],[37.7845743,48.4101926],[37.8015297827348,48.404742602613744],[37.80619438647595,48.403168772858535],[37.8099665,48.4059526],[37.8162324,48.404007],[37.81760709999999,48.4046581],[37.817309,48.406587],[37.81730677091733,48.407922781412964],[37.81643538211135,48.409526387928466],[37.816791533026,48.41001871419284],[37.817608585124304,48.40937973755185],[37.81872108224229,48.40701557124429],[37.81975596563908,48.406472917586704],[37.82125782441885,48.40544658137573],[37.8216154285235,48.40504516797581],[37.82211525651942,48.40476496137203],[37.82263622532872,48.40478385068238],[37.823258802388864,48.40520420415632],[37.82349357008391,48.40518148470196],[37.82462551008641,48.40559315915013],[37.8304481,48.4083192],[37.8351284,48.4132865],[37.816072275373976,48.42124031000059],[37.81520590672601,48.421551072667796],[37.814151197067616,48.42135331460685],[37.81311532151026,48.421598157920414],[37.811900521993,48.422012508143354],[37.811354333062766,48.42262461642724],[37.81038437685906,48.42343448277208],[37.8090754068366,48.424008922853886],[37.808446864720715,48.42382349027049],[37.807923113375644,48.42377111513599],[37.80472299265727,48.425180006254216],[37.8043241218366,48.42545532080817],[37.803748815155444,48.42497574322963],[37.80278511268052,48.42598134581216],[37.801004358107285,48.42751069973976],[37.798919827753906,48.42943810468962],[37.79680910983329,48.431281709424276],[37.796348208649626,48.431260759370474],[37.795620194279984,48.43164309785237],[37.79509644293492,48.43226636195298],[37.79509514310334,48.432531134469194],[37.79325818288964,48.433398014570045],[37.79219874500129,48.43393812016018],[37.791233679742774,48.43481660912582],[37.79136068846772,48.435186310759775],[37.7910880550154,48.43595877220801],[37.791534870951146,48.43649646596119],[37.791656041374395,48.43703415971437],[37.791315249559,48.43728407371233],[37.791436419982254,48.438041388857656],[37.79184537016073,48.438851716063155],[37.791542444102596,48.4398968109637],[37.790959311440695,48.44060868720031],[37.79049734920205,48.44084345489536],[37.78962733385942,48.44110354655428],[37.79005833930233,48.44847452097827],[37.79194767392762,48.45127244561929],[37.79378529228839,48.45257706191144],[37.79642712678995,48.45382383648626],[37.81083126085406,48.453717812365916],[37.8110076660132,48.45407842599683],[37.81202024563221,48.454213853786115],[37.813705271830564,48.45381247675909],[37.83152489720009,48.445656192643916],[37.83414520760293,48.44685275057351],[37.83539477759271,48.44747374899268],[37.837053297760974,48.4483295151069],[37.8367730911572,48.449283732190004],[37.836779030735826,48.45022144993288],[37.832199805111216,48.46067979728882],[37.83011216012471,48.46389070704251],[37.82874939186967,48.46594788976303],[37.82775631074764,48.46758204090621],[37.82710392168937,48.46853847554591],[37.823740493655606,48.47143650662638],[37.8177385143195,48.4736375539677],[37.80882615490676,48.47646081005744],[37.80104692384615,48.479275443804845],[37.79833235847998,48.48052093732598],[37.793708850673134,48.483043792658094],[37.790301930035504,48.48494164722779],[37.78805241469209,48.48614765780092],[37.79002647687758,48.487382327951295],[37.8040855,48.4855045],[37.80637775005412,48.488407492391765],[37.79591972470394,48.49383419178404],[37.78368742986134,48.4967451884431],[37.78675003405155,48.501889461939555],[37.78788084175256,48.504098793563166],[37.794506215077675,48.50476157427135],[37.80567494354172,48.50599272709257],[37.8176802,48.4999743],[37.82960474641271,48.500559013614804],[37.83780310224499,48.51324248109365],[37.82704639902852,48.52189714854177],[37.82697122820443,48.522921352072544],[37.83424126015822,48.528816752435425],[37.83799329048644,48.530261956196604],[37.84983389741722,48.532813807432014],[37.855764601153226,48.53410672367834],[37.85555608353728,48.53530162887005],[37.853515000292205,48.53736635400598],[37.85162167886506,48.539586721590155],[37.85124340861114,48.54083974180624],[37.85079288056542,48.5473898996406],[37.85137737932607,48.54735702305594],[37.851842336513165,48.54719941045014],[37.85170048516795,48.54649015372405],[37.85221272613679,48.54661624380869],[37.85323720807447,48.5468447820871],[37.85235457748201,48.5475461581829],[37.8522836518094,48.54788502528536],[37.85138072302049,48.54963254199356],[37.85106774505535,48.55016529378155],[37.85074473137573,48.550365321314956],[37.85160997402807,48.55212651969556],[37.8533144797336,48.55602519326254],[37.85437831673175,48.568103720485695],[37.852625286226726,48.568450969809405],[37.8453335416227,48.56989535618782],[37.84193135394078,48.570559232918654],[37.83885854773862,48.57127489573099],[37.83827352178886,48.571661126455105],[37.83770562210507,48.57232553153907],[37.83748970061344,48.572916376308484],[37.83775933515825,48.57374571589582],[37.83752377979498,48.576460611188615],[37.837047115554896,48.57817431566756],[37.8344,48.578295],[37.832281,48.580757],[37.8246699,48.5815722],[37.8206556,48.5847328],[37.82073123800624,48.58518141617477],[37.82115599381606,48.585122262781915],[37.821435438427784,48.585159233660555],[37.822039038789114,48.585551123311504],[37.822676172503854,48.58567682312191],[37.8235256841235,48.58535887593793],[37.824051039993556,48.585410634918134],[37.82425224011399,48.58552894095957],[37.82460992921701,48.58563985262189],[37.82495644053555,48.58580991669805],[37.825325307423036,48.585839493000684],[37.82568299652604,48.58580991669805],[37.82640955251653,48.5856176703089],[37.82648779700782,48.585625064414316],[37.82675606383507,48.58580991669805],[37.82663310820592,48.58615004313351],[37.82614128568928,48.58652713715789],[37.825772418801805,48.58665283454073],[37.82541472969879,48.58708168208221],[37.82503468502683,48.58735525533674],[37.824621107001484,48.587902397402864],[37.824084573346965,48.588190753675605],[37.82352568412351,48.58830165949623],[37.82311210609816,48.58839777767721],[37.82279912813302,48.58844213985294],[37.822407905676606,48.58837559657476],[37.8221508166338,48.58847910830294],[37.821849016453136,48.5884865019897],[37.82137954950543,48.5885752261464],[37.82095479369561,48.58865655648654],[37.82050768231685,48.588619588166345],[37.818144,48.590592],[37.81748522104965,48.593204849051794],[37.8094824016263,48.59221087639049],[37.8086354,48.59212620000001],[37.800162525633404,48.591193857896776],[37.7998666570019,48.593832593249914],[37.79988041833359,48.5955252370488],[37.800451513599064,48.596116974311805],[37.803568455228714,48.59757223513889],[37.80333893982621,48.59850026457262],[37.79430345139452,48.599054957501544],[37.783660261263044,48.59911920210998],[37.78385301253901,48.59801494725258],[37.78304349568565,48.59796256064804],[37.782460867600285,48.59808752732807],[37.781563305414736,48.59845201171241],[37.779720940928605,48.598722769838346],[37.77751640222728,48.599399658804074],[37.775862998201276,48.60059720937032],[37.7740993672402,48.60149275036957],[37.77255619014926,48.60193010183125],[37.77017843769281,48.601825970874344],[37.76787941876141,48.60165936089675],[37.767233803856,48.60195092799688],[37.76530538410052,48.6106792591015],[37.7764591,48.619809],[37.7796291338013,48.620162972305],[37.78341507618162,48.62046074179891],[37.791040586188444,48.62119806822377],[37.80634523144829,48.62683400572272],[37.80606638016816,48.627812255297066],[37.805830429084956,48.62920870915073],[37.80581970403573,48.630895743987175],[37.80608783026662,48.63149115458062],[37.80643103184218,48.632100734337875],[37.80675278331926,48.632412609505394],[37.80791108863674,48.63278827476127],[37.81581544992371,48.63507764595002],[37.81795225270491,48.63589339968677],[37.817595814713364,48.6363531530382],[37.81606838432745,48.64060476339073],[37.81491100150926,48.64368324422007],[37.814848014689225,48.64425012560041],[37.815162948789414,48.64505320755588],[37.8156432232922,48.64562008893622],[37.81623372473004,48.646068870028984],[37.820548321902606,48.64868282306053],[37.82536681363548,48.65157234342976],[37.82785347538227,48.653058494799225],[37.826852864152386,48.65453272867792],[37.83468466517136,48.65933879225471],[37.825600444776846,48.66984247587201],[37.82777418415278,48.675204846186816],[37.83534530280207,48.676759573346544],[37.83539249120423,48.67725421688842],[37.835510462209726,48.677667065259875],[37.83534530280205,48.677955278155196],[37.835699215818515,48.67941968576966],[37.838318172140305,48.67922495316871],[37.839497882195175,48.67894453690082],[37.84221121532138,48.67800980473368],[37.84283646165047,48.67752685298485],[37.84477118614045,48.67580532601974],[37.845667765782146,48.67459009509494],[37.85036172607806,48.67305415514826],[37.86494728682503,48.67830350446941],[37.86319102057427,48.68322680822153],[37.858397277447196,48.68502626134731],[37.851343421194166,48.687761430098476],[37.85150177306923,48.687991760098576],[37.855356080316064,48.68780957490774],[37.8700812,48.6831518],[37.8758966,48.6797759],[37.88748496685576,48.679014903133975],[37.89016763512834,48.6780259155982],[37.891218346868435,48.67866064117396],[37.891665458247196,48.678675402138715],[37.89204550291916,48.67826209349092],[37.89302914795243,48.678394943068966],[37.893431548193306,48.67874920689754],[37.89729906161963,48.67854255330031],[37.9046093326624,48.680424545835166],[37.90542531092866,48.6807049936048],[37.90607362242786,48.68076403504155],[37.91048325840095,48.68204078918112],[37.91974172543502,48.684690163705824],[37.930870100199655,48.69319844676836],[37.918978374597465,48.69737038117882],[37.91941430819176,48.69773188922857],[37.921783998499215,48.699480371109935],[37.923058265928695,48.700085316944026],[37.92424311108241,48.70031401408506],[37.925081444917595,48.70007056225409],[37.93018969241999,48.70235748757625],[37.934579,48.703062],[37.9368069408257,48.70268207500771],[37.938930719874826,48.70263781320849],[37.941456899164834,48.70212142267494],[37.94261938874963,48.70161978108346],[37.943379478093526,48.702268963368],[37.945123212470705,48.70207716038268],[37.946129213072915,48.70179683162781],[37.9471128581062,48.70181158581175],[37.95009732655945,48.70177101179557],[37.950522082369275,48.70169724077326],[37.951796349798755,48.70119559495411],[37.95255643914264,48.70059066246371],[37.955552085380376,48.70053164427053],[37.95888306515215,48.701121823088435],[37.96004555473695,48.701652978107965],[37.961610444562616,48.70172674919515],[37.96433782397308,48.70284805640809],[37.968384181950896,48.70395458508873],[37.972229339808266,48.70476602399292],[37.972989429152165,48.70481028392051],[37.97361538508244,48.70472176402639],[37.973727162927126,48.70529714055507],[37.97426369658164,48.7061085578131],[37.976365120061836,48.70702323067216],[37.97846654354203,48.70821818145672],[37.97904778833441,48.708424713284195],[37.97907014390335,48.70869025295969],[37.97958432198892,48.70929508810076],[37.980277344626,48.70936884798646],[37.98036676690176,48.709413103865984],[37.980478544746454,48.70951636743351],[37.980478544746454,48.709722893932785],[37.980433833608586,48.71000317854029],[37.98081387828053,48.71043097835218],[37.98132805636612,48.71038672336789],[37.98253525708877,48.711124301357714],[37.98300472403647,48.71113905280723],[37.9825576126577,48.71131606986409],[37.98213285684789,48.711625848215014],[37.98206579014107,48.711965127077704],[37.98233405696832,48.712289652544726],[37.98383188008718,48.712791187785676],[37.98385423565613,48.71311570792461],[37.98403308020763,48.71355823201347],[37.98468139170684,48.713897497845686],[37.985486192188624,48.71451702085341],[37.98600037027419,48.715431540874306],[37.98646983722189,48.71584454446687],[37.98673810404916,48.716405043919345],[37.987296993272615,48.71667054148034],[37.98734170441049,48.717068785194606],[37.987766460220314,48.71754077366235],[37.98801237147863,48.71802750713151],[37.98877246082253,48.718882966664594],[37.988571260702095,48.71950242827921],[37.98877246082253,48.719930147322835],[37.98897366094297,48.72038736020963],[37.98890659423615,48.720859317540054],[37.98888423866722,48.72162623875704],[37.98906308321873,48.7219212053422],[37.98966668358006,48.72242264456698],[37.990292639510336,48.722968322748955],[37.99033735064821,48.723351768740415],[37.98999689253093,48.723625192076064],[37.99002437268307,48.72409653048581],[37.99065032861334,48.72469380668885],[37.99090741765613,48.72500350266823],[37.99082130997922,48.72529739375685],[37.9909185954406,48.72540168041087],[37.99100801771636,48.72572611920359],[37.99082917316484,48.72643397839528],[37.991058317746464,48.72673629022207],[37.99140482906498,48.72704966031933],[37.99175134038353,48.72741095518435],[37.99170662924566,48.727654274753135],[37.99214256283996,48.72806717799392],[37.992354940744875,48.728163030047064],[37.99256731864979,48.72839159959036],[37.992444363020624,48.72859067544285],[37.99272380763235,48.72876025795481],[37.992802052123636,48.72898882478343],[37.99305914116643,48.729121540529725],[37.9931373856577,48.729261628993044],[37.993472719191764,48.729423836199814],[37.99350625254519,48.72958604288334],[37.99348389697624,48.72974087604768],[37.993774519372444,48.72998418434265],[37.993796874941374,48.73024223730839],[37.99404278619969,48.73035283103114],[37.99421045296674,48.73059613636498],[37.99414338625992,48.73082469484856],[37.994154564044386,48.73098689701308],[37.994288697458025,48.7310532522932],[37.9943669419493,48.731370281867356],[37.994299875242476,48.73151036406568],[37.994378119733774,48.73182739075764],[37.994445186440586,48.732173906018126],[37.994501075362926,48.732328731213684],[37.994501075362926,48.73249092852624],[37.994892297819355,48.73280057648815],[37.99522763135343,48.732992262366025],[37.995361764767054,48.73340512177465],[37.99559649824091,48.73380323299358],[37.99567474273218,48.734142362286164],[37.99554060931855,48.734370904649595],[37.99548472039622,48.73467316876039],[37.99633423201588,48.73558732232871],[37.99673663225676,48.735543089474234],[38.01029565529153,48.7386089936058],[38.013471191420194,48.74008149232497],[38.01713380022566,48.743386067777024],[38.01795331581256,48.74412547272986],[38.014978330637526,48.751487805571706],[38.01481087072449,48.75215844400898],[38.01312386715612,48.75361010021022],[38.00722477478611,48.75702778150509],[38.002977036869986,48.762965120371895],[38.00230323902767,48.76476738362226],[38.00187098474023,48.76475423341068],[38.00008036519288,48.76472250515359],[37.998231983724665,48.76472885080661],[37.98427766633821,48.76326932949636],[37.98179191836764,48.76314277628973],[37.96726375330299,48.76447894640186],[37.96628426694784,48.76482176662617],[37.96571616486186,48.765370278985046],[37.96538313950111,48.76622243211402],[37.966440984764645,48.76902376308974],[37.97052544286559,48.77003263403554],[37.97737205248804,48.77144309438694],[37.98201532443699,48.77449068845059],[37.995685645712435,48.776393978093694],[37.998342694073,48.77664774459412],[38.00114500773679,48.77676052030048],[38.01536490816372,48.76897938659236]]],[[[37.6075466327644,49.703116686347855],[37.60951102417585,49.70350488298294],[37.61038408702539,49.70375191559031],[37.6123812,49.703187],[37.6134756,49.7028609],[37.6124671,49.7022988],[37.6070168,49.7018547],[37.6034978,49.6991068],[37.6007512,49.699995],[37.60463824214686,49.702622613417205],[37.60745386983663,49.70292964504368],[37.6075466327644,49.703116686347855]]],[[[37.616509168579185,49.70744843207499],[37.61638093747316,49.70725434990037],[37.61367444263959,49.707309045864406],[37.61285867453957,49.70761428350069],[37.61285867453957,49.70814712148322],[37.61636729586613,49.708330614005064],[37.616509168579185,49.70744843207499]]],[[[37.612154767617135,49.71943767790501],[37.613033287109474,49.717433795739396],[37.61243305640042,49.71601550521783],[37.6101649,49.7155169],[37.608362400864465,49.71756080481004],[37.60392615026026,49.717521996518144],[37.6038036,49.7176072],[37.6035596,49.7183552],[37.605459466889755,49.719575265371915],[37.60931168239737,49.720620873279906],[37.610349,49.7214886],[37.610853667370456,49.72146409673402],[37.612154767617135,49.71943767790501]]]]}}]}