{"type":"FeatureCollection","name":"ukrdailyupdate_20260109","features":[{"type":"Feature","geometry":{"type":"MultiPolygon","coordinates":[[[[35.511144,45.2871558],[35.5362452,45.2870497],[35.6115872,45.3166443],[35.7189853,45.3354155],[35.7280796,45.3513407],[35.7491105,45.3617157],[35.7646576,45.3798068],[35.7485465,45.3918773],[35.8279111,45.4401058],[35.8288851,45.4472206],[35.8195581,45.4572256],[35.8328362,45.4690483],[35.8469811,45.4732411],[35.8618132,45.4716538],[35.871905,45.4660703],[35.8659581,45.4572589],[35.8462821,45.4494093],[35.855104,45.4331314],[35.8755891,45.412033],[35.9122046,45.3919517],[35.9529164,45.3776435],[35.9966098,45.3698886],[36.0210308,45.3740839],[36.0433971,45.3826154],[36.0678806,45.4001555],[36.0738324,45.4114258],[36.0717425,45.4161225],[36.0743024,45.4196759],[36.075146,45.4249161],[36.0706562,45.4313045],[36.0716591,45.4384157],[36.0822015,45.4468651],[36.1391457,45.4657481],[36.1919941,45.4716016],[36.239728,45.4744234],[36.2843797,45.4810785],[36.2959228,45.4804214],[36.3050377,45.4752171],[36.3151811,45.4719379],[36.3253165,45.4701175],[36.3378556,45.4735926],[36.3413789,45.4781888],[36.3397525,45.48122],[36.3423365,45.4822273],[36.3581228,45.4707757],[36.3697859,45.4687119],[36.3790402,45.4608675],[36.3972263,45.4515259],[36.4167805,45.445553],[36.4262524,45.4456013],[36.4346947,45.4480575],[36.4352415,45.4502724],[36.4428965,45.4534271],[36.4424328,45.4556063],[36.4471191,45.4585081],[36.4617763,45.4555908],[36.46991,45.4570071],[36.4796141,45.455116],[36.4930932,45.4500929],[36.531366,45.4263096],[36.5569363,45.4240499],[36.5684313,45.4290158],[36.5666274,45.4349845],[36.5710035,45.438785],[36.5787265,45.4403631],[36.5962336,45.4377362],[36.604439,45.4289581],[36.6135003,45.4217454],[36.6115752,45.4162197],[36.606389,45.4132243],[36.6120217,45.4052783],[36.6278825,45.3943142],[36.640703,45.3897354],[36.6468273,45.3823227],[36.6422932,45.3785272],[36.6395291,45.3789651],[36.6343618,45.3769912],[36.6308341,45.3761851],[36.6288515,45.3741731],[36.6303796,45.3684609],[36.5967813,45.3473575],[36.5437226,45.3459674],[36.4966036,45.3645631],[36.4796743,45.3571452],[36.470991,45.3371803],[36.4838369,45.3078665],[36.434973,45.2963076],[36.4165832,45.2818218],[36.4194051,45.2726461],[36.4273384,45.2690242],[36.4273919,45.2776815],[36.4366452,45.2740997],[36.4342185,45.2593694],[36.4204668,45.2424635],[36.4198161,45.2396842],[36.4219119,45.2369049],[36.4107039,45.2265096],[36.4019035,45.2117608],[36.406188,45.1925383],[36.4036056,45.1796063],[36.4087556,45.169152],[36.4159638,45.1630542],[36.4289957,45.1213222],[36.4543514,45.1022704],[36.4479367,45.0886141],[36.3728883,45.0589445],[36.3209616,45.0597481],[36.2765916,45.0547109],[36.2469957,45.0477233],[36.246621,45.0413166],[36.2283965,45.0300572],[36.0391976,45.0509629],[36.0095783,45.0448732],[35.9930111,45.0363531],[35.9835477,45.0242427],[35.9512753,45.01405],[35.9101154,45.020516],[35.8425723,44.9965741],[35.7938383,45.051928],[35.7147748,45.1014252],[35.6191364,45.1266237],[35.5781642,45.1312008],[35.5371919,45.1265589],[35.4580599,45.1024637],[35.4050859,45.0700909],[35.3813811,45.0355918],[35.4138174,45.0227101],[35.4280503,45.0132222],[35.3875164,44.9974311],[35.3636517,44.9931743],[35.3548975,44.981631],[35.3708563,44.9551468],[35.3860408,44.9550221],[35.3929849,44.951495],[35.3804797,44.9478425],[35.3374926,44.9659345],[35.2622125,44.9679627],[35.2476439,44.9533378],[35.2516171,44.9401704],[35.2388071,44.9164567],[35.1655806,44.8997648],[35.1403682,44.8694349],[35.1302857,44.8225554],[35.0820168,44.7945128],[35.0477541,44.8015592],[35.049843,44.8162845],[35.0285812,44.8300347],[34.9689236,44.8397135],[34.9401191,44.834146],[34.9037706,44.8193175],[34.853057,44.815939],[34.8064721,44.8193565],[34.7585147,44.8149613],[34.6327235,44.7807106],[34.4939507,44.7293738],[34.4199063,44.6808651],[34.3422554,44.5476314],[34.2598349,44.5104203],[34.1637567,44.4908092],[34.1199602,44.4300028],[33.9778002,44.3924723],[33.8599974,44.4044233],[33.753188,44.3887902],[33.6520837,44.424125],[33.6419434,44.4407231],[33.6420184,44.4545379],[33.6310681,44.4785965],[33.6159906,44.4879548],[33.599149,44.4933908],[33.5876281,44.4902537],[33.5783187,44.4915706],[33.5500873,44.4883205],[33.5241716,44.5004844],[33.5002436,44.5043528],[33.4879892,44.4984237],[33.4646204,44.5272631],[33.4182457,44.5499989],[33.3993167,44.5634278],[33.3794992,44.5838249],[33.4025048,44.5896966],[33.4023343,44.5713554],[33.4086638,44.5773164],[33.4115595,44.5646899],[33.4159799,44.5868836],[33.4274383,44.5734939],[33.4354608,44.5713529],[33.426879,44.5827234],[33.4231012,44.5960497],[33.4363692,44.6054667],[33.4979414,44.6165277],[33.5517033,44.6163146],[33.5869218,44.6111964],[33.5886979,44.6161118],[33.5629863,44.6244473],[33.511861,44.6278828],[33.5167226,44.6362218],[33.5300178,44.6427205],[33.5442742,44.6643462],[33.5471604,44.7235983],[33.5356174,44.7926073],[33.5510018,44.8116646],[33.5547634,44.8396798],[33.5832537,44.8460222],[33.6168482,44.9081447],[33.5817754,45.0461061],[33.5012163,45.139321],[33.3901971,45.1937013],[33.2695041,45.1445354],[33.2542978,45.1506467],[33.2358757,45.1681046],[33.227062,45.1741018],[33.2094615,45.181402],[33.2013619,45.1834312],[33.1946353,45.184129],[33.1885954,45.1836166],[33.144699,45.2052394],[33.1337848,45.2218699],[33.1073287,45.2348624],[33.0899011,45.2556319],[33.0614696,45.2783303],[33.0128032,45.3077659],[33.0289226,45.3404493],[33.0624908,45.3662513],[33.0620608,45.3716816],[33.0763951,45.3774734],[33.0883272,45.3719894],[33.1012892,45.3751247],[33.1173396,45.3923658],[33.1290126,45.3979108],[33.1306429,45.4065298],[33.120429,45.4018897],[33.1071253,45.3935727],[33.0890554,45.3871796],[33.0679171,45.386724],[33.0525419,45.3806182],[33.0438655,45.3681206],[32.9577817,45.3501847],[32.8670654,45.3667256],[32.7405093,45.3601976],[32.6525036,45.3149652],[32.4911099,45.34768],[32.524348,45.3770191],[32.4724345,45.3928514],[32.5508636,45.4657626],[32.7010217,45.5260477],[32.9004113,45.6367298],[33.1997685,45.7555066],[33.3059371,45.7676781],[33.4837535,45.8486261],[33.5383739,45.833748],[33.5656888,45.8702953],[33.6095175,45.8877059],[33.6848086,45.8474499],[33.6761134,45.8999765],[33.6859582,45.9118789],[33.6957013,45.9072318],[33.7301697,45.9274223],[33.7591489,45.9306522],[33.7544843,45.9377015],[33.7522838,45.9500444],[33.6575682,45.954895],[33.6394196,45.949321],[33.6391257,45.9432689],[33.6227473,45.9411891],[33.6146981,46.0539239],[33.6384664,46.0826629],[33.6167101,46.119414],[33.61303082378751,46.134219204280356],[33.594925,46.155209],[33.576244,46.156561],[33.565807,46.138884],[33.546449,46.135001],[33.538082,46.119697],[33.512852,46.11653],[33.513724,46.103382],[33.548489,46.084429],[33.561268,46.072137],[33.513644,46.08176],[33.494859,46.073274],[33.488447,46.056689],[33.513614,46.02962],[33.487067,46.031228],[33.460862,46.049979],[33.448387,46.041083],[33.417947,46.030908],[33.329034,46.113441],[33.309262,46.073724],[33.281266,46.074961],[33.278588,46.098186],[33.294388,46.09371],[33.30744,46.096851],[33.30746,46.123127],[33.26629,46.134741],[33.216209,46.13083],[33.201851,46.106922],[33.210134,46.141067],[33.225264,46.157187],[33.210181,46.169502],[33.193025,46.171347],[33.181366,46.15512],[33.131983,46.124551],[33.084169,46.134949],[33.067119,46.154887],[33.02534,46.154838],[33.027864,46.137662],[33.018032,46.117631],[33.042302,46.112785],[32.899246,46.10693],[32.863621,46.116558],[32.826621,46.109039],[32.771166,46.117767],[32.686882,46.101699],[32.64037,46.105168],[32.595236,46.09624],[32.545993,46.079205],[32.547572,46.072643],[32.79684,46.036892],[32.868275,46.058732],[32.913582,46.038521],[32.943021,46.046827],[32.9603211,46.0373199],[32.983108,46.0292393],[32.9970952,46.0321427],[33.0195686,46.0250728],[33.0336162,46.0280898],[33.085028,46.012169],[33.0637602,46.0125871],[33.0260162,46.0058442],[32.9560014,46.0122027],[32.921687,46.011384],[32.80764,46.025139],[32.702915,46.040695],[32.667979,46.048519],[32.482082,46.076805],[32.458607,46.081729],[32.444027,46.084026],[32.398982,46.092959],[32.269859,46.12125],[32.2254835,46.132132],[32.2377009,46.1459777],[32.2384896,46.1520077],[32.2344713,46.1624375],[32.1912605,46.1763315],[32.1638659,46.200076],[32.117301,46.2089207],[32.0852563,46.2277081],[32.0476879,46.2569348],[32.0308929,46.2487295],[31.9770189,46.2571312],[31.9540462,46.2696403],[31.9403435,46.2913278],[31.888177,46.303347],[31.8950409,46.2824682],[31.8734142,46.2653853],[31.8618275,46.2719216],[31.8491651,46.268661],[31.7784857,46.2660971],[31.7815354,46.2725322],[31.7708504,46.2910694],[31.756686,46.2961112],[31.765954,46.307142],[31.7692529,46.3175485],[31.7838838,46.3222632],[31.8382241,46.3347649],[31.874444,46.33275],[31.9594172,46.3432975],[32.0066126,46.3595315],[32.0246485,46.3834554],[32.0340028,46.3786017],[32.0496659,46.3811477],[32.061275,46.3935495],[32.0567492,46.4002681],[32.0375365,46.4164777],[32.0323832,46.4353514],[32.0278337,46.4432933],[32.0171023,46.4500518],[32.0049067,46.4536323],[31.994784,46.453469],[31.9868053,46.4471761],[31.9695823,46.4396255],[31.9526524,46.4398159],[31.8871865,46.4613],[31.807936,46.478718],[31.80863498302999,46.48343173331397],[31.8079356,46.4787184],[31.7701086,46.4868919],[31.754228,46.4886469],[31.7413047,46.4879453],[31.7285539,46.4853512],[31.7119814,46.4795695],[31.704424,46.4736091],[31.6990997,46.467412],[31.6952883,46.4486157],[31.7024813,46.4433567],[31.7062495,46.4399583],[31.709507,46.4372536],[31.708262,46.4354827],[31.7157709,46.4230639],[31.693195,46.441528],[31.6536139,46.4743946],[31.6263231,46.4941722],[31.5962654,46.5128789],[31.5753605,46.5237787],[31.5526966,46.5375238],[31.538949,46.5476218],[31.5327534,46.5527027],[31.5284885,46.5568241],[31.5231931,46.561742],[31.5211802,46.5639893],[31.5176205,46.5708996],[31.5134482,46.5751618],[31.5124721,46.5765973],[31.514823,46.5752521],[31.5167336,46.5730669],[31.5215725,46.5656164],[31.52375,46.562916],[31.5275345,46.5588842],[31.5315277,46.5557015],[31.53861,46.5513675],[31.5485877,46.5464284],[31.5678319,46.5394803],[31.5817694,46.5366062],[31.5954982,46.5372523],[31.6099142,46.5388118],[31.6342839,46.5394032],[31.6627495,46.5364038],[31.7086988,46.545133],[31.753674,46.5463137],[31.7896608,46.5321775],[31.8443369,46.5202081],[31.857037794558646,46.51716170130515],[31.857038,46.517162],[31.8595782,46.5163279],[31.8635776,46.5168521],[31.8672847,46.516601],[31.8691892,46.5145188],[31.872896,46.512909],[31.8768678,46.5144672],[31.8820414,46.5149619],[31.8868101,46.5180186],[31.8944598,46.5185792],[31.8992334,46.5178996],[31.904522,46.5181057],[31.9035976,46.5150029],[31.9054956,46.5122111],[31.908166,46.510896],[31.9128376,46.5123087],[31.9141543,46.5106544],[31.9140831,46.5091184],[31.9159001,46.508114],[31.9195632,46.5097674],[31.9229411,46.5089979],[31.9246084,46.5086279],[31.9267048,46.5067219],[31.9367337,46.5050952],[31.9377799,46.5038093],[31.9420018,46.5023462],[31.9434072,46.5007195],[31.952569,46.4995927],[31.9550469,46.4979509],[31.9632751,46.4957771],[31.9663418,46.4957425],[31.967451,46.4945415],[31.9704427,46.4945439],[31.9715462,46.4951963],[31.9711353,46.4959694],[31.9716009,46.4965109],[31.9752582,46.4950584],[31.9766575,46.4927367],[31.9874119,46.4908873],[31.9894893,46.4923538],[31.9917377,46.4917665],[31.9965954,46.4891091],[32.0054868,46.4886377],[32.0494057,46.4896378],[32.0794581,46.4985355],[32.0903663,46.4971918],[32.0971546,46.4982107],[32.1185484,46.4980578],[32.1244383,46.4978605],[32.1393053,46.4950971],[32.154171,46.4926863],[32.155733,46.4928456],[32.1575526,46.4946593],[32.1638864,46.4941137],[32.164506,46.4932242],[32.1673156,46.4920334],[32.1684514,46.4913448],[32.1684183,46.4907309],[32.1665993,46.4916944],[32.1645228,46.4919488],[32.1633409,46.4897164],[32.1847324,46.4844113],[32.1979798,46.4803393],[32.2153454,46.4785112],[32.2239449,46.4803163],[32.2395106,46.4804846],[32.2513848,46.4780211],[32.2639024,46.4766057],[32.2730718,46.4744504],[32.2851509,46.4700912],[32.2909636,46.4697509],[32.3004764,46.4670963],[32.3151381,46.465209],[32.3500376,46.4627878],[32.3706916,46.4641024],[32.3855689,46.468896],[32.406629,46.473332],[32.403623,46.477288],[32.417012,46.483963],[32.423878,46.484901],[32.426966,46.484886],[32.428164,46.482018],[32.431762,46.483728],[32.440556,46.487617],[32.441543,46.488612],[32.440716,46.489154],[32.440428,46.48916],[32.440269,46.489],[32.440071,46.488485],[32.439618,46.488456],[32.43908,46.488959],[32.439055,46.489427],[32.439791,46.489718],[32.44042,46.489772],[32.441841,46.490553],[32.44186,46.490824],[32.442069,46.491012],[32.442417,46.49103],[32.442702,46.491166],[32.443072,46.491239],[32.443464,46.491047],[32.443887,46.490374],[32.444118,46.489568],[32.444547,46.489357],[32.445447,46.48956],[32.446338,46.489998],[32.446898,46.490828],[32.447566,46.490875],[32.447571,46.490466],[32.447978,46.490382],[32.44849,46.490557],[32.448402,46.491],[32.448658,46.491398],[32.449332,46.491981],[32.449186,46.492646],[32.449791,46.492958],[32.450592,46.492989],[32.451058,46.492534],[32.452214,46.492296],[32.453612,46.493016],[32.453968,46.493834],[32.457414,46.494149],[32.458666,46.493549],[32.45994,46.493555],[32.461299,46.493856],[32.463261,46.494924],[32.463548,46.495353],[32.464264,46.49565],[32.465009,46.49608],[32.465239,46.496431],[32.465118,46.496732],[32.465404,46.49693],[32.467259,46.497436],[32.468252,46.498184],[32.469758,46.498563],[32.470037,46.499017],[32.469173,46.49931],[32.469232,46.499765],[32.469816,46.49988],[32.47023,46.500113],[32.470382,46.500444],[32.470024,46.500818],[32.469297,46.500836],[32.468807,46.501193],[32.470089,46.501516],[32.470728,46.501543],[32.471351,46.501362],[32.471052,46.500929],[32.471246,46.500537],[32.471249,46.500092],[32.471646,46.499776],[32.472332,46.499871],[32.472843,46.500162],[32.473183,46.500676],[32.474875,46.501499],[32.475472,46.502072],[32.475492,46.502554],[32.475052,46.503068],[32.475749,46.503464],[32.476777,46.503763],[32.477546,46.503652],[32.478162,46.503918],[32.478327,46.50476],[32.480857,46.50691],[32.480854,46.50758],[32.475826,46.509713],[32.473451,46.510817],[32.472965,46.511241],[32.472852,46.511576],[32.472625,46.512335],[32.485956,46.5241],[32.507064,46.538403],[32.509758,46.539654],[32.514083,46.540669],[32.519043,46.540102],[32.525316,46.538506],[32.532361,46.536378],[32.538877,46.537932],[32.543848,46.539338],[32.546572,46.539453],[32.547804,46.539952],[32.553012,46.540682],[32.554112,46.540851],[32.558542,46.541927],[32.563155,46.543962],[32.567551,46.546283],[32.571821,46.548478],[32.576349,46.551336],[32.578848,46.552585],[32.581429,46.55418],[32.583066,46.554933],[32.593479,46.557824],[32.599683,46.559387],[32.604559,46.561937],[32.611303,46.564168],[32.611851,46.564324],[32.612613,46.564201],[32.614033,46.565368],[32.614791,46.565628],[32.615592,46.566123],[32.61727,46.566948],[32.620169,46.569256],[32.622339,46.5695],[32.623072,46.569316],[32.623743,46.569685],[32.623991,46.570336],[32.625709,46.570679],[32.628302,46.572125],[32.628977,46.571948],[32.62978,46.57245],[32.631408,46.573527],[32.63248,46.573904],[32.633337,46.574561],[32.634022,46.574621],[32.636037,46.575802],[32.636775,46.576816],[32.637685,46.577802],[32.639088,46.578301],[32.639569,46.578962],[32.641002,46.579792],[32.64116,46.580361],[32.642005,46.581034],[32.643261,46.582031],[32.643971,46.582209],[32.645699,46.583622],[32.646526,46.585035],[32.646292,46.585766],[32.646961,46.586581],[32.646515,46.586716],[32.64593,46.587171],[32.646132,46.588052],[32.64744,46.589163],[32.647654,46.590306],[32.647376,46.591758],[32.646858,46.592497],[32.645482,46.593148],[32.64372,46.59354],[32.641829,46.593107],[32.640273,46.593483],[32.640423,46.59366],[32.641335,46.593984],[32.641603,46.594205],[32.641667,46.59464],[32.641495,46.594883],[32.640983,46.59509],[32.640255,46.595091],[32.639838,46.595202],[32.639628,46.595498],[32.639561,46.597178],[32.640487,46.59791],[32.640588,46.598251],[32.640331,46.598829],[32.639688,46.599342],[32.639119,46.599533],[32.638905,46.599695],[32.638987,46.6002],[32.638918,46.600425],[32.63836,46.600932],[32.637538,46.601845],[32.637659,46.602114],[32.642641,46.604924],[32.643538,46.605794],[32.6442,46.607028],[32.645043,46.607646],[32.645499,46.608006],[32.646443,46.60859],[32.647751,46.608948],[32.648171,46.608903],[32.649514,46.609159],[32.650192,46.609543],[32.652533,46.610184],[32.65522,46.610949],[32.657289,46.611772],[32.659038,46.612596],[32.660446,46.61325],[32.661134,46.613356],[32.661543,46.613263],[32.663463,46.614158],[32.664316,46.615039],[32.665255,46.615875],[32.667057,46.617076],[32.667261,46.617533],[32.667883,46.618166],[32.668403,46.618456],[32.66902,46.61857],[32.670413,46.618731],[32.670863,46.618619],[32.675613,46.61858],[32.677676,46.618871],[32.679333,46.619266],[32.680572,46.619485],[32.681507,46.619479],[32.682196,46.619326],[32.683512,46.619512],[32.685976,46.619977],[32.685954,46.620249],[32.686768,46.620669],[32.687268,46.621689],[32.687329,46.622364],[32.687647,46.622576],[32.688556,46.622691],[32.688964,46.622907],[32.689167,46.623279],[32.689948,46.623675],[32.690751,46.623945],[32.691794,46.62415],[32.692686,46.624224],[32.693567,46.624371],[32.694282,46.624338],[32.694817,46.624396],[32.695202,46.624506],[32.695393,46.62446],[32.695593,46.624575],[32.696093,46.624652],[32.69748,46.625121],[32.698002,46.62498],[32.698403,46.624983],[32.698644,46.625252],[32.698599,46.625502],[32.698821,46.625852],[32.699344,46.626211],[32.699721,46.626674],[32.700344,46.627152],[32.701214,46.627496],[32.702151,46.627728],[32.703252,46.627756],[32.703764,46.627983],[32.704791,46.628129],[32.706663,46.62839],[32.707865,46.628729],[32.708866,46.629201],[32.710295,46.629613],[32.711481,46.629761],[32.712716,46.630113],[32.714939,46.630186],[32.718784,46.630244],[32.722246,46.631154],[32.723025,46.631209],[32.723124,46.631482],[32.721799,46.633552],[32.720303,46.635592],[32.719777,46.636506],[32.721548,46.636071],[32.724916,46.634778],[32.726724,46.633898],[32.728768,46.633344],[32.730456,46.633006],[32.734759,46.632965],[32.739154,46.633018],[32.741875,46.633425],[32.744076,46.633538],[32.746453,46.633005],[32.749195,46.631898],[32.751707,46.631386],[32.754981,46.631772],[32.757828,46.632294],[32.764602,46.634842],[32.7674258,46.6351034],[32.7711937,46.6357183],[32.772743,46.63639],[32.7735442,46.6363979],[32.7742381,46.6361112],[32.7750316,46.6354157],[32.7751387,46.6350458],[32.7755891,46.6344696],[32.7766825,46.6341982],[32.7774326,46.6338311],[32.7781081,46.6332718],[32.778526,46.6331545],[32.7789944,46.6331299],[32.778699,46.6306234],[32.7791975,46.6297378],[32.7860425,46.6276158],[32.7922223,46.6284852],[32.7934453,46.6287799],[32.7942178,46.6291299],[32.7946899,46.6295388],[32.7974647,46.6328305],[32.7985375,46.6337588],[32.7995675,46.635409],[32.8009301,46.6365803],[32.8011769,46.6379284],[32.8016724,46.6389051],[32.8023395,46.6397934],[32.804217,46.6407289],[32.8058586,46.6417823],[32.8072104,46.6425484],[32.80897,46.6438742],[32.8150531,46.6453916],[32.8189907,46.6461428],[32.8263544,46.6491433],[32.8297127,46.6501155],[32.8327642,46.6514198],[32.8323208,46.6518581],[32.8319203,46.6524585],[32.8320045,46.6527607],[32.8326364,46.6532688],[32.8327592,46.6534934],[32.833161,46.6538211],[32.8334335,46.6543549],[32.833588,46.6545869],[32.8335408,46.654896],[32.833794,46.6556287],[32.834412,46.6564202],[32.8361533,46.6580654],[32.8397507,46.6602555],[32.8411492,46.6609531],[32.8436099,46.6619158],[32.8453305,46.6629237],[32.8464943,46.6631887],[32.8491147,46.6650331],[32.8521429,46.6673192],[32.853935,46.6686629],[32.8564027,46.670566],[32.8571118,46.67123],[32.8602448,46.6755193],[32.8628633,46.6793375],[32.8650108,46.6840881],[32.8659133,46.6849543],[32.8710646,46.6858645],[32.874832,46.6851482],[32.8811646,46.6844818],[32.8898979,46.6898471],[32.8913042,46.693356],[32.8947934,46.6955686],[32.8963384,46.6972758],[32.8983607,46.6982839],[32.9002544,46.6989829],[32.9033875,46.6984582],[32.9052474,46.7009003],[32.9106616,46.7027405],[32.9100609,46.7069196],[32.9104256,46.7077877],[32.9085306,46.7117348],[32.912664,46.7135287],[32.9163396,46.7151823],[32.9222041,46.7176611],[32.9247089,46.7180905],[32.9278347,46.7180944],[32.9322359,46.7172415],[32.9368377,46.7154971],[32.9401709,46.7138688],[32.9432596,46.7127739],[32.9480709,46.712028],[32.9528011,46.7115975],[32.9617435,46.7108706],[32.974107,46.7102711],[32.9801407,46.7102148],[32.9815331,46.7105887],[32.9832477,46.7113014],[32.9856849,46.7123932],[32.9893682,46.7136331],[32.9935549,46.7146074],[32.9976115,46.7152339],[33.0023986,46.7157137],[33.0095988,46.7166824],[33.0183871,46.7172093],[33.0253335,46.7189338],[33.0291968,46.7199003],[33.0318729,46.7205913],[33.0410722,46.7224964],[33.0423293,46.722819],[33.0437011,46.7233701],[33.0441371,46.7229848],[33.0448955,46.7231474],[33.045257,46.7231775],[33.0453469,46.7233188],[33.0456783,46.723471],[33.0459774,46.7235203],[33.0462084,46.7234528],[33.0467316,46.7236286],[33.0470617,46.7238412],[33.0475688,46.7239288],[33.0479135,46.7240351],[33.048151,46.7241708],[33.0486934,46.7244255],[33.0486536,46.7245933],[33.0488872,46.7248125],[33.0492188,46.7248815],[33.0494217,46.7250608],[33.0497953,46.7250658],[33.0501368,46.725115],[33.0502834,46.724875],[33.0506955,46.7249734],[33.0512472,46.725138],[33.0517818,46.7253347],[33.0520785,46.7254708],[33.0525568,46.7254836],[33.053196,46.7256803],[33.0534337,46.725684],[33.053836,46.7258495],[33.0539513,46.7259727],[33.0541525,46.7260591],[33.0546192,46.7261032],[33.0548029,46.7261331],[33.0548955,46.7262034],[33.0550122,46.7261781],[33.0551396,46.7262154],[33.0553005,46.7261878],[33.0555097,46.7262466],[33.0552415,46.7264194],[33.0558316,46.7266658],[33.0563508,46.7265382],[33.0570568,46.7268126],[33.0572416,46.7269204],[33.0574264,46.7271239],[33.0578956,46.7269559],[33.0581623,46.7270705],[33.0589856,46.727322],[33.0596371,46.7274411],[33.060597,46.7277823],[33.0605834,46.7278868],[33.0604157,46.7280493],[33.0603552,46.7283001],[33.0605469,46.7283633],[33.0607171,46.7285883],[33.0611576,46.7285399],[33.0618126,46.728793],[33.0625326,46.7288652],[33.0626598,46.7286966],[33.0627978,46.7285869],[33.0628633,46.7287198],[33.0627947,46.7290329],[33.0631893,46.7291213],[33.0635946,46.7292979],[33.0638995,46.7294911],[33.0640337,46.7295628],[33.0641544,46.7295793],[33.0642241,46.7295113],[33.0642268,46.7295646],[33.0642402,46.7296326],[33.0643582,46.7297062],[33.0645272,46.7297558],[33.0646693,46.7297558],[33.0648788,46.7297138],[33.0650305,46.7299014],[33.0653875,46.729975],[33.0660372,46.7300709],[33.0665104,46.7301136],[33.0667476,46.7301047],[33.0668077,46.7301989],[33.0670609,46.7303445],[33.0671942,46.7303386],[33.067403,46.7304184],[33.0673499,46.7304955],[33.0673073,46.7306039],[33.0673613,46.7306167],[33.0675342,46.7305135],[33.0677405,46.7305276],[33.0677884,46.7306405],[33.0680108,46.7307337],[33.0681581,46.7307019],[33.0681995,46.730822],[33.0683482,46.7309421],[33.0686348,46.7308845],[33.0685996,46.7309813],[33.0686288,46.7310413],[33.069282,46.7311417],[33.0697634,46.7314186],[33.0700256,46.7314577],[33.0701192,46.7312456],[33.0701499,46.7314668],[33.0702993,46.7315554],[33.0705024,46.7316292],[33.0708866,46.7318195],[33.0712385,46.7320906],[33.0711614,46.7321558],[33.0711164,46.7322504],[33.0714728,46.7324304],[33.0715634,46.7325844],[33.0719163,46.7327896],[33.0724612,46.733067],[33.0736245,46.733478],[33.0761855,46.7339113],[33.0767846,46.7343561],[33.0777056,46.7345655],[33.0785785,46.7350136],[33.0787092,46.7351752],[33.0791081,46.735322],[33.0797029,46.735482],[33.0800403,46.7354434],[33.0800498,46.7357118],[33.080219,46.7360134],[33.0807183,46.7363298],[33.0816484,46.7366217],[33.0833158,46.7373203],[33.0843396,46.7376806],[33.0864686,46.7376582],[33.0875224,46.7379043],[33.0878895,46.7381505],[33.0882966,46.7386419],[33.0883234,46.7390261],[33.0877387,46.7392191],[33.0876035,46.7396237],[33.0880595,46.7401163],[33.0886227,46.7404178],[33.0895454,46.7410281],[33.0904037,46.7414766],[33.0913103,46.7418809],[33.0914495,46.7418026],[33.0917552,46.741821],[33.0928994,46.742477],[33.0934142,46.7426388],[33.094251,46.7427784],[33.0958087,46.7428151],[33.098577,46.743254],[33.0994566,46.7435097],[33.0998212,46.7434624],[33.102051,46.7451965],[33.102925,46.7455348],[33.10352,46.7459024],[33.1038581,46.7462225],[33.1039172,46.7466602],[33.1039499,46.7470713],[33.104148,46.7473517],[33.10506,46.7476425],[33.1060786,46.7478855],[33.1076769,46.7481646],[33.1085859,46.7484669],[33.109546,46.7486059],[33.1106237,46.7486209],[33.1115662,46.7492073],[33.1129468,46.7498191],[33.1134567,46.7498789],[33.1155762,46.7503753],[33.1167144,46.7504584],[33.11737,46.7507285],[33.117798,46.7510428],[33.118191,46.75096],[33.118926,46.751062],[33.119324,46.75152],[33.119786,46.751397],[33.12029,46.751839],[33.120827,46.752068],[33.121417,46.752043],[33.121794,46.752341],[33.122738,46.752297],[33.12321,46.752481],[33.12431,46.75251],[33.125013,46.752834],[33.129125,46.754122],[33.131295,46.754818],[33.132135,46.754978],[33.132504,46.755616],[33.132688,46.755696],[33.13283,46.755705],[33.132987,46.755936],[33.133598,46.755973],[33.13424,46.755785],[33.134594,46.755737],[33.134922,46.755893],[33.135426,46.755952],[33.135673,46.756169],[33.136037,46.756239],[33.136649,46.756066],[33.136762,46.755941],[33.136724,46.755853],[33.137099,46.755772],[33.13748,46.755838],[33.137942,46.756044],[33.138264,46.756147],[33.138704,46.756217],[33.138891,46.756434],[33.139186,46.756551],[33.139701,46.7565],[33.140023,46.756614],[33.140157,46.756827],[33.140006,46.757008],[33.139574,46.757269],[33.139166,46.757721],[33.138947,46.75818],[33.138904,46.758386],[33.138735,46.758541],[33.138641,46.758754],[33.138383,46.758892],[33.138372,46.758962],[33.138412,46.759088],[33.138829,46.759139],[33.139021,46.75919],[33.139085,46.759337],[33.139191,46.759461],[33.139488,46.759558],[33.139657,46.759669],[33.141204,46.759754],[33.142428,46.759907],[33.142788,46.759958],[33.142977,46.75988],[33.143446,46.759987],[33.143492,46.760148],[33.144633,46.760423],[33.144809,46.7604],[33.144942,46.760373],[33.145052,46.760389],[33.14506,46.760561],[33.14523,46.760685],[33.145655,46.760858],[33.146111,46.760926],[33.146556,46.761134],[33.147253,46.761227],[33.147778,46.76158],[33.148217,46.761708],[33.148495,46.761659],[33.14877,46.761677],[33.148973,46.761575],[33.149095,46.761642],[33.149046,46.761717],[33.149184,46.761763],[33.149167,46.761842],[33.148992,46.761887],[33.148916,46.762006],[33.149007,46.762098],[33.149022,46.762246],[33.149137,46.76227],[33.14961,46.762457],[33.151301,46.762798],[33.151805,46.762756],[33.151955,46.762592],[33.152229,46.762392],[33.152438,46.762627],[33.152824,46.762765],[33.152845,46.763004],[33.153196,46.762999],[33.153415,46.762772],[33.153717,46.762791],[33.153472,46.763075],[33.1536972,46.7633902],[33.1544588,46.7636467],[33.1552954,46.7633658],[33.1557672,46.7640624],[33.1567326,46.7645973],[33.1571562,46.7645883],[33.1571077,46.7648146],[33.157027,46.7652172],[33.1567746,46.7652964],[33.1564626,46.7656796],[33.156451,46.7666212],[33.1556338,46.7669172],[33.1553101,46.7675218],[33.1561864,46.7688486],[33.1569908,46.7689619],[33.1568726,46.7695895],[33.1572155,46.7699777],[33.1583948,46.7710773],[33.1582215,46.7714982],[33.1589725,46.7714725],[33.1592139,46.7715313],[33.1595303,46.7712616],[33.1597206,46.7706565],[33.1598681,46.7700513],[33.1595475,46.7698112],[33.1595703,46.7693653],[33.1613967,46.7679445],[33.1622133,46.7671936],[33.1633733,46.7664868],[33.1636418,46.7660584],[33.1632187,46.7657992],[33.163608,46.765655],[33.1638685,46.765687],[33.1643527,46.7655802],[33.1645465,46.765163],[33.1649763,46.7650545],[33.1654068,46.7649991],[33.165348,46.7653802],[33.166024,46.7652174],[33.1672365,46.765378],[33.1675801,46.7656257],[33.1688574,46.7654376],[33.1702849,46.7653083],[33.1707903,46.7654831],[33.1722044,46.7656155],[33.1723858,46.7657221],[33.1726744,46.7657406],[33.1729492,46.7658731],[33.1741005,46.7659301],[33.1746509,46.765899],[33.175711,46.7660258],[33.1764385,46.7660351],[33.1774577,46.7660572],[33.1784233,46.7661674],[33.1785413,46.7660131],[33.1784019,46.7650871],[33.1786486,46.7646756],[33.1798851,46.7645531],[33.1800192,46.7641416],[33.1805127,46.7634801],[33.1808553,46.7635072],[33.1811803,46.7634879],[33.1812585,46.7633658],[33.1817015,46.7634421],[33.1829813,46.7634596],[33.184174,46.7633679],[33.1845315,46.7635004],[33.1847997,46.7634894],[33.1854834,46.7633597],[33.1880944,46.7633868],[33.1912097,46.7632006],[33.1979201,46.7635434],[33.1981331,46.7642103],[33.1986251,46.7648332],[33.1985201,46.7653288],[33.1993581,46.7655473],[33.2003892,46.7655893],[33.2010459,46.7659526],[33.2013195,46.7657615],[33.2028632,46.7656616],[33.2038341,46.7661944],[33.2040329,46.7668716],[33.2074166,46.7664686],[33.2078855,46.7669979],[33.2150276,46.7659543],[33.2193912,46.7651146],[33.220579,46.7651275],[33.2237699,46.7644181],[33.2241713,46.7650021],[33.2247444,46.765057],[33.2325478,46.7634092],[33.241252,46.762584],[33.2449,46.761111],[33.247819,46.758662],[33.249793,46.756008],[33.253183,46.753464],[33.258169,46.751873],[33.267271,46.750518],[33.286457,46.74875],[33.306561,46.7502222],[33.3180839,46.7525885],[33.3249402,46.7536533],[33.3318018,46.754509],[33.3361983,46.7558775],[33.3389212,46.7562168],[33.3566608,46.762505],[33.3576742,46.7633711],[33.3646611,46.7672877],[33.3671464,46.7684081],[33.3682818,46.7690858],[33.3687734,46.7699693],[33.3738496,46.7731708],[33.3737222,46.773418],[33.3737443,46.7736665],[33.3739595,46.7738856],[33.3741211,46.7740165],[33.373982,46.7741562],[33.3665425,46.770214],[33.3593401,46.7660949],[33.3584537,46.7658375],[33.3575674,46.7668535],[33.3578769,46.7672912],[33.3586584,46.7680081],[33.3589985,46.7691922],[33.3609656,46.7701627],[33.362289,46.77056],[33.3670388,46.7724862],[33.3678045,46.7729092],[33.3682484,46.7733762],[33.3691214,46.773542],[33.3711887,46.7746168],[33.370774,46.7750807],[33.3716091,46.7756155],[33.3728519,46.7761356],[33.3732776,46.7760149],[33.3741508,46.7755592],[33.3745988,46.7751474],[33.376844,46.7763833],[33.3770638,46.7764126],[33.3772085,46.7763683],[33.3774388,46.7761844],[33.3771056,46.7759193],[33.3742833,46.7743427],[33.374449,46.7741713],[33.3748204,46.7743652],[33.3775911,46.7759322],[33.378214,46.7760338],[33.3784936,46.7758855],[33.3755766,46.7741046],[33.38595,46.763369],[33.3938003,46.765402],[33.3976158,46.7697636],[33.4004015,46.7668351],[33.4051151,46.7715602],[33.4107674,46.7808922],[33.4152201,46.7814658],[33.4195924,46.7852788],[33.427914,46.7899143],[33.4383154,46.796533],[33.4455772,46.7990193],[33.4536983,46.8032678],[33.4557982,46.808864],[33.467728,46.817118],[33.4767395,46.8189],[33.4895282,46.8204459],[33.496738,46.820248],[33.5157726,46.8201259],[33.5264054,46.8196517],[33.556263,46.816707],[33.5758751,46.818417],[33.5862745,46.822466],[33.5990788,46.8258091],[33.6049235,46.8240153],[33.6099094,46.8196371],[33.6121877,46.8168604],[33.6129523,46.8153653],[33.6150902,46.8158672],[33.6159329,46.8186331],[33.6186484,46.8211106],[33.6141229,46.8216018],[33.6120709,46.8248585],[33.6171434,46.8264994],[33.6235039,46.8311938],[33.6262694,46.8358846],[33.635923,46.844561],[33.6387664,46.8508237],[33.6404087,46.8597865],[33.6421489,46.8619821],[33.6417431,46.8657627],[33.6368737,46.8701301],[33.635421,46.891709],[33.6394784,46.8973682],[33.6483741,46.9009013],[33.6582147,46.9029091],[33.6638121,46.9022563],[33.671074,46.8989386],[33.6761509,46.8982557],[33.6812279,46.8987456],[33.6855326,46.9008774],[33.6908013,46.907843],[33.6945259,46.9114075],[33.6945942,46.9161913],[33.6912288,46.9159915],[33.6892367,46.916378],[33.6896793,46.9213206],[33.6945857,46.9282562],[33.6947722,46.9357201],[33.6974406,46.9364053],[33.6960284,46.9442489],[33.6966955,46.9485812],[33.6990938,46.9515685],[33.6999474,46.95479],[33.6988268,46.9585388],[33.6977061,46.9609988],[33.6990092,46.9752558],[33.7012919,46.9853706],[33.7029483,46.9865633],[33.7004848,46.987639],[33.6993161,46.9922625],[33.7066626,46.999741],[33.7205357,47.00956],[33.7340703,47.0177386],[33.757568,47.028723],[33.7688092,47.0386014],[33.7840285,47.0461248],[33.8078381,47.0583236],[33.8087665,47.0609671],[33.816122,47.069996],[33.8206223,47.0725374],[33.8263918,47.0740417],[33.8297583,47.0762474],[33.8269161,47.0800436],[33.841493,47.0959344],[33.8473055,47.107145],[33.852419,47.135878],[33.8647563,47.144122],[33.8987376,47.1566483],[33.9279218,47.1743038],[33.9315503,47.1800986],[33.9384655,47.189014],[33.9470999,47.1967622],[33.9547662,47.2023278],[33.9655245,47.2088256],[33.986365,47.230914],[33.9934971,47.2648982],[34.0078107,47.2912704],[34.0094783,47.2980521],[34.016297,47.3071619],[34.0267209,47.3134786],[34.0285547,47.3177927],[34.0348525,47.3237359],[34.0254743,47.3351568],[34.0173607,47.3427549],[34.017486,47.346398],[34.036868,47.38107],[34.046657,47.42039],[34.07127,47.423063],[34.116881,47.416033],[34.143265,47.423394],[34.201879,47.410919],[34.245784,47.427124],[34.2587308,47.4351597],[34.2760391,47.4370294],[34.2900359,47.4261635],[34.295587,47.4268559],[34.3116107,47.4320765],[34.3272668,47.436593],[34.336853,47.4463769],[34.3427507,47.4496298],[34.343292,47.4527158],[34.3397989,47.4653197],[34.3401081,47.4681273],[34.3438077,47.4711202],[34.3477653,47.4767239],[34.3497062,47.4774543],[34.3513634,47.4801689],[34.3509474,47.480511],[34.3510465,47.4810852],[34.3528884,47.4820346],[34.3607078,47.4832813],[34.3633815,47.4822515],[34.373044,47.4868989],[34.37355,47.4887567],[34.3707944,47.4886426],[34.3676006,47.4889942],[34.3669703,47.4900235],[34.3671124,47.4909369],[34.3743436,47.4953446],[34.3757551,47.4955802],[34.3769758,47.4952631],[34.3777673,47.4954678],[34.379732,47.4988964],[34.3797134,47.5008825],[34.3801379,47.5011004],[34.3812062,47.5000137],[34.3810084,47.4993473],[34.3824008,47.4990214],[34.3830422,47.4997827],[34.3842253,47.501988],[34.3857947,47.5023667],[34.3874209,47.5023526],[34.3897766,47.5034113],[34.390051,47.5039915],[34.3907117,47.5044848],[34.3900979,47.5054034],[34.3889262,47.50638],[34.388471,47.506304],[34.3883912,47.5052641],[34.3864737,47.5044324],[34.3836551,47.5041226],[34.3823952,47.5043582],[34.3806924,47.5040266],[34.3793115,47.5041878],[34.3753821,47.5041373],[34.3738131,47.5036229],[34.3731642,47.5039275],[34.372672,47.5057047],[34.3739394,47.5070905],[34.3762917,47.5078169],[34.3801247,47.508891],[34.3825524,47.5104579],[34.383492,47.5112554],[34.3843242,47.5125892],[34.3847657,47.5122276],[34.3852215,47.5119339],[34.3870077,47.5119881],[34.3900598,47.5102015],[34.3925968,47.508125],[34.3948481,47.5053557],[34.3998651,47.501904],[34.4197664,47.498072],[34.4705503,47.4982795],[34.502805,47.4998629],[34.532671,47.5287086],[34.5426364,47.5325113],[34.58041,47.5191796],[34.5998047,47.5345051],[34.617835,47.5442644],[34.6367345,47.5452376],[34.646328,47.5404503],[34.6899231,47.4946082],[34.7036648,47.4896521],[34.719809,47.4918856],[34.7371544,47.4900574],[34.7490068,47.4921711],[34.7690089,47.4768214],[34.7965526,47.4664552],[34.8197167,47.4640657],[34.8427995,47.4547572],[34.8717113,47.4484606],[34.8725617,47.4381148],[34.8650908,47.429923],[34.8627715,47.4203375],[34.8792345,47.4063836],[34.9216006,47.3941709],[34.9438076,47.3896852],[34.9660127,47.3896113],[34.9935257,47.3986595],[35.0241423,47.4142072],[35.0613825,47.4483082],[35.0948493,47.4508872],[35.1222734,47.4495018],[35.1455972,47.4449746],[35.2007547,47.4436722],[35.2281663,47.4542558],[35.2634914,47.4730714],[35.26912,47.4729672],[35.269531,47.4692017],[35.265788,47.4550167],[35.2740435,47.4581372],[35.282301,47.4684529],[35.2829173,47.4714148],[35.2780903,47.4814361],[35.2739132,47.4925321],[35.2739413,47.4952764],[35.2800582,47.5026211],[35.2883408,47.5072596],[35.3003516,47.5109974],[35.3149386,47.5129947],[35.3265704,47.5171595],[35.3339097,47.5234732],[35.3410693,47.5347877],[35.3411916,47.535788],[35.3421507,47.5363537],[35.3436827,47.5366449],[35.3449444,47.5365608],[35.3465236,47.5368852],[35.3480942,47.537389],[35.3493042,47.5373536],[35.3501363,47.5369931],[35.350497,47.5361952],[35.354156,47.536226],[35.3567688,47.536729],[35.3621887,47.5374262],[35.3627176,47.5379571],[35.3634379,47.5382365],[35.3626725,47.5384481],[35.3626393,47.5389511],[35.3629088,47.53951],[35.3626945,47.5402499],[35.3611515,47.5408476],[35.3552724,47.5404556],[35.352995,47.5423456],[35.34838,47.5433774],[35.342134,47.5441193],[35.3408979,47.5438935],[35.3396618,47.5427697],[35.3373614,47.5429843],[35.3367733,47.5431933],[35.3347475,47.5450825],[35.3323032,47.546204],[35.3323909,47.5472675],[35.332036,47.5486566],[35.3298693,47.5573063],[35.3283076,47.5639392],[35.3229409,47.5713788],[35.3206272,47.5728179],[35.3132686,47.5757967],[35.3148416,47.5788851],[35.326105,47.5787726],[35.3334906,47.5791173],[35.336424,47.5798742],[35.3387905,47.5798099],[35.341393,47.5779506],[35.3480663,47.5736514],[35.3521004,47.5739988],[35.3575999,47.5754274],[35.3589517,47.5766289],[35.3609301,47.5785641],[35.3663589,47.5764363],[35.363887,47.5741535],[35.3630189,47.5734194],[35.3635159,47.5710166],[35.3771927,47.5704937],[35.3779008,47.5648184],[35.3913119,47.5653396],[35.391269,47.5667802],[35.4027917,47.5671784],[35.4034569,47.5583315],[35.401397,47.5536976],[35.4007962,47.5467459],[35.398578,47.5448172],[35.3987068,47.5423259],[35.397464,47.5400827],[35.3991575,47.5390825],[35.4028664,47.5374078],[35.4048013,47.5374016],[35.4060065,47.5366421],[35.4094469,47.5353837],[35.4127864,47.53647],[35.4307526,47.5377143],[35.4412914,47.5399306],[35.4497237,47.5388549],[35.4556913,47.5388491],[35.4581912,47.5378424],[35.4619999,47.537444],[35.462193,47.5354448],[35.4699177,47.5359953],[35.4693813,47.5404498],[35.499881,47.5430637],[35.5295521,47.5460609],[35.538221,47.5470458],[35.5574471,47.54861],[35.5632836,47.5471617],[35.5661529,47.5350682],[35.5680773,47.5255364],[35.5687998,47.5216843],[35.5717551,47.5103014],[35.5814029,47.5030923],[35.5916126,47.501796],[35.6075316,47.4991178],[35.6127202,47.4970769],[35.6309881,47.4959847],[35.6392126,47.4966563],[35.6396121,47.5032209],[35.6611375,47.5041968],[35.6693123,47.5079383],[35.6693445,47.5164386],[35.6725417,47.5166415],[35.6724988,47.5085108],[35.682033,47.508442],[35.6920752,47.5105255],[35.6987466,47.5115287],[35.7047548,47.5134708],[35.7092609,47.5138766],[35.7111062,47.5129491],[35.7111921,47.5031509],[35.7208207,47.5011104],[35.7230756,47.4905474],[35.7311659,47.4894952],[35.7451263,47.4898642],[35.7644919,47.4826908],[35.7827964,47.4808127],[35.7764194,47.4667768],[35.7868383,47.4661833],[35.7975349,47.4654824],[35.7982569,47.468728],[35.8043271,47.4691217],[35.8167833,47.4699195],[35.8299284,47.4707587],[35.8418832,47.4714936],[35.855659,47.4701592],[35.8658315,47.4754502],[35.8694987,47.4861941],[35.8707003,47.4895291],[35.8914158,47.4824819],[35.9022436,47.478303],[35.9152198,47.4814317],[35.9156453,47.4939494],[35.915817,47.4959502],[35.9435802,47.4923715],[35.9516855,47.4912378],[35.9514272,47.500792],[35.9509098,47.5148366],[35.959407,47.5127207],[35.9682834,47.5118882],[35.9798753,47.5128641],[35.9935885,47.5061382],[36.0190364,47.5111957],[36.019073,47.5148183],[36.0127755,47.5197089],[36.0141914,47.5280337],[36.0217891,47.527888],[36.0406622,47.5256398],[36.0533091,47.5258905],[36.0747958,47.5234726],[36.0861557,47.5488915],[36.0842513,47.5510727],[36.0843399,47.5514755],[36.094771,47.5498215],[36.0922604,47.56284],[36.0866044,47.5625115],[36.0860549,47.5713769],[36.0989761,47.575088],[36.1009931,47.5793147],[36.1032247,47.5792858],[36.1164641,47.5777659],[36.1266994,47.5751748],[36.1333727,47.5743063],[36.1426639,47.5734377],[36.1448097,47.5730034],[36.1531997,47.5707161],[36.1570406,47.5701949],[36.1742457,47.5729797],[36.1885999,47.5751405],[36.202651,47.57622],[36.2035058,47.5734968],[36.2134584,47.5749425],[36.2255437,47.5752991],[36.2254949,47.5766708],[36.246733,47.5783876],[36.2447589,47.5882296],[36.2514138,47.5888219],[36.2504697,47.5947551],[36.2547612,47.5947261],[36.263001,47.5959127],[36.2645523,47.5907764],[36.2787573,47.5909211],[36.2895169,47.5936411],[36.2977878,47.5980141],[36.3077769,47.6030808],[36.3207655,47.6095045],[36.3200246,47.6151314],[36.3165914,47.6150446],[36.3165914,47.615464],[36.3298952,47.6164187],[36.3283934,47.6245016],[36.326888,47.6334973],[36.3199785,47.6334398],[36.3071898,47.6327887],[36.3069324,47.6384567],[36.2937865,47.6384763],[36.2857613,47.6378112],[36.285418,47.6398643],[36.2731657,47.6415992],[36.2688098,47.6439991],[36.2680137,47.6458918],[36.2667263,47.6499539],[36.2625206,47.6496214],[36.2616623,47.6521944],[36.260737,47.6556927],[36.2644706,47.6578607],[36.3027082,47.6497086],[36.3063989,47.6551435],[36.3045106,47.6599997],[36.2984166,47.6638728],[36.2910352,47.6649132],[36.2904665,47.667849],[36.2896757,47.6721929],[36.283091,47.6720575],[36.2810365,47.6738094],[36.2788156,47.6739899],[36.2776459,47.6751999],[36.274486,47.6874565],[36.2631381,47.690464],[36.2435687,47.6895107],[36.2385476,47.7116056],[36.2558693,47.7136751],[36.2520534,47.7352258],[36.2550217,47.7375276],[36.2575966,47.7422608],[36.2686371,47.7443154],[36.2895798,47.7472156],[36.3039831,47.7496056],[36.3002561,47.7653538],[36.2974237,47.7775832],[36.3103403,47.7787455],[36.3081908,47.7785634],[36.3054371,47.7917651],[36.328445,47.7940491],[36.3623564,47.7971045],[36.374554,47.7954879],[36.3830556,47.7932314],[36.3894071,47.7954946],[36.3852872,47.7982045],[36.3812099,47.8090148],[36.3796376,47.8142894],[36.3704953,47.8147823],[36.3576581,47.8153334],[36.3534954,47.8162556],[36.3463714,47.8208374],[36.3453421,47.8279971],[36.3304678,47.8314694],[36.3272921,47.8336013],[36.3244168,47.8352146],[36.3234726,47.8365109],[36.3238589,47.8431648],[36.3250605,47.8448354],[36.3233868,47.8461891],[36.321756,47.8475427],[36.3164723,47.8588225],[36.3162578,47.8606077],[36.3247121,47.8610108],[36.3302911,47.8597151],[36.3377154,47.8644083],[36.3475001,47.8696768],[36.3441098,47.8713753],[36.3345397,47.8757796],[36.3375254,47.8774509],[36.3652242,47.8663085],[36.3892568,47.8684389],[36.3915823,47.8573468],[36.389359,47.8680101],[36.3880203,47.8748802],[36.3887356,47.8760548],[36.3893471,47.8780481],[36.3903054,47.8780927],[36.3914782,47.877835],[36.3930694,47.8768505],[36.3936521,47.8767295],[36.3948671,47.8769725],[36.3962753,47.8777046],[36.3999258,47.8785087],[36.4080046,47.8781273],[36.4235835,47.8772646],[36.4352987,47.8770911],[36.4406071,47.8789397],[36.4510229,47.8798091],[36.4642284,47.8785621],[36.4731207,47.8789259],[36.4692514,47.8961603],[36.4655769,47.9133005],[36.464958,47.9161879],[36.4670902,47.9165208],[36.4703017,47.9134608],[36.4783508,47.9056185],[36.4834492,47.9015173],[36.4852001,47.9050688],[36.4845733,47.9092652],[36.4930186,47.9098912],[36.4967767,47.901937],[36.5026622,47.9027139],[36.5024294,47.9051304],[36.5050596,47.9053317],[36.5057156,47.9035192],[36.514005,47.90559],[36.512158,47.9179855],[36.5140993,47.9180882],[36.5219105,47.9173527],[36.5275753,47.9148719],[36.5286727,47.9156869],[36.5304435,47.9159169],[36.5373658,47.9085227],[36.541488,47.9059903],[36.5717889,47.9087987],[36.5759034,47.909046],[36.5758498,47.9097148],[36.5762794,47.9122248],[36.5767166,47.9129453],[36.5779907,47.9137521],[36.5783931,47.9143445],[36.5779559,47.9150722],[36.5770467,47.9160443],[36.5775456,47.9166368],[36.5788011,47.9165167],[36.5808879,47.9171325],[36.581344,47.9184674],[36.5854653,47.9189356],[36.5921611,47.9163689],[36.6058694,47.9132535],[36.6050721,47.9198602],[36.6173399,47.917743],[36.6350962,47.9200648],[36.6346438,47.92527],[36.6225202,47.9242779],[36.6206319,47.9256007],[36.6026393,47.9276194],[36.5942708,47.9309263],[36.5911595,47.9315301],[36.5837986,47.933012],[36.5678546,47.9314449],[36.5530488,47.9344352],[36.5524909,47.9273041],[36.5396163,47.9266139],[36.5363328,47.9321491],[36.5378256,47.9345851],[36.5426717,47.9380053],[36.5475556,47.9382591],[36.5559822,47.942853],[36.5576289,47.9460092],[36.5813501,47.9408791],[36.5987769,47.9373669],[36.6015664,47.9367343],[36.6082612,47.9357568],[36.6210071,47.9370793],[36.6183815,47.9477511],[36.6053552,47.9465332],[36.604411,47.9505287],[36.5952271,47.9518221],[36.5908283,47.9530149],[36.5794987,47.9539922],[36.5733403,47.9532305],[36.5629664,47.9554514],[36.5481705,47.9599126],[36.5505308,47.9625708],[36.5578481,47.9605163],[36.5647358,47.959266],[36.5751528,47.9565002],[36.5944647,47.9557242],[36.6253792,47.9529888],[36.6239133,47.9613961],[36.6458814,47.9645721],[36.643961,47.9725241],[36.6392589,47.9719815],[36.6371717,47.9716945],[36.6295844,47.9707715],[36.6284363,47.9754043],[36.6381781,47.9765248],[36.6449051,47.9773149],[36.644402,47.9792687],[36.6434328,47.9828075],[36.6545451,47.9841946],[36.6699338,47.9860154],[36.665687,48.0006519],[36.6479194,47.9986882],[36.6474902,48.0002963],[36.682968925033336,48.00490655572364],[36.6797403,48.0175581],[36.6839246,48.0181609],[36.6829375,48.022567],[36.678603,48.0222513],[36.6783241,48.0238659],[36.6790215,48.0242139],[36.6737083,48.0246155],[36.6673725,48.0482119],[36.6644465,48.05916],[36.6510415,48.0581062],[36.6481069,48.0645667],[36.6488469,48.0682231],[36.6568505,48.0678216],[36.6571509,48.0693558],[36.656121,48.0728257],[36.6555631,48.076668],[36.6591064,48.0747532],[36.6602893,48.0744729],[36.6633592,48.0739563],[36.6642289,48.0725724],[36.6666163,48.0708625],[36.668875,48.0712459],[36.6717729,48.0714745],[36.6747669,48.073553],[36.6749121,48.074922],[36.6768624,48.074947],[36.6780401,48.0744559],[36.6804202,48.0749388],[36.6841738,48.0772282],[36.6949191,48.0753098],[36.6996456,48.0767524],[36.6990509,48.0824959],[36.6999213,48.0830014],[36.702625,48.082342],[36.7045133,48.0826287],[36.7067449,48.08217],[36.7135633,48.0844212],[36.7154945,48.0859119],[36.7275966,48.08703],[36.7275096,48.0920909],[36.7269958,48.094655],[36.7328323,48.0955148],[36.7421449,48.0959161],[36.7419733,48.0937951],[36.7420919,48.09118],[36.7438186,48.0886927],[36.7437328,48.0851379],[36.7449773,48.0812675],[36.7458197,48.0786351],[36.7413565,48.068943],[36.7474456,48.064872],[36.7503638,48.0622047],[36.7473232,48.0594406],[36.7437183,48.0577196],[36.743847,48.0564002],[36.7426669,48.0542201],[36.7437397,48.0532878],[36.7451989,48.0525563],[36.7563219,48.052712],[36.7603867,48.0557105],[36.7626689,48.056521],[36.7661528,48.0560119],[36.7744688,48.0507565],[36.7815928,48.0498958],[36.7857126,48.0530515],[36.7940382,48.050068],[36.7979006,48.0520761],[36.801248,48.0539694],[36.8054537,48.0537973],[36.8069128,48.0522482],[36.8059687,48.0487483],[36.8104319,48.0465679],[36.8135218,48.0435267],[36.8281184,48.0397833],[36.8319004,48.0403204],[36.8399504,48.0406387],[36.8479955,48.0397029],[36.8449544,48.0529281],[36.8429744,48.0600715],[36.8307436,48.0586087],[36.8278682,48.0605018],[36.8264091,48.0625382],[36.8258083,48.0651194],[36.8282974,48.0688476],[36.8323314,48.0694929],[36.8387044,48.0676718],[36.8486393,48.0627102],[36.852845,48.0620506],[36.8690016,48.0638048],[36.8817409,48.0626337],[36.8822834,48.062587],[36.8955585,48.0594678],[36.9029936,48.0598621],[36.9020065,48.0654836],[36.9136582,48.0666902],[36.9190944,48.0673553],[36.9314895,48.0683823],[36.9302668,48.0767492],[36.9281607,48.0849288],[36.9244271,48.0890856],[36.9232255,48.1049929],[36.9255944,48.1056561],[36.9262277,48.1089331],[36.9251407,48.1139895],[36.9240106,48.1206217],[36.9275229,48.1209718],[36.9261281,48.1257344],[36.9251839,48.1286276],[36.921622,48.129401],[36.9175506,48.131999],[36.9128538,48.1334413],[36.9098128,48.134876],[36.9078015,48.1366544],[36.9114735,48.1383597],[36.9107684,48.144819],[36.9188753,48.1456882],[36.9159236,48.1667067],[36.9170473,48.1671687],[36.9242492,48.1699696],[36.9378104,48.1747777],[36.9502516,48.1761171],[36.9466827,48.1946724],[36.9450517,48.197819],[36.9448262,48.2009942],[36.9496865,48.2022242],[36.9592995,48.2049701],[36.9690195,48.2094115],[36.9666413,48.2220287],[36.971745,48.2226111],[36.9711904,48.2249165],[36.9684057,48.2365031],[36.9699936,48.2365888],[36.9751076,48.2378799],[36.9773002,48.2378626],[36.9770388,48.2411097],[36.9953207,48.2431532],[37.0132164,48.2444251],[37.0159421,48.2425833],[37.0273609,48.244004],[37.0347076,48.2452273],[37.0395864,48.2463983],[37.0462595,48.2497205],[37.0461095,48.2512136],[37.0539604,48.2554213],[37.0523621,48.2545929],[37.0504738,48.2616502],[37.0568682,48.2630501],[37.0565503,48.2729293],[37.054937,48.2803601],[37.0673396,48.2816738],[37.0688143,48.2741249],[37.0697214,48.2708346],[37.0734324,48.2645574],[37.0758572,48.2631289],[37.0957808,48.2743997],[37.1116166,48.2830821],[37.1141486,48.28441],[37.1168308,48.285438],[37.118526,48.2855951],[37.1187876,48.2881353],[37.1265661,48.2899628],[37.1337116,48.2890205],[37.1349776,48.2917902],[37.1368444,48.2913191],[37.1402347,48.2913048],[37.1463177,48.2880928],[37.1614267,48.287473],[37.1675887,48.2867208],[37.168211,48.28817],[37.1697482,48.2889288],[37.1703704,48.2897569],[37.1755203,48.2883577],[37.1765871,48.2882482],[37.1880258,48.2901542],[37.1857942,48.2960931],[37.1841972,48.3011144],[37.1779762,48.3006932],[37.176176,48.306834],[37.1830434,48.3057171],[37.1881949,48.3050818],[37.1891955,48.3017406],[37.1921196,48.3008248],[37.2054287,48.2986236],[37.2045925,48.2953014],[37.213134,48.2946521],[37.2323083,48.2978766],[37.2326241,48.3019552],[37.2317385,48.3056627],[37.2339029,48.3077804],[37.2364107,48.3091273],[37.2394717,48.3100626],[37.2430478,48.3102272],[37.2458226,48.3089007],[37.2481534,48.3092446],[37.2486634,48.311296],[37.2559114,48.3120629],[37.2585949,48.3120911],[37.2640675,48.3087227],[37.2689621,48.3092926],[37.2698183,48.308776],[37.270932,48.3062613],[37.2743608,48.3055421],[37.2772697,48.3005069],[37.2853072,48.3055987],[37.2915857,48.30421],[37.2990218,48.3073691],[37.2945807,48.32676],[37.2908385,48.3361177],[37.2850188,48.3429644],[37.2807868,48.3461029],[37.27156,48.3452757],[37.2594579,48.3415105],[37.2544368,48.3391428],[37.2506602,48.338829],[37.2480729,48.3435301],[37.2457555,48.3462113],[37.2369954,48.3554725],[37.2362658,48.358866],[37.2369954,48.3631146],[37.2485396,48.3685033],[37.2520587,48.3686744],[37.2721308,48.3688199],[37.2763206,48.3741856],[37.2739633,48.3877722],[37.2712887,48.3900212],[37.2661389,48.3941532],[37.265358,48.397029],[37.2743273,48.4004482],[37.2733832,48.407172],[37.2692633,48.4108753],[37.2467757,48.4095649],[37.246474,48.411522],[37.241925,48.4111232],[37.2352302,48.4114651],[37.2331703,48.417162],[37.2390068,48.4198963],[37.2459161,48.4200956],[37.2552717,48.4193551],[37.2561314,48.4216292],[37.2578483,48.4225039],[37.2610245,48.4231222],[37.2618838,48.4247576],[37.2658322,48.4271709],[37.2705529,48.4305596],[37.2749732,48.4326383],[37.2826121,48.4351724],[37.2955342,48.4350088],[37.3077429,48.4365754],[37.3192664,48.4412156],[37.3167558,48.4535555],[37.3202535,48.4554768],[37.3355313,48.4575545],[37.3387929,48.4513782],[37.3430844,48.4483894],[37.3501805,48.4505776],[37.3651733,48.450146],[37.3714013,48.4510003],[37.3828544,48.4525654],[37.384614,48.4575747],[37.3861589,48.4628396],[37.3919954,48.4632095],[37.4001922,48.4602783],[37.4042692,48.4602499],[37.4087753,48.4593961],[37.4177085,48.4554882],[37.4206253,48.4684485],[37.4225555,48.4767254],[37.4326138,48.4758138],[37.4496512,48.4742917],[37.449769,48.4736674],[37.4503854,48.4703766],[37.4519089,48.469082],[37.4528102,48.4686409],[37.4536899,48.4687121],[37.4543122,48.4685414],[37.4545911,48.4681145],[37.4559859,48.4675881],[37.4564365,48.4670617],[37.4566725,48.4652975],[37.4572948,48.4649702],[37.4577669,48.4643157],[37.4634281,48.4640619],[37.4650589,48.4603055],[37.4654451,48.4575449],[37.4691788,48.4506855],[37.4699512,48.4455332],[37.4697796,48.4422879],[37.4707666,48.4384444],[37.4693075,48.4377611],[37.466986,48.4370008],[37.468413,48.4343204],[37.4704085,48.4333096],[37.4708811,48.4305628],[37.4725118,48.430036],[37.473692,48.4290535],[37.4752158,48.4284412],[37.4842539,48.4262987],[37.4939191,48.4300358],[37.5091063,48.4314887],[37.5072939,48.4419375],[37.5064193,48.4462791],[37.5043081,48.4462579],[37.5018965,48.4474322],[37.4982595,48.4487558],[37.4990427,48.4503926],[37.5071357,48.4499433],[37.5089416,48.4506607],[37.5126254,48.4493109],[37.5227963,48.4479446],[37.5326668,48.4439592],[37.5429236,48.4420234],[37.54867303063516,48.438066873525734],[37.5598741,48.4391574],[37.5595737,48.4403531],[37.560947,48.4405809],[37.574637,48.4422037],[37.5805777,48.4363922],[37.5880627,48.4370718],[37.59828,48.4400741],[37.5989663,48.4368148],[37.599687,48.4335785],[37.600438,48.4310322],[37.6131537,48.4337715],[37.6140157,48.4315625],[37.6143526,48.4262283],[37.6285355,48.4272159],[37.6557085,48.4289078],[37.65735,48.4287654],[37.6578297,48.4281803],[37.6597876,48.4285274],[37.6623894,48.4293728],[37.6649107,48.4297536],[37.666166,48.4301095],[37.6683764,48.431436],[37.6717664,48.4318516],[37.6725815,48.4344099],[37.6732253,48.4392217],[37.6765727,48.4413284],[37.6782249,48.4413854],[37.6794051,48.4412715],[37.6826023,48.4407875],[37.6844691,48.4407875],[37.6878308,48.4427327],[37.6890753,48.4439426],[37.6907705,48.4445974],[37.6949301,48.4452407],[37.6964568,48.4441419],[37.6984524,48.4434729],[37.6994717,48.4434195],[37.7001906,48.443053],[37.7006734,48.4421741],[37.7010436,48.441094],[37.7048764,48.4404544],[37.705441,48.4407608],[37.7061773,48.4407541],[37.7068423,48.4397007],[37.7106188,48.439658],[37.7134943,48.4427508],[37.7125287,48.4449002],[37.7128399,48.4458823],[37.7140737,48.4465085],[37.7155542,48.4459676],[37.7165413,48.4442311],[37.7191591,48.4426654],[37.7250814,48.4401885],[37.7289009,48.4399323],[37.7371407,48.4406725],[37.7444363,48.4411565],[37.7476978,48.4399038],[37.7514744,48.439733],[37.7557853,48.4392015],[37.7585318,48.4366391],[37.7635958,48.4351301],[37.7658704,48.4284954],[37.7665141,48.426502],[37.768059,48.4250497],[37.771779,48.41979],[37.7723746,48.4180597],[37.7763176,48.4169988],[37.7782433,48.4165929],[37.7800323,48.4160054],[37.7810916,48.4146488],[37.7880439,48.4099202],[37.7825087,48.4062188],[37.7808521,48.4050578],[37.7819572,48.403847],[37.7854869,48.4017814],[37.7848432,48.4009409],[37.7902291,48.3989322],[37.7952667,48.396244],[37.79627,48.394325],[37.804927,48.3929734],[37.8070067,48.3948861],[37.80683,48.3995243],[37.8097098,48.3984658],[37.811244,48.3981381],[37.8124242,48.3980028],[37.8143671,48.3980558],[37.818089,48.398423],[37.81789646567095,48.39976894557634],[37.8148918,48.3995628],[37.814643,48.4017628],[37.8130283,48.4017023],[37.8102679,48.4044483],[37.8113194,48.405068],[37.8123057,48.4052452],[37.8135818,48.4053085],[37.815749,48.4037985],[37.8167009,48.4041261],[37.8188747,48.4056714],[37.8179122,48.4066993],[37.8194679,48.4068551],[37.8195806,48.4066578],[37.8238907,48.4040404],[37.8226302,48.4031183],[37.8269647,48.4004686],[37.8285079,48.4010991],[37.8294842,48.401206],[37.8314529,48.4021907],[37.8292807,48.404224],[37.8286685,48.4049418],[37.8297361,48.4053727],[37.8304978,48.4047103],[37.8321876,48.4058534],[37.837854,48.4030289],[37.840109,48.4050921],[37.8412374,48.4061476],[37.8421815,48.4069595],[37.8444386,48.4090315],[37.8464127,48.4116665],[37.8302122,48.4159677],[37.8241182,48.4175628],[37.8205991,48.4191863],[37.8186478,48.4207437],[37.8182278,48.4215294],[37.8141298,48.4219206],[37.8123703,48.4222482],[37.8108897,48.4232165],[37.808701,48.422476],[37.806169,48.4260216],[37.8019741,48.4231097],[37.8012338,48.4234657],[37.8029351,48.4251397],[37.8009181,48.4271189],[37.7984075,48.4290696],[37.7954678,48.4313476],[37.7928096,48.4333231],[37.7903634,48.4334868],[37.7894836,48.4340492],[37.7893012,48.4344977],[37.790416,48.4366419],[37.7904375,48.4380798],[37.7897723,48.4399446],[37.7888925,48.4403147],[37.7886136,48.4415247],[37.7895791,48.4416386],[37.7908022,48.4413254],[37.7900512,48.4462646],[37.7883484,48.4490512],[37.7906768,48.4511247],[37.7907626,48.4522775],[37.7924363,48.4530602],[37.7992169,48.4528895],[37.8025643,48.4533449],[37.8075854,48.4534872],[37.8120916,48.4555934],[37.8135144,48.4562068],[37.8317319,48.4462729],[37.8377079,48.4513326],[37.8381802,48.4505999],[37.8297688,48.4638806],[37.8250966,48.470156],[37.8159127,48.4738548],[37.8001199,48.4792034],[37.7861724,48.487026],[37.7890262,48.4892304],[37.7993474,48.4864287],[37.8041968,48.486258],[37.8057418,48.4894437],[37.7957425,48.4934539],[37.7845317,48.4963729],[37.7899281,48.5056047],[37.8052294,48.5075187],[37.8164638,48.5027318],[37.8228906,48.5011858],[37.8380397,48.5016123],[37.8354286,48.5219839],[37.8273051,48.5218124],[37.8233829,48.5222171],[37.8246189,48.5239685],[37.8279149,48.523375],[37.8346369,48.5244275],[37.8329268,48.5316618],[37.8533057,48.5356984],[37.8530144,48.5370196],[37.851972,48.5383834],[37.8514604,48.5409694],[37.8500871,48.5434129],[37.8512243,48.5453307],[37.8518466,48.5462967],[37.8529195,48.5467228],[37.8521685,48.5480013],[37.851396,48.5496632],[37.8507308,48.5503166],[37.8516869,48.5523653],[37.8524628,48.5543968],[37.8519634,48.5550263],[37.8525428,48.5567306],[37.8489594,48.5613177],[37.8466634,48.5634337],[37.8438739,48.5643709],[37.8390081,48.5643939],[37.8347318,48.5629763],[37.8336464,48.5624076],[37.830586,48.5645412],[37.8290517,48.5649743],[37.8279827,48.5659754],[37.8270504,48.5674519],[37.8252265,48.569312],[37.8219156,48.5714961],[37.8200527,48.5735401],[37.825421,48.5750903],[37.8238331,48.5772482],[37.8247343,48.5776031],[37.8253244,48.5779226],[37.826864,48.5781887],[37.8301524,48.5789305],[37.8322954,48.5798272],[37.8344846,48.5813676],[37.8350341,48.5819719],[37.8350234,48.5822203],[37.8349751,48.5826852],[37.8343099,48.5828661],[37.8340471,48.5830329],[37.8337842,48.5833133],[37.8331512,48.5836291],[37.8331916,48.5842173],[37.8314574,48.585631],[37.8278847,48.5878665],[37.8285779,48.5882372],[37.8288617,48.5884179],[37.8290596,48.5882863],[37.8308943,48.5897163],[37.8294853,48.5905257],[37.8277687,48.5915192],[37.8269372,48.590955],[37.8256186,48.591697],[37.8242936,48.5912251],[37.8229257,48.5904764],[37.8225129,48.5901894],[37.8219498,48.5903424],[37.8210034,48.5909552],[37.8179993,48.5905153],[37.8163253,48.5893369],[37.8142221,48.5887829],[37.8094585,48.5889958],[37.8089865,48.5916783],[37.8094974,48.5925932],[37.8090179,48.5944768],[37.8130016,48.5949269],[37.8132693,48.5956939],[37.8130814,48.5969856],[37.8138268,48.5971845],[37.8136764,48.5985294],[37.802196,48.5980231],[37.8015576,48.601356],[37.7822999,48.5997156],[37.780358,48.6107403],[37.7786667,48.6202145],[37.8053244,48.6228847],[37.8063115,48.6257498],[37.8055819,48.628019],[37.8056248,48.6297492],[37.8052815,48.6318765],[37.8068694,48.6330393],[37.8154607,48.6352152],[37.8183725,48.6365846],[37.8156878,48.6450434],[37.8364079,48.6577354],[37.8320061,48.6550516],[37.8347691,48.6592251],[37.8416191,48.6723135],[37.8399454,48.674439],[37.8347527,48.6759976],[37.8381001,48.6801914],[37.8473054,48.6765076],[37.8560804,48.6724697],[37.8618486,48.6695172],[37.8660543,48.6718412],[37.869329,48.6736836],[37.8708014,48.673769],[37.8885037,48.6749],[37.8925807,48.6778187],[37.9032167,48.6817531],[37.9099898,48.6798763],[37.9114489,48.6781478],[37.9188064,48.6765627],[37.9232077,48.6821006],[37.9198818,48.6879938],[37.9120662,48.6904352],[37.9092079,48.6928565],[37.9104095,48.6950094],[37.9128986,48.6961424],[37.9176093,48.6977886],[37.9192992,48.6980383],[37.9210835,48.6993726],[37.9270709,48.7013985],[37.9325116,48.7032111],[37.9440987,48.7029845],[37.954852,48.700931],[37.956587,48.7002829],[37.97459,48.6948444],[37.9794013,48.6999831],[37.982149,48.702201],[37.997331,48.713091],[38.00115,48.718131],[38.000078,48.71932],[38.001064,48.720906],[38.003082,48.720764],[38.0092139,48.7311981],[38.001575,48.7334908],[38.0017896,48.7338447],[38.0095787,48.7318349],[38.010847,48.733959],[38.0160669,48.7356291],[38.0215518,48.7375207],[38.0230538,48.7406835],[38.0236091,48.7419988],[38.0139425,48.7532219],[38.009136,48.7537595],[38.0084493,48.7583995],[38.0027291,48.7619768],[37.9979226,48.7652017],[37.9892108,48.7675212],[37.9834601,48.7706609],[37.9807135,48.7747054],[37.999725,48.7769679],[38.0020427,48.7764165],[38.010883,48.771962],[38.0178782,48.7706326],[38.0200669,48.7667009],[38.0267832,48.7636034],[38.0430852,48.7654052],[38.0457506,48.7670343],[38.0494462,48.7680834],[38.0516051,48.7683851],[38.0538499,48.7681211],[38.0587838,48.7661844],[38.0673006,48.7754856],[38.0708207,48.7793622],[38.0815495,48.7801257],[38.0839099,48.7942916],[38.0846917,48.8069615],[38.0843047,48.8007314],[38.0816346,48.8008735],[38.0765398,48.8003512],[38.0705296,48.7960166],[38.0586675,48.7912542],[38.0444565,48.7907201],[38.0295981,48.7893765],[38.0179562,48.7864227],[38.0156101,48.8017749],[38.0510879,48.8043233],[38.0523161,48.8113804],[38.0562789,48.8241727],[38.0672804,48.8209643],[38.0787113,48.8245934],[38.0860069,48.8334079],[38.0871233,48.8395377],[38.0779388,48.8431811],[38.0675106,48.8456553],[38.0622324,48.8414636],[38.0586275,48.8424803],[38.0511603,48.8405032],[38.0405172,48.8396559],[38.032535,48.8413506],[38.0279296,48.844357],[38.0178579,48.8507269],[38.0158838,48.8642235],[38.0261685,48.8670105],[38.0348489,48.865289],[38.0409537,48.8623249],[38.0492827,48.8621643],[38.0508149,48.8611573],[38.055823,48.8608559],[38.0628182,48.8612794],[38.0636732,48.8640383],[38.0640578,48.8692571],[38.0627908,48.8718382],[38.0592921,48.8727256],[38.055741,48.8748937],[38.0558802,48.8820859],[38.0579267,48.8899004],[38.055223,48.8939918],[38.0539785,48.8981674],[38.053721,48.8996908],[38.055223,48.9005936],[38.060051,48.9019978],[38.0625047,48.9027125],[38.0564837,48.9100343],[38.0540399,48.9112889],[38.0505109,48.9125333],[38.0403725,48.9217873],[38.0136534,48.9339176],[38.012325,48.9319215],[38.0032699,48.9215171],[38.0011456,48.9173152],[37.999386,48.9144597],[37.9943865,48.9147629],[37.9929273,48.9186829],[37.9921548,48.9234628],[37.996087,48.9313052],[37.9978465,48.9349985],[37.999535,48.9384895],[37.9971599,48.941905],[37.9923699,48.9455709],[37.9854514,48.9444771],[37.9633225,48.9494828],[37.9523828,48.9472374],[37.9492929,48.9429249],[37.9339721,48.9436014],[37.931674,48.9375604],[37.9313307,48.9313017],[37.9354534,48.9272771],[37.9348955,48.9243728],[37.9323635,48.9215812],[37.9316768,48.9196354],[37.9293594,48.9134591],[37.9282865,48.9121335],[37.921978,48.9120489],[37.9203901,48.9099335],[37.8810797,48.9309988],[37.8800665,48.9414478],[37.8773199,48.9459013],[37.8812243,48.9508056],[37.8978335,48.9548071],[37.9248505,48.9613191],[37.9270392,48.9629815],[37.9257946,48.9653764],[37.9671221,48.9661089],[37.9686955,48.972007],[37.9686955,48.9737113],[37.9675153,48.9759789],[37.9674315,48.9771704],[37.9669594,48.9784098],[37.9691395,48.9793531],[37.9723453,48.9857468],[37.9759287,48.9866058],[37.9774307,48.9869015],[37.9773235,48.9882955],[37.9777744,48.9895731],[37.9732686,48.9933467],[37.9693734,48.9981763],[37.9639108,49.0049226],[37.9587918,49.0051853],[37.9562047,49.0056168],[37.9536481,49.0081405],[37.9449363,49.0085487],[37.9449061,49.0128619],[37.944597,49.0177662],[37.9446077,49.019096],[37.9461419,49.0191382],[37.9461848,49.0216641],[37.9501652,49.0215796],[37.9545264,49.023931],[37.9551702,49.0245009],[37.9572681,49.0259627],[37.9568365,49.0275659],[37.9574778,49.0284094],[37.9599788,49.0296164],[37.965239,49.0342674],[37.960525,49.0443224],[37.9662756,49.0482042],[37.9674773,49.0541669],[37.9648593,49.0610081],[37.9610392,49.0608609],[37.9553369,49.0604603],[37.9539636,49.0610368],[37.952969,49.0666547],[37.9533982,49.0679762],[37.9525398,49.0687915],[37.9420601,49.0720553],[37.9424245,49.0799035],[37.9504036,49.0947111],[37.949493,49.0954447],[37.9465513,49.0963259],[37.9410306,49.0958457],[37.9365245,49.092333],[37.9326683,49.0867239],[37.9331373,49.0845116],[37.9326943,49.0836083],[37.9338497,49.0822994],[37.9349192,49.081665],[37.935302,49.0809182],[37.9266501,49.0781896],[37.925602,49.0779285],[37.9206238,49.0799383],[37.9139153,49.0821466],[37.907006,49.0842547],[37.9028938,49.0831311],[37.8996107,49.0831522],[37.8947828,49.0813181],[37.8873772,49.0786775],[37.8776167,49.0766518],[37.8707978,49.0729641],[37.8698919,49.0717039],[37.8662012,49.0727722],[37.8653844,49.071734],[37.8637744,49.0716647],[37.8627977,49.07863],[37.8402759,49.0785099],[37.8301427,49.0750242],[37.8250697,49.0710875],[37.8236921,49.0702083],[37.8218853,49.0698633],[37.8195594,49.0700588],[37.8177588,49.0710765],[37.8171169,49.0724174],[37.8149747,49.0724285],[37.8039186,49.0702209],[37.7972551,49.0716515],[37.7872734,49.0743409],[37.7801923,49.0702363],[37.7743129,49.0720919],[37.7664594,49.0680432],[37.7582626,49.0685775],[37.7498116,49.0663708],[37.7449836,49.0637558],[37.7442541,49.063798],[37.7360143,49.0651055],[37.7312507,49.0656819],[37.7283754,49.0654429],[37.7192966,49.0669044],[37.7123872,49.0662296],[37.7112251,49.073545],[37.7123653,49.077956],[37.7169124,49.0800989],[37.7192281,49.0843919],[37.7176823,49.0874378],[37.7132459,49.0884535],[37.7069052,49.0888892],[37.7034183,49.0901117],[37.707597,49.096784],[37.7083593,49.1013435],[37.7008924,49.1056901],[37.6931313,49.1060525],[37.6844004,49.1052606],[37.6772876,49.1068877],[37.6779762,49.1108618],[37.6861763,49.1261841],[37.6899362,49.128641],[37.7006474,49.1308165],[37.7154448,49.1290214],[37.719225,49.1326056],[37.7243789,49.1337185],[37.7398366,49.1312262],[37.7458605,49.1285997],[37.7507099,49.1344123],[37.7519173,49.1342098],[37.7441496,49.1356418],[37.7405018,49.1373265],[37.7399868,49.1383092],[37.7381844,49.1393761],[37.7361674,49.1411729],[37.7381844,49.1437277],[37.7413601,49.1449348],[37.7455229,49.1443453],[37.7465958,49.1451594],[37.7500719,49.1459174],[37.7541703,49.150058],[37.7606291,49.1472087],[37.7668788,49.1495529],[37.7690246,49.1509284],[37.7661064,49.153623],[37.7713774,49.1570338],[37.7811428,49.159378],[37.7846793,49.1601417],[37.7809614,49.1653581],[37.7733654,49.1686131],[37.765469,49.1726816],[37.7644819,49.1741966],[37.7599329,49.1766655],[37.7539659,49.1816856],[37.7540088,49.1828919],[37.7545452,49.1837895],[37.7566266,49.1849536],[37.7588367,49.1871836],[37.762163,49.1870858],[37.7677904,49.1858833],[37.7727095,49.1844702],[37.7773494,49.1837685],[37.7826351,49.1777877],[37.7962457,49.1750393],[37.8103596,49.1721779],[37.8154634,49.1715641],[37.8177353,49.1780766],[37.8240439,49.1837151],[37.8251972,49.1877333],[37.8445097,49.1848499],[37.8518573,49.185537],[37.8583037,49.184765],[37.8626381,49.1840077],[37.8654916,49.1867895],[37.868635,49.1880356],[37.8708974,49.1917119],[37.8809005,49.1920363],[37.8842768,49.1935515],[37.8861431,49.1986247],[37.8852336,49.2007243],[37.8864743,49.2039436],[37.889335,49.2034469],[37.8905605,49.2075292],[37.8899407,49.2104339],[37.8893077,49.2135037],[37.8894435,49.2247872],[37.8877934,49.2249436],[37.8849824,49.2304507],[37.8867849,49.2308431],[37.8890808,49.2268775],[37.8946935,49.2258548],[37.897998,49.2239909],[37.9169904,49.2260673],[37.9217946,49.2265835],[37.9253452,49.228188],[37.9263365,49.2314403],[37.923588,49.2334596],[37.9245741,49.2350858],[37.9225001,49.238846],[37.9314948,49.2404353],[37.9391766,49.2373251],[37.9475074,49.236544],[37.9492912,49.2408552],[37.9618654,49.2384176],[37.9634513,49.2396015],[37.9664983,49.2399377],[37.9698028,49.2397696],[37.9745664,49.2405261],[37.9791583,49.2412266],[37.9809608,49.2433279],[37.9804458,49.2456813],[37.9832353,49.2473062],[37.9840507,49.2486509],[37.9836644,49.2516764],[37.9869689,49.2512282],[37.9885139,49.2519565],[37.9916252,49.25085],[37.9951019,49.2512556],[38.0001237,49.2545463],[38.0054315,49.254844],[38.0090892,49.2575112],[38.0090886,49.2680961],[38.0142348,49.2856177],[38.0129473,49.2872973],[38.001961,49.2891447],[37.998871,49.2868214],[37.9974978,49.2862895],[37.9978941,49.2828912],[37.989139,49.2834222],[37.9869122,49.283458],[37.9861446,49.2829899],[37.9850167,49.2811511],[37.9836267,49.2807356],[37.9788356,49.2826157],[37.9695209,49.2877572],[37.9739412,49.288485],[37.9792198,49.2883171],[37.9788764,49.2918159],[37.9737381,49.2921285],[37.9695324,49.2932761],[37.9713349,49.295767],[37.9702834,49.2992094],[37.9650478,49.2992933],[37.9648117,49.299881],[37.9700689,49.3000769],[37.9701103,49.3020389],[37.9698099,49.3125317],[37.9677071,49.3122239],[37.9657544,49.3149657],[37.9637374,49.3162036],[37.9627075,49.3177213],[37.9646334,49.3207032],[37.9661783,49.3211788],[37.9663071,49.3288428],[37.9691773,49.3292161],[37.9677611,49.3320129],[37.9646426,49.3350652],[37.9574864,49.3350267],[37.9557913,49.3361104],[37.9514997,49.338697],[37.950062,49.3397177],[37.9493969,49.341661],[37.9482811,49.3426117],[37.9449893,49.3467362],[37.9438621,49.3483248],[37.9530832,49.3511145],[37.9550521,49.3539878],[37.954816,49.3552737],[37.9540281,49.3562254],[37.9543714,49.3596355],[37.9498904,49.3624354],[37.9450342,49.3690374],[37.9390325,49.3774106],[37.9332818,49.3809032],[37.9242696,49.3795062],[37.9197635,49.3794224],[37.9191457,49.3845293],[37.9118501,49.3851997],[37.9065286,49.3845013],[37.8936111,49.3847528],[37.8934394,49.3833838],[37.8926123,49.3829692],[37.8861438,49.3797518],[37.8770029,49.3780754],[37.8748571,49.3779357],[37.860223,49.3802827],[37.8502666,49.380562],[37.8510339,49.3847553],[37.8528518,49.3940755],[37.8235406,49.395486],[37.8227467,49.3927976],[37.8222102,49.3910309],[37.8210301,49.390137],[37.8187341,49.391394],[37.8019107,49.397098],[37.7691234,49.4091622],[37.7671593,49.4011664],[37.7657215,49.3991323],[37.7466671,49.4046619],[37.7292864,49.4097999],[37.7215187,49.4124525],[37.7233641,49.4173106],[37.706939,49.4175566],[37.6975406,49.4176683],[37.6950086,49.4138992],[37.6903737,49.4140667],[37.6796019,49.4127544],[37.6767266,49.4133687],[37.675454,49.4150773],[37.6754111,49.4176737],[37.6773423,49.420298],[37.6854962,49.4238153],[37.6957101,49.4267742],[37.697845,49.4283932],[37.7041858,49.4299841],[37.7115458,49.4316029],[37.7116532,49.4376447],[37.7098722,49.4381192],[37.7090783,49.439068],[37.7211325,49.4419842],[37.7255957,49.4446071],[37.7373232,49.4485416],[37.740528,49.4500731],[37.7495831,49.4523051],[37.7506131,49.452054],[37.7531451,49.4541742],[37.7576512,49.4572149],[37.760612,49.456945],[37.7669681,49.456437],[37.7770532,49.4544006],[37.7934265,49.4566726],[37.796216,49.4619168],[37.7943277,49.4678855],[37.7909803,49.469782],[37.7944135,49.472515],[37.8072415,49.4817371],[37.810074,49.488484],[37.8197761,49.4913153],[37.8225194,49.4935018],[37.8078166,49.4971128],[37.8062216,49.4974907],[37.8069941,49.5050715],[37.790054,49.5059459],[37.7729416,49.5068736],[37.772839,49.5057914],[37.7504801,49.5055685],[37.7501653,49.51078],[37.7414535,49.5106406],[37.7316321,49.5107322],[37.7297009,49.5114846],[37.7274466,49.5153331],[37.7255369,49.5159182],[37.7252211,49.5210385],[37.7125611,49.5232393],[37.7106299,49.5217907],[37.7090105,49.5174612],[37.7077101,49.5096584],[37.7030905,49.5099999],[37.6981829,49.5121663],[37.7002428,49.5148133],[37.7010282,49.518297],[37.6999083,49.5255977],[37.6970417,49.5263347],[37.6934608,49.5264358],[37.6931175,49.5269303],[37.6936968,49.5278495],[37.6947697,49.5295765],[37.6971526,49.532889],[37.6984864,49.534047],[37.6981396,49.5359249],[37.6971955,49.5371503],[37.6978821,49.5380972],[37.6978392,49.5392668],[37.6968951,49.5396567],[37.696938,49.5408821],[37.6982684,49.542358],[37.6998562,49.542358],[37.7010579,49.5433326],[37.7016587,49.5446692],[37.7006287,49.5455603],[37.7002425,49.5470918],[37.7015299,49.5492357],[37.7011866,49.55202],[37.7018995,49.5537439],[37.7069256,49.5572968],[37.7111347,49.5577511],[37.7151687,49.5567211],[37.7184732,49.5565262],[37.7304935,49.5572944],[37.7437972,49.556682],[37.7463721,49.5569047],[37.7542686,49.5569047],[37.7532386,49.5634742],[37.762373,49.5647176],[37.761962,49.5671183],[37.7613799,49.5710545],[37.7729242,49.5731696],[37.7725379,49.574895],[37.7952365,49.579466],[37.8024788,49.5812978],[37.8063696,49.5845733],[37.8210467,49.5956456],[37.8211848,49.5998368],[37.8056923,49.5999202],[37.7949257,49.5993529],[37.7899475,49.5983515],[37.7864285,49.5987966],[37.7892609,49.6043036],[37.7922178,49.6046437],[37.8160443,49.6071689],[37.8474541,49.6070847],[37.8479104,49.6081902],[37.852717,49.6079121],[37.8547599,49.6112503],[37.862617,49.6128723],[37.863647,49.6147632],[37.8685823,49.6189895],[37.8724446,49.622576],[37.8751912,49.6251893],[37.8785815,49.6283862],[37.8781095,49.6305544],[37.8814569,49.6309713],[37.8805556,49.6354742],[37.8790041,49.6401424],[37.8745194,49.6416987],[37.8724595,49.6450891],[37.8643914,49.6461728],[37.8567096,49.647979],[37.8572138,49.6512785],[37.8543492,49.6647316],[37.8496977,49.6800344],[37.8324977,49.6807756],[37.8274758,49.6817937],[37.8280205,49.6897292],[37.8312656,49.69175],[37.8368289,49.6978238],[37.8314436,49.7018137],[37.8220451,49.703035],[37.823065,49.7184436],[37.8155624,49.7251833],[37.8191673,49.7322849],[37.8033895,49.7360035],[37.7872582,49.7395213],[37.7856744,49.7399043],[37.7850217,49.7436729],[37.7743687,49.7489527],[37.7588537,49.7525645],[37.7497986,49.7530359],[37.7385547,49.7557808],[37.7291992,49.758775],[37.7344339,49.7676555],[37.724839,49.7708726],[37.7246448,49.7714145],[37.7108266,49.7746298],[37.7077751,49.7733983],[37.7051616,49.7691518],[37.6981782,49.7665242],[37.6953152,49.7649774],[37.6941266,49.765089],[37.6904192,49.766088],[37.686117,49.7660768],[37.6834081,49.7647683],[37.6830596,49.7635152],[37.6764695,49.7639153],[37.6766638,49.7678598],[37.6703552,49.7722391],[37.6672521,49.7728931],[37.6689192,49.7756589],[37.6598469,49.7773778],[37.6577246,49.7778075],[37.652083,49.7787635],[37.6407852,49.7736759],[37.6343288,49.7735587],[37.6326981,49.7755126],[37.6308312,49.7770091],[37.630166,49.7779514],[37.6308774,49.7787428],[37.6283024,49.7792693],[37.6234713,49.77924],[37.6222024,49.7892242],[37.6225552,49.7905942],[37.6269506,49.7951595],[37.6293379,49.8006063],[37.6281363,49.8036532],[37.6265484,49.8047611],[37.6256901,49.8075308],[37.6235118,49.8093161],[37.6211944,49.80987],[37.6171902,49.8108324],[37.6070653,49.8120301],[37.608267,49.8153808],[37.6089186,49.8189253],[37.6103034,49.8216246],[37.612078,49.8256688],[37.6223699,49.8244086],[37.6244435,49.8255843],[37.6241075,49.8277841],[37.627698,49.8294228],[37.6300012,49.8314767],[37.6411039,49.8325999],[37.6390247,49.8344551],[37.6347996,49.8347602],[37.6360673,49.8400755],[37.6361868,49.8474656],[37.6330868,49.8502059],[37.6358117,49.8519505],[37.6427106,49.8498897],[37.6498317,49.8526187],[37.6486706,49.8548219],[37.6439747,49.8595915],[37.6496247,49.8632503],[37.6529792,49.8632737],[37.6543904,49.8692872],[37.6547767,49.8725511],[37.6518155,49.8792439],[37.6503564,49.8822859],[37.6500989,49.8876226],[37.6512576,49.8898622],[37.6542188,49.8894751],[37.6553775,49.8878438],[37.6622654,49.8774048],[37.6701403,49.8756861],[37.6741744,49.8770551],[37.6879688,49.8855635],[37.694724,49.8875114],[37.6940887,49.8914686],[37.6945657,49.8909037],[37.6964968,49.8904475],[37.6991791,49.8904613],[37.7016077,49.8911954],[37.7053674,49.8928298],[37.7071474,49.8934672],[37.7080058,49.8925273],[37.7351282,49.9014703],[37.7356273,49.9005372],[37.7355334,49.896712],[37.7367847,49.8965825],[37.7378642,49.8965773],[37.7394842,49.8956651],[37.7428737,49.8962913],[37.7430454,49.8977012],[37.7437749,49.8987102],[37.7441153,49.9003605],[37.7456847,49.9021655],[37.7480235,49.9032988],[37.7483454,49.9057864],[37.7478733,49.9076106],[37.7502941,49.9089068],[37.7511095,49.9114494],[37.7484488,49.9122232],[37.7456164,49.9131352],[37.7463888,49.9149867],[37.7507233,49.9166171],[37.7572035,49.9161473],[37.7602076,49.9157052],[37.7719664,49.9137984],[37.7756811,49.9130541],[37.7825013,49.9283662],[37.7680131,49.9355673],[37.7589727,49.9381197],[37.7522948,49.9399341],[37.7522621,49.9543914],[37.7337146,49.9558459],[37.7267571,49.9608811],[37.7291582,49.9625434],[37.741088,49.9663007],[37.744865,49.9696967],[37.7525046,49.9713945],[37.7630623,49.9692273],[37.7667531,49.9777835],[37.7746495,49.981647],[37.7745581,49.9882337],[37.7785778,49.9924803],[37.7806456,49.9954452],[37.780439,49.9987411],[37.7792103,50.0049738],[37.7779555,50.0067099],[37.7788795,50.0124997],[37.7744832,50.0163784],[37.7773637,50.0223711],[37.7699055,50.0263048],[37.7673476,50.0298716],[37.7630878,50.0393222],[37.7624869,50.0495745],[37.7468228,50.0500981],[37.7357936,50.0519444],[37.7371669,50.0551683],[37.731545,50.0556367],[37.7270389,50.0575929],[37.7236486,50.0598797],[37.7157521,50.0614777],[37.7136493,50.0662987],[37.7118039,50.0670976],[37.7172542,50.0740664],[37.7151084,50.0773439],[37.7091432,50.0784456],[37.7042508,50.0802907],[37.7065683,50.0854679],[37.7051091,50.0887446],[37.7035642,50.0917182],[37.7053014,50.0952087],[37.6972762,50.1010586],[37.6911822,50.1002879],[37.6861182,50.1017193],[37.68011,50.1050775],[37.678887,50.108807],[37.6794612,50.1107592],[37.6802286,50.1137435],[37.6762804,50.1129729],[37.6721605,50.1122574],[37.6681265,50.1119547],[37.6654228,50.1127803],[37.6595863,50.1155598],[37.6566251,50.1164954],[37.6537069,50.1170733],[37.6515182,50.1185042],[37.6437279,50.1193921],[37.6395019,50.1207606],[37.6444361,50.1225977],[37.647817,50.1234793],[37.6407036,50.1283545],[37.6383861,50.1266487],[37.631788,50.125007],[37.6293418,50.125007],[37.6268527,50.1262726],[37.6268744,50.1285057],[37.6244711,50.1326598],[37.6182484,50.1386014],[37.6147649,50.1425877],[37.5964645,50.1391607],[37.5904992,50.145019],[37.5903705,50.1471642],[37.6029632,50.1512505],[37.6048515,50.1594444],[37.614722,50.1651078],[37.6182328,50.1654922],[37.6271459,50.1673297],[37.6329681,50.1756458],[37.633326,50.1765201],[37.6391171,50.1807289],[37.6406605,50.1919741],[37.6136228,50.2191319],[37.6264034,50.2388201],[37.6255342,50.2917852],[37.637462,50.3020342],[37.634973,50.3116253],[37.6300057,50.3137614],[37.609845,50.3165537],[37.5950834,50.3162506],[37.5857293,50.3143992],[37.5768492,50.3064903],[37.5550041,50.3300182],[37.5217857,50.3363621],[37.5088038,50.346838],[37.5060023,50.350542],[37.5059472,50.3520552],[37.4850832,50.3567899],[37.4827233,50.3592871],[37.4831957,50.3615105],[37.4815158,50.3631896],[37.4752684,50.366972],[37.4722196,50.3686441],[37.4708443,50.3709183],[37.4711218,50.3754003],[37.4674578,50.3784912],[37.4648231,50.3849756],[37.466592,50.387217],[37.4657714,50.3982619],[37.4665594,50.4056113],[37.4647723,50.4141641],[37.4658331,50.4179233],[37.4634908,50.4245676],[37.4651582,50.4299824],[37.4693603,50.4309864],[37.4787124,50.4314432],[37.4823109,50.4331221],[37.4856748,50.4363151],[37.4847111,50.4455885],[37.4909253,50.4573303],[37.4769373,50.4594545],[37.4730772,50.4555699],[37.4689602,50.453543],[37.4326226,50.4436096],[37.4210946,50.4347123],[37.3959664,50.4311373],[37.3772752,50.4327544],[37.3525931,50.4374057],[37.3323744,50.4370234],[37.3197105,50.4329213],[37.3102139,50.4264734],[37.3091282,50.4228922],[37.2994618,50.4061856],[37.2917181,50.4009938],[37.2641408,50.3941331],[37.257697,50.3909329],[37.2559519,50.3926878],[37.2221142,50.379118],[37.2233131,50.3779958],[37.2137847,50.3741504],[37.2001382,50.3704134],[37.1831469,50.3634574],[37.1488221,50.3559994],[37.1381871,50.3610774],[37.1032968,50.3573556],[37.1057001,50.3533306],[37.1056603,50.3517149],[37.0703526,50.3468001],[37.0597664,50.3472487],[37.0449476,50.3449658],[37.0373406,50.3486931],[37.0275064,50.3464821],[37.0278893,50.3364713],[37.0280712,50.3344074],[37.0315285,50.3323849],[37.0366164,50.3314579],[37.0394964,50.3313571],[37.0405781,50.3290747],[37.0445614,50.3269108],[37.0494578,50.3215275],[37.0486062,50.3188728],[37.0425589,50.3183401],[37.0369233,50.3173555],[37.0365007,50.3153769],[37.0338897,50.3104386],[37.0308702,50.3100919],[37.0260957,50.3091942],[37.0219592,50.3068207],[37.0133762,50.3045732],[37.0095138,50.3041346],[37.0031623,50.3046828],[36.9986133,50.3080267],[36.9955508,50.309297],[36.9918418,50.3103193],[36.9845441,50.3104558],[36.9778064,50.3104832],[36.9734532,50.3089698],[36.9694621,50.3073116],[36.9645268,50.3066264],[36.9580681,50.3063523],[36.9557713,50.303254],[36.953647,50.3013215],[36.9537117,50.3009057],[36.953594,50.3004283],[36.953702,50.3001176],[36.9493657,50.2991873],[36.9499665,50.2970902],[36.9414108,50.2955945],[36.9383316,50.2949366],[36.9374676,50.2966733],[36.9396402,50.2922404],[36.9400179,50.2914922],[36.9375342,50.2910398],[36.9368637,50.2910364],[36.9363901,50.2910614],[36.9338956,50.2906158],[36.9341102,50.2901189],[36.9347086,50.2887542],[36.9312325,50.2880961],[36.9288968,50.2870228],[36.9254314,50.2820919],[36.923305,50.2821737],[36.9216147,50.2820673],[36.9210295,50.2820364],[36.9205135,50.2829686],[36.9183669,50.2863116],[36.9152811,50.2894268],[36.9135051,50.2893022],[36.9125874,50.2887937],[36.9116697,50.2894231],[36.91087,50.2889385],[36.9099037,50.2893438],[36.9061589,50.2902868],[36.8931874,50.2905989],[36.8982186,50.2844749],[36.8962874,50.2811293],[36.8923784,50.277868],[36.894442,50.274026],[36.8933672,50.2718328],[36.8921638,50.2695573],[36.8943954,50.2648665],[36.891563,50.2620133],[36.890882,50.2583586],[36.8902383,50.2569045],[36.8881355,50.2558893],[36.8865905,50.2568496],[36.883286,50.2569045],[36.878737,50.2576453],[36.8764354,50.2591051],[36.8729863,50.2621722],[36.8689461,50.2618794],[36.85423,50.2682819],[36.8473636,50.2649901],[36.8413554,50.2624661],[36.8337766,50.2585921],[36.8314041,50.2534645],[36.8196024,50.2478664],[36.8080445,50.2459473],[36.8014784,50.2463315],[36.7987318,50.2480879],[36.7906208,50.2478958],[36.780922,50.2508046],[36.778862,50.2502009],[36.7754288,50.2507497],[36.7717166,50.2535967],[36.7628023,50.2529399],[36.7567089,50.2586388],[36.7445625,50.2641176],[36.7326161,50.2672195],[36.7259901,50.2697719],[36.7200571,50.2774509],[36.7058628,50.2689216],[36.7033647,50.2686754],[36.7042574,50.2650551],[36.7024079,50.2642326],[36.70073,50.2642879],[36.6968593,50.266771],[36.6956169,50.2690278],[36.6946373,50.2691208],[36.6929282,50.2687338],[36.6886862,50.2668258],[36.6786627,50.2636407],[36.6788558,50.2631881],[36.6819671,50.2623102],[36.680787,50.261542],[36.6754225,50.2630098],[36.6677836,50.2593197],[36.6711954,50.2586338],[36.673148,50.2576461],[36.6783838,50.2559106],[36.6780404,50.2555196],[36.6749505,50.256137],[36.6741995,50.2555882],[36.6734914,50.2559175],[36.6731051,50.2564388],[36.666303,50.2582497],[36.6565415,50.2521552],[36.6596743,50.250399],[36.6629358,50.2497953],[36.6661545,50.2488348],[36.6680857,50.2495209],[36.6697594,50.2486427],[36.674008,50.2478469],[36.6792437,50.2472157],[36.6789862,50.2454318],[36.6683432,50.24631],[36.6697165,50.2439224],[36.6679234,50.2410001],[36.6787855,50.237079],[36.6639568,50.2221711],[36.6478539,50.2177643],[36.6399695,50.2222943],[36.6186622,50.2271216],[36.6159137,50.2271172],[36.6147913,50.2268197],[36.6134871,50.2237226],[36.5954687,50.2299923],[36.5971902,50.2313746],[36.5828916,50.2369314],[36.5777153,50.2396544],[36.5753711,50.2419931],[36.5716268,50.2439529],[36.5701997,50.2439366],[36.560124,50.2507639],[36.5561469,50.2480365],[36.5461905,50.2500672],[36.5406115,50.244359],[36.514669,50.2413637],[36.5064871,50.2380357],[36.497399,50.2407593],[36.4869177,50.2429762],[36.4809052,50.2413543],[36.4798753,50.2430011],[36.476957,50.2445105],[36.4746825,50.2475568],[36.4691464,50.2516731],[36.4666573,50.2521671],[36.4647691,50.2515908],[36.4632241,50.2527707],[36.4608209,50.2543897],[36.4575593,50.2561183],[36.4522619,50.2576932],[36.4502102,50.2567884],[36.4465624,50.2559379],[36.4405113,50.2566924],[36.4370502,50.2581239],[36.4322245,50.2550345],[36.4297202,50.2548768],[36.4282458,50.2554599],[36.4262208,50.2558046],[36.4250568,50.2534524],[36.4218999,50.2541146],[36.417807,50.256609],[36.4161821,50.2570044],[36.4149043,50.2575236],[36.4117354,50.2634369],[36.4056414,50.2679908],[36.3961253,50.2665264],[36.3903746,50.2695988],[36.3894735,50.2750296],[36.3870272,50.2769496],[36.3896153,50.2793124],[36.3880703,50.2826033],[36.384865,50.2841167],[36.3835916,50.2855919],[36.3785416,50.2850926],[36.3778831,50.2829972],[36.3661497,50.2877777],[36.3643662,50.2877169],[36.361171,50.2873191],[36.3604204,50.2873515],[36.3588114,50.287642],[36.3579747,50.2879598],[36.3561942,50.2882527],[36.3544351,50.2888061],[36.3310017,50.2894959],[36.3243595,50.2917051],[36.3092533,50.2965029],[36.2989536,50.302013],[36.2871948,50.3019308],[36.2867657,50.3047267],[36.2853271,50.3107875],[36.2800485,50.3177483],[36.2853634,50.3266318],[36.2823593,50.3267688],[36.2769397,50.329036],[36.2742463,50.3311415],[36.2812307,50.3373187],[36.2555884,50.355356],[36.2429857,50.3580603],[36.2417495,50.3584957],[36.2338346,50.3637717],[36.2327612,50.3650466],[36.2316771,50.3689621],[36.2311915,50.3697015],[36.2309634,50.3708514],[36.2311509,50.3713447],[36.2205377,50.3782129],[36.2113806,50.3856823],[36.2108142,50.3858322],[36.2095654,50.386988],[36.2088315,50.3884995],[36.2078144,50.3894018],[36.207485,50.3898737],[36.2074989,50.3907012],[36.2069688,50.3913713],[36.2079301,50.39175],[36.2051798,50.3945751],[36.202334,50.3964135],[36.2027477,50.3966121],[36.2131154,50.3992966],[36.2138652,50.3988119],[36.2141765,50.3985195],[36.2144435,50.3984174],[36.214921,50.3983802],[36.2160651,50.3985384],[36.2169134,50.3985628],[36.2173392,50.3986591],[36.2176477,50.3988332],[36.21794,50.39915],[36.2181493,50.3995719],[36.2189113,50.400248],[36.2201484,50.4005555],[36.2206708,50.4007492],[36.2211818,50.4012803],[36.2220188,50.401785],[36.2218566,50.4020374],[36.2211299,50.402761],[36.2202998,50.4032459],[36.2195141,50.4042081],[36.218546,50.4061072],[36.217071,50.4070129],[36.2149092,50.4069269],[36.2121467,50.4061298],[36.2108644,50.4049087],[36.2097941,50.4044896],[36.2090766,50.4044442],[36.2086863,50.4045492],[36.2077853,50.4056584],[36.2053822,50.4072667],[36.198091,50.4160967],[36.1950337,50.4133961],[36.1773025,50.4016694],[36.1706482,50.4089519],[36.1611571,50.4305095],[36.1600982,50.4313677],[36.1554772,50.4315971],[36.1553431,50.4330982],[36.1360605,50.4376278],[36.1251645,50.4380585],[36.1240893,50.4382656],[36.119538,50.4384179],[36.1177123,50.438163],[36.1167461,50.4385974],[36.1123237,50.4395422],[36.093609,50.4445856],[36.0861759,50.4483854],[36.0688113,50.4462086],[36.0672394,50.4512455],[36.0033089,50.4456942],[35.996692,50.4429464],[35.9825228,50.4408536],[35.9747843,50.4412588],[35.971499,50.4371553],[35.9558316,50.4337579],[35.9499725,50.4351204],[35.9377616,50.4333117],[35.9334481,50.4304087],[35.9255549,50.430336],[35.9127232,50.4310194],[35.9023806,50.4335617],[35.9013083,50.4382268],[35.8889334,50.438763],[35.874871,50.4259772],[35.8723986,50.4227048],[35.8671375,50.4245166],[35.8548801,50.429554],[35.835479,50.4248892],[35.8321748,50.4338866],[35.792783,50.416279],[35.795199,50.411615],[35.806197,50.410232],[35.805006,50.40152],[35.796264,50.393683],[35.756725,50.36844],[35.738201,50.354733],[35.696401,50.354955],[35.672548,50.355174],[35.658225,50.35133],[35.628322,50.354871],[35.626588,50.352094],[35.601504,50.367278],[35.612616,50.375182],[35.596857,50.384315],[35.593797,50.393009],[35.584414,50.392884],[35.583168,50.421356],[35.583447,50.429927],[35.587319,50.431081],[35.586494,50.447912],[35.584638,50.449975],[35.579869,50.452769],[35.579176,50.4557],[35.576377,50.456898],[35.572976,50.459408],[35.571377,50.462602],[35.569778,50.464265],[35.566428,50.462279],[35.563077,50.459555],[35.561916,50.457829],[35.562128,50.456457],[35.571693,50.4578],[35.571745,50.456414],[35.570596,50.455438],[35.56392,50.451109],[35.553806,50.452848],[35.555018,50.455784],[35.552754,50.458337],[35.547356,50.457708],[35.541701,50.458908],[35.530721,50.46665],[35.52489,50.468086],[35.509098,50.475522],[35.502918,50.480991],[35.491758,50.484842],[35.476394,50.488277],[35.471828073826224,50.49443690040089],[35.4718279,50.4944368],[35.465090416169055,50.50336301360656],[35.46509,50.503363],[35.457966,50.512976],[35.445484,50.523304],[35.444845,50.529485],[35.436972,50.530034],[35.436296,50.535873],[35.439741,50.542258],[35.431202,50.555414],[35.430684,50.558622],[35.427592,50.562375],[35.420718,50.56661],[35.390997,50.580093],[35.40068,50.590341],[35.420973,50.599305],[35.425133,50.603038],[35.418815,50.608908],[35.421235,50.615601],[35.418149,50.616049],[35.414548,50.615081],[35.412839,50.61358],[35.402397,50.632027],[35.392024,50.642068],[35.392758,50.649973],[35.400876,50.656354],[35.426966,50.65526],[35.462723,50.66632],[35.480732,50.657703],[35.485865,50.656049],[35.489047,50.658408],[35.487078,50.668928],[35.486942,50.670836],[35.495732,50.678509],[35.481662,50.681973],[35.472397,50.681085],[35.468998,50.682198],[35.467359,50.682929],[35.464121,50.684654],[35.462449,50.686269],[35.461388,50.687029],[35.460172,50.68915],[35.460175,50.689965],[35.460586,50.690944],[35.462928,50.693987],[35.462147,50.695618],[35.460983,50.69627],[35.460423,50.696759],[35.460324,50.697004],[35.460545,50.699246],[35.460988,50.70048],[35.460895,50.70087],[35.460464,50.701621],[35.45923,50.702433],[35.457737,50.703136],[35.457307,50.703548],[35.45737,50.704135],[35.457894,50.70454],[35.459416,50.706014],[35.459937,50.706455],[35.460577,50.709308],[35.462596,50.709319],[35.464174,50.709497],[35.464588,50.709498],[35.466331,50.709118],[35.467358,50.711047],[35.467504,50.712354],[35.467285,50.714339],[35.467534,50.716672],[35.468088,50.71758],[35.469619,50.718452],[35.453957,50.719216],[35.452069,50.72538],[35.452068,50.727646],[35.453613,50.729478],[35.459257,50.731386],[35.4649,50.731881],[35.465373,50.733522],[35.4634,50.736045],[35.46929,50.736634],[35.473464,50.737875],[35.475632,50.739162],[35.474111,50.743925],[35.471043,50.746732],[35.477017,50.752623],[35.474408,50.755691],[35.488249,50.777245],[35.474407,50.78456],[35.470334,50.783393],[35.46744,50.783135],[35.46403,50.783312],[35.45395,50.782036],[35.450221,50.783148],[35.436466,50.791406],[35.43318,50.794346],[35.419235,50.797664],[35.414633,50.800067],[35.411404,50.802903],[35.410234,50.80677],[35.411639,50.809877],[35.413306,50.815158],[35.416862,50.820113],[35.420078,50.8299],[35.418983,50.836013],[35.419433,50.84321],[35.411017,50.856687],[35.407914,50.858358],[35.406355,50.86252],[35.402894,50.864777],[35.399576,50.864631],[35.395657,50.864756],[35.385214,50.867915],[35.382238,50.870365],[35.387016,50.87503],[35.387018924423266,50.87502930046881],[35.3937704,50.8776887],[35.4017833,50.8796517],[35.3892044,50.8851407],[35.4017748,50.8849669],[35.389203,50.885142],[35.386947,50.886587],[35.379367,50.895721],[35.40167,50.901935],[35.403439,50.902965],[35.396453,50.907244],[35.397243,50.909305],[35.401742,50.910829],[35.400441,50.914852],[35.393096,50.9194],[35.393132,50.924812],[35.387678,50.9282913],[35.387917,50.9289347],[35.3901219,50.9346175],[35.3899238,50.9387858],[35.3855893,50.9394619],[35.3806541,50.9418686],[35.3712246,50.9438508],[35.3698776,50.9445835],[35.369142,50.9464452],[35.3715131,50.9494125],[35.3693673,50.9513591],[35.3639399,50.954888],[35.3598195,50.960078],[35.3619655,50.9628352],[35.3587201,50.9750096],[35.3519452,50.988126],[35.3446949,50.9947791],[35.3450382,50.9967238],[35.3470061,50.9984129],[35.3525765,51.0025487],[35.3547614,51.0038684],[35.3559126,51.0038881],[35.3584292,51.0024826],[35.3550175,50.9987421],[35.3598026,50.9957643],[35.3626993,50.9953356],[35.3634503,50.9962573],[35.3673984,50.9964329],[35.3694154,50.9975538],[35.3775264,50.9977023],[35.3786315,51.0005043],[35.3796078,51.0014428],[35.3788998,51.001983],[35.3809168,51.0037654],[35.3821184,51.0032523],[35.3862812,51.0056017],[35.3944551,51.0080863],[35.4017078,51.0108405],[35.3992616,51.0148635],[35.3980814,51.0189672],[35.3995991,51.0199198],[35.4041209,51.0205754],[35.4055901,51.0215895],[35.4085242,51.0220426],[35.4115442,51.0215777],[35.4129335,51.0217608],[35.4135423,51.0248217],[35.4129884,51.0264061],[35.415891,51.0276636],[35.4181071,51.0277334],[35.4191414,51.0429523],[35.4268554,51.051219],[35.4168809,51.0550863],[35.4069922,51.0520901],[35.398649,51.0529788],[35.3898588,51.060474],[35.3818044,51.0660758],[35.3676701,51.0797575],[35.3552247,51.0722078],[35.346384,51.069619],[35.3387022,51.0667604],[35.3281615,51.0711616],[35.3159923,51.0663237],[35.3063553,51.0615104],[35.2889317,51.0601079],[35.2797392,51.0604377],[35.2730015,51.0612739],[35.265555,51.0653262],[35.2646844,51.0681166],[35.2559297,51.0675772],[35.2500735,51.0676386],[35.2479278,51.0675577],[35.2425633,51.0653733],[35.2331463,51.0637294],[35.2312366,51.063217],[35.2297131,51.0628529],[35.2287462,51.0620606],[35.2284243,51.0614673],[35.2275445,51.0606851],[35.2264931,51.0601321],[35.2258708,51.0594039],[35.2229205,51.0561046],[35.2200881,51.0524899],[35.2152388,51.0508328],[35.2139942,51.0494839],[35.2102606,51.0498346],[35.2047674,51.051858],[35.2016346,51.0528561],[35.2010338,51.0553109],[35.1951973,51.0576847],[35.1906053,51.0579544],[35.1827518,51.0617576],[35.1829235,51.0629173],[35.1813273,51.0652486],[35.1783233,51.0678106],[35.174418,51.0712624],[35.1688819,51.075415],[35.1662962,51.077329],[35.1662104,51.0804565],[35.1673023,51.081368],[35.1737304,51.0872565],[35.1767915,51.0973008],[35.1683936,51.1004963],[35.1645872,51.100808],[35.1550473,51.100092],[35.1480456,51.1015663],[35.1481246,51.1046035],[35.1552458,51.1103192],[35.1637795,51.12139],[35.1635478,51.1273891],[35.1448896,51.1353338],[35.1404185,51.1311206],[35.1182742,51.1269731],[35.1160426,51.12331],[35.1138968,51.1222864],[35.1114939,51.1214516],[35.110035,51.1222194],[35.1070309,51.127236],[35.0975031,51.1267576],[35.0954436,51.128293],[35.0817962,51.1312284],[35.0716681,51.1298279],[35.0691591,51.1246202],[35.0685905,51.1218526],[35.0584097,51.115421],[35.0508566,51.1127538],[35.0459213,51.1129694],[35.0462646,51.1146666],[35.0389382,51.114569],[35.039717,51.1108695],[35.0376205,51.1087327],[35.0318096,51.1103694],[35.0234497,51.1099777],[35.0190891,51.1128041],[35.00762,51.116623],[34.9983056,51.1177139],[34.9967533,51.1162321],[34.9931876,51.1183331],[34.9709017,51.1210075],[34.9692427,51.1209736],[34.9690213,51.1213034],[34.9755866,51.1243404],[34.9793639,51.1280304],[34.9677898,51.1308991],[34.9682743,51.1340638],[34.9641544,51.135868],[34.9608499,51.1381299],[34.9575025,51.1389916],[34.9561722,51.1410918],[34.9570734,51.1423573],[34.9576742,51.143892],[34.9586183,51.144915],[34.9599487,51.145992],[34.9602491,51.1471227],[34.9626524,51.1488456],[34.9631674,51.1500301],[34.9644548,51.1510262],[34.9655706,51.153395],[34.9604652,51.1541135],[34.9347273,51.1627238],[34.9224536,51.1621317],[34.9073796,51.1660542],[34.9004445,51.159715],[34.8948912,51.158776],[34.8875659,51.1547266],[34.8873654,51.1491696],[34.8955622,51.1433544],[34.894146,51.1425198],[34.8852196,51.1485774],[34.8779669,51.1451044],[34.8810997,51.1351419],[34.8802414,51.1319372],[34.8781137,51.1294781],[34.8756461,51.1283066],[34.8689118,51.1253657],[34.8661223,51.122753],[34.8476033,51.1272312],[34.8439985,51.1375725],[34.8283386,51.1399333],[34.8262787,51.1399737],[34.8203092,51.1403729],[34.8167297,51.1351377],[34.8143869,51.1346642],[34.800139,51.143173],[34.7998815,51.14495],[34.795075,51.1513034],[34.7859809,51.1518446],[34.7679815,51.1621108],[34.7577799,51.1652144],[34.7535649,51.1649592],[34.7501436,51.1663856],[34.7497174,51.1678724],[34.748862,51.1691977],[34.7437177,51.1695878],[34.736956,51.179382],[34.731622,51.182512],[34.7224336,51.1868496],[34.7123271,51.1793174],[34.705525,51.181752],[34.6968132,51.1828819],[34.692071,51.1809046],[34.688052,51.18105],[34.667736,51.198599],[34.6663221,51.2106351],[34.6630256,51.2431495],[34.6622515,51.2473329],[34.6598925,51.2475589],[34.6572766,51.2469259],[34.6490376,51.2480529],[34.6448216,51.249127],[34.6387116,51.2498049],[34.6365466,51.2506879],[34.6360346,51.2507919],[34.6354436,51.2508059],[34.6345206,51.2506519],[34.6338986,51.2506319],[34.6317196,51.2508949],[34.6300776,51.2508819],[34.6268906,51.2505299],[34.6238428,51.2509034],[34.6214251,51.2503375],[34.6098212,51.2514936],[34.605083,51.2544622],[34.6016529,51.2540621],[34.6010796,51.2519373],[34.6009356,51.2472606],[34.6020635,51.2462077],[34.5974674,51.2459559],[34.5947606,51.2442799],[34.5808956,51.2343189],[34.5652465,51.2450822],[34.5591954,51.2574919],[34.5440651,51.254979],[34.5336398,51.2532973],[34.5229896,51.2528109],[34.5126654,51.2418961],[34.5048597,51.2428469],[34.4862836,51.244535],[34.4849446,51.245008],[34.4830905,51.245159],[34.4811266,51.246863],[34.4867107,51.2548835],[34.481125,51.246864],[34.479403,51.247373],[34.476522,51.24791],[34.473865,51.249419],[34.471445,51.250324],[34.467887,51.251216],[34.4820168,51.2582011],[34.4784978,51.2634111],[34.4668248,51.2710369],[34.4431355,51.2754937],[34.4173005,51.2802722],[34.4003888,51.270763],[34.3842026,51.273765],[34.3796606,51.270575],[34.3740031,51.2677248],[34.3705205,51.2655945],[34.3595429,51.258726],[34.3480758,51.2511455],[34.330866,51.239895],[34.305227,51.238324],[34.2972638,51.2423758],[34.3010124,51.2585411],[34.2859616,51.2629322],[34.2807688,51.2589677],[34.2777253,51.2540295],[34.2635204,51.2574943],[34.2557999,51.2606769],[34.2460109,51.2638859],[34.2392731,51.2643021],[34.2440536,51.2684795],[34.2483201,51.2692072],[34.2572118,51.2704645],[34.266073,51.2726537],[34.27198,51.2771552],[34.2738272,51.2807552],[34.2770029,51.2848353],[34.28859,51.2875194],[34.2935682,51.2905253],[34.3008638,51.2935848],[34.3134809,51.3016886],[34.3163992,51.2969123],[34.3192316,51.2942288],[34.3243814,51.2931554],[34.330532,51.2965316],[34.3379134,51.3009322],[34.3454665,51.3069422],[34.3463248,51.310698],[34.342205,51.3174578],[34.3415183,51.3228219],[34.3481273,51.3323149],[34.3419475,51.3411089],[34.3459815,51.3438969],[34.3437499,51.3454517],[34.34169,51.3515094],[34.33851,51.356245],[34.338197,51.358702],[34.335952,51.359825],[34.332247,51.360466],[34.331332,51.362152],[34.337541,51.363999],[34.336237,51.365984],[34.33004,51.368559],[34.324967,51.368386],[34.312856,51.372553],[34.307229,51.373859],[34.305721,51.378969],[34.303012,51.379685],[34.300541,51.377096],[34.301709,51.374771],[34.293067,51.373126],[34.28866,51.374687],[34.286313,51.374641],[34.293266,51.387904],[34.281065,51.390263],[34.277887,51.386407],[34.269175,51.385096],[34.261815,51.390063],[34.256428,51.397226],[34.248142,51.40068],[34.246036,51.402473],[34.240004,51.400358],[34.231911,51.399421],[34.228001,51.399634],[34.226664,51.409458],[34.221207,51.417087],[34.22464,51.417891],[34.227215,51.421371],[34.222752,51.428332],[34.247303,51.431012],[34.245764,51.43685],[34.254869,51.440119],[34.246139,51.456982],[34.257569,51.460976],[34.258967,51.466627],[34.272799,51.475012],[34.281997,51.472918],[34.2927,51.481115],[34.299605,51.494442],[34.29173,51.508373],[34.294481,51.511482],[34.307876,51.512027],[34.307888,51.521022],[34.296349,51.524262],[34.295108,51.532843],[34.284941,51.532773],[34.282326,51.534625],[34.26044,51.53374],[34.259619,51.548243],[34.256118,51.54813],[34.250419,51.555012],[34.258211,51.560374],[34.245628,51.569672],[34.249696,51.576514],[34.237464,51.584406],[34.224407,51.576366],[34.21633,51.574512],[34.214946,51.589883],[34.213009,51.590077],[34.211242,51.600508],[34.181768,51.597016],[34.179599,51.625382],[34.173863,51.633132],[34.169456,51.640323],[34.167378,51.645569],[34.167083,51.645686],[34.165716,51.645245],[34.159505,51.644522],[34.152436,51.64272],[34.147593,51.642444],[34.142918,51.642919],[34.14202,51.64398],[34.141254,51.644014],[34.137076,51.643015],[34.129894,51.642895],[34.130331,51.648432],[34.112395,51.64909],[34.106301,51.657007],[34.105099,51.661924],[34.104926,51.66676],[34.101968,51.666012],[34.094287,51.662157],[34.090126,51.661481],[34.087509,51.661789],[34.080841,51.665415],[34.084024,51.669311],[34.128246,51.689276],[34.16174,51.688461],[34.190434,51.697747],[34.204665,51.694709],[34.213576,51.703054],[34.220248,51.702792],[34.233613,51.697316],[34.253135,51.702745],[34.292352,51.705347],[34.30957,51.720079],[34.32711,51.715692],[34.361983,51.712894],[34.423654,51.722799],[34.436357,51.735878],[34.440138,51.744068],[34.436356,51.749624],[34.436522,51.7623],[34.427923,51.773307],[34.410028,51.782628],[34.408265,51.790808],[34.416804,51.809073],[34.415514,51.825752],[34.34788,51.864392],[34.328712,51.869503],[34.315482,51.882594],[34.303704,51.887758],[34.27629,51.888068],[34.263124,51.878574],[34.245531,51.881633],[34.258962,51.88862],[34.254048,51.894021],[34.255624,51.906149],[34.259262,51.90991],[34.24973,51.91636],[34.233914,51.913394],[34.219139,51.920592],[34.226164,51.928425],[34.204937,51.941282],[34.20585,51.94493],[34.194966,51.954578],[34.191839,51.960196],[34.190772,51.968669],[34.177217,51.970767],[34.143319,51.968207],[34.141968,51.972518],[34.137182,51.972915],[34.129326,51.984496],[34.135245,51.989369],[34.139761,52.000333],[34.126738,52.006713],[34.100742,52.004619],[34.093969,52.011927],[34.091735,52.031256],[34.094307,52.029988],[34.096621,52.030623],[34.092371,52.035746],[34.098485,52.040287],[34.098936,52.044617],[34.094683,52.047391],[34.093863,52.052592],[34.087119,52.054098],[34.082888,52.058176],[34.080514,52.070347],[34.062933,52.069416],[34.062553,52.072749],[34.084836,52.084839],[34.091173,52.085152],[34.095279,52.088208],[34.096796,52.09126],[34.099832,52.093251],[34.088305,52.101772],[34.090282,52.110386],[34.098612,52.111725],[34.110813,52.122943],[34.109826,52.127401],[34.110985,52.130539],[34.11282,52.1329],[34.110578,52.136581],[34.115064,52.141039],[34.10107,52.148194],[34.089304,52.15482],[34.075834,52.154817],[34.069785,52.160357],[34.069273,52.160226],[34.066143,52.162333],[34.06426,52.16315],[34.062168,52.163732],[34.054291,52.171371],[34.057471,52.175587],[34.061468,52.180145],[34.064177,52.181986],[34.064846,52.182118],[34.065208,52.182343],[34.065457,52.182762],[34.065453,52.182975],[34.065288,52.183163],[34.06342,52.184167],[34.061295,52.185751],[34.060736,52.186444],[34.06054,52.187423],[34.054846,52.194972],[34.053072,52.200219],[34.052024,52.200347],[34.051398,52.200295],[34.050856,52.200178],[34.050102,52.200218],[34.048805,52.200219],[34.047105,52.200084],[34.043247,52.201291],[34.038904,52.202001],[34.024229,52.201185],[34.022432,52.201392],[34.015974,52.201881],[34.008688,52.205188],[34.001638,52.208508],[34.000755,52.20898],[34.000529,52.209387],[34.000131,52.209781],[33.999146,52.210326],[33.998612,52.210904],[34.000824,52.220256],[34.00107,52.220458],[34.001905,52.220824],[34.002039,52.222944],[34.002055,52.223625],[34.00079,52.226767],[33.993308,52.230076],[33.992295,52.230644],[33.991819,52.231094],[33.984107,52.233781],[33.9694,52.237316],[33.960183,52.246735],[33.94243,52.251702],[33.946644,52.280206],[33.913083,52.306476],[33.873057,52.307065],[33.839201,52.320762],[33.846539,52.326695],[33.855939,52.333572],[33.838676,52.347638],[33.837886,52.360654],[33.822964,52.364604],[33.793963,52.367922],[33.724429,52.355574],[33.719534,52.36323],[33.711205,52.363756],[33.677322,52.356296],[33.679498,52.348606],[33.664167,52.345109],[33.60936,52.335579],[33.578016,52.317631],[33.581892,52.310918],[33.579244,52.310921],[33.56983,52.316384],[33.549283,52.323109],[33.543893,52.323339],[33.544492,52.320858],[33.552563,52.318836],[33.555826,52.315764],[33.562007,52.314162],[33.565441,52.31025],[33.55978,52.302532],[33.53309,52.303921],[33.525281,52.307827],[33.505266,52.306096],[33.498344,52.312158],[33.488897,52.31079],[33.479023,52.315143],[33.485628,52.319916],[33.490077,52.330403],[33.513742,52.334169],[33.521084,52.344147],[33.516086,52.34701],[33.519671,52.350711],[33.518257,52.355598],[33.508541,52.358257],[33.497245,52.35513],[33.48884,52.357833],[33.46464,52.359904],[33.463617,52.364467],[33.457106,52.365835],[33.453772,52.36429],[33.451418,52.360792],[33.451811,52.358552],[33.444702,52.357007],[33.439653,52.353574],[33.444861,52.349911],[33.446695,52.342584],[33.411282,52.349515],[33.410803,52.352111],[33.417876,52.35282],[33.41671,52.360658],[33.409364,52.359899],[33.403769,52.361422],[33.403203,52.364804],[33.408474,52.367347],[33.392615,52.371963],[33.379677,52.372406],[33.373263,52.371172],[33.373286,52.368581],[33.36919,52.362531],[33.36372,52.361092],[33.359624,52.364476],[33.351434,52.354574],[33.336354,52.352873],[33.321275,52.355154],[33.311818,52.355114],[33.305796,52.35088],[33.2886,52.358137],[33.207832,52.376188],[33.206373,52.373588],[33.195643,52.374131],[33.195634,52.37945],[33.189064,52.379468],[33.189212,52.373923],[33.169793,52.372988],[33.169332,52.368439],[33.173333,52.366825],[33.169664,52.341374],[33.155313,52.338951],[33.138899,52.347223],[33.129144,52.341603],[33.129194,52.338729],[33.111051,52.325995],[33.10841,52.327171],[33.080299,52.307798],[33.078802,52.308341],[33.072842,52.307623],[33.072719,52.304912],[33.067679,52.303766],[33.061555,52.306446],[33.062296,52.308707],[33.059604,52.310718],[33.063092,52.315668],[33.067321,52.314024],[33.072237,52.314688],[33.07372,52.316612],[33.071158,52.318282],[33.073401,52.325199],[33.071708,52.32791],[33.060768,52.330184],[33.054185,52.326639],[33.058793,52.319305],[33.043074,52.31438],[33.045239,52.308058],[33.024061,52.299846],[33.021943,52.296218],[33.018794,52.29364],[33.008723,52.289532],[32.996822,52.288037],[32.999554,52.277137],[32.995861,52.276827],[32.995944,52.272316],[32.982639,52.273793],[32.960407,52.273585],[32.943949,52.264107],[32.924751,52.258198],[32.912149,52.250776],[32.90779,52.246296],[32.888431,52.245742],[32.880253,52.259763],[32.886806,52.269084],[32.884604,52.274099],[32.854245,52.275503],[32.833323,52.279317],[32.817574,52.258936],[32.798807,52.266655],[32.7635,52.256644],[32.761038,52.263772],[32.755142,52.267118],[32.727036,52.256993],[32.717308,52.259474],[32.701056,52.248351],[32.700597,52.255092],[32.69001,52.256262],[32.684571,52.266889],[32.653199,52.28244],[32.636816,52.287692],[32.607374,52.305959],[32.580755,52.300494],[32.552063,52.32693],[32.501665,52.327043],[32.499848,52.320511],[32.490308,52.315132],[32.47253,52.323812],[32.466729,52.32406],[32.460927,52.327035],[32.433948,52.322774],[32.407304,52.33676],[32.398262,52.338494],[32.37583,52.337708],[32.356031,52.32878],[32.353498,52.324978],[32.352339,52.31509],[32.366392,52.293932],[32.368764,52.277182],[32.373505,52.273926],[32.383132,52.279224],[32.393177,52.278368],[32.383995,52.27079],[32.385113,52.261111],[32.398375,52.247445],[32.384858,52.241766],[32.362225,52.239978],[32.345803,52.247331],[32.325289,52.222745],[32.331531,52.200784],[32.344952,52.196547],[32.347742,52.184019],[32.339546,52.180752],[32.325908,52.160746],[32.324304,52.151003],[32.331799,52.156364],[32.363328,52.155823],[32.369233,52.148051],[32.360033,52.140701],[32.334083,52.141169],[32.329566,52.134098],[32.320865,52.136105],[32.316118,52.123048],[32.295583,52.120106],[32.29611,52.111429],[32.288827,52.102242],[32.253188,52.090984],[32.229232,52.088156],[32.207643,52.078298],[32.197735,52.067594],[32.185427,52.071238],[32.155265,52.071078],[32.146048,52.06793],[32.147005,52.058276],[32.139176,52.053224],[32.132721,52.054505],[32.130799,52.046933],[32.106701,52.046779],[32.097024,52.044088],[32.095456,52.033982],[32.060007,52.036461],[32.042622,52.03981],[32.037596,52.04527],[32.020704,52.049461],[31.968785,52.05491],[31.951752,52.046652],[31.940214,52.048949],[31.916457,52.042982],[31.91828,52.047036],[31.926969,52.048133],[31.919127,52.05417],[31.92845,52.058097],[31.941606,52.057082],[31.954403,52.063158],[31.960777,52.07193],[31.954105,52.081517],[31.941516,52.082137],[31.92755,52.092301],[31.894415,52.105346],[31.858212,52.111245],[31.850671,52.110591],[31.846654,52.109551],[31.833112,52.104584],[31.823455,52.09897],[31.809419,52.099002],[31.797746,52.103063],[31.7959,52.104612],[31.79401,52.107927],[31.786061,52.112187],[31.784854,52.112228],[31.781759,52.111992],[31.781697715116866,52.11280320098001],[31.7817588,52.1119918],[31.7803736,52.1117097],[31.7775137,52.1116213],[31.7759765,52.1117616],[31.7714783,52.1113087],[31.7687089,52.1102487],[31.7655107,52.1083978],[31.762891,52.1062511],[31.7586818,52.104685],[31.7515547,52.104094],[31.7481369,52.1035046],[31.7449942,52.1025599],[31.7397061,52.1004552],[31.7312764,52.0974316],[31.7262804,52.0959762],[31.7222288,52.0953116],[31.7183474,52.0993822],[31.7139651,52.1073734],[31.6999189,52.1076227],[31.6933392,52.1106122],[31.6595756,52.1166385],[31.6072961,52.111546],[31.5797383,52.1189749],[31.5169519,52.1264751],[31.4896104,52.1170545],[31.46358,52.1239335],[31.4539934,52.1398052],[31.4416555,52.1430323],[31.4034763,52.1429363],[31.3913624,52.1356391],[31.3785643,52.1342408],[31.3869012,52.122415],[31.3759662,52.1188224],[31.3729039,52.1142843],[31.3259039,52.1055242],[31.3235481,52.0940772],[31.3129553,52.0868483],[31.3215924,52.0819421],[31.2988207,52.0520295],[31.2537094,52.0425541],[31.2327116,52.049311],[31.2122525,52.0623993],[31.2158222,52.0695767],[31.2027358,52.0748546],[31.1594315,52.0784375],[31.1394041,52.1033206],[31.0966967,52.0893224],[31.0711644,52.0917668],[30.9816833,52.0780511],[30.9636041,52.0827849],[30.9657209,52.0889487],[30.9585676,52.0911043],[30.9500693,52.0889373],[30.9323193,52.0327496],[30.9145014,52.0219122],[30.8922043,51.9974713],[30.885401,51.9710531],[30.8072359,51.9454656],[30.8238519,51.9207224],[30.7992733,51.899367],[30.7484265,51.9009096],[30.664748,51.8142461],[30.6175957,51.7124362],[30.5624349,51.6616339],[30.5263677,51.5742],[30.5460235,51.5406491],[30.5701297,51.5517113],[30.5783099,51.5506498],[30.5837727,51.5452084],[30.5837416,51.53934],[30.5657696,51.5137282],[30.5850929,51.5024474],[30.588715,51.4790371],[30.607173,51.471822],[30.6208216,51.4705925],[30.6199649,51.4597933],[30.6115018,51.4578623],[30.6006355,51.459567],[30.588397,51.4562438],[30.5789075,51.4492827],[30.5855452,51.4288793],[30.5941769,51.4231742],[30.601225,51.4243171],[30.6069809,51.4274572],[30.6134241,51.4286703],[30.6178074,51.4275271],[30.6203725,51.424574],[30.6191609,51.4160547],[30.6239467,51.4148592],[30.6300838,51.4101131],[30.6353215,51.399386],[30.6532546,51.3800895],[30.6503532,51.3728711],[30.6427038,51.3694448],[30.6364766,51.3623727],[30.6371166,51.3578729],[30.6485997,51.3505924],[30.6523386,51.3420358],[30.6461275,51.3356312],[30.6344418,51.3350037],[30.6213891,51.331522],[30.598042,51.318195],[30.5932395,51.3132346],[30.5954083,51.3097954],[30.603413,51.3085021],[30.6111825,51.3091345],[30.6168915,51.305474],[30.6222567,51.3050328],[30.6178793,51.298463],[30.6176226,51.2897466],[30.6106426,51.2820178],[30.5987826,51.2811337],[30.5923381,51.2810133],[30.581088,51.276597],[30.5721361,51.273965],[30.5707143,51.2687009],[30.5586005,51.2669791],[30.539279,51.2622478],[30.5054194,51.2796862],[30.4745781,51.2762672],[30.4637937,51.273374],[30.4533531,51.2739163],[30.4518214,51.2761284],[30.4544096,51.2785552],[30.451333,51.28066],[30.4530562,51.2864366],[30.456153,51.2853418],[30.4627309,51.289466],[30.4642146,51.2938499],[30.4593461,51.2963561],[30.4623738,51.3065903],[30.4432716,51.3092961],[30.4212536,51.3050229],[30.397752,51.3127909],[30.3917544,51.3218447],[30.32443,51.3616012],[30.3582838,51.3780664],[30.3420142,51.4241004],[30.3222295,51.4343228],[30.2883454,51.463586],[30.2698846,51.4701661],[30.2462638,51.4857244],[30.2137029,51.4927774],[30.1800924,51.5126457],[30.1656492,51.5084942],[30.1623695,51.4889571],[30.1449421,51.495591],[30.1326592,51.5056429],[30.1207922,51.5048004],[30.1281149,51.4879705],[30.1127041,51.4873715],[30.0792483,51.4974358],[30.0756876,51.496102],[30.0625136,51.4992562],[30.0581044,51.4981215],[30.0440821,51.4999783],[30.0325157,51.5039043],[30.0279866,51.5030206],[30.0135009,51.5051281],[30.0117713,51.5026997],[30.0179377,51.4955695],[30.0129463,51.4945308],[30.0120751,51.4900719],[30.0081665,51.4899461],[30.0035714,51.4885375],[30.0009047,51.4861477],[29.9907661,51.4822225],[29.981486,51.4856727],[29.9758104,51.4850605],[29.9721863,51.4828734],[29.9699063,51.474843],[29.9675656,51.4726451],[29.9614873,51.4717749],[29.9554091,51.4726153],[29.9511485,51.4751511],[29.9492128,51.4778107],[29.9469333,51.4838915],[29.9232008,51.4901968],[29.9103735,51.4860268],[29.8896522,51.4835646],[29.8879281,51.4786857],[29.8824279,51.4768003],[29.8887729,51.472456],[29.8848178,51.4629792],[29.8750207,51.4564826],[29.8778481,51.4458523],[29.8742847,51.4442284],[29.8561953,51.4490866],[29.8490908,51.4492361],[29.8433284,51.4578898],[29.8133681,51.4491009],[29.8101864,51.4593503],[29.7908483,51.4576352],[29.7933683,51.4415849],[29.7811278,51.4465071],[29.7661385,51.4490741],[29.7402721,51.458483],[29.7433133,51.4618858],[29.7262594,51.4913756],[29.7459425,51.4931789],[29.7358553,51.5107298],[29.742998,51.513203],[29.7383306,51.5244804],[29.7381254,51.531272],[29.7070966,51.5279998],[29.7068657,51.5213383],[29.6404916,51.4994174],[29.6335245,51.5063336],[29.6051247,51.4942571],[29.6053627,51.4726591],[29.5772856,51.4610021],[29.5374362,51.4830151],[29.5311705,51.468115],[29.5330178,51.464301],[29.5263885,51.45833],[29.5194175,51.4534281],[29.515065,51.446785],[29.519982,51.4223804],[29.5126523,51.4234401],[29.5037816,51.4039477],[29.4950877,51.3964472],[29.4795433,51.3983221],[29.4296549,51.4128248],[29.4157484,51.4138786],[29.3931288,51.4079853],[29.3722332,51.3984472],[29.3654227,51.3892256],[29.351549,51.3848284],[29.3427599,51.3843717],[29.3343139,51.3856284],[29.32707,51.3808852],[29.3212005,51.3782844],[29.3172291,51.3863772],[29.3170618,51.3926818],[29.3224717,51.3965839],[29.3254791,51.4021995],[29.3182299,51.4115114],[29.317846,51.4154696],[29.3119267,51.4210307],[29.3108106,51.4340861],[29.3028704,51.4435033],[29.3035116,51.4546322],[29.2862493,51.4600837],[29.2698437,51.4586874],[29.2669899,51.4769191],[29.2518294,51.4828238],[29.2456388,51.5003309],[29.2493224,51.5154392],[29.2488264,51.5226066],[29.2600322,51.5297381],[29.2512151,51.5689556],[29.2375347,51.5701987],[29.2137419,51.5673003],[29.2154003,51.5694743],[29.2083328,51.5738696],[29.2075421,51.5776678],[29.2023388,51.5819145],[29.2028245,51.5836116],[29.2051269,51.5842472],[29.2062785,51.5917114],[29.2082256,51.592672],[29.2060235,51.5974716],[29.1806306,51.6078148],[29.1774555,51.6086674],[29.1764684,51.6118119],[29.17812,51.613331],[29.1858981,51.6211787],[29.165067,51.6251563],[29.1568508,51.6298772],[29.160496,51.6326468],[29.1642935,51.6333924],[29.1655918,51.635683],[29.1650781,51.6382265],[29.1669678,51.6422615],[29.1717777,51.6457505],[29.1764202,51.648148],[29.1749206,51.6510013],[29.1742803,51.6509352],[29.1736598,51.6500234],[29.1703025,51.6505794],[29.1691768,51.6516678],[29.1674668,51.6529733],[29.1662211,51.6529697],[29.165169,51.6533141],[29.1644603,51.6533921],[29.1634759,51.6532442],[29.1624915,51.6525638],[29.1601794,51.65312],[29.1555974,51.6515151],[29.1467407,51.6522831],[29.1459998,51.6521558],[29.1453447,51.6517622],[29.1444621,51.6512311],[29.1437941,51.651126],[29.1423294,51.6511289],[29.1416665,51.650718],[29.140789,51.6495882],[29.1401071,51.6492724],[29.1378848,51.6493863],[29.136616,51.6501465],[29.1345077,51.6502291],[29.1313728,51.6517427],[29.1306821,51.6515212],[29.1172829,51.6565087],[29.1007857,51.6451901],[29.0942483,51.6431373],[29.0946104,51.634617],[29.0924744,51.6295576],[29.089261,51.6281999],[29.0851892,51.6286536],[29.0747601,51.6282339],[29.0694822,51.6266152],[29.0662426,51.6248999],[29.0626598,51.6244101],[29.061413,51.6223567],[29.0617451,51.6211772],[29.0612188,51.6203175],[29.0597372,51.6199836],[29.0565166,51.6182232],[29.0544979,51.6160898],[29.0541093,51.6137418],[29.0470488,51.6073443],[29.0391319,51.6020124],[29.0297785,51.5901674],[29.0225096,51.5867694],[29.0106365,51.5798168],[28.9984236,51.5732363],[28.9862959,51.5718159],[28.9810348,51.5720485],[28.9745464,51.5731001],[28.9689253,51.5784602],[28.96665,51.5910206],[28.9236692,51.5850406],[28.9197412,51.5873466],[28.9061036,51.5884984],[28.9037064,51.5885649],[28.8843978,51.5843848],[28.8814425,51.5825056],[28.8813259,51.5794489],[28.8768476,51.5760536],[28.8695374,51.5750051],[28.8682357,51.5738812],[28.8682216,51.5715304],[28.8646314,51.5692881],[28.8594107,51.568646],[28.8576156,51.5679516],[28.8497659,51.5641363],[28.8426038,51.5626681],[28.836047,51.5584509],[28.8275165,51.5599962],[28.8200941,51.5588548],[28.8168308,51.5567839],[28.812925,51.5528399],[28.807475,51.5489491],[28.8046867,51.5383642],[28.7969221,51.5337581],[28.7890393,51.524815],[28.7806376,51.5106765],[28.7617293,51.4872135],[28.7613196,51.4825911],[28.7702132,51.4778224],[28.7744856,51.4734081],[28.7732734,51.4702399],[28.7762324,51.4572664],[28.7800294,51.4538294],[28.7790093,51.4500253],[28.7738648,51.4502632],[28.771034,51.4484504],[28.7714648,51.4459957],[28.7664913,51.4314566],[28.7667503,51.4277698],[28.7575793,51.4192239],[28.7555748,51.4178344],[28.7537142,51.4155873],[28.7526912,51.4148649],[28.7513249,51.4154272],[28.7494505,51.4171942],[28.7490461,51.4222297],[28.7504689,51.4244861],[28.7397533,51.4258406],[28.7413969,51.4290145],[28.7334357,51.4343986],[28.7362871,51.4649278],[28.7219008,51.4601801],[28.719946,51.4509057],[28.6971696,51.4416677],[28.6833229,51.4445171],[28.6513337,51.5240613],[28.6548842,51.5263993],[28.6489354,51.5459343],[28.6402945,51.5535676],[28.6485044,51.5582384],[28.6466019,51.5610542],[28.6336839,51.5567334],[28.630379,51.5608433],[28.6359142,51.5639394],[28.6423083,51.5657547],[28.6481428,51.5661868],[28.654319,51.5657704],[28.6580887,51.5673919],[28.6539808,51.569274],[28.6491799,51.569628],[28.6468652,51.5685244],[28.6328333,51.5686128],[28.6327053,51.5727552],[28.5548637,51.5723915],[28.5547767,51.58215],[28.5230599,51.581986],[28.5174321,51.5904589],[28.4685745,51.5933135],[28.4488002,51.5840931],[28.4205507,51.5658105],[28.3981541,51.5544582],[28.390102,51.5507609],[28.3684821,51.5432537],[28.3539047,51.5395871],[28.3512267,51.5409429],[28.3506084,51.5433663],[28.3538352,51.5516293],[28.3546242,51.5578006],[28.34236,51.577048],[28.325936,51.5851208],[28.3244441,51.589673],[28.3214051,51.5900658],[28.3116457,51.5987401],[28.3102962,51.6014426],[28.2791462,51.6233235],[28.2555428,51.6193268],[28.2527071,51.6268829],[28.2650217,51.666824],[28.2705819,51.672792],[28.2682124,51.6773196],[28.2681433,51.6805946],[28.2598343,51.6817407],[28.2558811,51.6788417],[28.2484953,51.6779647],[28.2349274,51.6718456],[28.2318375,51.6678],[28.2276749,51.6668953],[28.1708279,51.6444731],[28.1685532,51.6329663],[28.1698193,51.6308889],[28.1691971,51.6264672],[28.1479436,51.6049886],[28.1299598,51.6078118],[28.1202222,51.5986426],[28.1173291,51.5868059],[28.1137505,51.583608],[28.1066825,51.5825772],[28.1014323,51.5782211],[28.0814216,51.5745038],[28.0724403,51.5799043],[28.063467,51.5727052],[28.04697,51.5661159],[27.9388704,51.5569071],[27.93728,51.5597553],[27.955346,51.5716775],[27.9588558,51.5781383],[27.9660573,51.5808117],[27.9748636,51.5937985],[27.9671414,51.5955383],[27.9603605,51.5921153],[27.9575067,51.5927155],[27.9510309,51.5862527],[27.946359,51.5803763],[27.9403848,51.5786583],[27.9362991,51.5785936],[27.9323852,51.5777553],[27.929158,51.5774503],[27.923047,51.5775602],[27.9202833,51.5782033],[27.9244927,51.5941276],[27.9232491,51.5978555],[27.9224774,51.6053954],[27.9173094,51.6101184],[27.9155741,51.6134289],[27.9127896,51.6161056],[27.911941,51.6164758],[27.9083159,51.6169993],[27.8962144,51.6172477],[27.8925242,51.6170691],[27.8895527,51.6188213],[27.8870584,51.6222553],[27.8848428,51.6233445],[27.8781354,51.6237503],[27.8746796,51.6249365],[27.8739955,51.6255544],[27.8729251,51.626039],[27.8706985,51.6262623],[27.8681764,51.627135],[27.8676919,51.6277482],[27.8661331,51.6286075],[27.8613556,51.6302126],[27.8595251,51.6305857],[27.854384,51.630166],[27.8483417,51.6293731],[27.832879,51.6235981],[27.8194371,51.617315],[27.8263836,51.6134147],[27.8342731,51.6101002],[27.8411247,51.6081744],[27.8295078,51.5967547],[27.8297897,51.5859534],[27.8288578,51.5839658],[27.8283122,51.5821781],[27.8259264,51.5801542],[27.8249638,51.5782467],[27.8266846,51.575841],[27.828062,51.5749821],[27.8298726,51.5742778],[27.8286357,51.5724534],[27.8288327,51.5714613],[27.8311198,51.5700317],[27.8322202,51.5687834],[27.8320448,51.567831],[27.8337595,51.5662078],[27.8339302,51.5644358],[27.8351307,51.5628772],[27.8365818,51.5622532],[27.8374285,51.5616714],[27.8378461,51.5608228],[27.8376512,51.5596059],[27.8393212,51.5577589],[27.8366567,51.5564724],[27.836667,51.5557513],[27.8374498,51.5551635],[27.8399063,51.5548959],[27.8407053,51.5523206],[27.8399593,51.5508126],[27.841545,51.5501695],[27.844104,51.5507873],[27.8456749,51.5497851],[27.8467307,51.5478757],[27.8486705,51.5478995],[27.8482586,51.5471467],[27.8466624,51.5464417],[27.848671,51.5462973],[27.8495636,51.5430569],[27.8422659,51.5387341],[27.8327381,51.534731],[27.799181,51.5326466],[27.7832246,51.5084325],[27.7662526,51.4931904],[27.7644772,51.4784288],[27.7615013,51.4736096],[27.7535349,51.4730517],[27.7383931,51.4745897],[27.7187817,51.489917],[27.7015263,51.4980649],[27.6922074,51.4977833],[27.6634827,51.5173738],[27.6782367,51.5196015],[27.6765144,51.5396653],[27.7209034,51.5616829],[27.7297858,51.5920029],[27.7253021,51.5946574],[27.7228775,51.6034967],[27.7020401,51.6056324],[27.6896461,51.6045668],[27.6883412,51.6080317],[27.684942,51.6087513],[27.6844609,51.6111766],[27.6676842,51.6109868],[27.6455838,51.6159104],[27.6417503,51.61107],[27.6331111,51.6096405],[27.6329699,51.6075178],[27.6201263,51.6055013],[27.5501862,51.6371758],[27.5457188,51.6279647],[27.5393651,51.6209911],[27.517043,51.6365587],[27.5076903,51.6294291],[27.5126296,51.6067328],[27.5272871,51.6075926],[27.5122983,51.5902692],[27.5034943,51.5867545],[27.4820864,51.5935781],[27.4800721,51.6026401],[27.4873271,51.6079702],[27.4871155,51.611701],[27.482575,51.6142579],[27.4692585,51.606523],[27.4560774,51.6105966],[27.4545671,51.6195733],[27.4267039,51.6139233],[27.4266901,51.6057398],[27.392519,51.6049099],[27.3588477,51.6157151],[27.3441884,51.6060807],[27.2672258,51.6060232],[27.2682005,51.6020952],[27.2403374,51.6015775],[27.2500269,51.6107675],[27.2447476,51.6209058],[27.2732105,51.6469231],[27.2732554,51.6543245],[27.2498646,51.6673698],[27.2084941,51.6637497],[27.2022286,51.7732886],[26.9933166,51.769677],[26.9481697,51.7359901],[26.9104153,51.7495118],[26.8954406,51.7466994],[26.8882636,51.7489183],[26.8779964,51.7483732],[26.8555393,51.7620664],[26.8464658,51.7653448],[26.8170623,51.7628377],[26.8029442,51.7518272],[26.7868641,51.7598999],[26.7893217,51.7637222],[26.7846051,51.7643728],[26.7785155,51.7624733],[26.7766352,51.7669612],[26.7660063,51.7729612],[26.7565748,51.7712075],[26.7558058,51.7847217],[26.7505287,51.7945049],[26.7543494,51.8013153],[26.7314472,51.8157034],[26.7187789,51.8110332],[26.7052536,51.811668],[26.6922747,51.8232289],[26.6595509,51.8248879],[26.650339,51.8250613],[26.6457621,51.823855],[26.6115734,51.8249282],[26.6016876,51.8292817],[26.5935173,51.8301334],[26.5900766,51.8206636],[26.5527392,51.8130106],[26.5530434,51.8016994],[26.5471687,51.7968633],[26.4691486,51.8001542],[26.4686258,51.8128918],[26.4395223,51.8178815],[26.4286065,51.8317809],[26.4248878,51.8331066],[26.395978,51.8313799],[26.3942399,51.8317614],[26.3957633,51.8330977],[26.3950768,51.8776878],[26.370947,51.8624437],[26.3558641,51.8623936],[26.3402657,51.8639316],[26.3281903,51.8637348],[26.3041,51.860355],[26.2927112,51.8671506],[26.2881875,51.8687515],[26.2783679,51.8659104],[26.2762727,51.8714427],[26.2264549,51.8696403],[26.2202397,51.870587],[26.2194647,51.8668773],[26.1909256,51.862478],[26.177492,51.8684634],[26.1550042,51.8652709],[26.1560249,51.8776469],[26.1468319,51.8786648],[26.1408612,51.8741924],[26.1214968,51.8930316],[26.1038804,51.9015684],[26.093811,51.9126456],[26.0478058,51.9143398],[26.0450617,51.9198462],[26.0440337,51.9256701],[26.0059237,51.9301171],[26.0002555,51.9300084],[25.9977605,51.9334526],[25.9338226,51.9166693],[25.8736602,51.9212341],[25.8664919,51.9251475],[25.8352692,51.9261507],[25.8260192,51.9249273],[25.8178015,51.9290419],[25.8190241,51.9374963],[25.8249034,51.9374703],[25.8243488,51.9426857],[25.8101352,51.9459491],[25.7813121,51.9455163],[25.7796102,51.9496314],[25.7654228,51.9494806],[25.7802715,51.9223336],[25.7670315,51.9234607],[25.7616875,51.9246929],[25.7567621,51.9243164],[25.7523518,51.9225634],[25.7073155,51.9166164],[25.6640187,51.9186418],[25.5929031,51.9242392],[25.5268135,51.9401689],[25.5184861,51.9266998],[25.509819,51.9213808],[25.5059462,51.9237345],[25.503618,51.9262469],[25.5009355,51.9275665],[25.4966974,51.9279218],[25.4920892,51.9296078],[25.4877383,51.930288],[25.4864132,51.9294861],[25.4854316,51.9246089],[25.4811087,51.9206763],[25.4736418,51.9204922],[25.4491371,51.9218411],[25.4098262,51.9217778],[25.4052135,51.9254141],[25.3828596,51.927561],[25.378015,51.9260541],[25.3718692,51.9277417],[25.3695855,51.9293232],[25.3668295,51.9321749],[25.3638156,51.9340209],[25.3584563,51.9342874],[25.3505653,51.9321456],[25.3467953,51.9322256],[25.3430252,51.9329934],[25.3375447,51.9350581],[25.3357242,51.93842],[25.3334564,51.9392699],[25.3259707,51.9390467],[25.320373,51.9410985],[25.3193048,51.9450959],[25.3090734,51.9491589],[25.3021876,51.9540678],[25.291095,51.9552998],[25.2883271,51.9593877],[25.2831473,51.9613676],[25.2738471,51.9622893],[25.2641286,51.9679927],[25.2579487,51.9688686],[25.2450313,51.9668881],[25.2332506,51.9613757],[25.225076,51.9610983],[25.2123304,51.9667294],[25.1915588,51.9691561],[25.1811684,51.965565],[25.1649862,51.9628714],[25.1566612,51.9564719],[25.1392594,51.9526114],[25.1171819,51.9511547],[25.1007929,51.9533689],[25.0797398,51.9471602],[25.0676063,51.9410521],[25.0577065,51.9387525],[25.0198049,51.9189858],[24.9956522,51.9157262],[24.9943736,51.914056],[24.9945541,51.9119622],[24.9666824,51.8980302],[24.9646222,51.8981635],[24.9569402,51.8967207],[24.9542581,51.8970583],[24.9496877,51.8963366],[24.9320068,51.8969709],[24.9307203,51.8973677],[24.9197759,51.9113748],[24.8533796,51.899201],[24.8433008,51.8964412],[24.8354259,51.9118381],[24.8339279,51.9123385],[24.8312712,51.9127858],[24.8217948,51.9129654],[24.8099451,51.912013],[24.8033333,51.9087561],[24.8027214,51.9063433],[24.8003071,51.9041424],[24.7968523,51.9015938],[24.7947499,51.8962319],[24.7818792,51.8924714],[24.7667337,51.8846438],[24.7540369,51.8829862],[24.7515378,51.8834556],[24.7484,51.8826042],[24.7469169,51.8825228],[24.744318,51.8830242],[24.741776,51.8827251],[24.7404356,51.8830618],[24.7402008,51.884371],[24.741511,51.8853623],[24.7403533,51.8857839],[24.7371996,51.8852266],[24.734475,51.885199],[24.7332738,51.8856614],[24.7325874,51.8863429],[24.7336176,51.887978],[24.7337901,51.8892207],[24.7330668,51.889629],[24.7288244,51.8894546],[24.726553,51.8903076],[24.725277,51.8904016],[24.7242585,51.8911314],[24.7241956,51.8923789],[24.7230856,51.8938729],[24.7191059,51.8938947],[24.7173306,51.8956004],[24.7154694,51.8964057],[24.6730039,51.8929789],[24.6631522,51.8995039],[24.6249046,51.9030084],[24.6195333,51.9019788],[24.6064376,51.9014251],[24.5739851,51.8943285],[24.5683962,51.8893229],[24.538308,51.8873035],[24.516889,51.8886952],[24.4775908,51.8819684],[24.3887683,51.8817736],[24.3730774,51.8785886],[24.3497143,51.8660871],[24.3485068,51.863386],[24.3395747,51.8638648],[24.3342374,51.8563998],[24.3417775,51.8473977],[24.3336964,51.8448641],[24.3339034,51.8435774],[24.3260248,51.8351384],[24.312657,51.8262742],[24.3103412,51.8245479],[24.299589,51.8140592],[24.2983247,51.8136228],[24.3001779,51.8117114],[24.2966388,51.8085308],[24.2945423,51.8023834],[24.2945475,51.7979722],[24.3063077,51.7799722],[24.305451,51.7705186],[24.3195191,51.7507644],[24.2707672,51.7166912],[24.1187611,51.6662518],[24.1039288,51.6461674],[24.1015466,51.641899],[24.0990418,51.6390697],[24.0755151,51.6187655],[24.0286424,51.6022162],[24.0174809,51.5960861],[24.0177364,51.5911804],[24.0139381,51.588061],[24.011685,51.5877144],[23.9996048,51.5811281],[23.9961948,51.5800879],[23.9837953,51.5827096],[23.9725097,51.5868235],[23.9587775,51.5886498],[23.9436664,51.5967792],[23.9341294,51.5968478],[23.9275964,51.5978222],[23.9034577,51.5980621],[23.8811889,51.5922462],[23.8764733,51.5971423],[23.8801545,51.6086052],[23.8815116,51.6095355],[23.8826626,51.6098141],[23.8888705,51.6135545],[23.9064555,51.6270067],[23.9121451,51.631409],[23.901168,51.6344677],[23.8835368,51.6386434],[23.8762149,51.6414932],[23.8712527,51.6427447],[23.865279,51.6430452],[23.8586401,51.6425598],[23.8514326,51.6415081],[23.8489556,51.6406558],[23.8460923,51.6406024],[23.8368593,51.643611],[23.8297532,51.645328],[23.8276252,51.6456334],[23.8087033,51.6415829],[23.8059831,51.6404342],[23.8036282,51.6400305],[23.7885275,51.6399723],[23.7888817,51.6444654],[23.7878196,51.646748],[23.7888175,51.6508416],[23.7885656,51.653514],[23.7911033,51.6567989],[23.790492,51.6611586],[23.7867475,51.6662636],[23.7814465,51.667423],[23.7763796,51.666541],[23.7708421,51.664423],[23.7700256,51.6638488],[23.767707,51.6631015],[23.7651962,51.662542],[23.761913,51.6615565],[23.7598099,51.6604373],[23.7544015,51.6590485],[23.7477512,51.6594352],[23.7352422,51.6576574],[23.7295037,51.65485],[23.7214166,51.6531371],[23.7174206,51.6510048],[23.7048423,51.6486589],[23.700461,51.648576],[23.6961655,51.6491853],[23.6784496,51.6528877],[23.6763381,51.6511973],[23.6756259,51.6487545],[23.6709657,51.6456725],[23.6666239,51.641532],[23.6600513,51.6392022],[23.650726,51.6393893],[23.6450914,51.6389367],[23.6428134,51.6380843],[23.63264,51.6312653],[23.6308331,51.6291873],[23.6289363,51.6284944],[23.6231178,51.6274418],[23.6191022,51.625057],[23.604206,51.6212453],[23.6049453,51.6163131],[23.6156138,51.6129947],[23.6199546,51.6087267],[23.6250427,51.608032],[23.6260104,51.5994478],[23.6315967,51.5921912],[23.6388269,51.5939392],[23.652055,51.5883073],[23.6580719,51.587154],[23.6629143,51.5821146],[23.6646497,51.5762097],[23.6596909,51.5671042],[23.6538939,51.5675645],[23.6440662,51.5590606],[23.636987,51.5568525],[23.6366501,51.5496223],[23.6554111,51.5357147],[23.6563156,51.5323766],[23.6709918,51.5200405],[23.6757889,51.5056219],[23.6716921,51.5009522],[23.6724676,51.5000077],[23.6658619,51.4979945],[23.6620918,51.5001662],[23.6234791,51.5042907],[23.6178532,51.5077054],[23.6129193,51.5277183],[23.5939672,51.5332379],[23.5674592,51.5332002],[23.5648083,51.5745708],[23.5415381,51.6031367],[23.5444312,51.6312676],[23.5591999,51.6894727],[23.5382552,51.7442723],[23.6393707,51.797717],[23.6068351,51.8387323],[23.6333645,51.9484237],[23.6920181,51.9930039],[23.6017795,52.1158221],[23.5482514,52.1169052],[23.4905281,52.1761289],[23.1978575,52.226678],[23.1781685,52.284163],[23.3842459,52.4859549],[23.4688131,52.5488578],[23.6376029,52.6052797],[23.7516738,52.6148165],[23.9373118,52.7081916],[23.9348113,52.9612955],[23.8761919,53.0853207],[23.9143406,53.1672683],[23.810585,53.2554539],[23.600538,53.6877974],[23.5215502,53.95384],[23.6136606,53.9280921],[23.8505182,53.957127],[23.9379621,53.9578225],[23.9841628,53.9293872],[24.197482,53.9628262],[24.3306704,53.9050694],[24.4335024,53.911895],[24.5177244,53.9686402],[24.673436,54.0239507],[24.6987062,54.0160069],[24.7030959,53.9651955],[24.8393461,54.0305958],[24.763652,54.1113989],[24.97024,54.1711182],[25.0700692,54.1361087],[25.2195911,54.2553018],[25.4929988,54.30676],[25.5637829,54.2634518],[25.5795343,54.2105026],[25.5154904,54.1799892],[25.5466632,54.154103],[25.6436787,54.1313995],[25.7141522,54.1647617],[25.780911,54.1590357],[25.7575543,54.2697931],[25.6770609,54.3123116],[25.5483664,54.3347215],[25.6312239,54.4243849],[25.6286529,54.459546],[25.6783304,54.5346059],[25.7558638,54.5650762],[25.7453515,54.8062312],[25.8671549,54.9142814],[26.1783917,54.9847817],[26.3228878,55.1333813],[26.6574671,55.1608697],[26.8283341,55.3038612],[26.4613104,55.350284],[26.6537761,55.6710082],[27.1515883,55.8394298],[27.5782544,55.7793737],[27.6425992,55.8954987],[27.966338,56.113172],[28.03298,56.1097039],[28.2182224,56.3619373],[27.8058377,57.3176838],[27.3804357,57.5207401],[27.7686893,57.9074692],[27.3880333,58.7712328],[28.2541179,59.4138449],[27.9609154,59.444584],[27.9574068,60.4823607],[31.6264442,62.9009404],[30.3266268,64.2530072],[30.1802173,65.8301273],[28.6442017,68.960531],[32.1084543,69.6440189],[35.6077684,69.1630408],[40.7477354,67.6515359],[43.6134748,68.7397902],[67.3155182,68.8863773],[70.085138,73.005336],[77.2884899,72.2293443],[89.6646654,75.319809],[100.0903676,76.3704008],[103.9304176,77.7084132],[112.3509051,76.4991834],[108.0876361,73.6636673],[121.7973883,73.2810862],[130.4785517,71.2471329],[141.6485125,72.6334243],[160.7022107,69.7386501],[175.9505008,70.0050715],[178.7978889,64.759547],[176.887949,64.8273171],[179.1559572,63.7381844],[179.2154125,62.4058416],[170.5516088,60.1419123],[156.7134586,51.0157997],[155.7027801,54.0264773],[155.8695278,56.3097413],[164.6757775,62.4220816],[154.8402374,59.2035561],[142.7281145,59.2803948],[137.1417899,55.1986762],[141.3328493,53.2897569],[140.1669569,48.4611742],[135.4938874,43.7864161],[133.3975159,42.7482909],[130.6868601,42.2731612],[130.3813142,42.7304594],[131.132861,42.9449873],[131.1737521,45.3094064],[133.0038595,45.034373],[134.7955377,48.6518206],[131.168075,47.7529095],[127.8536347,49.8613906],[125.6142058,53.3659459],[120.8456405,53.3999835],[118.1169657,49.4324556],[109.3572214,49.3012064],[99.5738721,51.9222574],[87.4784341,49.0563967],[70.5840707,55.6144986],[61.3537798,54.0370749],[60.4304942,50.7695572],[52.3592441,51.7798792],[47.1317898,50.283568],[46.4538275,48.4437879],[49.3739554,46.1897823],[48.7092473,45.640446],[47.6800254,45.5983106],[46.8730085,44.3301704],[47.6473285,43.8609518],[47.459502,43.0339878],[48.5719185,41.8519222],[47.8162658,41.2158985],[47.5387936,41.2154299],[47.2826924,41.3630187],[46.7658458,41.8618292],[45.6396508,42.2261208],[45.782919,42.4987943],[45.3649186,42.538667],[45.1719009,42.6914421],[44.9451944,42.754976],[44.6876771,42.733973],[44.335752,42.7187779],[43.9738553,42.5571016],[43.7662427,42.6209248],[43.8340154,42.7383444],[43.1919344,42.9623882],[42.8539181,43.1843417],[41.6570788,43.240541],[40.6730993,43.5661763],[40.5588905,43.5229855],[40.1233109,43.5707122],[40.0053627,43.3808722],[39.923379,43.4143164],[39.8796889,43.497806],[39.7327591,43.5682653],[39.6252845,43.6672819],[39.3236868,43.9052481],[39.2842684,43.9420936],[39.1567948,44.0223788],[38.9809064,44.1668998],[38.8870245,44.1875315],[38.6901821,44.3212024],[38.3863953,44.368851],[38.3606915,44.3731916],[38.3035441,44.4040591],[38.2844435,44.4102999],[38.2516059,44.4135917],[38.2319361,44.4103601],[38.2037431,44.4179468],[38.1499535,44.4585742],[38.138093,44.48716],[38.1069854,44.5157418],[38.0502057,44.5503631],[37.986663,44.5676911],[37.9307337,44.6050317],[37.9036137,44.6320903],[37.9311587,44.6472943],[37.9119819,44.6686818],[37.879034,44.6823038],[37.8295705,44.7193429],[37.798496,44.7326667],[37.7898689,44.7342889],[37.7778097,44.7256664],[37.7880246,44.7089085],[37.7888871,44.6992996],[37.808284,44.6799279],[37.8007431,44.6683373],[37.7280581,44.6498107],[37.6587337,44.6681075],[37.6168597,44.6658654],[37.537878,44.6787268],[37.4657127,44.7042321],[37.3875964,44.7614994],[37.377979,44.7867161],[37.3395103,44.8280702],[37.3394772,44.8492318],[37.2947888,44.8908309],[37.3037101,44.8981433],[37.3133194,44.8996182],[37.3201843,44.9120365],[37.3098822,44.9278586],[37.2875554,44.9541539],[37.2487201,44.9823848],[37.1593185,45.0242359],[37.0684349,45.0514554],[36.8503088,45.1146779],[36.7411243,45.1121914],[36.6326406,45.142577],[36.5996659,45.1956437],[36.6078761,45.2061205],[36.6241728,45.3089839],[36.7836573,45.4417161],[36.8526209,45.4536476],[36.9241757,45.4325434],[37.0546276,45.369847],[37.2419248,45.3267941],[37.3879054,45.3298338],[37.5801661,45.4108742],[37.6241114,45.6724938],[37.8383448,45.7568748],[37.9179957,45.9534275],[37.9394705,45.9979226],[37.9673927,46.0287496],[37.988469,46.0443148],[38.0856265,46.0577661],[38.1701142,46.0644745],[38.1810607,46.0809181],[38.1810248,46.1054581],[38.192327,46.123092],[38.2173731,46.1388194],[38.2365675,46.1492433],[38.2442859,46.1590907],[38.2513283,46.2288482],[38.2686794,46.2586706],[38.2833659,46.2624263],[38.2802012,46.2733022],[38.2166125,46.3283324],[38.1408092,46.377862],[38.10339,46.3951444],[38.0718054,46.4017846],[38.0031398,46.395618],[38.0134386,46.3821174],[38.0120644,46.3677873],[37.9976466,46.3629324],[37.9707172,46.373241],[37.8812276,46.4337267],[37.7287923,46.6849044],[37.8290426,46.6434364],[37.9581319,46.6321215],[38.0556356,46.6462648],[38.1297933,46.6914986],[38.2176839,46.7009175],[38.2904684,46.7404592],[38.293215,46.6971502],[38.3206808,46.6670017],[38.4071981,46.654749],[38.4827291,46.6424936],[38.5376608,46.6566342],[38.5925924,46.6632319],[38.604952,46.6943245],[38.5788595,46.7263405],[38.529421,46.7376357],[38.4978353,46.7545742],[38.4758627,46.7470466],[38.444277,46.7564559],[38.4071981,46.7489286],[38.4003317,46.7319884],[38.4034216,46.718809],[38.4308874,46.709864],[38.3979284,46.7173967],[38.3924352,46.7319884],[38.3985704,46.7615116],[38.4112733,46.7995987],[38.420454,46.8239108],[38.4506664,46.852563],[38.4836253,46.867118],[38.5007915,46.8797918],[38.5488567,46.8581976],[38.5749492,46.856789],[38.6326274,46.8699347],[38.6724529,46.8722818],[38.6971721,46.8694652],[38.770811,46.8871124],[38.8223094,46.904473],[38.8587016,46.9199519],[38.8662547,46.94199],[38.9060802,46.9687049],[38.9150065,46.9555835],[38.9733714,46.9710477],[39.0248698,47.0028993],[39.105894,47.0398794],[39.1079539,47.0305198],[39.1244334,47.0267755],[39.1903514,47.0323919],[39.245283,47.0174135],[39.2940313,47.021173],[39.2191461,47.0863085],[39.2253831,47.144048],[39.2082636,47.1887096],[39.2289822,47.2528396],[39.1989548,47.286923],[39.086634,47.288107],[39.0666749,47.2827132],[39.0451861,47.2674076],[39.0343461,47.2637477],[38.9905531,47.2725467],[38.9551667,47.2692187],[38.9447775,47.2610283],[38.938726,47.2518064],[38.9385119,47.246313],[38.9361967,47.2250695],[38.9431497,47.2117531],[38.9565363,47.2049795],[38.9462416,47.1984286],[38.8975074,47.1994387],[38.8803613,47.1954246],[38.8656538,47.1754928],[38.8121854,47.175009],[38.7983714,47.1755332],[38.7917676,47.1725557],[38.7716956,47.1684652],[38.7584928,47.1702063],[38.7315604,47.1600399],[38.6894352,47.1555935],[38.6442322,47.1452938],[38.6376016,47.1410358],[38.5771008,47.1431261],[38.5671357,47.1410218],[38.5588883,47.1368151],[38.5584558,47.1285221],[38.5611128,47.1211635],[38.5701655,47.1176008],[38.5792181,47.1203453],[38.5791275,47.1223298],[38.5825266,47.1241911],[38.5847974,47.1190196],[38.5732776,47.114682],[38.555737,47.116263],[38.4121528,47.1411604],[38.3082633,47.1377137],[38.2263848,47.1192443],[38.1861252,47.0953262],[38.1646408,47.0712054],[38.1349384,47.0503524],[38.1317508,47.0681875],[38.1203185,47.0860222],[38.0905697,47.1048549],[38.0775072,47.1095827],[38.0589499,47.1110372],[38.0330743,47.0905137],[37.9981784,47.099132],[37.9809017,47.0987641],[37.9715774,47.0942561],[37.9849122,47.089748],[37.9829644,47.0871097],[37.9711601,47.0891435],[37.9002855,47.1114972],[37.8878099,47.1114258],[37.8834608,47.1102215],[37.8808283,47.1080824],[37.8686994,47.1078912],[37.8601868,47.1069626],[37.8478987,47.1034626],[37.8291619,47.0966936],[37.8198444,47.0913336],[37.8112654,47.0898147],[37.7926454,47.0849348],[37.7052294,47.0804616],[37.682783,47.0812569],[37.6766299,47.0828316],[37.6716779,47.0852243],[37.6301138,47.0951312],[37.6267358,47.0944073],[37.6266661,47.0937309],[37.6201916,47.0875747],[37.60898,47.0840827],[37.6083363,47.0841156],[37.6078321,47.0842801],[37.6075237,47.0844627],[37.6072474,47.0848937],[37.6062201,47.0893936],[37.6060273,47.0894721],[37.6057379,47.0883015],[37.605009,47.0874067],[37.6042184,47.0869319],[37.6032777,47.0865374],[37.6022531,47.0863549],[37.5952338,47.0862672],[37.5933924,47.0865594],[37.5931074,47.086742],[37.5929702,47.0869904],[37.5927622,47.087109],[37.592479,47.0871985],[37.5922324,47.0871254],[37.5947537,47.0834617],[37.5952149,47.0826289],[37.5952417,47.0818143],[37.5944853,47.0808902],[37.5937987,47.0804884],[37.5878979,47.0787056],[37.5870289,47.078691],[37.5858219,47.07887],[37.585044,47.0792828],[37.5837994,47.0809925],[37.5807471,47.0817632],[37.5734094,47.0857293],[37.5479819,47.0829479],[37.5371576,47.0811464],[37.5289089,47.0784089],[37.4957945,47.0429962],[37.4906057,47.0433361],[37.4718764,47.0268919],[37.455971,47.005974],[37.4380687,46.9868024],[37.416805,46.96764],[37.393471,46.950138],[37.3538911,46.908658],[37.3381472,46.8925416],[37.330418,46.885139],[37.3213381,46.8783906],[37.3163357,46.8748111],[37.3112481,46.87217],[37.3072293,46.8703416],[37.3014943,46.8685716],[37.2964189,46.8677013],[37.2927597,46.8677696],[37.2922712,46.8679945],[37.2917826,46.8688062],[37.2918922,46.8695208],[37.2922366,46.8699807],[37.2928696,46.8702395],[37.2939102,46.8703809],[37.296528,46.870693],[37.298473,46.871529],[37.2994757,46.8717923],[37.3003738,46.8728841],[37.3019387,46.874002],[37.3032246,46.8747239],[37.3066826,46.877433],[37.3082124,46.877949],[37.3096349,46.8798949],[37.3105532,46.8801285],[37.3114737,46.8807293],[37.3121796,46.8810661],[37.3126903,46.8810503],[37.3148103,46.8791278],[37.3153853,46.8792147],[37.3167757,46.8798736],[37.3187198,46.881778],[37.3205782,46.8840343],[37.3215632,46.8844802],[37.3227841,46.884574],[37.3234022,46.8855096],[37.3237307,46.8863132],[37.3238446,46.8870142],[37.3241248,46.8877665],[37.324641,46.8886214],[37.325695,46.889862],[37.3255097,46.8924273],[37.3248093,46.8961363],[37.3214341,46.9028651],[37.316807,46.914307],[37.305416,46.924305],[37.2785504,46.938813],[37.2353633,46.9506982],[37.2061991,46.9345316],[37.1928343,46.9338328],[37.1623123,46.9134353],[37.1288816,46.9087433],[37.0784097,46.8884346],[37.0624995,46.8837191],[37.0328616,46.8707494],[37.0092911,46.8697806],[36.9888133,46.8645828],[36.9200249,46.8257167],[36.9007221,46.8113051],[36.8676421,46.7698568],[36.831077,46.7020978],[36.8181332,46.7235176],[36.8113931,46.7312009],[36.8005303,46.7408837],[36.7884136,46.7490716],[36.773711,46.7564345],[36.767545,46.7606267],[36.7598331,46.7645833],[36.7291239,46.7770784],[36.7194567,46.7796112],[36.7097889,46.780615],[36.6965858,46.7807052],[36.6864652,46.7796327],[36.677718,46.7798526],[36.6604808,46.7809958],[36.6419051,46.7812737],[36.619296,46.7794322],[36.6083267,46.77707],[36.6013066,46.7742369],[36.6009995,46.7725679],[36.5808198,46.7654652],[36.5651836,46.7616038],[36.5351203,46.758223],[36.4208253,46.7289309],[36.3808745,46.7126844],[36.3562147,46.6985484],[36.3078971,46.6533092],[36.2762122,46.6141753],[36.2618793,46.6178331],[36.2522849,46.6342899],[36.2385644,46.6462662],[36.2195134,46.6605428],[36.192899,46.6708091],[36.1464437,46.6692261],[36.1294883,46.6627744],[36.1046406,46.6582038],[36.0466479,46.66825],[36.0191926,46.6678425],[35.986248,46.6617727],[35.9364941,46.6611639],[35.8948151,46.6525284],[35.866125,46.6433028],[35.829556,46.6236964],[35.7154764,46.5777071],[35.6472506,46.5211653],[35.5907023,46.4852969],[35.5684938,46.4758551],[35.5437031,46.4700776],[35.5324852,46.4667109],[35.523672,46.4620427],[35.510182,46.4564573],[35.4960078,46.4524076],[35.4809207,46.450724],[35.462059,46.4458445],[35.4444499,46.4356123],[35.4398879,46.4414671],[35.4826067,46.4562503],[35.4928592,46.4623966],[35.4974638,46.4704649],[35.4941544,46.4793378],[35.4808255,46.491575],[35.482986,46.4965245],[35.4734728,46.5019465],[35.4716131,46.4953016],[35.4772278,46.4795875],[35.4780347,46.4704929],[35.4446026,46.4580659],[35.4166362,46.4729556],[35.414748,46.5105399],[35.3809148,46.5367728],[35.3643332,46.5418591],[35.372813,46.565598],[35.3701734,46.5773217],[35.3613516,46.5885732],[35.3801072,46.6351399],[35.3595431,46.6495224],[35.3547622,46.6766293],[35.300783,46.7241484],[35.2867068,46.7083775],[35.2822435,46.6902471],[35.2921999,46.6723461],[35.2880801,46.662451],[35.2825868,46.6414766],[35.2815569,46.6311043],[35.2973498,46.627332],[35.301813,46.6190793],[35.2819002,46.5954932],[35.2832736,46.5775609],[35.2990664,46.5591505],[35.3024996,46.4958466],[35.3189791,46.4740984],[35.3333987,46.4451268],[35.3605213,46.4186248],[35.3733172,46.395659],[35.3758079,46.3810977],[35.3853087,46.3863489],[35.4027141,46.4164616],[35.4259641,46.4271579],[35.4365181,46.4395082],[35.4423274,46.4335369],[35.3790706,46.3766043],[35.3113451,46.3007724],[35.3052048,46.2970098],[35.2775899,46.2642824],[35.2722955,46.2655021],[35.277852,46.26422],[35.2705392,46.2562269],[35.267468,46.250968],[35.247148,46.231046],[35.193849,46.158551],[35.161801,46.133503],[35.135073,46.119922],[35.10561,46.108951],[35.081348,46.1059],[35.071786,46.101398],[35.002781,46.08135],[34.98186,46.077716],[34.990594,46.105165],[35.031882,46.135547],[35.082138,46.154014],[35.140738,46.162918],[35.211665,46.1864],[35.222719,46.203167],[35.220451,46.212462],[35.225876,46.224402],[35.23905,46.231366],[35.252985,46.242723],[35.271822,46.264851],[35.102906,46.301384],[35.078307,46.279408],[35.047113,46.265331],[35.001002,46.25331],[34.898619,46.24124],[34.832005,46.203492],[34.825695,46.193748],[34.821804,46.180695],[34.821075,46.171934],[34.81736,46.16486],[34.812146,46.160976],[34.8225646,46.1414698],[34.829029,46.122082],[34.834654,46.08497],[34.852294,45.994197],[34.901347,45.8875],[34.959808,45.782691],[34.97354087710724,45.76401216715312],[34.973541,45.7640122],[35.0144963,45.7067549],[35.0878969,45.6163728],[35.1871175,45.5297679],[35.2723297,45.4406889],[35.3682498,45.3563561],[35.4352729,45.3188813],[35.4711592,45.301093],[35.511144,45.2871558]],[[37.4644218,48.4358153],[37.465838,48.4352743],[37.468413,48.4343204],[37.4644218,48.4358153]],[[36.4257836,50.2572742],[36.4253706,50.258533],[36.4262208,50.2558046],[36.4257836,50.2572742]],[[35.58818,50.449387],[35.588609,50.453158],[35.588608993665225,50.453158044343425],[35.5881798,50.4493872],[35.586494,50.447912],[35.58818,50.449387]],[[35.2976715,46.2967886],[35.2949442,46.3032088],[35.299828,46.3141831],[35.3181013,46.316621],[35.3358227,46.3360949],[35.3582083,46.361042],[35.3549976,46.363864],[35.3476669,46.3633689],[35.3330062,46.3576389],[35.3256614,46.3461771],[35.3223669,46.3349273],[35.315778,46.3328106],[35.3015944,46.3538466],[35.2656143,46.3552908],[35.2521259,46.3970298],[35.270403,46.4190206],[35.2653393,46.441011],[35.2561504,46.4488041],[35.234599,46.4499714],[35.2096105,46.4589319],[35.1855453,46.490079],[35.1853661,46.5094412],[35.1604655,46.4994984],[35.1793331,46.4597501],[35.2094805,46.4331307],[35.2134686,46.4120617],[35.1951129,46.3722548],[35.1332894,46.3491915],[35.103392,46.301713],[35.2722955,46.2655021],[35.2976715,46.2967886]],[[37.4961137,48.2149772],[37.4967055,48.2143927],[37.4976665,48.214029],[37.498413,48.2134364],[37.4988915,48.2124424],[37.4978862,48.2121456],[37.4961943,48.211334],[37.4949745,48.2113374],[37.4947417,48.2111121],[37.4954374,48.2109294],[37.4957469,48.2105178],[37.4956544,48.2094436],[37.4960701,48.2084105],[37.4975883,48.2078313],[37.5008808,48.2090993],[37.4999367,48.210472],[37.5005375,48.2109868],[37.5019966,48.2125311],[37.5011383,48.2140182],[37.4983918,48.2164774],[37.4996792,48.2189937],[37.496604,48.2202352],[37.4958315,48.2194918],[37.4968615,48.2192345],[37.4972048,48.2182337],[37.4966469,48.2178048],[37.4969044,48.2170899],[37.4959603,48.2162892],[37.496089,48.2156315],[37.4961137,48.2149772]],[[37.508998,48.198869],[37.5096604,48.2025255],[37.5102919,48.2065846],[37.508998,48.198869]],[[37.4865986,48.160206],[37.4862982,48.1583165],[37.4887193,48.1557137],[37.4901443,48.1540115],[37.4914146,48.1508126],[37.4924273,48.1501333],[37.4896027,48.1477804],[37.4893881,48.1469286],[37.4899889,48.1464776],[37.4868561,48.1438862],[37.4881221,48.1424399],[37.4882883,48.1405606],[37.4872959,48.1379366],[37.4880147,48.1361826],[37.4916947,48.1352305],[37.492698,48.1317611],[37.4952459,48.1289791],[37.4983672,48.128753],[37.4993914,48.1297141],[37.5005014,48.1302742],[37.5020971,48.1305042],[37.5031779,48.1313069],[37.5033654,48.1327406],[37.5022811,48.1343477],[37.5032658,48.1355059],[37.5048913,48.1350154],[37.5144935,48.1339199],[37.518211,48.133895],[37.5225293,48.1347865],[37.5231837,48.1342781],[37.5255252,48.1348599],[37.5279097,48.1347256],[37.5290738,48.1355454],[37.5298798,48.1357432],[37.5313725,48.1358264],[37.5323409,48.1367089],[37.5322148,48.1383216],[37.5326014,48.1391497],[37.5318077,48.1397498],[37.5310139,48.1395481],[37.5304567,48.1377676],[37.528956,48.1371563],[37.5277544,48.1370561],[37.5265528,48.1369558],[37.5243641,48.1372995],[37.5177979,48.1362972],[37.5116933,48.138209],[37.5073051,48.1389176],[37.5049395,48.1382553],[37.4968617,48.1430216],[37.4953104,48.1451189],[37.4951739,48.1468405],[37.496325,48.1502514],[37.4894199,48.1602152],[37.4865986,48.160206]],[[37.4185878,48.1139889],[37.4200684,48.1137311],[37.4208409,48.1129288],[37.4220211,48.1131437],[37.4217856,48.113675],[37.418715,48.1147812],[37.41811821341364,48.114544842763685],[37.4185878,48.1139889]],[[37.470523,48.1107918],[37.465931,48.1118234],[37.4591933,48.1133133],[37.470523,48.1107918]],[[37.4445792,48.0950265],[37.4405185,48.0934336],[37.4482523,48.0964632],[37.4445792,48.0950265]],[[37.4633066,48.0216853],[37.4604313,48.0203936],[37.4542515,48.0202214],[37.4520199,48.0187861],[37.4497883,48.0183268],[37.4469559,48.0190157],[37.4436085,48.020451],[37.4401349,48.0205064],[37.4370021,48.0199897],[37.4333543,48.0188128],[37.4299438,48.0195843],[37.4270605,48.0198078],[37.4250177,48.0180824],[37.4218503,48.0191142],[37.4197514,48.020434],[37.4160055,48.0207807],[37.4045379,48.025325],[37.4016115,48.0213011],[37.4154834,48.016638],[37.4159126,48.0159203],[37.4178438,48.0146859],[37.4207191,48.013882],[37.425869,48.0148007],[37.4281804,48.0140042],[37.4283521,48.0162434],[37.4344421,48.0164933],[37.4427247,48.0171249],[37.4448276,48.0179861],[37.4480033,48.0169239],[37.4521232,48.0168665],[37.4549298,48.0178256],[37.4580627,48.0181126],[37.45999662001614,48.01802855570709],[37.4616779,48.0181923],[37.4623001,48.0186875],[37.4627722,48.0196563],[37.4643172,48.0209408],[37.4633066,48.0216853]],[[37.495904,48.0156369],[37.4919474,48.0161201],[37.4898959,48.0163258],[37.495904,48.0156369]],[[37.532231,47.9319435],[37.5321702,47.9306169],[37.5324391,47.9295834],[37.533185,47.9289156],[37.5336519,47.9283737],[37.5341411,47.9281684],[37.5352911,47.9280455],[37.5364825,47.9280112],[37.5370301,47.9278762],[37.5376207,47.9276478],[37.5380825,47.9272468],[37.538256,47.9265056],[37.540323,47.9242884],[37.5382565,47.9265058],[37.538083,47.927247],[37.5376212,47.927648],[37.5370306,47.9278764],[37.536483,47.9280114],[37.5352916,47.9280457],[37.5341416,47.9281686],[37.5336524,47.9283739],[37.5331855,47.9289158],[37.5324396,47.9295836],[37.5321707,47.9306171],[37.5322315,47.9319437],[37.5325284,47.9334716],[37.5332162,47.9370436],[37.532231,47.9319435]],[[37.8919497,47.4715422],[37.8909527,47.4751107],[37.8881532,47.4818262],[37.8919497,47.4715422]],[[37.8742787,47.4544835],[37.881144,47.4601404],[37.8908867,47.4689021],[37.8742787,47.4544835]],[[37.8236328,47.1596562],[37.816938,47.1644416],[37.8005887,47.1713704],[37.8236328,47.1596562]],[[37.0544226,48.2083376],[37.0532933,48.2010082],[37.0524952,48.1963249],[37.0532133,48.2004755],[37.0544226,48.2083376]],[[37.06505134450628,48.015338242783734],[37.0642667,48.0154864],[37.0600599,48.0162305],[37.06505134450628,48.015338242783734]],[[37.0371075,47.5375242],[37.036943362670854,47.537696241978935],[37.0368912,47.5357005],[37.0371075,47.5375242]],[[37.0317655,48.1960104],[37.0347432,48.1780012],[37.0331354,48.1877757],[37.0317655,48.1960104]],[[36.498995,47.8755107],[36.5098498,47.8748625],[36.4869116,47.8762514],[36.498995,47.8755107]],[[36.6183442,47.7861746],[36.6167874,47.7875413],[36.6195059,47.7851544],[36.6183442,47.7861746]],[[33.649830817866544,46.2273659914945],[33.669058763724394,46.21821238548976],[33.649831,46.227366],[33.649830817866544,46.2273659914945]],[[33.860982,46.194532],[33.827577,46.202742],[33.781333,46.201054],[33.75013585786928,46.189602315738554],[33.7813331,46.2010538],[33.8275774,46.2027419],[33.8609816,46.1945315],[33.9099352,46.1623628],[34.0397743,46.1091967],[34.05582639841169,46.11046180069229],[34.039774,46.109197],[33.909935,46.162363],[33.860982,46.194532]],[[34.1308319,46.0994926],[34.15190536836594,46.084232725994084],[34.130832,46.099493],[34.10849329274673,46.108755123881686],[34.1308319,46.0994926]],[[34.24864704971494,46.05213000359323],[34.2486474,46.0521299],[34.25935026896946,46.05290359692605],[34.24864704971494,46.05213000359323]],[[34.342390639672686,46.05604272524573],[34.34635312972448,46.05537092886833],[34.346353,46.055371],[34.342390639672686,46.05604272524573]],[[34.4003957,46.0189446],[34.41127132042595,45.99278941040616],[34.400396,46.018945],[34.38167915462404,46.035310672508444],[34.4003957,46.0189446]],[[34.41166403345442,45.99184496003797],[34.4116641,45.9918448],[34.41378916010648,45.98930645079309],[34.41166403345442,45.99184496003797]],[[34.4992101,45.8801448],[34.506334,45.8818173],[34.5138426,45.886507],[34.519486,45.8938103],[34.5324612,45.9065062],[34.5344867,45.9076578],[34.5347957,45.9109594],[34.5320832,45.9132968],[34.5333903,45.916461],[34.5370168,45.9186707],[34.5446145,45.9199846],[34.5520419,45.9181352],[34.5592097,45.9148515],[34.5641446,45.9110296],[34.5678135,45.9090588],[34.5714821,45.9086406],[34.5745707,45.9091772],[34.5781743,45.9110276],[34.5815214,45.9138938],[34.5833238,45.9171182],[34.5834098,45.9202232],[34.5822941,45.9248806],[34.5724713,45.9398617],[34.5624726,45.9483955],[34.5590786,45.9562142],[34.5536042,45.9671641],[34.54623903360401,45.977159054397426],[34.546239,45.977159],[34.537685,45.992516],[34.527741,45.997332],[34.522259,45.99833],[34.516209,45.995922],[34.504087,45.987144],[34.494509,45.983292],[34.493411,45.979994],[34.494202,45.969539],[34.491512,45.963912],[34.489063,45.961724],[34.48625,45.960422],[34.484844,45.959979],[34.483626,45.95758],[34.483868,45.956195],[34.480081,45.952676],[34.477497,45.944084],[34.45204909360231,45.95752489231713],[34.4774967,45.9440836],[34.4900729,45.919788],[34.4898347,45.9169574],[34.4855099,45.9114221],[34.4779407,45.8952758],[34.4791346,45.891026],[34.4849669,45.8880648],[34.4882237,45.8828331],[34.4992101,45.8801448]],[[34.6049983,45.9616869],[34.6093513,45.9611783],[34.6413456,45.9482796],[34.650272,45.935865],[34.6482937,45.9289371],[34.6343022,45.914128],[34.6299265,45.9075597],[34.6262394,45.8866569],[34.5843541,45.8727944],[34.5713078,45.8842671],[34.5575749,45.8756628],[34.5548283,45.8426672],[34.5170628,45.8225733],[34.5246159,45.7866734],[34.6564518,45.8675352],[34.737476,45.885223],[34.7532689,45.8976489],[34.7759282,45.9024274],[34.7903477,45.8928701],[34.7505223,45.8617974],[34.7361027,45.8794871],[34.6729313,45.8574937],[34.6598851,45.7938553],[34.6846043,45.8053443],[34.7299229,45.8182666],[34.7532689,45.8216163],[34.7827946,45.7933765],[34.7443425,45.7541042],[34.8946472,45.7127814],[34.9585403,45.7600028],[34.96729298167373,45.762342224287046],[34.95854,45.760003],[34.940688,45.78419],[34.92921,45.817264],[34.901886,45.854494],[34.884149,45.860763],[34.875687,45.856502],[34.869457,45.849611],[34.867744,45.835822],[34.859682,45.826098],[34.825183,45.812158],[34.816773,45.834581],[34.836789,45.862698],[34.842397,45.885555],[34.812171,46.035674],[34.803655,46.044478],[34.792561,46.051852],[34.78065,46.053219],[34.775413,46.051427],[34.771378,46.048801],[34.768908,46.045015],[34.763522,46.034913],[34.763155,46.010323],[34.759039,46.006388],[34.757024,46.013779],[34.753978,46.016878],[34.749815,46.025044],[34.745479,46.031183],[34.736811,46.039012],[34.731403,46.04243],[34.720756,46.048076],[34.716977,46.048366],[34.713713,46.04818],[34.711134,46.047093],[34.708596,46.048213],[34.706984,46.051811],[34.707604,46.05517],[34.711718,46.05778],[34.716606,46.063962],[34.717573,46.066402],[34.717767,46.068962],[34.716975,46.072712],[34.715152,46.076283],[34.708587,46.083366],[34.703276,46.086209],[34.697535,46.088217],[34.691922,46.089065],[34.683477,46.089198],[34.676606,46.090948],[34.673342,46.090246],[34.67231,46.091091],[34.670076,46.100134],[34.672673,46.100952],[34.677072,46.101354],[34.684068,46.101561],[34.718186,46.095607],[34.734536,46.096938],[34.755361,46.104942],[34.757564,46.106072],[34.760337,46.105593],[34.762677,46.092249],[34.77835,46.072692],[34.789544,46.071142],[34.800261,46.078522],[34.804457,46.085101],[34.807108,46.094894],[34.817372,46.112612],[34.815965,46.132592],[34.802711,46.153966],[34.792198,46.162258],[34.778003,46.171452],[34.767202,46.174761],[34.760176,46.175335],[34.749643,46.17363],[34.738984,46.170279],[34.733933,46.168915],[34.731029,46.169155],[34.705112,46.18206],[34.675067,46.183786],[34.627666,46.173454],[34.622674,46.166454],[34.622489,46.14709],[34.627613,46.13119],[34.642802,46.098306],[34.642537,46.093151],[34.635422,46.079977],[34.626594,46.072518],[34.620121,46.064024],[34.615367,46.048145],[34.607238,46.030205],[34.586348,46.009711],[34.552949,45.988021],[34.546919810950165,45.97826108174973],[34.5529493,45.9880206],[34.5549065,45.9887513],[34.5559195,45.9889453],[34.5591472,45.9883193],[34.5617403,45.9874848],[34.5688139,45.9831316],[34.5762648,45.9768696],[34.590376,45.9677877],[34.6049983,45.9616869]],[[33.614884,46.225734],[33.6374076,46.1405462],[33.61488412489765,46.225734005832635],[33.614884,46.225734]],[[31.805920094958864,46.485399982979374],[31.8059201,46.4853999],[31.80638427643353,46.48531678213465],[31.805920094958864,46.485399982979374]],[[31.80589862706966,46.48865718471127],[31.8057646,46.4879595],[31.805892232823933,46.485858606262795],[31.805765,46.48796],[31.80589862706966,46.48865718471127]],[[31.8135966,46.4919409],[31.8123897,46.4906003],[31.80780450410051,46.4895674567482],[31.81239,46.4906],[31.813597,46.491941],[31.814077564941652,46.49235704787764],[31.8135966,46.4919409]],[[31.81618337791587,46.49403961819315],[31.8161689,46.4937654],[31.816053273470292,46.493671195235834],[31.816169,46.493765],[31.81618337791587,46.49403961819315]],[[31.820072144271677,46.496236308152014],[31.8184942,46.4956631],[31.818489949989928,46.49566099006065],[31.818494,46.495663],[31.820072144271677,46.496236308152014]],[[31.8468346,46.4984221],[31.8451555,46.4974472],[31.842493686750046,46.497522137749996],[31.845156,46.497447],[31.846835,46.498422],[31.849147,46.498156],[31.850917,46.49847],[31.851861,46.502181],[31.852755800012716,46.50382500002336],[31.851861,46.5021812],[31.8509169,46.49847],[31.8491466,46.4981562],[31.8468346,46.4984221]],[[31.860196354922316,46.51167855069874],[31.8603476,46.5111093],[31.856162045636015,46.50788213149989],[31.860348,46.511109],[31.860196354922316,46.51167855069874]],[[31.85414125844955,46.51294997579928],[31.854141,46.5129496],[31.856973199344864,46.512684798321615],[31.85414125844955,46.51294997579928]],[[35.4436931,47.5061054],[35.427725,47.5047137],[35.4337176,47.5052344],[35.4436931,47.5061054]],[[35.4436073,47.5085658],[35.4433927,47.5104899],[35.4426227,47.5168874],[35.4436073,47.5085658]],[[35.389832,47.5397065],[35.3911087,47.5400577],[35.3871123,47.5389587],[35.389832,47.5397065]],[[35.8508757,47.4379021],[35.8393049,47.4370693],[35.8464511,47.4375381],[35.8508757,47.4379021]],[[36.4848856,47.780697],[36.5019601,47.7783452],[36.4898392,47.7800178],[36.4848856,47.780697]],[[36.4484269,47.7171447],[36.4516884,47.7182708],[36.4452511,47.7161053],[36.4484269,47.7171447]],[[36.4545816,47.7364992],[36.4503004,47.7401069],[36.4547783,47.7362552],[36.4604928,47.7327759],[36.4545816,47.7364992]],[[36.6365556,47.8289296],[36.638581,47.8216331],[36.635628,47.8323005],[36.6365556,47.8289296]],[[36.7852408,47.7957329],[36.7770709,47.8023463],[36.780842,47.7992931],[36.7852408,47.7957329]],[[36.8272514,47.8363587],[36.8285278,47.8345921],[36.8253096,47.8391623],[36.8272514,47.8363587]],[[36.80534525264612,47.9226665202955],[36.8115709,47.9222752],[36.8054825,47.9226674],[36.80534525264612,47.9226665202955]],[[36.7865148,47.9185659],[36.7879631,47.9186247],[36.7911282,47.9188391],[36.7865148,47.9185659]],[[36.8704517,48.0091281],[36.8675,48.0101663],[36.8753033,48.0073242],[36.8704517,48.0091281]],[[37.0098299,48.0638799],[37.0242495,48.0610405],[37.0172543,48.0624459],[37.0098299,48.0638799]],[[36.9685497,48.1308559],[36.9645438,48.1305973],[36.9551604,48.1299503],[36.9685497,48.1308559]],[[36.98819,48.1908428],[36.9920953,48.1913864],[36.9956787,48.1919156],[36.98819,48.1908428]],[[37.2307794,48.2102646],[37.2247949,48.2106206],[37.2281208,48.2103918],[37.2307794,48.2102646]],[[37.2054988,48.1951931],[37.1834199,48.1945273],[37.1930694,48.1948062],[37.2054988,48.1951931]],[[37.3133577,47.9995799],[37.3132124,47.9986311],[37.3131685,47.997622],[37.3133577,47.9995799]],[[37.3078472,47.9994456],[37.3033838,48.0017571],[37.2977407,48.0037242],[37.2903375,48.0058919],[37.2875481,48.0012973],[37.2845227,48.000321],[37.2797333,48.0000318],[37.2722633,48.0031372],[37.271651,48.0043443],[37.2654595,48.0069295],[37.2625359,48.0059773],[37.2575577,48.0077],[37.2542962,48.0108582],[37.2513779,48.0126956],[37.2456273,48.0139588],[37.2398766,48.0137865],[37.2324952,48.0152219],[37.2248777,48.0182074],[37.2221132,48.0171026],[37.2197851,48.0150287],[37.2173966,48.0138372],[37.2120013,48.0134017],[37.2115437,48.0088367],[37.2112223,48.0064243],[37.2130315,48.003513],[37.2152363,48.0020399],[37.2200052,48.0007601],[37.2241135,48.0015599],[37.2328564,48.0012106],[37.2416729,48.0002821],[37.2441377,47.9982546],[37.2471174,47.9978352],[37.2506238,47.9952034],[37.2552094,47.9936275],[37.2644475,47.9925038],[37.2648346,47.99227],[37.2673666,47.9921839],[37.2744048,47.9923562],[37.2760114,47.991675],[37.2791872,47.9916175],[37.2819496,47.9911982],[37.2829367,47.9914854],[37.2889663,47.9913274],[37.2894812,47.9917582],[37.2906829,47.9915572],[37.2914554,47.9917726],[37.292657,47.9918587],[37.2946311,47.9914854],[37.2948457,47.9922896],[37.2991781,47.9915336],[37.3020127,47.9918525],[37.3057571,47.9921757],[37.307742,47.9914361],[37.3106709,47.9910986],[37.3157008,47.9917059],[37.3234681,47.9924095],[37.3279873,47.9919602],[37.3295108,47.9915006],[37.3311738,47.9910483],[37.3322574,47.9900646],[37.3344031,47.9893178],[37.3353902,47.9888008],[37.3370639,47.9889157],[37.340832,47.9899875],[37.3347329,47.9914382],[37.3270048,47.9948415],[37.3262147,47.9998044],[37.3254422,47.9992876],[37.3196916,47.9978517],[37.3131685,47.997622],[37.3078472,47.9994456]],[[37.3011908,47.9449353],[37.2898752,47.9477549],[37.31765731032702,47.94071071655207],[37.3011908,47.9449353]],[[37.1159177,47.7349644],[37.119542,47.7340947],[37.1211794,47.7337432],[37.1159177,47.7349644]],[[37.2060856,47.8930832],[37.2056432,47.890102],[37.2058363,47.888102],[37.2075441,47.8869456],[37.2074476,47.8855642],[37.208896,47.8833194],[37.2104574,47.8839679],[37.2099423,47.8859248],[37.2098565,47.8866793],[37.2091054,47.8875489],[37.2084831,47.888914],[37.2087191,47.8910561],[37.2096418,47.8917882],[37.2112297,47.8924141],[37.2135044,47.8926877],[37.214722,47.8965686],[37.2134904,47.8967976],[37.2076539,47.8974306],[37.2060641,47.8962772],[37.2054633,47.8953564],[37.20512,47.8938746],[37.2060856,47.8930832]],[[37.13884,47.7705584],[37.0900226,47.779192],[37.1061477,47.780129],[37.089418,47.7791731],[37.13884,47.7705584]],[[37.1805764,47.906757],[37.1490766,47.8951335],[37.1548563,47.8972645],[37.1805764,47.906757]],[[37.1797768,47.9545752],[37.1795294,47.9527175],[37.1803285,47.9583886],[37.1797768,47.9545752]],[[37.1861414,47.9931142],[37.182062,47.9932882],[37.1800045,47.9933727],[37.1861414,47.9931142]],[[37.1571235,48.0841945],[37.1562857,48.0883221],[37.158174,48.0789759],[37.1571235,48.0841945]],[[37.100207,48.2439399],[37.105786,48.2464263],[37.1107882,48.24872],[37.100207,48.2439399]],[[37.2059699,48.2112176],[37.2092384,48.2118358],[37.2031708,48.2106928],[37.2059699,48.2112176]],[[37.2033523,48.2177384],[37.1925954,48.2177515],[37.1948507,48.2177283],[37.2033523,48.2177384]],[[37.1467892,48.2846102],[37.1319846,48.2832205],[37.1428405,48.2842259],[37.1467892,48.2846102]],[[37.1921448,48.2740139],[37.1919565,48.2702043],[37.192054,48.2719582],[37.1921448,48.2740139]],[[37.2435284,47.9704004],[37.25186959374328,47.969886335850624],[37.2517268,47.9698995],[37.2435284,47.9704004]],[[37.2096213,47.9690205],[37.2332629,47.9674425],[37.221865,47.9682074],[37.2096213,47.9690205]],[[37.2255112,47.9911587],[37.2199952,47.9911212],[37.216404,47.9910821],[37.2255112,47.9911587]],[[37.3178143,48.3636333],[37.3243053,48.3641822],[37.3231733,48.3641002],[37.3178143,48.3636333]],[[37.3256444,48.3518499],[37.324476,48.3630916],[37.3243053,48.3641822],[37.3256444,48.3518499]],[[37.4213344,48.1119116],[37.4223215,48.1111093],[37.4234373,48.1106222],[37.4244343,48.1101619],[37.4248634,48.1115086],[37.4224173,48.1125975],[37.4213344,48.1121695],[37.4213344,48.1119116]],[[37.4915418,47.981735],[37.4921036,47.9818468],[37.4921629,47.9821733],[37.4924367,47.9824425],[37.4935445,47.9827386],[37.4945881,47.983164],[37.4959067,47.9834376],[37.4962326,47.9836215],[37.4974854,47.9835586],[37.4981455,47.9833322],[37.4991008,47.9826208],[37.5003045,47.9825904],[37.5011194,47.9832636],[37.500819,47.9833138],[37.50054,47.9837447],[37.5002611,47.9838883],[37.4997675,47.9839386],[37.4993277,47.9841397],[37.4988019,47.9845418],[37.4984264,47.9849368],[37.4979436,47.9851738],[37.497257,47.985461],[37.4966347,47.9856262],[37.4960339,47.9857052],[37.4957013,47.9858344],[37.4957979,47.9861217],[37.495991,47.9862366],[37.4963129,47.985978],[37.496742,47.9858775],[37.4976647,47.9858631],[37.4979007,47.9861073],[37.4966776,47.9864807],[37.4955833,47.9869403],[37.4931264,47.9872203],[37.4903803,47.9859582],[37.490905,47.9827029],[37.4911705,47.9818188],[37.4915418,47.981735]],[[37.4543285,47.9653817],[37.4536835,47.9643663],[37.4532898,47.9625288],[37.454504,47.9612887],[37.4548544,47.961076],[37.4587776,47.9600602],[37.4611343,47.9592885],[37.4647114,47.9583815],[37.4661049,47.958018],[37.4675426,47.9574432],[37.4684438,47.9571989],[37.4694535,47.9570307],[37.4702248,47.9568396],[37.4707827,47.9566097],[37.4711904,47.9566959],[37.4715981,47.9574432],[37.471877,47.9577881],[37.4722564,47.9588692],[37.4717415,47.9591422],[37.4714103,47.9596816],[37.4709851,47.95999],[37.470511,47.960122],[37.4700584,47.9601103],[37.4697667,47.9602639],[37.4693312,47.9603982],[37.4687455,47.9605037],[37.4677759,47.9605414],[37.4673427,47.9606222],[37.4670336,47.9609065],[37.4668469,47.9609911],[37.4664456,47.9609896],[37.4652696,47.9614575],[37.464398,47.9619048],[37.4641929,47.9622255],[37.4636535,47.9624996],[37.4626205,47.96286],[37.4616305,47.9630479],[37.460576,47.9633364],[37.4598619,47.9632811],[37.4589546,47.9633696],[37.4580151,47.9636951],[37.4577171,47.9640662],[37.4570423,47.9641152],[37.4566787,47.964229],[37.4548867,47.9650442],[37.4543285,47.9653817]],[[37.4555381,47.8548039],[37.4546476,47.8559198],[37.4535318,47.857302],[37.4555381,47.8548039]],[[37.4536977,47.8473934],[37.4693618,47.8479406],[37.4629059,47.8477182],[37.4536977,47.8473934]],[[37.4464227,47.7487818],[37.4626336,47.7502835],[37.4550636,47.7496056],[37.4464227,47.7487818]],[[37.2609958,48.2269811],[37.2654631,48.2256082],[37.2722523,48.2237767],[37.2609958,48.2269811]],[[37.2809296,48.2203905],[37.2848957,48.2188461],[37.2722523,48.2237767],[37.2809296,48.2203905]],[[37.2704898,48.2778115],[37.2709841,48.275438],[37.2713259,48.2738442],[37.2704898,48.2778115]],[[37.4287122,47.7889584],[37.4318128,47.7891098],[37.4394776,47.7895086],[37.4287122,47.7889584]],[[37.352492,47.7716158],[37.3525643,47.7748055],[37.3521656,47.7631531],[37.352492,47.7716158]],[[37.4318232,47.8640435],[37.4323201,47.8638239],[37.4332825,47.863903],[37.4336655,47.863669],[37.4344035,47.8635502],[37.4353429,47.863543],[37.4357995,47.8634997],[37.4363849,47.8635428],[37.4371386,47.8638448],[37.4376301,47.8637394],[37.4378641,47.8635045],[37.43856,47.8631809],[37.4403022,47.8633206],[37.4406113,47.8634564],[37.4409204,47.8634338],[37.4418226,47.863076],[37.4423594,47.8629999],[37.4430473,47.8630123],[37.4440351,47.8632717],[37.4442822,47.8632647],[37.4444541,47.8627393],[37.4448083,47.8624011],[37.4461059,47.8622846],[37.4488607,47.8625876],[37.4497888,47.8639336],[37.4482921,47.8642791],[37.4483055,47.8645378],[37.4480588,47.8648257],[37.4469859,47.8653511],[37.4462885,47.8655023],[37.445366,47.8653741],[37.44454,47.8655548],[37.4438588,47.8659474],[37.4421663,47.8661005],[37.441182,47.8658362],[37.4401038,47.8656875],[37.4395433,47.8658291],[37.438618,47.8659131],[37.4380977,47.8661458],[37.4348579,47.8666196],[37.4325245,47.8668605],[37.4300408,47.8678895],[37.4295379,47.8682295],[37.4269133,47.869379],[37.425701,47.8695152],[37.4253469,47.8694066],[37.4248964,47.8681495],[37.4249394,47.8678136],[37.4260071,47.8668595],[37.4266456,47.8660925],[37.4296928,47.8645585],[37.4315409,47.8642775],[37.4318232,47.8640435]],[[37.3798271,47.8717806],[37.381136,47.8722844],[37.3814901,47.8724067],[37.3816725,47.871723],[37.3824786,47.8713427],[37.3833705,47.8711064],[37.3833811,47.8720712],[37.3826355,47.87296],[37.3808906,47.8733627],[37.3773716,47.8724703],[37.373365,47.873508],[37.3677274,47.875812],[37.3628233,47.8775941],[37.3613774,47.8768989],[37.3570282,47.8778322],[37.35564,47.8785063],[37.3548789,47.8775587],[37.3543753,47.8759779],[37.3545066,47.8751235],[37.3602573,47.8742024],[37.3604289,47.8736267],[37.365493,47.8734539],[37.3683258,47.8721548],[37.3721453,47.8710609],[37.3749777,47.8705427],[37.3775097,47.8708018],[37.3779817,47.8714927],[37.3798271,47.8717806]],[[37.3635617,48.0006852],[37.3714152,48.0004555],[37.3818865,48.0001683],[37.3635617,48.0006852]],[[37.3865349,48.2815276],[37.3872644,48.2833553],[37.38652466131285,48.281514581066],[37.3865349,48.2815276]],[[37.4701924,47.9628744],[37.4713858,47.9624264],[37.4703407,47.9628558],[37.4659847,47.9640412],[37.4701924,47.9628744]],[[37.499003,47.939194],[37.499819,47.938403],[37.5005297,47.9377782],[37.499003,47.939194]],[[37.49486493564661,47.929037163132904],[37.494865,47.929037],[37.49632291972843,47.92864090075973],[37.49486493564661,47.929037163132904]],[[37.466955,47.8585408],[37.4674129,47.8581624],[37.4679566,47.8578703],[37.4684861,47.8578045],[37.4698746,47.8581604],[37.4703252,47.858002],[37.4710762,47.8579588],[37.4716341,47.8576708],[37.4733954,47.8576629],[37.4736314,47.8577493],[37.4740606,47.8579941],[37.4745863,47.8580877],[37.4751013,47.8580589],[37.4757236,47.8583612],[37.4760025,47.8584548],[37.4762922,47.8583324],[37.4764639,47.858462],[37.476378,47.8587211],[37.4759918,47.8588651],[37.4759811,47.8590091],[37.4758738,47.8592466],[37.476024,47.8593618],[37.476378,47.8593546],[37.4764746,47.8592322],[37.4766462,47.8592106],[37.4768394,47.8597577],[37.4766892,47.8600961],[37.4766677,47.8602976],[37.4761205,47.8605352],[37.4756377,47.8604776],[37.4752408,47.8602472],[37.4751013,47.8600457],[37.47464,47.8598441],[37.4743503,47.8599089],[37.4740606,47.8601033],[37.4737709,47.860132],[37.4731272,47.8597361],[37.4724835,47.8597505],[37.4707354,47.8599791],[37.4704457,47.8599338],[37.4692977,47.860191],[37.4678922,47.8603473],[37.4675703,47.8605119],[37.4666474,47.8606684],[37.4660247,47.860535],[37.4650047,47.8607218],[37.4647992,47.861088],[37.4642758,47.8611917],[37.4637456,47.8614183],[37.4634077,47.8615586],[37.4630161,47.8615838],[37.4627908,47.8614831],[37.4627235,47.8614022],[37.4623893,47.8588819],[37.4628207,47.8585452],[37.4634441,47.8584056],[37.4643679,47.8583237],[37.4647801,47.8581685],[37.4653614,47.8584703],[37.466286,47.858585],[37.466955,47.8585408]],[[37.4953606,47.8783898],[37.494443,47.8844402],[37.4971646,47.8652062],[37.4953606,47.8783898]],[[37.51688060000001,47.91854222503682],[37.517535,47.918362],[37.51546407045334,47.909661295999285],[37.5154644,47.9096613],[37.5175351,47.918362],[37.51688060000001,47.91854222503682]],[[37.5073052,47.9243989],[37.50730519833407,47.92439890071525],[37.513202,47.921447],[37.512782,47.919671],[37.512782138312126,47.919670961908146],[37.5132024,47.921447],[37.5073052,47.9243989]],[[37.4945494,47.9363829],[37.4957081,47.9370226],[37.49688674704619,47.936101364769065],[37.495708,47.937023],[37.494549,47.936383],[37.493416,47.935484],[37.4950944,47.9341966],[37.4934164,47.9354838],[37.4945494,47.9363829]],[[37.5089064,47.9539728],[37.5057224,47.9522952],[37.5100595,47.9545724],[37.5089064,47.9539728]],[[37.4767435,47.9541978],[37.4798831,47.9534849],[37.4836934,47.952785],[37.4860581,47.952071],[37.4892803,47.950912],[37.4922573,47.9499988],[37.4938237,47.9499988],[37.4940169,47.9504587],[37.4910128,47.9525426],[37.4878575,47.9536081],[37.4876049,47.9535157],[37.4873416,47.9535382],[37.4866111,47.9538493],[37.4863741,47.954031],[37.4854156,47.9543233],[37.484779,47.9544432],[37.4835058,47.9550135],[37.4821142,47.9553033],[37.4819114,47.9556355],[37.48052,47.9564559],[37.4800728,47.9570032],[37.4796388,47.9572339],[37.4781533,47.9570192],[37.4773544,47.9570919],[37.4765507,47.9575318],[37.4763312,47.9579422],[37.4749629,47.9587123],[37.4742838,47.9588112],[37.4734474,47.9585606],[37.4723016,47.9565942],[37.4721123,47.9559829],[37.4721804,47.9553715],[37.4724847,47.9551483],[37.4729392,47.9550113],[37.4734191,47.9547085],[37.4767435,47.9541978]],[[37.4960219,47.9508872],[37.4970712,47.9514992],[37.4960112,47.9508872],[37.4940169,47.9504587],[37.4960219,47.9508872]],[[37.5197947,47.994064],[37.523228,47.9930157],[37.5317681,47.9905745],[37.5197947,47.994064]],[[30.8044227,54.789517],[30.915975787175096,54.7023162256641],[30.804423,54.789517],[30.93398493698761,55.61044060074417],[30.9339849,55.6104406],[30.8044227,54.789517]],[[35.587394,50.46147],[35.582253326107605,50.46192775231457],[35.5873942,50.4614695],[35.58811133340496,50.46055203311396],[35.587394,50.46147]],[[35.57757973925359,50.4628299904159],[35.578356805067784,50.46264026312999],[35.57758,50.46283],[35.57757973925359,50.4628299904159]],[[35.4651678453133,50.503365545135956],[35.4726433,50.5035817],[35.47593538614064,50.503717587592554],[35.4651678453133,50.503365545135956]],[[35.477493,50.502995],[35.475980800000784,50.50370265087342],[35.4774928,50.5029948],[35.47798533354119,50.50185501340761],[35.477493,50.502995]],[[35.477192038090614,50.49753509096352],[35.475440533145374,50.49652343319992],[35.477192,50.497535],[35.477192038090614,50.49753509096352]],[[35.656846,51.027069],[35.670285,51.065068],[35.67028474842854,51.06506807142688],[35.6568459,51.0270693],[35.63633507720893,51.01787005808009],[35.656846,51.027069]],[[35.541792,51.000951],[35.552775283467064,51.00192107205995],[35.5417923,51.0009511],[35.52524682851658,51.00189574353581],[35.541792,51.000951]],[[34.7844844,51.1833181],[34.785434,51.183968],[34.781314,51.18115],[34.7844844,51.1833181]],[[34.78543454616477,51.1839680498044],[34.791682,51.204241],[34.785434,51.183968],[34.78543454616477,51.1839680498044]],[[35.5045814,51.0702055],[35.5067295,51.071566],[35.5112812,51.0745443],[35.5045814,51.0702055]],[[35.3846181,51.1479026],[35.3838725,51.1544271],[35.3836511,51.1565854],[35.3850473,51.1427873],[35.3846181,51.1479026]],[[34.8763166,51.1917938],[34.8621125,51.1990339],[34.8714543,51.1942476],[34.8763166,51.1917938]],[[35.2809618,51.1857333],[35.2795885,51.1764252],[35.2801035,51.1797613],[35.2809618,51.1857333]],[[34.9781993,51.2367662],[34.9870526,51.2366348],[34.9954513,51.240474],[34.9865249,51.2367124],[34.9781993,51.2367662]],[[35.0546625,51.2723438],[35.0484827,51.2704644],[35.0420454,51.26837],[35.0546625,51.2723438]],[[35.062414,51.2754457],[35.0591257,51.2770689],[35.0616531,51.2756613],[35.065748,51.2743512],[35.062414,51.2754457]],[[35.3399469,51.2885327],[35.3311922,51.2910019],[35.3311239701476,51.29101864300967],[35.3399469,51.2885327]],[[35.1905009,51.3211774],[35.1920488,51.3113809],[35.19050360722401,51.32120156900367],[35.1905009,51.3211774]],[[35.3179734,51.3599033],[35.3162138,51.3567144],[35.3191321,51.3619667],[35.3179734,51.3599033]],[[35.229237,51.3571623],[35.227664342405596,51.35186111682062],[35.2277688,51.3521107],[35.229237,51.3571623]],[[31.874645,54.08339],[31.41042115617505,54.20149396026724],[31.4104212,54.2014939],[31.87464496768817,54.08338990822051],[31.874645,54.08339]],[[32.71486676985393,53.389031279032146],[32.57132743752887,53.289193687858806],[32.714867,53.389031],[32.71486676985393,53.389031279032146]],[[31.65896182161219,53.214976942943345],[31.6589617,53.214977],[31.587613154413056,53.192156347965685],[31.65896182161219,53.214976942943345]],[[31.593523,52.319229],[31.449513221994398,52.830678382228825],[31.5935226,52.3192289],[31.672979600939584,52.27915065715776],[31.593523,52.319229]],[[31.698846591374284,52.266103206113044],[31.695099496366513,52.22531780253277],[31.698847,52.266103],[31.698846591374284,52.266103206113044]],[[31.782394,52.183801],[31.692309314795992,52.19494796104755],[31.6923093,52.1949478],[31.782394008165614,52.1838008361112],[31.782394,52.183801]],[[31.781573427958126,52.1144541286274],[31.799586,52.119868],[31.79937448591126,52.12008741901609],[31.7995858,52.1198682],[31.7815734,52.1144545],[31.781573427958126,52.1144541286274]],[[36.4899528,50.3096134],[36.4898411,50.3099568],[36.4896543,50.3101632],[36.4899528,50.3096134]],[[36.5588413,50.2833788],[36.558769,50.2831696],[36.5587503,50.2830563],[36.5588413,50.2833788]],[[36.5641365,50.2850277],[36.5637561,50.2849676],[36.5630247,50.2847187],[36.5641365,50.2850277]],[[36.7666897,50.2958512],[36.7649658,50.2932032],[36.764939262972504,50.293109270625116],[36.7666897,50.2958512]],[[37.4929473,48.0774522],[37.4860809,48.0798607],[37.4796436,48.081925],[37.4862099,48.0797748],[37.4929473,48.0774522]],[[37.6906959,48.0671832],[37.6888508,48.0637046],[37.6905479,48.0554421],[37.6843874,48.0518379],[37.6791027,48.0486104],[37.6670991,48.0314335],[37.6681722,48.0214106],[37.6670996,48.0314337],[37.6791032,48.0486106],[37.6843879,48.0518381],[37.6905484,48.0554423],[37.6888513,48.0637048],[37.6906964,48.0671834],[37.6779764,48.0701486],[37.6906959,48.0671832]],[[37.6771617,48.0557577],[37.6680636,48.0606626],[37.6843874,48.0518379],[37.6771617,48.0557577]],[[37.84814,48.2413207],[37.8456536,48.2011605],[37.8481447,48.2413211],[37.8524644,48.2448849],[37.84814,48.2413207]],[[37.8197821,48.137656],[37.8142132,48.1427479],[37.819778947931084,48.13765641354779],[37.8197821,48.137656]],[[37.8065298,48.1576678],[37.8044026,48.1721122],[37.803525,48.176886],[37.80352245651236,48.176885148634085],[37.8043999,48.1721122],[37.8065271,48.1576678],[37.8142132,48.1427479],[37.8065298,48.1576678]],[[37.7261948,48.1805341],[37.7265975,48.1804859],[37.7268608,48.1806166],[37.7272823,48.180689],[37.7274602,48.180791],[37.7277615,48.180453],[37.7278589,48.1802365],[37.7281395,48.1801686],[37.7282485,48.1800434],[37.7283163,48.1797787],[37.7283626,48.1794639],[37.7287577,48.1792479],[37.7291742,48.1787815],[37.7292957,48.178594],[37.7294923,48.1784352],[37.7296494,48.1784109],[37.7298172,48.1783223],[37.7302097,48.1779103],[37.731134,48.1773511],[37.7312,48.1770745],[37.7313403,48.1770078],[37.7315878,48.1767264],[37.7319323,48.1765178],[37.733347,48.1769389],[37.7329899,48.1773652],[37.732783,48.1778272],[37.7322611,48.1781656],[37.7319109,48.1785612],[37.7308426,48.1793438],[37.7303108,48.1799548],[37.7302448,48.1804183],[37.7307967,48.1809791],[37.7329266,48.1811588],[37.7336804,48.1814633],[37.7344971,48.1814724],[37.736022,48.1817104],[37.7372134,48.1820411],[37.7411633,48.1826639],[37.7413022,48.1832506],[37.7401221,48.1855682],[37.739335,48.185253],[37.738532,48.185355],[37.738256,48.185034],[37.737571,48.185],[37.737198,48.184788],[37.736449,48.184647],[37.735936,48.184814],[37.735662,48.184434],[37.735227,48.184553],[37.734749,48.184244],[37.733803,48.18438],[37.730005,48.182892],[37.7297215,48.1829236],[37.7293246,48.183224],[37.7290993,48.1832383],[37.7289276,48.1829522],[37.72861,48.183035],[37.7274041,48.1822654],[37.725939,48.1816477],[37.7256399,48.1816423],[37.7255737,48.181537],[37.7256898,48.1810311],[37.7261948,48.1805341]],[[37.7444473,48.1605377],[37.7444795,48.1602801],[37.7443937,48.1599437],[37.7447477,48.1597433],[37.7446297,48.1592996],[37.7449945,48.1588559],[37.7486426,48.1566014],[37.7515393,48.1553596],[37.7534382,48.1547817],[37.7546075,48.1546331],[37.7550746,48.1550016],[37.7563571,48.155141],[37.7569481,48.1556202],[37.7567996,48.156006],[37.7572322,48.156291],[37.7580913,48.1562835],[37.7585214,48.1559611],[37.7596389,48.1560893],[37.7604015,48.1563036],[37.7612929,48.1568329],[37.7616165,48.1567177],[37.7620741,48.1576454],[37.7626821,48.1576412],[37.7634188,48.158009],[37.7647634,48.1575997],[37.7650923,48.1579263],[37.7649062,48.158396],[37.7628748,48.1599249],[37.7618162,48.1603916],[37.7603713,48.1608009],[37.7585974,48.160904],[37.7569594,48.1612132],[37.7548493,48.1613506],[37.7544057,48.1609097],[37.7526589,48.1617469],[37.7507813,48.1619044],[37.7465005,48.1614893],[37.7459962,48.1617183],[37.7446766,48.1616324],[37.7442649,48.1613893],[37.744222,48.1609313],[37.7444473,48.1605377]],[[37.5369554,48.3782561],[37.5363975,48.3762893],[37.5348525,48.3752916],[37.5364833,48.3736097],[37.5379217,48.3732466],[37.5388007,48.3732391],[37.5399165,48.3727829],[37.5407319,48.371443],[37.5420194,48.3704239],[37.5430064,48.3702599],[37.543202,48.3694162],[37.5424963,48.3688576],[37.5452047,48.367555],[37.5459182,48.3701316],[37.5460202,48.3712042],[37.5437028,48.3737843],[37.5402829,48.3768388],[37.540137,48.3780707],[37.5416391,48.3800375],[37.5447719,48.3811776],[37.5452869,48.3820611],[37.5438921,48.3837143],[37.5427012,48.3838996],[37.539665,48.3835433],[37.540517,48.3819339],[37.5385861,48.3801374],[37.5369554,48.3782561]],[[37.5434944,48.3332332],[37.5443527,48.3345456],[37.5465843,48.3381401],[37.5434944,48.3332332]],[[37.5390113,48.2890152],[37.5404317,48.2884459],[37.5410121,48.2884321],[37.5427297,48.2880042],[37.5434925,48.2875192],[37.5434398,48.2871913],[37.5443276,48.286306],[37.5455614,48.2859634],[37.5466558,48.2858206],[37.5474318,48.2860964],[37.5466713,48.286453],[37.5461444,48.2869102],[37.5457581,48.2871244],[37.5455435,48.2877812],[37.5450715,48.2880239],[37.5447711,48.2886664],[37.5441488,48.2891232],[37.5427755,48.2898799],[37.5410787,48.2905094],[37.5393719,48.2915951],[37.5377138,48.2928518],[37.5375577,48.2933375],[37.5370887,48.2932162],[37.535982,48.2918599],[37.5382305,48.2903823],[37.5383645,48.2897615],[37.5390113,48.2890152]],[[37.5510617,48.1999605],[37.5529873,48.2004425],[37.5536025,48.2010742],[37.5548615,48.2014199],[37.5561992,48.2015248],[37.5572365,48.202116],[37.5579305,48.2023067],[37.5588613,48.2030411],[37.5595131,48.203847],[37.5603366,48.2042524],[37.5608301,48.2046385],[37.5603852,48.2047253],[37.5597093,48.2046109],[37.5585076,48.2041605],[37.5581857,48.2037243],[37.5574026,48.203095],[37.5564799,48.2032595],[37.5556323,48.203045],[37.5555542,48.2024662],[37.5553258,48.2023308],[37.5549121,48.2024747],[37.5536984,48.202262],[37.5534181,48.2023854],[37.5532236,48.2026088],[37.5529527,48.2023049],[37.5526865,48.2021932],[37.5523774,48.2022388],[37.5519308,48.2021297],[37.5496671,48.2017077],[37.5493238,48.2014861],[37.5483689,48.2014861],[37.5476769,48.2012394],[37.5479639,48.2010945],[37.5483367,48.2009926],[37.5474462,48.2005708],[37.5459012,48.2001417],[37.5456948,48.1991951],[37.5466041,48.1982484],[37.5501018,48.1988062],[37.5510617,48.1999605]],[[37.6284608,48.1716563],[37.6302318,48.1708134],[37.6308919,48.172288],[37.6308275,48.1730321],[37.6320506,48.1740052],[37.6319219,48.174735],[37.6328667,48.1760914],[37.6337679,48.1761057],[37.6342829,48.1767782],[37.6350983,48.1768641],[37.6363214,48.1765922],[37.6357331,48.1769094],[37.6355954,48.1771551],[37.6345976,48.1774914],[37.6338627,48.1773072],[37.6334416,48.1773081],[37.6330329,48.1773643],[37.6328261,48.177073],[37.6310744,48.1764954],[37.6306545,48.1757881],[37.6308365,48.175588],[37.6308362,48.1753593],[37.6301595,48.1749627],[37.63026,48.1744557],[37.6302049,48.1741276],[37.629317,48.1726938],[37.6284608,48.1716563]],[[37.6281074,48.1642419],[37.6283005,48.1640487],[37.6284829,48.1639091],[37.6285955,48.1637302],[37.6286814,48.1634905],[37.6282737,48.1629609],[37.6285794,48.1621344],[37.6277742,48.1617813],[37.6273745,48.1613179],[37.6274563,48.1610576],[37.6271787,48.1607257],[37.6266664,48.1603625],[37.6263257,48.1600136],[37.6257303,48.1595484],[37.6252287,48.1595341],[37.6248988,48.1594339],[37.6242437,48.1578214],[37.625574,48.1579359],[37.6272494,48.1587151],[37.6286763,48.1594093],[37.6291591,48.1598459],[37.6299852,48.1599318],[37.6305324,48.1599103],[37.6310367,48.1597672],[37.6315517,48.1596026],[37.6323027,48.1594165],[37.6324422,48.1593306],[37.6340729,48.1592161],[37.6343161,48.1592618],[37.6328999,48.1595195],[37.6325137,48.1597055],[37.6316554,48.160092],[37.6312691,48.1604928],[37.6293379,48.1613516],[37.6306254,48.1619957],[37.6312048,48.1620243],[37.6321093,48.1623631],[37.6314333,48.1625885],[37.6307896,48.1631038],[37.6301566,48.1630751],[37.6298562,48.163399],[37.6300601,48.1638091],[37.6302827,48.1640512],[37.6299863,48.164666],[37.6293231,48.1649162],[37.6283434,48.1651543],[37.6281396,48.1650362],[37.6280913,48.1647679],[37.6281074,48.1642419]],[[37.6514515,48.1519841],[37.6521281,48.151791],[37.6524343,48.1517874],[37.6528262,48.1518411],[37.6540293,48.1517125],[37.6547201,48.1517754],[37.6554349,48.1517679],[37.6560639,48.1520037],[37.6574937,48.1523466],[37.6583977,48.1523244],[37.6595378,48.1525313],[37.6602515,48.1528161],[37.6604503,48.1530867],[37.6596995,48.1530852],[37.6584123,48.1528261],[37.6580959,48.1529242],[37.6578653,48.1528505],[37.6572324,48.1528462],[37.6563958,48.1529091],[37.655325,48.1526113],[37.6540041,48.1525311],[37.6532793,48.1526915],[37.6532406,48.1528636],[37.6524488,48.1530643],[37.6519467,48.1530788],[37.6514515,48.1519841]],[[37.64230613797218,48.10159999905146],[37.642306,48.1016],[37.640485,48.099509],[37.64035750000015,48.09898025000061],[37.6404853,48.0995087],[37.64230613797218,48.10159999905146]],[[37.64074282917125,48.0943230999696],[37.640788,48.09385],[37.644269766272274,48.090056800935784],[37.640788,48.0938501],[37.64074282917125,48.0943230999696]],[[37.6474401,48.0866028],[37.6474399865923,48.086602923554906],[37.645416,48.075063],[37.645231680878545,48.074917295219635],[37.6454163,48.0750632],[37.6474401,48.0866028]],[[37.5515362,48.1108027],[37.552948,48.110073],[37.5528339,48.1093142],[37.5532884,48.1088779],[37.5540219,48.1088141],[37.5552393,48.1088596],[37.5559156,48.1086272],[37.5574709,48.1081002],[37.5591875,48.1078423],[37.5605393,48.1075558],[37.5613118,48.1070973],[37.5621681,48.1070481],[37.562429,48.1075025],[37.5597308,48.1083837],[37.5592426,48.1086774],[37.5571934,48.1091932],[37.5557228,48.1096855],[37.5543139,48.1106672],[37.5533395,48.1112279],[37.5525947,48.111895],[37.5516354,48.1123902],[37.5511589,48.1122908],[37.5505536,48.1115324],[37.5515362,48.1108027]],[[37.5629406,48.0143311],[37.5750705,48.0142289],[37.5567471,48.0144965],[37.5629406,48.0143311]],[[37.5076822,48.0143098],[37.5031439,48.0155944],[37.5049893,48.015049],[37.5076822,48.0143098]],[[37.4927818,48.1273109],[37.4926695,48.1268749],[37.4925464,48.1268184],[37.4925686,48.1264763],[37.4927624,48.1259551],[37.4916586,48.1250569],[37.4909398,48.1239764],[37.4906181,48.1225602],[37.4893199,48.1210428],[37.4867397,48.1187371],[37.4860479,48.1185227],[37.4843797,48.1195832],[37.4837601,48.119254],[37.4846427,48.118495],[37.4846053,48.1167909],[37.4848683,48.1161467],[37.4890743,48.1147794],[37.4930226,48.1169751],[37.4939669,48.1168292],[37.4943532,48.1163108],[37.494895,48.1164821],[37.4952652,48.1169398],[37.4956849,48.1169898],[37.495976,48.1168392],[37.4965151,48.1170251],[37.4969757,48.1175738],[37.4978295,48.1175948],[37.5020998,48.1165712],[37.5055116,48.1153756],[37.5073248,48.1136173],[37.5085291,48.1133926],[37.5092628,48.1128564],[37.5093527,48.1125781],[37.5105626,48.1118495],[37.5113086,48.1117104],[37.5117874,48.1123852],[37.5106859,48.1132231],[37.5099909,48.1142567],[37.5097817,48.1152686],[37.5113911,48.1157345],[37.516336,48.1146985],[37.5191368,48.1141041],[37.5203168,48.1141909],[37.5255954,48.1137038],[37.533202,48.1144826],[37.5355623,48.1137949],[37.53597,48.1141388],[37.538266,48.1134798],[37.5386093,48.1136194],[37.539296,48.1136732],[37.539768,48.1132076],[37.5406263,48.1131359],[37.5413988,48.1135944],[37.5404233,48.1144976],[37.5376767,48.1146265],[37.5324411,48.1165032],[37.5315461,48.1166777],[37.5300215,48.1168063],[37.5283611,48.1168575],[37.5273444,48.1166222],[37.5262312,48.1167665],[37.5255018,48.117165],[37.5248689,48.1172712],[37.5245014,48.1172368],[37.5239838,48.1170879],[37.5236566,48.116704],[37.5235067,48.1163979],[37.5230997,48.1162442],[37.5225001,48.1161659],[37.5208291,48.1164104],[37.5192001,48.1180477],[37.5116662,48.120781],[37.5086435,48.1219032],[37.5062126,48.1226229],[37.5031442,48.123511],[37.5001889,48.1243891],[37.4966262,48.1257575],[37.4966691,48.1264917],[37.4963418,48.1266623],[37.4949846,48.1267755],[37.4940726,48.1266297],[37.4935657,48.1261107],[37.4932519,48.1260814],[37.4930219,48.1264232],[37.4930172,48.1267865],[37.4929208,48.1268567],[37.4929102,48.1273137],[37.4927818,48.1273109]],[[37.6101715,48.0985429],[37.6110288,48.098685],[37.6108752,48.0990714],[37.6112474,48.0995724],[37.6116269,48.0997576],[37.611936,48.099712],[37.611802,48.100511],[37.608365,48.100033],[37.6048608,48.1004452],[37.6034553,48.1003306],[37.6010399,48.100347],[37.6005419,48.097213],[37.601303,48.0970147],[37.6019783,48.0969597],[37.6028568,48.0970216],[37.6042824,48.0966321],[37.6049999,48.0966581],[37.6052507,48.0961432],[37.6054727,48.0961007],[37.6063599,48.0962445],[37.6069004,48.0960807],[37.6076488,48.0952184],[37.60891,48.095665],[37.6068889,48.0974017],[37.606799,48.097949],[37.6074353,48.0981545],[37.6078356,48.0980304],[37.6097004,48.0985727],[37.6101715,48.0985429]],[[37.62729,48.101944],[37.62427,48.101973],[37.617023,48.102101],[37.618279,48.098962],[37.6188732,48.0990812],[37.6191811,48.0988614],[37.6206439,48.0991599],[37.6220209,48.0997307],[37.6238276,48.1000146],[37.6241403,48.0999715],[37.6248178,48.100086],[37.6255077,48.100014],[37.6261793,48.1001136],[37.6272007,48.1005565],[37.6282131,48.1005541],[37.6286783,48.1004156],[37.6287934,48.1002677],[37.631298,48.099814],[37.635413,48.09881],[37.636799,48.09905],[37.639565,48.0990648],[37.6393,48.099721],[37.632901,48.100325],[37.62729,48.101944]],[[37.6338628,48.0784321],[37.6364867,48.0774181],[37.6367043,48.0766459],[37.6373939,48.076189],[37.6393798,48.0756806],[37.6407103,48.0754541],[37.641232,48.075712],[37.638185,48.077132],[37.635803,48.078852],[37.633164,48.080931],[37.629773,48.083407],[37.6294038,48.083396],[37.6283052,48.0820805],[37.6285969,48.0814565],[37.6292319,48.0816711],[37.6313387,48.0809535],[37.6319543,48.0803219],[37.6328917,48.0798479],[37.6328217,48.0792567],[37.6338628,48.0784321]],[[37.6104568,48.105905],[37.6115941,48.1062346],[37.609105,48.1055325],[37.6104568,48.105905]],[[37.577935,48.104884],[37.5735221,48.1049571],[37.5744341,48.1049285],[37.577935,48.104884]],[[37.5829199,48.1053492],[37.5826811,48.1052415],[37.5824503,48.1042597],[37.5826823,48.1040644],[37.5829786,48.1039551],[37.5831784,48.1037812],[37.5835143,48.1036227],[37.5840863,48.1035501],[37.5844618,48.1039011],[37.5848803,48.1039011],[37.5852987,48.1036647],[37.5854811,48.1037149],[37.5859102,48.1036146],[37.5867149,48.1032635],[37.5870689,48.1032707],[37.5878736,48.1028766],[37.5884744,48.1025327],[37.5885495,48.1023751],[37.5888607,48.1022461],[37.5892254,48.102024],[37.5898584,48.1015869],[37.5904759,48.1010981],[37.5908192,48.1009763],[37.5910338,48.1010049],[37.5910874,48.1012342],[37.5912483,48.1013345],[37.5917311,48.101356],[37.5920208,48.1012628],[37.5924178,48.1012843],[37.5932654,48.1006538],[37.5935765,48.1006037],[37.5938876,48.1004317],[37.5937267,48.0995862],[37.5937911,48.0992781],[37.594188,48.0990847],[37.5946155,48.1002292],[37.5943252,48.1005934],[37.5936796,48.100925],[37.5928434,48.1012351],[37.5926721,48.1014546],[37.5926939,48.1016311],[37.5925444,48.1017979],[37.5911524,48.1019063],[37.5908372,48.1021288],[37.5907152,48.1023513],[37.5904067,48.1024811],[37.5905918,48.1025715],[37.5902015,48.1031325],[37.5896825,48.1036793],[37.5883226,48.1045219],[37.5881114,48.1045176],[37.5879216,48.1043701],[37.5868983,48.1043615],[37.5864797,48.1045869],[37.5864206,48.1047784],[37.5860155,48.1049387],[37.5859095,48.1051191],[37.5856313,48.1053382],[37.5855241,48.1055506],[37.5851649,48.1055338],[37.5848594,48.1054284],[37.5843001,48.1055824],[37.5840198,48.1056217],[37.583545,48.1053851],[37.5829199,48.1053492]],[[37.6564716,48.1367457],[37.6542449,48.1366807],[37.6533603,48.1367386],[37.6542829,48.1366741],[37.6564716,48.1367457]],[[37.6344682,48.1431141],[37.635289,48.1431392],[37.6364262,48.1427812],[37.6377553,48.1422914],[37.6355679,48.1433969],[37.6344736,48.1436976],[37.6336582,48.1439267],[37.6332505,48.1443991],[37.6311047,48.1451007],[37.6289375,48.1455446],[37.6286263,48.1449759],[37.6327364,48.1435413],[37.6333471,48.1433467],[37.6344682,48.1431141]],[[37.5841585,48.1527755],[37.584008,48.1530716],[37.5837287,48.153332],[37.5835477,48.1531781],[37.5832487,48.1527808],[37.5828545,48.1525375],[37.5822872,48.1525482],[37.581795,48.1526234],[37.5812934,48.1531172],[37.5810232,48.1531906],[37.5807101,48.1533785],[37.5804915,48.1537113],[37.5805371,48.1538509],[37.5801415,48.1541139],[37.5797995,48.1541694],[37.5793314,48.1541247],[37.5789006,48.1539506],[37.5786629,48.1537408],[37.5779729,48.1535288],[37.5766787,48.1536487],[37.5756099,48.1536111],[37.5752156,48.1534447],[37.5750687,48.1532206],[37.5750399,48.1528605],[37.5746496,48.1528775],[37.5743881,48.1527298],[37.5733755,48.1531763],[37.573057,48.1531741],[37.5727046,48.1530631],[37.5723073,48.1528743],[37.5718869,48.1525232],[37.5705404,48.1522189],[37.5700823,48.1523027],[37.5695099,48.1524698],[37.5690019,48.1526943],[37.5683431,48.1531696],[37.5681885,48.1533443],[37.5678622,48.1535189],[37.5675943,48.1535617],[37.5670259,48.1535043],[37.5662428,48.1531231],[37.5653846,48.1528206],[37.5640007,48.152171],[37.5634859,48.1520009],[37.5628266,48.151954],[37.5611909,48.1521576],[37.5608696,48.1519283],[37.5606713,48.1515148],[37.5606231,48.1510012],[37.5606554,48.1505483],[37.5608272,48.1501957],[37.5612928,48.1500715],[37.5618426,48.1500357],[37.5626485,48.1500812],[37.5628088,48.150151],[37.5629694,48.1501107],[37.5632159,48.1499774],[37.5632531,48.150082],[37.5633547,48.1501796],[37.5639498,48.1502413],[37.5644162,48.1503818],[37.564648,48.1505822],[37.565653,48.1506931],[37.566701,48.1508827],[37.5671117,48.1510365],[37.5676619,48.1510974],[37.5680737,48.1509327],[37.568507,48.1508253],[37.568601,48.1506104],[37.5694756,48.1507104],[37.5711426,48.150697],[37.5722731,48.1506048],[37.5728015,48.1507533],[37.573165,48.1507972],[37.5736572,48.1507122],[37.5741118,48.1508241],[37.5744806,48.1511077],[37.5752893,48.151284],[37.5756903,48.1513171],[37.5763059,48.1517796],[37.5766888,48.151653],[37.5772004,48.1516839],[37.5779166,48.1519934],[37.5789385,48.1519827],[37.5798746,48.1518575],[37.5808884,48.1514352],[37.5815053,48.1514638],[37.5818366,48.1512526],[37.5824038,48.1511846],[37.5828303,48.151292],[37.5832104,48.1517268],[37.583776,48.1518834],[37.5842205,48.1517024],[37.5845071,48.1518124],[37.5847075,48.1520152],[37.5849294,48.1520749],[37.584824,48.1521668],[37.584665,48.1521299],[37.5843309,48.1522905],[37.5841585,48.1527755]],[[37.5594936,48.2349187],[37.5606808,48.2350704],[37.5618111,48.2356048],[37.5622831,48.2360621],[37.5610287,48.2357185],[37.5586684,48.2356185],[37.5562222,48.2358901],[37.5557496,48.2357178],[37.5555798,48.2353434],[37.5555774,48.2348595],[37.5574901,48.2348532],[37.5578886,48.2349145],[37.5581951,48.2346521],[37.5584158,48.2346183],[37.5587616,48.2349115],[37.5594936,48.2349187]],[[37.6187056,48.2274277],[37.6184793,48.2321004],[37.6183033,48.235719],[37.6187056,48.2274277]],[[37.6472741,48.2007055],[37.6455235,48.1991397],[37.6465134,48.2000028],[37.6472741,48.2007055]],[[37.6454154,48.1935514],[37.6444329,48.1929931],[37.644196,48.1927959],[37.6439162,48.1926417],[37.6435926,48.1926765],[37.6430709,48.192444],[37.6430007,48.1917428],[37.6435371,48.191471],[37.6446744,48.1915283],[37.6456829,48.1918573],[37.6462384,48.1919137],[37.6470544,48.1921099],[37.6473779,48.1924692],[37.6474468,48.192974],[37.6469938,48.1927031],[37.6465635,48.1927178],[37.6463164,48.1925606],[37.6460534,48.1925321],[37.6457288,48.1924963],[37.6455758,48.1927467],[37.645704,48.1933763],[37.6454154,48.1935514]],[[37.6357737,48.1836146],[37.6357087,48.1837294],[37.6346822,48.1833905],[37.6345501,48.1828918],[37.6350312,48.1824707],[37.634789,48.1819955],[37.6344747,48.1819726],[37.6341699,48.1816996],[37.6339724,48.1813552],[37.6339206,48.180609],[37.6332252,48.1800059],[37.632916,48.179317],[37.6330098,48.1776524],[37.6337662,48.1775039],[37.6344474,48.1777275],[37.6344045,48.1789723],[37.6349154,48.1804384],[37.6349583,48.1811251],[37.6352801,48.1814256],[37.6351085,48.1818834],[37.6353231,48.1824986],[37.634851,48.1828134],[37.6351299,48.1832998],[37.6357737,48.1836146]],[[37.5510392,48.2875663],[37.5557169,48.2854532],[37.5488934,48.2885372],[37.5510392,48.2875663]],[[37.6409528,48.274913],[37.6413819,48.2755128],[37.6398906,48.2757199],[37.6393381,48.2754093],[37.6386568,48.2746417],[37.6383135,48.2737276],[37.6379487,48.2732706],[37.6381418,48.2730421],[37.6389572,48.2729993],[37.6399657,48.2736134],[37.6403949,48.2741132],[37.6409528,48.274913]],[[37.5664273,48.2564817],[37.5693143,48.2629907],[37.5708791,48.2666315],[37.5664273,48.2564817]],[[37.5663569,48.2771074],[37.5735761,48.2749141],[37.5770791,48.2738728],[37.5663569,48.2771074]],[[37.6332176,48.2702116],[37.6268661,48.2700402],[37.6303423,48.2701259],[37.6332176,48.2702116]],[[37.5715016,48.327651],[37.5740765,48.3261958],[37.5760077,48.3265382],[37.5761793,48.3275369],[37.574806,48.328507],[37.5701283,48.3322875],[37.5671671,48.3304757],[37.5715016,48.327651]],[[37.5840076,48.3367633],[37.5802992,48.3293059],[37.5934943,48.3551121],[37.5840076,48.3367633]],[[37.6108549,48.3118126],[37.6166444,48.3196051],[37.6079033,48.3078889],[37.6108549,48.3118126]],[[37.5979746,48.4008082],[37.6225096,48.3982675],[37.6114481,48.3994137],[37.5979746,48.4008082]],[[37.6827119,48.1035053],[37.6745743,48.1045608],[37.68271092341412,48.103505139678205],[37.6827119,48.1035053]],[[37.66342752972452,48.100584751297],[37.659371,48.100534],[37.65085735881798,48.101267051950785],[37.6593706,48.1005335],[37.66342752972452,48.100584751297]],[[37.6862506,48.1025402],[37.6855663,48.1026167],[37.6852399,48.1019192],[37.6851582,48.1015133],[37.6858964,48.101444],[37.6861582,48.1018679],[37.6860123,48.1020912],[37.6862506,48.1025402]],[[37.6834131,48.0981758],[37.6828652,48.0982191],[37.6825029,48.0986312],[37.6814969,48.0991292],[37.6807578,48.0991059],[37.6803621,48.098968],[37.6799879,48.097526],[37.6803327,48.097516],[37.6807097,48.0973483],[37.6822079,48.0974152],[37.6824883,48.0972887],[37.687461,48.0975556],[37.6923176,48.0983666],[37.6920891,48.0984753],[37.6915902,48.0983786],[37.6908902,48.0983768],[37.6905656,48.0984395],[37.6900668,48.0986974],[37.6898441,48.0987547],[37.6896215,48.0987691],[37.6892795,48.0986925],[37.6890878,48.0985156],[37.688554,48.0982621],[37.6874784,48.0983777],[37.6871391,48.0983333],[37.6867998,48.0982424],[37.686317,48.0982236],[37.6857805,48.0982836],[37.6855767,48.0983499],[37.6854297,48.0989451],[37.6855861,48.0992229],[37.685931,48.0993354],[37.6860827,48.0997057],[37.6858268,48.1000904],[37.685731,48.0998744],[37.6855494,48.099816],[37.6855126,48.1002657],[37.6851457,48.1004867],[37.6850107,48.0996437],[37.6846825,48.0992307],[37.6846011,48.0989466],[37.6846269,48.0987199],[37.6842668,48.0984694],[37.6834131,48.0981758]],[[37.7008975,48.0980291],[37.7033825,48.0975555],[37.7122449,48.0959363],[37.7008975,48.0980291]],[[37.7220563,48.0987631],[37.7298184,48.0986447],[37.7155374,48.0988846],[37.7220563,48.0987631]],[[37.6578291,48.066521],[37.658722,48.0667077],[37.6606233,48.0659909],[37.6621384,48.0650304],[37.6662132,48.063933],[37.667726,48.0637538],[37.6690671,48.0634311],[37.6710248,48.0636454],[37.6733422,48.0632439],[37.6696165,48.0651532],[37.6647748,48.0658578],[37.6612596,48.0673141],[37.6585167,48.0691146],[37.6570394,48.0687506],[37.6561704,48.0687419],[37.6555642,48.0689957],[37.6550868,48.0695936],[37.654207,48.0695905],[37.6507307,48.0713479],[37.6481626,48.0723479],[37.6479728,48.0730486],[37.6465567,48.0737686],[37.6460847,48.0738004],[37.6457597,48.072762],[37.6502721,48.0705949],[37.6541209,48.0689774],[37.6545393,48.0689702],[37.6556551,48.0684755],[37.6573042,48.0680431],[37.6567217,48.0669797],[37.6578291,48.066521]],[[37.6680972,48.1515869],[37.6699747,48.1521881],[37.6712729,48.1519448],[37.6725497,48.1519233],[37.6737084,48.1520808],[37.6735367,48.1522597],[37.6709189,48.1523885],[37.6693954,48.1530041],[37.6687731,48.1530614],[37.668344,48.1529325],[37.6680436,48.152546],[37.6676573,48.1524315],[37.6665844,48.1524888],[37.6648847,48.1527168],[37.6641092,48.152771],[37.6636946,48.1527372],[37.663498,48.152681],[37.6633604,48.1524254],[37.6632754,48.1519253],[37.6633729,48.1516329],[37.6646694,48.1515833],[37.6651468,48.1517086],[37.6673033,48.1516513],[37.6674964,48.151594],[37.6675178,48.1514079],[37.6678719,48.151229],[37.6681187,48.1512361],[37.6680972,48.1515869]],[[37.7315308,48.1738624],[37.7325954,48.1718766],[37.7329968,48.1718061],[37.7331458,48.1718865],[37.7332412,48.1720885],[37.7332389,48.1729647],[37.7330017,48.1736604],[37.7326358,48.1742416],[37.7316166,48.1741844],[37.7315308,48.1738624]],[[37.7307593,48.167998],[37.7310705,48.1682502],[37.7311241,48.1684595],[37.7300405,48.1696544],[37.729665,48.1696831],[37.7285278,48.1692537],[37.7284205,48.1690749],[37.7274334,48.1685525],[37.7271545,48.1681303],[37.7271974,48.1678942],[37.7274978,48.1676437],[37.7285706,48.1679157],[37.7290642,48.167955],[37.7294504,48.1678656],[37.7297937,48.167667],[37.7302336,48.1673531],[37.7307459,48.1673032],[37.7309363,48.1674823],[37.730762,48.1677831],[37.7307593,48.167998]],[[37.7330746,48.1713351],[37.7322525,48.1713917],[37.732228,48.1713509],[37.7322721,48.1709495],[37.732197,48.1706562],[37.7316606,48.1702412],[37.7311563,48.1699836],[37.7308452,48.1699335],[37.7315104,48.1691607],[37.7319071,48.1692682],[37.7329474,48.1697478],[37.7334833,48.1698483],[37.7337846,48.1700628],[37.7336031,48.1711861],[37.7330746,48.1713351]],[[37.7330176,48.1752378],[37.7336693,48.175718],[37.7336046,48.1764867],[37.733535,48.1766641],[37.7318722,48.1761145],[37.7316256,48.1755791],[37.7315371,48.1752521],[37.7317531,48.1748796],[37.7317008,48.1744571],[37.7325718,48.1744913],[37.7327928,48.1747588],[37.7327562,48.1749261],[37.7330176,48.1752378]],[[37.7281675,48.2652476],[37.7361875,48.2660993],[37.747047,48.2672548],[37.7281675,48.2652476]],[[37.7482995,48.2474127],[37.7522906,48.2481557],[37.75897,48.249405],[37.7482995,48.2474127]],[[37.733168,48.212821],[37.7331039,48.2111837],[37.736294,48.21079],[37.733104,48.211184],[37.733168,48.212821]],[[37.724331,48.210581],[37.7315696,48.2110426],[37.7331039,48.2111837],[37.724331,48.210581]],[[37.7427362,48.2115959],[37.74273600902752,48.21159587610991],[37.74338,48.202758],[37.74394664951399,48.20101362479496],[37.74338,48.2027583],[37.7427362,48.2115959]],[[37.749529,48.218544],[37.752705,48.216428],[37.75270510481595,48.21642796342007],[37.74952954147366,48.21854380573768],[37.749529,48.218544]],[[37.772939,48.234687],[37.7686892,48.2362091],[37.76873622204641,48.24123262195801],[37.768689,48.236209],[37.772939,48.234687]],[[37.7460836,48.1944341],[37.746083596981066,48.1944341092951],[37.7404743,48.1959553],[37.7460836,48.1944341]],[[37.6864028,48.2592529],[37.6866389,48.2590672],[37.6867676,48.2588529],[37.686553,48.2585672],[37.6871968,48.25791],[37.6877117,48.25721],[37.6878405,48.2568528],[37.6881216,48.2567881],[37.6887245,48.2570519],[37.6891456,48.256819],[37.6892279,48.2574682],[37.6892798,48.2580928],[37.6887908,48.2584336],[37.6890184,48.2591041],[37.6900184,48.2596888],[37.6899755,48.2608602],[37.6895088,48.2611565],[37.6885459,48.2611476],[37.687583,48.2608243],[37.6876903,48.2600672],[37.6868749,48.2593957],[37.6864028,48.2592529]],[[37.6892631,48.201276],[37.6889198,48.2037645],[37.6891336,48.2021913],[37.6892631,48.201276]],[[37.80115397748764,48.16424903346877],[37.8011541,48.1642493],[37.79992577189662,48.16607498758646],[37.80115397748764,48.16424903346877]],[[37.7957033,48.1568411],[37.795944481743184,48.15701497411021],[37.795703,48.156841],[37.79577532139998,48.15561870857066],[37.7957033,48.1568411]],[[37.79739,48.152749],[37.79739004997844,48.15274899606048],[37.79716264385,48.15304618904154],[37.79739,48.152749]],[[37.79754872820032,48.15273648835829],[37.800384,48.152513],[37.809472,48.149185],[37.81161591537848,48.14482417212428],[37.811616,48.1448242],[37.8094724,48.1491849],[37.800523,48.1525055],[37.79754872820032,48.15273648835829]],[[37.8027019,48.1399819],[37.8027163,48.1395935],[37.8034925,48.1394503],[37.8049339,48.1386915],[37.8052715,48.1380954],[37.8053704,48.1372739],[37.8057291,48.1371842],[37.8059759,48.1372701],[37.8062012,48.137714],[37.8064909,48.1379861],[37.8067162,48.1382797],[37.8070488,48.1385088],[37.807435,48.1385446],[37.80795,48.1385875],[37.8082504,48.1384515],[37.8085508,48.1384443],[37.8090229,48.1385732],[37.8101408,48.1390211],[37.8098944,48.1395116],[37.8088652,48.141323],[37.8091455,48.1416955],[37.80811860707161,48.143671409144225],[37.803336,48.1424905],[37.8031,48.142605],[37.802456,48.141366],[37.8021439,48.1411471],[37.8028985,48.1409162],[37.8030094,48.1405708],[37.8027019,48.1399819]],[[37.8068088,48.1357419],[37.8064936,48.1362573],[37.803633,48.1362145],[37.8034762,48.1359713],[37.804238,48.1355025],[37.804989,48.134733],[37.8052465,48.1346833],[37.8056059,48.1350126],[37.8068088,48.1357419]],[[37.8132284,48.1369216],[37.8122232,48.1382196],[37.8108039,48.1387594],[37.8088941,48.1380864],[37.808347,48.1374277],[37.8088354,48.1371833],[37.8115761,48.1352333],[37.8126,48.1343],[37.815459,48.133571],[37.816373,48.133866],[37.8129573,48.1363325],[37.8131304,48.1366485],[37.8132284,48.1369216]],[[37.7852262,48.1085451],[37.7879177,48.1092822],[37.7836827,48.1081374],[37.7852262,48.1085451]],[[37.8059323,48.1248182],[37.8005492,48.1244565],[37.8034781,48.1246212],[37.8059323,48.1248182]],[[37.7995084,48.1240912],[37.7976658,48.123316],[37.7983282,48.1235899],[37.7995084,48.1240912]],[[37.7717471,48.1832888],[37.7727711,48.1814999],[37.773795,48.1803977],[37.7741789,48.1791333],[37.7765368,48.1786415],[37.7734302,48.1835453],[37.77076,48.18708],[37.7690167,48.1890993],[37.7666644,48.1881205],[37.7679118,48.186885],[37.7691858,48.1862886],[37.7717471,48.1832888]],[[37.7657283,48.1890586],[37.7678846,48.1895134],[37.7802442,48.1921455],[37.7657283,48.1890586]],[[37.7760971,48.2024906],[37.776096831059476,48.20249102891972],[37.7717718,48.2032314],[37.7760971,48.2024906]],[[37.770408,48.2074482],[37.7627045,48.2106228],[37.7581125,48.2145406],[37.7581124472198,48.21454061842178],[37.762704,48.210623],[37.770408,48.207448],[37.774656,48.204788],[37.775802901214625,48.2029598028522],[37.7746564,48.2047883],[37.770408,48.2074482]],[[37.7540079,48.4169993],[37.7538701,48.4176405],[37.7537909,48.4179966],[37.7540079,48.4169993]],[[37.77143015436685,48.24680253982475],[37.768783,48.246209],[37.768782997596645,48.24620874432378],[37.77143015436685,48.24680253982475]],[[37.7748408,48.2776997],[37.7777843,48.2666581],[37.7759566,48.2738724],[37.7748408,48.2776997]],[[37.8409333,48.3263106],[37.842371,48.3265531],[37.8388734,48.3260395],[37.8409333,48.3263106]],[[37.8533788,48.3200756],[37.853283,48.3206029],[37.8529711,48.3218734],[37.8533788,48.3200756]],[[37.8420624,48.3786919],[37.8423115,48.3803672],[37.8424057,48.3811647],[37.8420624,48.3786919]],[[37.5548754,47.917517],[37.5574541,47.916963],[37.5606849,47.9176717],[37.5640023,47.9174379],[37.5647449,47.9180095],[37.5560412,47.9202958],[37.5489837,47.9222115],[37.5468944,47.9196866],[37.5548754,47.917517]],[[37.8611106,49.7012817],[37.8611831,49.7028396],[37.8609012,49.698797],[37.8611106,49.7012817]],[[37.7457976,49.8847176],[37.7587362,49.8938291],[37.754694,49.890988],[37.7457976,49.8847176]],[[37.7245602,49.8514436],[37.7204394,49.853621],[37.7245178,49.8514631],[37.7285942,49.8495066],[37.7245602,49.8514436]],[[37.67716246313953,49.8299592943631],[37.6690748,49.8288116],[37.6770908,49.8299465],[37.67716246313953,49.8299592943631]],[[37.6686886,49.8157985],[37.6718315,49.8082924],[37.6706681,49.8110771],[37.6686886,49.8157985]],[[37.8260875,49.9682366],[37.8239524,49.9662422],[37.8244352,49.9666493],[37.8253365,49.9674775],[37.8260875,49.9682366]],[[37.84243578303202,49.14534950709504],[37.842435783032016,49.14534950709504],[37.843449,49.1409098],[37.84243578303202,49.14534950709504]],[[37.8279423,49.5723291],[37.8287171,49.5724275],[37.8253053,49.5719962],[37.8279423,49.5723291]],[[37.8437773,48.4237139],[37.8427496,48.4225674],[37.8424919,48.422252],[37.8437773,48.4237139]],[[37.8304243,48.4220473],[37.8217975,48.4259056],[37.8258421,48.4240872],[37.8304243,48.4220473]],[[37.9421344,48.5957398],[37.9418061,48.5954185],[37.9412204,48.5952958],[37.9394443,48.5953658],[37.9375824,48.5951519],[37.937635,48.5947809],[37.9396716,48.5939679],[37.9396462,48.5935909],[37.9388767,48.5935392],[37.9381916,48.5932863],[37.937957,48.593076],[37.9376168,48.5924442],[37.9378329,48.5918871],[37.9383923,48.591486],[37.9390176,48.5913084],[37.9397073,48.591301],[37.9408291,48.5916128],[37.9418437,48.5920807],[37.9425546,48.5925897],[37.947344,48.5946967],[37.9491663,48.595796],[37.9488552,48.5961579],[37.9488928,48.596424],[37.9460136,48.5987037],[37.9427479,48.5972197],[37.9421344,48.5957398]],[[37.9614346,48.6031826],[37.9623774,48.6022818],[37.961435,48.603183],[37.9488928,48.596424],[37.9614346,48.6031826]],[[37.9562946,48.5443228],[37.9534794,48.5410566],[37.9549003,48.542678],[37.9562946,48.5443228]],[[37.9556246,48.5402472],[37.9603298,48.5406004],[37.9582672,48.5404575],[37.9556246,48.5402472]],[[37.9732806,48.4892847],[37.9673369,48.4815616],[37.9707701,48.4859564],[37.9732806,48.4892847]],[[37.9986145,48.4524806],[37.9972581,48.4547438],[37.9985823,48.4524308],[38.0006166,48.4504656],[37.9986145,48.4524806]],[[37.9304039,48.355943],[37.9313859,48.3576671],[37.9313976,48.3592261],[37.9313752,48.3576671],[37.93039369950629,48.355943876984526],[37.9304039,48.355943]],[[37.8881639,48.6026727],[37.8883141,48.6037653],[37.8882039,48.6030151],[37.8881639,48.6026727]],[[37.8866342,48.5616737],[37.8818706,48.5622134],[37.8895525,48.5613329],[37.8866342,48.5616737]],[[37.8473783,48.4045004],[37.8455465,48.4029682],[37.8488908,48.4057607],[37.8473783,48.4045004]],[[37.8575731,48.3971045],[37.85757500232379,48.397106107911526],[37.8574836,48.3971395],[37.8575731,48.3971045]],[[37.9002559,48.362772],[37.8980212,48.3631857],[37.9002452,48.362772],[37.902155,48.3623015],[37.9002559,48.362772]],[[37.8983499,48.3966734],[37.8936466,48.3960733],[37.9016409,48.3970616],[37.8983499,48.3966734]],[[37.9021543,48.3886513],[37.9008156,48.3867141],[37.9018026,48.3880251],[37.9021543,48.3886513]],[[37.9242259,48.3630108],[37.9163724,48.3660901],[37.9142266,48.3664893],[37.9112655,48.3668884],[37.9142159,48.3664893],[37.9163617,48.3660901],[37.9242259,48.3630108]],[[37.929921,48.3748093],[37.9284619,48.3751942],[37.9275821,48.3753937],[37.929921,48.3748093]],[[37.9336478,48.6012743],[37.9359438,48.6007351],[37.9347314,48.6010331],[37.9336478,48.6012743]],[[37.8869336,48.4565692],[37.8879636,48.4574514],[37.8892725,48.4585756],[37.8869336,48.4565692]],[[37.925622,48.5393747],[37.9137461,48.5378465],[37.9117354,48.5375558],[37.925622,48.5393747]],[[37.8987364,48.5761861],[37.8974919,48.5759589],[37.9001097,48.5764132],[37.8987364,48.5761861]],[[37.9435241,48.5721402],[37.94188378344532,48.57215466248526],[37.9463801,48.5721138],[37.9435241,48.5721402]],[[37.9080236,48.572426],[37.9130447,48.5704951],[37.9107273,48.5714322],[37.9080236,48.572426]],[[37.9641028,49.1960027],[37.9701061,49.1931345],[37.9668064,49.1947547],[37.9641028,49.1960027]],[[37.9509924,49.1285944],[37.9468394,49.1257607],[37.94921,49.1215956],[37.9513833,49.1212908],[37.9532132,49.1200872],[37.9643655,49.1191362],[37.962727,49.1212618],[37.960206,49.122534],[37.9581055,49.1316016],[37.9567631,49.1322672],[37.9539633,49.1312087],[37.9509924,49.1285944]],[[37.9557147,49.0958804],[37.9567373,49.0981086],[37.9574134,49.1009619],[37.9592706,49.1033158],[37.9595651,49.1059178],[37.9610752,49.1090673],[37.9530929,49.110472],[37.9508595,49.1049824],[37.9468625,49.1034359],[37.9470096,49.0974365],[37.9512334,49.0954502],[37.9557147,49.0958804]],[[37.8994317,49.2128276],[37.8996489,49.2133335],[37.8986189,49.2110346],[37.8994317,49.2128276]],[[37.998857337320985,49.46360909446384],[37.983701,49.46556],[37.962415,49.465002],[37.960099,49.469507],[37.9624146,49.4650017],[37.9837006,49.4655595],[37.998857337320985,49.46360909446384]],[[37.8872092,49.6214902],[37.8852351,49.6228942],[37.8830035,49.624451],[37.8872092,49.6214902]],[[37.8870443,49.5048204],[37.891544,49.5109779],[37.8932433,49.5133666],[37.8870443,49.5048204]],[[37.895436,49.4575692],[37.891402,49.4584897],[37.8887412,49.4590755],[37.895436,49.4575692]],[[37.8706047,49.5454116],[37.8458855,49.5578848],[37.8416798,49.5599726],[37.8706047,49.5454116]],[[37.8672851,49.5860698],[37.8665663,49.585875],[37.8652897,49.5850819],[37.865558,49.5836768],[37.8647749,49.5829534],[37.8624102,49.5823443],[37.861614,49.5817677],[37.8617949,49.5810491],[37.8617042,49.5805802],[37.861267,49.5801263],[37.861688,49.5792828],[37.8649763,49.5788898],[37.8656734,49.5795784],[37.8673641,49.5798588],[37.8675957,49.5805288],[37.8667776,49.5810132],[37.8675916,49.5823128],[37.8672691,49.5831017],[37.8674615,49.583668],[37.8685317,49.5839021],[37.8692586,49.5854717],[37.8672851,49.5860698]],[[37.9109158,49.5084756],[37.8968825,49.5182836],[37.9096985,49.5092966],[37.9109158,49.5084756]],[[37.8977888,49.5447311],[37.8975401,49.5458694],[37.8975785,49.5485889],[37.897518,49.5455317],[37.8977888,49.5447311]],[[37.9215404,49.5483871],[37.9137716,49.5484551],[37.8975785,49.5485889],[37.9215404,49.5483871]],[[37.9086257,49.4907343],[37.902856495621045,49.484302699349925],[37.9032398,49.4846987],[37.9086257,49.4907343]],[[37.9321524,49.465388],[37.9326188,49.4687819],[37.9338049,49.477471],[37.9321524,49.465388]],[[37.9253469,49.6354487],[37.9248238,49.6360578],[37.9263447,49.6342744],[37.9253469,49.6354487]],[[37.9141347,50.0088577],[37.9000886,50.0084746],[37.9072013,50.0086648],[37.9141347,50.0088577]],[[37.9876224,48.6127589],[37.9886524,48.6115956],[37.9861848,48.6144471],[37.9876224,48.6127589]],[[38.01202500014242,48.57847102365291],[38.0120252,48.5784711],[38.012038,48.58063],[38.01202500014242,48.57847102365291]],[[38.010947,48.574202],[38.0134456,48.5736818],[38.0157079,48.5721819],[38.0159859,48.5727517],[38.0186671,48.572725],[38.0167406,48.5754003],[38.0157026,48.5759855],[38.0107888,48.575304],[38.0107459,48.5750343],[38.010947,48.574202]],[[37.9725862,48.5782374],[37.968036,48.576597],[37.9748201,48.5790322],[37.9725862,48.5782374]],[[37.9786272,48.5801274],[37.97862739446343,48.58012713277769],[37.98352,48.581774],[37.9786272,48.5801274]],[[37.9832955,48.5347924],[37.9839171,48.5347414],[37.9834103,48.534784],[37.982686,48.5348799],[37.9832955,48.5347924]],[[37.9798872,48.5182335],[37.979611,48.5181127],[37.97941,48.5177858],[37.9810626,48.5174802],[37.981653,48.5175086],[37.982791,48.5180486],[37.9842101,48.520152],[37.984768,48.5206068],[37.9851972,48.5211042],[37.9854547,48.5217438],[37.9854761,48.5220849],[37.9856693,48.5223975],[37.9865276,48.5226391],[37.9868225,48.5232406],[37.9870264,48.5236101],[37.987198,48.5239156],[37.9872087,48.5243775],[37.9869513,48.5247541],[37.9867089,48.5250025],[37.9831898,48.525372],[37.9829645,48.5251446],[37.9828251,48.5246969],[37.9826641,48.5243772],[37.982235,48.5241356],[37.9820633,48.5238798],[37.9818273,48.523425],[37.9811085,48.5229667],[37.9809398,48.5224691],[37.9817888,48.5218437],[37.9820585,48.5215451],[37.9820267,48.5211969],[37.9814798,48.5202944],[37.9808631,48.5197827],[37.9804045,48.5190436],[37.9800318,48.5188446],[37.9798872,48.5182335]],[[37.963677,48.57507],[37.959961,48.573914],[37.9632389,48.5749162],[37.963677,48.57507]],[[38.00518,48.579053],[38.00363904555903,48.57878962373525],[38.00518022005101,48.57905256929823],[38.00518,48.579053]],[[38.0082703,48.5770367],[38.01182278133362,48.57839377454924],[38.00827,48.577037],[38.006511,48.577349],[38.00585394998121,48.57790942501603],[38.0065108,48.577349],[38.0082703,48.5770367]],[[37.9824897,48.5764008],[37.9855152,48.5757975],[37.9909412,48.5756626],[37.9925706,48.5760068],[37.993168265041035,48.57584998932453],[37.992571,48.576007],[37.990941,48.575663],[37.985515,48.575798],[37.98249,48.576401],[37.98134755000143,48.577218868738576],[37.9824897,48.5764008]],[[37.995117,48.576748],[37.99419791365853,48.5759157204878],[37.9951171,48.576748],[37.9964876,48.5768298],[37.99648774345339,48.57682998465586],[37.995117,48.576748]],[[38.000336,48.579063],[37.99896849464366,48.57822130445172],[37.9989685,48.5782213],[38.0003364,48.5790627],[38.00081584641304,48.57929490409302],[38.000336,48.579063]],[[38.00144262025164,48.57959846137651],[38.0014427,48.5795985],[38.001356664522554,48.579702893570726],[38.00144262025164,48.57959846137651]],[[37.9732459,48.5861806],[37.9735533,48.5865659],[37.9725522,48.5854329],[37.9732459,48.5861806]],[[37.981534,48.582231],[37.9804234,48.5836241],[37.9790813,48.5851995],[37.981534,48.582231]],[[37.98773420195367,48.60650303287438],[37.98757935008304,48.60668511669758],[37.987734,48.606503],[37.98773420195367,48.60650303287438]],[[37.9693351,48.6033994],[37.96812,48.602768],[37.969335,48.603399],[37.974194528542455,48.60140831939407],[37.9693351,48.6033994]],[[37.97716,48.6112322],[37.9753039,48.6124381],[37.975072,48.612359],[37.974459,48.61162],[37.973792,48.611115],[37.972932,48.610634],[37.972508,48.61005],[37.970061,48.608178],[37.969752,48.607748],[37.969754,48.607367],[37.96953,48.606823],[37.969438,48.606373],[37.9701528,48.6053718],[37.9710612,48.6061593],[37.9725321,48.6077482],[37.972992,48.607781],[37.974523,48.608972],[37.975106,48.609375],[37.976276,48.610142],[37.9767,48.610748],[37.97697733646558,48.610657441154096],[37.9767,48.6107481],[37.97716,48.6112322]],[[37.988203135342864,48.599024247123815],[37.988528,48.598351],[37.98951604363877,48.59764384087796],[37.9885281,48.5983512],[37.988203135342864,48.599024247123815]],[[37.991512,48.595206],[37.9898263,48.5974217],[37.98982614239303,48.597421812845226],[37.991512,48.595206]],[[37.993706,48.593039],[37.994935,48.590617],[37.996146,48.58856],[37.994268,48.587978],[37.9961465,48.5885596],[37.9949351,48.5906172],[37.9937064,48.5930394],[37.991512,48.595206],[37.993706,48.593039]],[[37.98806405638923,48.60136403085726],[37.9881419,48.6016575],[37.98814191191664,48.60165766778816],[37.98806405638923,48.60136403085726]],[[37.984803515214395,48.594682608679385],[37.984026,48.594262],[37.982738185564536,48.592743218845136],[37.9827384,48.5927432],[37.9840265,48.5942617],[37.984803515214395,48.594682608679385]],[[37.985171883074194,48.59614585690804],[37.9849170168042,48.59474409242306],[37.9849174,48.5947443],[37.985171883074194,48.59614585690804]],[[37.9955232,48.5816636],[37.995672,48.582708],[37.995523,48.581664],[37.99458,48.581159],[37.994480954156586,48.581132082630305],[37.9945805,48.5811586],[37.9955232,48.5816636]],[[37.980058,48.609996],[37.98132562668691,48.61016625601836],[37.9800582,48.6099962],[37.97943691590339,48.61007927384536],[37.980058,48.609996]],[[37.9854804,48.6086858],[37.985480069908654,48.608685936655355],[37.98585947266498,48.608342157544925],[37.9854804,48.6086858]],[[38.0090526,48.6574753],[38.0089024,48.656221],[38.0080235,48.6546328],[38.0089239,48.6562352],[38.0090526,48.6574753]],[[38.040769160267104,49.23212798787839],[38.0507685,49.2313717],[38.0407692,49.2321281],[38.040769160267104,49.23212798787839]],[[38.0464463,49.1577202],[38.0459313,49.1653535],[38.045588,49.1698432],[38.0464463,49.1577202]],[[38.0242436,49.2194393],[38.035972,49.217705],[38.0321209,49.2182778],[38.0242436,49.2194393]],[[37.9980427,49.3375956],[37.9967718,49.3391315],[37.994351,49.341495],[37.9980427,49.3375956]],[[38.010113,49.48461],[38.010113096461325,49.48460991131329],[38.0089032,49.488478],[37.9988875,49.4908331],[37.9962398,49.4913972],[37.9931629,49.4912921],[37.99125505675615,49.490905154054815],[37.993163,49.491292],[37.99624,49.491397],[38.008903,49.488478],[38.010113,49.48461]],[[38.010216347204974,49.48451498239941],[38.014927,49.480184],[38.01866966665928,49.478625777780856],[38.0149274,49.480184],[38.010216347204974,49.48451498239941]],[[38.03073244988248,49.475036122314556],[38.0307328,49.4750364],[38.02510672106022,49.47628696141085],[38.03073244988248,49.475036122314556]],[[38.0129513,49.466487],[38.0241275,49.4697976],[38.02416842060541,49.469830054978225],[38.024128,49.469798],[38.012951,49.466487],[38.007368300118074,49.46372972704876],[38.0129513,49.466487]],[[38.05815,49.211639],[38.0400015,49.2165753],[38.05815,49.2116389],[38.0615832,49.2227956],[38.0640213,49.2302996],[38.061583,49.222796],[38.05815,49.211639]],[[38.9350948,48.7421809],[38.9387594,48.7437708],[38.9358113,48.7427353],[38.9350948,48.7421809]],[[38.9896934,48.7355129],[38.9881001,48.7369166],[38.9987248,48.7255958],[38.9896934,48.7355129]],[[39.147549,48.6760131],[39.1439578,48.6725317],[39.1498531,48.6770008],[39.147549,48.6760131]],[[39.6777569,48.5964753],[39.7432844,48.589963],[39.829418105765804,48.58141934850679],[39.6777569,48.5964753]],[[39.8467541,48.5005649],[39.84675410051012,48.50056471678947],[39.8631527,48.5010232],[39.8631526963418,48.501023383122515],[39.8467541,48.5005649]],[[39.927513900876114,48.34479441619365],[39.8878323,48.3361851],[39.8433775,48.3311352],[39.84337749187528,48.33113506723483],[39.8878317,48.3361849],[39.927513900876114,48.34479441619365]],[[39.9151469,48.2735738],[39.99135869284872,48.317381608481],[39.9913586,48.3173818],[39.91514687823518,48.27357387489854],[39.9151469,48.2735738]],[[39.9433179,48.2292857],[39.943317889236944,48.22928555632753],[40.003704,48.2238951],[40.00370406703927,48.223895238648886],[39.9433179,48.2292857]],[[39.90478220681957,48.17704740557828],[39.938491100520594,48.18406948476464],[39.9047822,48.1770475],[39.90478220681957,48.17704740557828]],[[39.7786446,48.0400572],[39.778644684192415,48.040057007106796],[39.8734558,48.0412104],[39.87345605694154,48.041210597043154],[39.7786446,48.0400572]],[[39.8051782,47.9497137],[39.80517814491749,47.9497135625304],[39.8239014,47.952345],[39.82390137754094,47.95234512657162],[39.8051782,47.9497137]],[[39.7638412,47.8694251],[39.76384119683911,47.869424926358654],[39.7929985,47.8709718],[39.792998496060555,47.87097197326465],[39.7638412,47.8694251]],[[39.5208672,47.8267681],[39.571526,47.8358308],[39.7379485,47.8291884],[39.737948733973234,47.8291886106179],[39.5715265,47.835831],[39.5208677,47.8267683],[39.4709063,47.8599635],[39.4709058358012,47.85996327621307],[39.5208672,47.8267681]],[[39.4154447,47.8332259],[39.41544517593883,47.83322612944671],[39.3853224,47.8700912],[39.2397678,47.8659365],[39.23976764268065,47.86593630978145],[39.3853219,47.870091],[39.4154447,47.8332259]],[[38.8618619,47.8663519],[38.8379392,47.8627838],[38.83793915822479,47.86278366834479],[38.8618614,47.8663517],[39.0783776,47.8686484],[39.0830635,47.8523607],[39.1073764,47.8525104],[39.1138337,47.8434422],[39.2301921,47.8543587],[39.23019223726376,47.85435886596885],[39.1138342,47.8434424],[39.1073769,47.8525106],[39.083064,47.8523609],[39.0783781,47.8686486],[38.8618619,47.8663519]],[[38.7909616,47.8152216],[38.79096159636255,47.81522143829855],[38.8236471,47.8177434],[38.82364715250554,47.817743565472036],[38.7909616,47.8152216]],[[38.7333847,47.6986734],[38.7360743,47.6792223],[38.7696592,47.6856561],[38.76965924197979,47.685656212257875],[38.7360748,47.6792225],[38.7333852,47.6986736],[38.666198,47.6996571],[38.66619799198586,47.69965689279821],[38.7333847,47.6986734]],[[38.6296007,47.6698381],[38.6296006938657,47.669837904911134],[38.6650578,47.6701905],[38.665057807546184,47.6701906951029],[38.6296007,47.6698381]],[[38.457383,47.6428319],[38.45738298377322,47.64283170510941],[38.6161277,47.6445083],[38.6161280379557,47.64450849828856],[38.457383,47.6428319]],[[38.3532554,47.6137729],[38.35325538676752,47.613772715592006],[38.455235,47.6170393],[38.45523501535966,47.61703948447612],[38.3532554,47.6137729]],[[38.3094165,47.5743594],[38.309416516819944,47.574359225354016],[38.3505716,47.5763782],[38.35057161263568,47.57637837609102],[38.3094165,47.5743594]],[[38.2916262,47.541755],[38.29162620822345,47.541754893655614],[38.3121911,47.5455446],[38.312191089793295,47.54554470597891],[38.2916262,47.541755]],[[38.221368445780364,47.30680412062751],[38.241629922188295,47.360191459634954],[38.2213528,47.3068042],[38.221368445780364,47.30680412062751]],[[38.3456977,48.9382471],[38.3610303,48.958271],[38.3456761,48.9382329],[38.358765,48.9207762],[38.3456977,48.9382471]],[[38.6637668,48.7672755],[38.6333259,48.7793321],[38.6479601,48.7735324],[38.6637668,48.7672755]],[[38.0821792,48.727074],[38.0648534,48.7302874],[38.0702283,48.7292521],[38.0821792,48.727074]],[[38.2193638,48.3913938],[38.2254568,48.3937516],[38.2164431,48.4052277],[38.214559,48.4075345],[38.2052929,48.4110946],[38.1973133,48.420693],[38.1999762,48.4233417],[38.207875902797404,48.43247495638866],[38.2078757,48.4324751],[38.2098496,48.4355218],[38.2147422,48.4386822],[38.2180038,48.4427249],[38.2184329,48.4489307],[38.2189196,48.461715],[38.2147403,48.4638752],[38.1936289,48.4589688],[38.1873998,48.4586105],[38.1863644,48.455273],[38.186579,48.4525975],[38.1873086,48.449495],[38.1864073,48.4477016],[38.1806996,48.4439725],[38.1812136,48.4413411],[38.1822506,48.4402324],[38.1832877,48.4398638],[38.1846751,48.4390413],[38.1867631,48.4360864],[38.1863902,48.4355864],[38.1899254,48.4338816],[38.1905692,48.4328992],[38.1902259,48.4309202],[38.188359,48.4287275],[38.1875222,48.4254812],[38.1852645,48.4229139],[38.1818913,48.4202895],[38.1776331,48.4182119],[38.1750058,48.4175583],[38.1737622,48.4149379],[38.1609468,48.4038054],[38.1608034,48.4006771],[38.1507333,48.3949901],[38.1358581,48.3926649],[38.13403,48.3903391],[38.1463951,48.3901206],[38.1913887,48.4130299],[38.200312,48.4044573],[38.2193638,48.3913938]],[[38.2572937,48.4516843],[38.2589929,48.4523733],[38.2606708,48.4540868],[38.2614812,48.4592191],[38.258756,48.4598025],[38.2580694,48.4602578],[38.2581552,48.4611685],[38.2591423,48.4629756],[38.2602795,48.4647399],[38.2615455,48.4657359],[38.262833,48.4664757],[38.2653435,48.466931],[38.2693347,48.4674005],[38.2714642,48.4680726],[38.2723574,48.4710122],[38.2719457,48.4713154],[38.2723494,48.4732689],[38.2737764,48.4765195],[38.27324,48.4781446],[38.2736584,48.4794195],[38.2744631,48.4797271],[38.2767805,48.4787669],[38.2797362,48.4790193],[38.2811001,48.4786931],[38.2814555,48.4790425],[38.2840547,48.4819744],[38.2864364,48.4847407],[38.2852985,48.4866954],[38.2783886,48.4836863],[38.2726386,48.4852166],[38.263412,48.4838197],[38.260022,48.4844706],[38.2578713,48.4835417],[38.2563494,48.4827248],[38.2557336,48.4815153],[38.2559599,48.4805775],[38.2621198,48.4793564],[38.2652554,48.4776537],[38.2659578,48.4711366],[38.2642624,48.4706603],[38.2609578,48.4727235],[38.2561772,48.4724301],[38.2544002,48.4601724],[38.2560866,48.4539766],[38.2528313,48.4499114],[38.2499388,48.4494194],[38.2413884,48.4487898],[38.2320784,48.4497056],[38.2321082,48.4482718],[38.2443297,48.4428845],[38.2520116,48.4437385],[38.2545676,48.445287],[38.2538851,48.4470227],[38.2561807,48.4477412],[38.2568163,48.4487703],[38.2568941,48.4497853],[38.2578865,48.4504346],[38.2579871,48.451095],[38.2572937,48.4516843]],[[38.222108,48.4254132],[38.22211417350381,48.42541431184372],[38.21744138065345,48.42606460372601],[38.222108,48.4254132]],[[38.0506831,48.7473637],[38.0516165,48.7473496],[38.0508371,48.7473861],[38.0481511,48.7472222],[38.0506831,48.7473637]],[[38.1042734,48.7412094],[38.1069341,48.7410396],[38.0889905,48.7422795],[38.1042734,48.7412094]],[[38.166167,48.749118],[38.168272,48.7537166],[38.1646042,48.746268],[38.166167,48.749118]],[[38.2528324,48.8076055],[38.2532374,48.8073264],[38.2536585,48.8073229],[38.2542084,48.8072699],[38.2538275,48.8074765],[38.2533125,48.8075101],[38.2530081,48.8078033],[38.252768,48.8079552],[38.2522557,48.808146],[38.2518722,48.8079994],[38.2515087,48.8079155],[38.2512284,48.8079093],[38.2511144,48.8080542],[38.2507758,48.8082502],[38.2505207,48.8083076],[38.2502268,48.8084529],[38.249949,48.8085417],[38.2497644,48.8083734],[38.2496142,48.807582],[38.2500005,48.8072994],[38.2504296,48.8074831],[38.2512472,48.8074677],[38.2521941,48.8076444],[38.2524355,48.8075896],[38.2528324,48.8076055]],[[38.1519844,48.8684738],[38.1399976,48.8707476],[38.1428434,48.8701958],[38.1519844,48.8684738]],[[38.0920516,48.8509449],[38.0947278,48.8469783],[38.0978609,48.8434999],[38.094927,48.8467794],[38.0920516,48.8509449]],[[38.1980245,48.9767292],[38.2012986,48.9766347],[38.2042987,48.9765495],[38.1980245,48.9767292]],[[38.2341407,48.9435975],[38.2337972,48.9428989],[38.2338855,48.942676],[38.2338451,48.9423052],[38.2336356,48.941789],[38.2307772,48.9391659],[38.2304231,48.9382427],[38.2334747,48.9407531],[38.234403,48.9423475],[38.2343642,48.9426087],[38.2341946,48.9428168],[38.2343898,48.9428205],[38.234528,48.9427716],[38.2346877,48.9425043],[38.2348922,48.9420145],[38.2351879,48.9419546],[38.2353119,48.941782],[38.2356794,48.9419159],[38.2354952,48.9421126],[38.235506,48.9422888],[38.235404,48.9424262],[38.2351573,48.9425002],[38.2347174,48.9428525],[38.2347245,48.9431524],[38.2347578,48.9437061],[38.234688,48.943995],[38.2345378,48.9442416],[38.2346558,48.9443684],[38.2348168,48.9443931],[38.2346549,48.9445935],[38.2344859,48.9447345],[38.2343923,48.9449325],[38.2331635,48.9463142],[38.2317166,48.9473885],[38.2276946,48.9493084],[38.2262335,48.9496432],[38.2271348,48.9488259],[38.2289157,48.9479944],[38.2313405,48.9470362],[38.2330571,48.9457396],[38.2339896,48.9446653],[38.2341407,48.9435975]],[[38.1493553,48.9322219],[38.1473456,48.9327501],[38.1494418,48.9321809],[38.1520014,48.9312959],[38.1493553,48.9322219]],[[38.1578982,48.9268401],[38.173219,48.9262762],[38.1627399,48.9266638],[38.1578982,48.9268401]],[[38.2385224,48.9422262],[38.2377398,48.941598],[38.2366362,48.9406658],[38.2385224,48.9422262]],[[38.29531538787918,48.88787857473864],[38.284477,48.887321],[38.2753496,48.8881096],[38.2844771,48.8873206],[38.29531538787918,48.88787857473864]],[[38.2283766,48.8852987],[38.2265184,48.8887977],[38.2248017,48.8919862],[38.2283766,48.8852987]],[[38.117853,49.139564],[38.11273910831895,49.13463755043678],[38.1178534,49.1395638],[38.1215355,49.1474454],[38.117853,49.139564]],[[38.085796638285366,49.153519992415696],[38.085797,49.15352],[38.088061907219284,49.164902533720586],[38.0880615,49.1649028],[38.085796638285366,49.153519992415696]],[[38.1021221,49.1740143],[38.0898482,49.1718539],[38.0959423,49.1728359],[38.1021221,49.1740143]],[[38.0945847,49.1606373],[38.093511266092314,49.16133921506212],[38.094585,49.160637],[38.09596628174174,49.15989807279706],[38.0945847,49.1606373]],[[39.8192834,48.9050177],[39.8143618,48.9094275],[39.8024635,48.9151194],[39.8192834,48.9050177]]],[[[32.5375979,46.5525705],[32.5414028,46.5536879],[32.5440237,46.5542403],[32.548254,46.5549328],[32.5493316,46.5544348],[32.5493554,46.5530643],[32.5480918,46.5493919],[32.5470239,46.5478167],[32.5439365,46.5458338],[32.5413844,46.5447242],[32.5397765,46.5436736],[32.538662,46.5423776],[32.5379767,46.5410816],[32.536755,46.5396823],[32.535233,46.5384895],[32.5342796,46.5381381],[32.5323392,46.5381114],[32.5310332,46.5384121],[32.5200587,46.5416217],[32.5160322,46.5420912],[32.5129929,46.5420292],[32.510047,46.5416395],[32.5121376,46.5430322],[32.5130328,46.5439869],[32.5140138,46.5447054],[32.5151283,46.5455594],[32.5156635,46.5457788],[32.5172005,46.5458231],[32.5185665,46.5460777],[32.5199968,46.5464799],[32.5208834,46.5468267],[32.5221762,46.5475866],[32.5238338,46.5488187],[32.524558,46.5497778],[32.525175,46.5508254],[32.5290484,46.5508557],[32.5334712,46.5515564],[32.5375979,46.5525705]]],[[[32.552587,46.554149],[32.55364,46.555368],[32.555025,46.556226],[32.55516,46.556603],[32.555874,46.557113],[32.560187,46.558795],[32.560992,46.558758],[32.561582,46.558603],[32.562376,46.557954],[32.562912,46.557304],[32.56424,46.554876],[32.565155,46.55431],[32.566219,46.553862],[32.567016,46.553753],[32.567834,46.553747],[32.568858,46.553891],[32.56986,46.554183],[32.571007,46.554803],[32.571896,46.555556],[32.572557,46.55656],[32.573308,46.556294],[32.574521,46.556213],[32.575379,46.555704],[32.576125,46.555522],[32.57685,46.555444],[32.577612,46.55517],[32.578472,46.554902],[32.57914,46.554234],[32.579161,46.554056],[32.578909,46.553953],[32.578013,46.553153],[32.573985,46.55067],[32.570276,46.548706],[32.566267,46.546918],[32.563742,46.544979],[32.559153,46.542918],[32.556108,46.542094],[32.552934,46.541476],[32.551442,46.541063],[32.548174,46.540805],[32.546022,46.540547],[32.542749,46.539817],[32.539434,46.539057],[32.539089,46.539132],[32.539325,46.539685],[32.54014,46.540534],[32.540613,46.54167],[32.541256,46.542556],[32.543059,46.543618],[32.546149,46.544888],[32.548694,46.546771],[32.550018,46.548655],[32.550851,46.550896],[32.551814,46.552974],[32.552587,46.554149]]],[[[32.526043,46.565854],[32.526178,46.566543],[32.526159,46.566948],[32.525412,46.567648],[32.525762,46.568149],[32.53259,46.570666],[32.53796,46.571207],[32.543083,46.571202],[32.545558,46.571627],[32.547712,46.571845],[32.548454,46.571548],[32.549179,46.570818],[32.549618,46.570527],[32.550401,46.570325],[32.551054,46.570322],[32.551601,46.570526],[32.552264,46.570736],[32.553618,46.570806],[32.556218,46.570296],[32.558121,46.569638],[32.559052,46.56959],[32.56109,46.570402],[32.561047,46.570785],[32.561332,46.570947],[32.561884,46.570984],[32.562775,46.570689],[32.563794,46.57097],[32.56476,46.570785],[32.565318,46.570468],[32.566401,46.570018],[32.567023,46.569111],[32.564697,46.56654],[32.555472,46.561392],[32.548479,46.558132],[32.532894,46.554201],[32.52413,46.553767],[32.515752,46.554689],[32.509004,46.556851],[32.505502,46.558962],[32.503394,46.561015],[32.499982,46.564836],[32.499446,46.566798],[32.508139,46.564267],[32.510854,46.563258],[32.514169,46.562529],[32.517496,46.56116],[32.519531,46.561368],[32.521115,46.562078],[32.522516,46.562625],[32.52336,46.563143],[32.524758,46.564142],[32.525629,46.565106],[32.526043,46.565854]]],[[[32.716553,46.642442],[32.715987,46.642494],[32.715051,46.643315],[32.714705,46.643271],[32.713636,46.644785],[32.712782,46.644759],[32.712682,46.644906],[32.712251,46.645107],[32.712247,46.645415],[32.712372,46.645657],[32.712513,46.645693],[32.712554,46.645952],[32.712755,46.646079],[32.71264,46.646217],[32.712611,46.646362],[32.712291,46.646656],[32.712559,46.646685],[32.712741,46.646604],[32.712955,46.646581],[32.713218,46.646776],[32.713394,46.647045],[32.714074,46.646786],[32.714424,46.646753],[32.714677,46.646837],[32.714861,46.646999],[32.714919,46.647565],[32.714611,46.647645],[32.714694,46.647775],[32.7150648,46.6478545],[32.7176887,46.6477866],[32.7184236,46.6480701],[32.7190191,46.6488986],[32.7231336,46.6489758],[32.72475,46.63602],[32.7238,46.636487],[32.720861,46.637279],[32.718886,46.637581],[32.716472,46.637655],[32.714463,46.6375],[32.712733,46.637139],[32.712355,46.637449],[32.717127,46.641559],[32.717184,46.642242],[32.716553,46.642442]]],[[[29.8600266,46.5767384],[29.8732445,46.5807501],[29.878051,46.5845256],[29.8778794,46.5897165],[29.8734162,46.5901884],[29.8643181,46.5859414],[29.8624298,46.5822839],[29.8512718,46.5873571],[29.8392555,46.5859414],[29.8341057,46.5886548],[29.835994,46.6003326],[29.825351,46.6048144],[29.8227761,46.603635],[29.8260376,46.5990352],[29.8196861,46.5950248],[29.8140213,46.603753],[29.8032067,46.6058758],[29.80252,46.6025736],[29.8066399,46.5975019],[29.8076699,46.5947889],[29.7994301,46.5963223],[29.7968552,46.5943171],[29.8004601,46.591604],[29.7949669,46.5852335],[29.7788307,46.5870031],[29.7510216,46.5958505],[29.7319672,46.5989173],[29.7281906,46.6028094],[29.7383187,46.6082344],[29.7489617,46.610475],[29.7379753,46.6193186],[29.7378037,46.6227377],[29.7570297,46.6158992],[29.7601196,46.6190828],[29.749305,46.6248598],[29.760463,46.6262745],[29.7625229,46.629811],[29.7570297,46.6305183],[29.7577164,46.6349976],[29.7664711,46.6368835],[29.7772858,46.6378264],[29.7765991,46.6415979],[29.7656128,46.6421872],[29.7621796,46.6465476],[29.7691319,46.652086],[29.7730801,46.6533822],[29.7728226,46.657565],[29.766042,46.6565635],[29.7613213,46.6576239],[29.7602055,46.6622776],[29.7616646,46.665105],[29.7669003,46.6674611],[29.7559139,46.6729385],[29.7453568,46.6715839],[29.7294781,46.674293],[29.7257015,46.6643393],[29.7188351,46.6628078],[29.7045872,46.6677556],[29.7000382,46.6708182],[29.6965191,46.6782975],[29.6892235,46.6751764],[29.6822712,46.6751764],[29.6747181,46.6783564],[29.6712849,46.6817718],[29.6751473,46.6889552],[29.6747181,46.6927231],[29.6780655,46.6972561],[29.6937725,46.706674],[29.6961758,46.7155607],[29.6900818,46.7381533],[29.6807263,46.7493285],[29.6759197,46.7616185],[29.6757481,46.7706725],[29.6785805,46.7768448],[29.6774647,46.7799013],[29.6605561,46.7937709],[29.6606419,46.7979428],[29.6730015,46.8118078],[29.6694824,46.8168594],[29.663131,46.8197667],[29.6547625,46.8203247],[29.6503422,46.8101336],[29.6448061,46.8083712],[29.6390984,46.8140399],[29.6361801,46.8235549],[29.6292278,46.822997],[29.619014,46.8190326],[29.6117613,46.820589],[29.6229622,46.8295156],[29.6243355,46.8340077],[29.620559,46.8390573],[29.6137354,46.8390573],[29.5965693,46.8289871],[29.5881364,46.826183],[29.5865295,46.8233506],[29.5920226,46.8120734],[29.5909927,46.8064926],[29.5880744,46.8042014],[29.5785472,46.8052589],[29.573569,46.8044951],[29.5682475,46.8000299],[29.5655009,46.7838111],[29.5602653,46.7923912],[29.5584628,46.7953587],[29.5527551,46.7964457],[29.5493648,46.7932726],[29.550266,46.7903198],[29.5452878,46.7851334],[29.5402882,46.7829735],[29.5260403,46.7901435],[29.5027373,46.8066395],[29.502866,46.8476005],[29.4917938,46.8718101],[29.4959995,46.8836615],[29.4927809,46.8842481],[29.485657,46.8961554],[29.4771168,46.9015803],[29.4718811,46.9104055],[29.4728682,46.9155651],[29.4820091,46.937605],[29.4818375,46.947684],[29.4780609,46.9540118],[29.4601652,46.9597823],[29.4462607,46.9692129],[29.4392655,46.9698864],[29.4325278,46.9682172],[29.4230402,46.9628552],[29.4098618,46.9503009],[29.3955798,46.9434728],[29.3790896,46.9401509],[29.3684305,46.9405867],[29.3598904,46.9432823],[29.3253982,46.9647501],[29.3167102,46.9736297],[29.3011926,46.9848617],[29.2975336,46.9934467],[29.2995935,46.998247],[29.3068892,47.000969],[29.3107945,46.9916025],[29.3283468,47.0003836],[29.3422514,46.9977494],[29.356628,46.9977494],[29.3643099,47.0001495],[29.3750387,47.0008812],[29.3807465,47.0048907],[29.3658548,47.0334462],[29.3687731,47.03836],[29.378472,47.0324517],[29.3853384,47.0316327],[29.3922049,47.0333292],[29.3961531,47.0367806],[29.3867533,47.0497168],[29.3856375,47.0550969],[29.396023,47.0658554],[29.3927614,47.0699477],[29.3848676,47.0704809],[29.3719104,47.0796127],[29.3590772,47.1017674],[29.3525907,47.1066261],[29.3447553,47.1095611],[29.3161175,47.1107942],[29.306361,47.1138934],[29.2983523,47.1237345],[29.2997405,47.1341886],[29.2975648,47.1389871],[29.2827906,47.1512578],[29.271941,47.1603177],[29.2535487,47.1681956],[29.2402146,47.1711921],[29.2530246,47.1879957],[29.2448332,47.1962471],[29.2447471,47.1997847],[29.2513139,47.200971],[29.2599202,47.194507],[29.2702406,47.1963707],[29.2855413,47.2031318],[29.2853302,47.2068567],[29.2822483,47.2125577],[29.2966086,47.2394961],[29.3134375,47.2391612],[29.3307871,47.2571784],[29.3467273,47.2596971],[29.3609585,47.2841143],[29.3435609,47.2922121],[29.3102285,47.2655128],[29.3036121,47.2670992],[29.2920613,47.2602975],[29.2773749,47.2654865],[29.2600761,47.255087],[29.250253,47.2622932],[29.239676,47.2617597],[29.2308175,47.2527207],[29.2185941,47.2516523],[29.2137709,47.2423198],[29.2152995,47.2364835],[29.197814,47.230266],[29.2017761,47.2246503],[29.1881441,47.2164985],[29.1756744,47.2260998],[29.1705825,47.2385565],[29.1496047,47.2555596],[29.1505319,47.2613901],[29.1484119,47.2697831],[29.1324677,47.2802258],[29.1046208,47.3071711],[29.1360806,47.3059714],[29.206836,47.3322509],[29.2208796,47.3259681],[29.2601674,47.3520214],[29.2679665,47.3481178],[29.3090802,47.378398],[29.2992809,47.3847529],[29.2682018,47.3623922],[29.2574299,47.362454],[29.2470011,47.3636776],[29.2330126,47.3551928],[29.2270911,47.3574042],[29.1867119,47.3473127],[29.171678,47.349818],[29.1656129,47.3623814],[29.1577419,47.3753223],[29.133254,47.3930191],[29.1214159,47.3972843],[29.1081783,47.4037806],[29.0957529,47.4104933],[29.0830444,47.4194232],[29.0822031,47.4259422],[29.1207718,47.4578454],[29.1228968,47.4652701],[29.121578,47.4714258],[29.1132361,47.4797539],[29.1051495,47.4854709],[29.0517579,47.5098433],[29.0265447,47.5248322],[29.0232127,47.5305454],[29.0233139,47.5407331],[29.0296952,47.5657397],[29.0244677,47.5777624],[29.0179501,47.5880477],[29.0023311,47.6000384],[28.9944356,47.60984],[28.9889476,47.6175458],[28.985518,47.6275945],[28.9985473,47.6460545],[29.0008729,47.6530966],[28.9906359,47.6728396],[28.9812166,47.7018402],[28.9795659,47.715574],[28.9795456,47.7263627],[28.9873323,47.7544103],[28.9960524,47.7989405],[29.0120792,47.8172078],[29.0297507,47.8419276],[29.0302247,47.8503846],[29.0226293,47.8622974],[29.0067616,47.8741278],[28.9998171,47.8773209],[28.9845471,47.8812354],[28.964468,47.8848018],[28.9267269,47.8877888],[28.9164931,47.8880656],[28.8431191,47.9037885],[28.8382918,47.9059848],[28.8344941,47.9087563],[28.8327969,47.9140017],[28.8331489,47.9171426],[28.8430499,47.937415],[28.8437266,47.9404353],[28.842092,47.9428032],[28.8296871,47.9483422],[28.8184813,47.954541],[28.8118118,47.9615164],[28.8047298,47.9813636],[28.8009926,47.985812],[28.7937562,47.9867758],[28.7869702,47.9874376],[28.7797763,47.9861759],[28.7706949,47.9821561],[28.7590992,47.9801764],[28.716837,48.0002649],[28.7078575,48.0197734],[28.6735223,48.0636922],[28.6130295,48.0903817],[28.6116116,48.0944471],[28.5768863,48.1049443],[28.5646682,48.1137343],[28.5440961,48.1202274],[28.5331704,48.1270483],[28.52061,48.138136],[28.503358,48.151165],[28.5291072,48.1536846],[28.5478183,48.1708599],[28.5556701,48.171387],[28.5698747,48.1767211],[28.5771708,48.1821223],[28.5782015,48.1811346],[28.5764858,48.1795026],[28.5774084,48.1779144],[28.5757562,48.1770701],[28.5758849,48.1744659],[28.5733958,48.1760112],[28.5706495,48.1739505],[28.5793181,48.1665094],[28.5918494,48.1733212],[28.6115905,48.1571201],[28.6145087,48.1596394],[28.6237581,48.1568561],[28.630614,48.1541473],[28.6347229,48.153843],[28.6351952,48.1549168],[28.648841,48.152024],[28.6476394,48.143262],[28.6822291,48.1467842],[28.6777237,48.1428028],[28.6803636,48.134612],[28.6881515,48.1244733],[28.7060463,48.1293728],[28.7102953,48.1294588],[28.7220546,48.1261921],[28.7351853,48.1332394],[28.7550994,48.1361598],[28.765636,48.128498],[28.7718793,48.1247885],[28.7921782,48.1254473],[28.7949459,48.1261491],[28.7948813,48.1295436],[28.7997952,48.1298158],[28.8063832,48.1345274],[28.814108,48.1240723],[28.8337204,48.1285124],[28.8372119,48.1238229],[28.8411323,48.1255215],[28.847062,48.1155427],[28.8551351,48.1082568],[28.8577733,48.1024946],[28.8568607,48.0993848],[28.8500103,48.0845581],[28.8497617,48.082735],[28.8479682,48.0791344],[28.8408653,48.078991],[28.8399399,48.0786577],[28.8393148,48.0776362],[28.8367345,48.0762814],[28.8332479,48.0728834],[28.8367888,48.0711773],[28.8420894,48.0751777],[28.8454371,48.0725252],[28.8495999,48.0705894],[28.843592,48.0656569],[28.8520666,48.0607381],[28.8499065,48.0531687],[28.8395955,48.034755],[28.8556999,48.0268112],[28.8561463,48.0235865],[28.8557622,48.0200474],[28.8570089,48.0194937],[28.8605321,48.0210268],[28.8641453,48.020993],[28.8688132,48.018906],[28.8679439,48.0181679],[28.8826946,48.0103102],[28.8884479,48.0143943],[28.89127,48.0138736],[28.8938826,48.0130103],[28.8971819,48.013123],[28.8993172,48.0121139],[28.9004706,48.0126429],[28.9017958,48.0124829],[28.9010869,48.010379],[28.8952713,48.0095669],[28.8933183,48.0096735],[28.890196,48.0117077],[28.8844721,48.008045],[28.8873315,48.0061049],[28.8854427,48.0038895],[28.8784908,48.0003197],[28.88257,47.9952898],[28.899199,47.9825785],[28.9256838,47.9601535],[28.9614028,47.979375],[28.9723163,47.9766174],[28.9743579,47.9736284],[28.9932194,47.9621337],[28.9964805,47.9635999],[29.0025743,47.9588152],[29.0114136,47.9563291],[29.0326903,47.9424735],[29.0398819,47.9464942],[29.0538618,47.942869],[29.0733342,47.9440709],[29.0861872,47.9467023],[29.0839464,47.9594903],[29.0779271,47.9706687],[29.0819577,47.9718917],[29.0882868,47.9678875],[29.0910712,47.9682656],[29.0957249,47.9597188],[29.098318,47.9601379],[29.0956762,47.9732863],[29.0916609,47.9732168],[29.0874737,47.9763651],[29.0853464,47.9753762],[29.084272,47.9774817],[29.0919098,47.9826115],[29.1213076,47.9840269],[29.1295746,47.9824227],[29.1299453,47.9858738],[29.1238202,47.9888697],[29.1253031,47.9937124],[29.1744212,47.9935939],[29.1801803,47.9644193],[29.1852496,47.9644359],[29.2005137,47.8842291],[29.2768153,47.8905103],[29.2813662,47.8874524],[29.2710468,47.8769898],[29.2397936,47.8653721],[29.2099277,47.8384437],[29.1996554,47.8179919],[29.2192684,47.798381],[29.2326952,47.7974466],[29.247031,47.8110243],[29.2770747,47.803812],[29.2482119,47.7509759],[29.215598,47.7386233],[29.2042902,47.7194593],[29.2220265,47.6977907],[29.2202464,47.6964304],[29.2308248,47.6839778],[29.2278391,47.6823328],[29.2197038,47.6823054],[29.2201145,47.658454],[29.2095412,47.6581866],[29.2093389,47.642392],[29.2336443,47.6422568],[29.2229877,47.6343557],[29.2192941,47.6270013],[29.2136712,47.6256377],[29.2094215,47.6282074],[29.2171424,47.6123406],[29.2007502,47.6024779],[29.2035453,47.5980091],[29.1982884,47.5932866],[29.1921412,47.5916778],[29.1916591,47.5901846],[29.1842409,47.5719392],[29.1711258,47.5676379],[29.1672114,47.5715418],[29.117258,47.5544564],[29.1517618,47.5066455],[29.1852595,47.5188205],[29.1906704,47.5137147],[29.1849578,47.5111249],[29.1857185,47.5042152],[29.182703,47.4934787],[29.1866453,47.4903719],[29.1905873,47.4897008],[29.192377,47.4872566],[29.1904335,47.4835799],[29.187546,47.4829773],[29.183488,47.4793359],[29.1875843,47.475347],[29.1574518,47.4592056],[29.1624685,47.4531076],[29.1853181,47.4653204],[29.1904903,47.4670866],[29.1890248,47.4629563],[29.1935671,47.4599865],[29.1820543,47.4490236],[29.1878006,47.4392472],[29.1834632,47.4360427],[29.1895344,47.4259054],[29.1916565,47.4254067],[29.2420557,47.4619827],[29.2438901,47.4156289],[29.2521519,47.4169675],[29.2528612,47.4223712],[29.2575422,47.4260934],[29.2598403,47.4262123],[29.2641986,47.4294668],[29.2730879,47.4350462],[29.2821132,47.4369724],[29.2888577,47.4364838],[29.2940578,47.4405231],[29.3045018,47.4429705],[29.3085952,47.4466945],[29.3174697,47.4491498],[29.3374856,47.3701344],[29.3612565,47.37356],[29.3613392,47.3753568],[29.3910351,47.380108],[29.3977746,47.3537071],[29.3832366,47.3448934],[29.3986286,47.3002253],[29.4236184,47.305134],[29.4271638,47.2927113],[29.44547,47.2947238],[29.4439746,47.3001455],[29.4574631,47.3012078],[29.4851283,47.3058874],[29.4833051,47.3323963],[29.4912299,47.3327369],[29.4933042,47.3375607],[29.4871386,47.3391271],[29.4923467,47.3493474],[29.486626,47.3495493],[29.4875445,47.3555364],[29.4944721,47.355825],[29.4955633,47.3577415],[29.5170025,47.3649299],[29.5740489,47.3705667],[29.599283,47.257093],[29.5517328,47.2516168],[29.5802913,47.1356574],[29.505556,47.1285452],[29.4955322,47.1320317],[29.4995858,47.1093555],[29.5152435,47.1125952],[29.5300699,47.0807543],[29.5305612,47.0756706],[29.5499343,47.0759636],[29.5477847,47.0939639],[29.6121577,47.1003912],[29.6291521,47.0445063],[29.6021051,47.0417632],[29.5956828,46.9636552],[29.5563265,46.9581392],[29.5712205,46.940436],[29.6401385,46.9551796],[29.6482219,46.9197884],[29.7005297,46.9250704],[29.7010765,46.9234874],[29.7100346,46.9241318],[29.7088967,46.9279997],[29.7181205,46.9320976],[29.721359,46.9185538],[29.731162,46.9192839],[29.7505167,46.8612433],[29.8490324,46.8754009],[29.8473163,46.8817929],[29.8840693,46.886004],[29.8920117,46.8534693],[29.8836096,46.8514396],[29.8845587,46.8488993],[29.9049454,46.8203841],[29.9300692,46.8283217],[29.9253267,46.8348491],[29.9493658,46.8418193],[29.9518996,46.8387336],[29.9536607,46.8392293],[29.9585561,46.837285],[29.9606615,46.834724],[29.9679163,46.8320454],[29.9704522,46.8285379],[29.9711854,46.8243843],[29.9794536,46.8193422],[29.9784784,46.8163078],[29.9628778,46.8185462],[29.9353179,46.8060074],[29.9438186,46.7967032],[29.9419733,46.7961057],[29.9466297,46.7926339],[29.95918,46.7801115],[29.9663809,46.7709049],[29.9664891,46.7560272],[29.9748356,46.7536149],[29.9685267,46.730209],[29.9658616,46.7101908],[29.9704078,46.6854668],[29.95848,46.6774051],[29.9585703,46.6686363],[29.9551389,46.6582612],[29.9479306,46.6518959],[29.9472453,46.6441178],[29.9558283,46.633511],[29.9541113,46.6204864],[29.9681834,46.5970863],[29.9616602,46.5829301],[29.9362544,46.5871774],[29.944999,46.5553767],[29.8941872,46.5487659],[29.8947022,46.5533699],[29.8964188,46.5567932],[29.8816559,46.5605704],[29.8699829,46.569304],[29.8612282,46.568478],[29.8584816,46.5723723],[29.8627732,46.5733163],[29.8729012,46.5720183],[29.8725579,46.5746144],[29.8600266,46.5767384]]],[[[21.2503027,55.226452],[21.3801048,55.2848223],[21.5009544,55.1783161],[21.7865989,55.1343776],[22.0722435,55.0526492],[22.6105736,55.0463555],[22.7973411,54.9202733],[22.8962181,54.8191221],[22.7204368,54.6732724],[22.6984642,54.4886254],[22.7877096,54.3612653],[22.1535855,54.3368559],[21.797312,54.3317156],[21.4959735,54.3241509],[21.4460043,54.3183333],[21.4351635,54.3268231],[21.3806818,54.3311084],[21.3234496,54.3297624],[21.3023614,54.3338665],[21.2746121,54.3288451],[21.0913532,54.3477695],[20.9581161,54.3556802],[20.6494093,54.3713733],[20.6317958,54.3668443],[20.6178459,54.372113],[20.3304821,54.4019894],[19.6620993,54.4587712],[19.9429297,54.7061508],[19.9621558,54.8052104],[19.9333212,54.8921278],[19.9649024,54.9529514],[20.3109717,54.9750264],[20.5306983,54.9687205],[20.8383154,54.9245513],[21.1184668,54.9024486],[21.2338233,54.9687205],[21.176145,55.196678],[21.2503027,55.226452]]],[[[36.9451443,50.2921842],[36.94498,50.2921495],[36.9450249,50.2920548],[36.9448378,50.2920236],[36.9444094,50.2918586],[36.9440231,50.2917969],[36.9408326,50.2912066],[36.9406878,50.2915082],[36.9419162,50.2917447],[36.9416668,50.2923222],[36.9424735,50.292464],[36.9423896,50.2926443],[36.9427424,50.2927171],[36.9427839,50.292628],[36.9433941,50.2927643],[36.9435571,50.2925],[36.9447849,50.2925835],[36.9452073,50.2926786],[36.9452737,50.2925471],[36.9450118,50.2924899],[36.9451443,50.2921842]]],[[[37.8168201,48.4101021],[37.8171769,48.4103648],[37.8179842,48.4099517],[37.8169113,48.4091541],[37.8147549,48.4104574],[37.8135586,48.4103806],[37.8134298,48.4113207],[37.8141111,48.4113492],[37.8144356,48.410767],[37.8148245,48.4106442],[37.8152376,48.4105425],[37.8159082,48.4105761],[37.8168201,48.4101021]]]]},"properties":{"name":"RU"}},{"type":"Feature","geometry":{"type":"MultiPolygon","coordinates":[[[[26.4056705,48.1875026],[26.7132877,48.2533809],[26.625961,48.2848824],[26.7577969,48.4090114],[27.5762784,48.4709626],[28.503358,48.151165],[28.52061,48.138136],[28.5331704,48.1270483],[28.5440961,48.1202274],[28.5646682,48.1137343],[28.5768863,48.1049443],[28.6116116,48.0944471],[28.6130295,48.0903817],[28.6735223,48.0636922],[28.7078575,48.0197734],[28.716837,48.0002649],[28.7590992,47.9801764],[28.7706949,47.9821561],[28.7797763,47.9861759],[28.7869702,47.9874376],[28.7937562,47.9867758],[28.8009926,47.985812],[28.8047298,47.9813636],[28.8118118,47.9615164],[28.8184813,47.954541],[28.8296871,47.9483422],[28.842092,47.9428032],[28.8437266,47.9404353],[28.8430499,47.937415],[28.8331489,47.9171426],[28.8327969,47.9140017],[28.8344941,47.9087563],[28.8382918,47.9059848],[28.8431191,47.9037885],[28.9164931,47.8880656],[28.9267269,47.8877888],[28.964468,47.8848018],[28.9845471,47.8812354],[28.9998171,47.8773209],[29.0067616,47.8741278],[29.0226293,47.8622974],[29.0302247,47.8503846],[29.0297507,47.8419276],[29.0120792,47.8172078],[28.9960524,47.7989405],[28.9873323,47.7544103],[28.9795456,47.7263627],[28.9795659,47.715574],[28.9812166,47.7018402],[28.9906359,47.6728396],[29.0008729,47.6530966],[28.9985473,47.6460545],[28.985518,47.6275945],[28.9889476,47.6175458],[28.9944356,47.60984],[29.0023311,47.6000384],[29.0179501,47.5880477],[29.0296952,47.5657397],[29.0233139,47.5407331],[29.0232127,47.5305454],[29.0265447,47.5248322],[29.0517579,47.5098433],[29.1051495,47.4854709],[29.1132361,47.4797539],[29.121578,47.4714258],[29.1228968,47.4652701],[29.1207718,47.4578454],[29.0822031,47.4259422],[29.0830444,47.4194232],[29.0957529,47.4104933],[29.1081783,47.4037806],[29.1214159,47.3972843],[29.133254,47.3930191],[29.1577419,47.3753223],[29.1656129,47.3623814],[29.171678,47.349818],[29.1867119,47.3473127],[29.2270911,47.3574042],[29.2330126,47.3551928],[29.2470011,47.3636776],[29.2574299,47.362454],[29.2682018,47.3623922],[29.2992809,47.3847529],[29.3090802,47.378398],[29.2679665,47.3481178],[29.2601674,47.3520214],[29.2208796,47.3259681],[29.206836,47.3322509],[29.1360806,47.3059714],[29.1046208,47.3071711],[29.1324677,47.2802258],[29.1484119,47.2697831],[29.1505319,47.2613901],[29.1496047,47.2555596],[29.1705825,47.2385565],[29.1756744,47.2260998],[29.1881441,47.2164985],[29.2017761,47.2246503],[29.197814,47.230266],[29.2152995,47.2364835],[29.2137709,47.2423198],[29.2185941,47.2516523],[29.2308175,47.2527207],[29.239676,47.2617597],[29.250253,47.2622932],[29.2600761,47.255087],[29.2773749,47.2654865],[29.2920613,47.2602975],[29.3036121,47.2670992],[29.3102285,47.2655128],[29.3435609,47.2922121],[29.3609585,47.2841143],[29.3467273,47.2596971],[29.3307871,47.2571784],[29.3134375,47.2391612],[29.2966086,47.2394961],[29.2822483,47.2125577],[29.2853302,47.2068567],[29.2855413,47.2031318],[29.2702406,47.1963707],[29.2599202,47.194507],[29.2513139,47.200971],[29.2447471,47.1997847],[29.2448332,47.1962471],[29.2530246,47.1879957],[29.2402146,47.1711921],[29.2535487,47.1681956],[29.271941,47.1603177],[29.2975648,47.1389871],[29.2997405,47.1341886],[29.2983523,47.1237345],[29.306361,47.1138934],[29.3161175,47.1107942],[29.3447553,47.1095611],[29.3525907,47.1066261],[29.3590772,47.1017674],[29.3719104,47.0796127],[29.3848676,47.0704809],[29.3927614,47.0699477],[29.396023,47.0658554],[29.3856375,47.0550969],[29.3867533,47.0497168],[29.3961531,47.0367806],[29.3922049,47.0333292],[29.3853384,47.0316327],[29.378472,47.0324517],[29.3687731,47.03836],[29.3658548,47.0334462],[29.3807465,47.0048907],[29.3750387,47.0008812],[29.3643099,47.0001495],[29.356628,46.9977494],[29.3422514,46.9977494],[29.3283468,47.0003836],[29.3107945,46.9916025],[29.3068892,47.000969],[29.2995935,46.998247],[29.2975336,46.9934467],[29.3011926,46.9848617],[29.3167102,46.9736297],[29.3253982,46.9647501],[29.3598904,46.9432823],[29.3684305,46.9405867],[29.3790896,46.9401509],[29.3955798,46.9434728],[29.4098618,46.9503009],[29.4230402,46.9628552],[29.4325278,46.9682172],[29.4392655,46.9698864],[29.4462607,46.9692129],[29.4601652,46.9597823],[29.4780609,46.9540118],[29.4818375,46.947684],[29.4820091,46.937605],[29.4728682,46.9155651],[29.4718811,46.9104055],[29.4771168,46.9015803],[29.485657,46.8961554],[29.4927809,46.8842481],[29.4959995,46.8836615],[29.4917938,46.8718101],[29.502866,46.8476005],[29.5027373,46.8066395],[29.5260403,46.7901435],[29.5402882,46.7829735],[29.5452878,46.7851334],[29.550266,46.7903198],[29.5493648,46.7932726],[29.5527551,46.7964457],[29.5584628,46.7953587],[29.5655009,46.7838111],[29.5682475,46.8000299],[29.573569,46.8044951],[29.5785472,46.8052589],[29.5880744,46.8042014],[29.5909927,46.8064926],[29.5920226,46.8120734],[29.5865295,46.8233506],[29.5881364,46.826183],[29.5965693,46.8289871],[29.6137354,46.8390573],[29.620559,46.8390573],[29.6243355,46.8340077],[29.6229622,46.8295156],[29.6117613,46.820589],[29.619014,46.8190326],[29.6292278,46.822997],[29.6361801,46.8235549],[29.6390984,46.8140399],[29.6448061,46.8083712],[29.6503422,46.8101336],[29.6547625,46.8203247],[29.663131,46.8197667],[29.6694824,46.8168594],[29.6730015,46.8118078],[29.6606419,46.7979428],[29.6605561,46.7937709],[29.6774647,46.7799013],[29.6785805,46.7768448],[29.6757481,46.7706725],[29.6759197,46.7616185],[29.6807263,46.7493285],[29.6900818,46.7381533],[29.6961758,46.7155607],[29.6937725,46.706674],[29.6780655,46.6972561],[29.6747181,46.6927231],[29.6751473,46.6889552],[29.6712849,46.6817718],[29.6747181,46.6783564],[29.6822712,46.6751764],[29.6892235,46.6751764],[29.6965191,46.6782975],[29.7000382,46.6708182],[29.7045872,46.6677556],[29.7188351,46.6628078],[29.7257015,46.6643393],[29.7294781,46.674293],[29.7453568,46.6715839],[29.7559139,46.6729385],[29.7669003,46.6674611],[29.7616646,46.665105],[29.7602055,46.6622776],[29.7613213,46.6576239],[29.766042,46.6565635],[29.7728226,46.657565],[29.7730801,46.6533822],[29.7691319,46.652086],[29.7621796,46.6465476],[29.7656128,46.6421872],[29.7765991,46.6415979],[29.7772858,46.6378264],[29.7664711,46.6368835],[29.7577164,46.6349976],[29.7570297,46.6305183],[29.7625229,46.629811],[29.760463,46.6262745],[29.749305,46.6248598],[29.7601196,46.6190828],[29.7570297,46.6158992],[29.7378037,46.6227377],[29.7379753,46.6193186],[29.7489617,46.610475],[29.7383187,46.6082344],[29.7281906,46.6028094],[29.7319672,46.5989173],[29.7510216,46.5958505],[29.7788307,46.5870031],[29.7949669,46.5852335],[29.8004601,46.591604],[29.7968552,46.5943171],[29.7994301,46.5963223],[29.8076699,46.5947889],[29.8066399,46.5975019],[29.80252,46.6025736],[29.8032067,46.6058758],[29.8140213,46.603753],[29.8196861,46.5950248],[29.8260376,46.5990352],[29.8227761,46.603635],[29.825351,46.6048144],[29.835994,46.6003326],[29.8341057,46.5886548],[29.8392555,46.5859414],[29.8512718,46.5873571],[29.8624298,46.5822839],[29.8643181,46.5859414],[29.8734162,46.5901884],[29.8778794,46.5897165],[29.878051,46.5845256],[29.8732445,46.5807501],[29.8600266,46.5767384],[29.8725579,46.5746144],[29.8729012,46.5720183],[29.8627732,46.5733163],[29.8584816,46.5723723],[29.8612282,46.568478],[29.8699829,46.569304],[29.8816559,46.5605704],[29.8964188,46.5567932],[29.8947022,46.5533699],[29.8941872,46.5487659],[29.9048378,46.5175039],[29.98658,46.4995512],[30.0174477,46.4569898],[30.1630165,46.4127437],[30.1230143,46.3954636],[30.1080849,46.3921462],[30.0970161,46.3755823],[30.0885017,46.3849102],[30.0703691,46.397434],[30.0577909,46.3987998],[30.0222631,46.3830604],[29.9964289,46.3892148],[29.9887908,46.3843546],[29.9371102,46.4001967],[29.886975,46.3714198],[29.8911049,46.352587],[29.8054459,46.385634],[29.82252,46.3957028],[29.7867164,46.4199769],[29.7897559,46.422052],[29.7769995,46.4544161],[29.7672766,46.4533698],[29.7421028,46.4728341],[29.72767,46.4670445],[29.7413957,46.4434825],[29.7338391,46.434992],[29.6864656,46.4264949],[29.6789151,46.4416779],[29.660392,46.4356994],[29.6785881,46.3611172],[29.6034004,46.3540088],[29.5998001,46.3629502],[29.5810921,46.3614654],[29.565635,46.4167676],[29.5079568,46.4231578],[29.4933691,46.428539],[29.485643,46.4471702],[29.5024636,46.4612469],[29.4485619,46.4990732],[29.3857339,46.4458726],[29.3472817,46.5042722],[29.3094717,46.465238],[29.323866,46.4148511],[29.2689522,46.3923779],[29.2405084,46.3769892],[29.2115024,46.3863886],[29.2468083,46.4183217],[29.2203224,46.4644547],[29.2515236,46.4845842],[29.2346718,46.5567076],[29.1628341,46.5447056],[29.1624342,46.5166339],[29.0458455,46.5113372],[29.0254542,46.4634612],[28.9339211,46.4555707],[28.9957192,46.3357597],[28.9517739,46.2603288],[29.0664437,46.1952515],[28.9517739,46.0939197],[29.0046456,46.0486647],[28.9778664,46.0043264],[28.7814858,45.9761794],[28.7821724,45.8328376],[28.697715,45.8170474],[28.7059548,45.7821016],[28.5342934,45.7466548],[28.4821083,45.6833694],[28.4857302,45.661649],[28.5154387,45.6639182],[28.5432197,45.5801374],[28.4920543,45.5707521],[28.5136941,45.500784],[28.421712,45.4856423],[28.4189804,45.5128439],[28.3145668,45.5469669],[28.2127716,45.4681685],[28.2369,45.4624102],[28.2652644,45.454712],[28.2730406,45.4505136],[28.2804156,45.4431342],[28.286072,45.4340683],[28.2841744,45.4046938],[28.2823662,45.3967559],[28.2956623,45.3859247],[28.3353372,45.3304946],[28.3507656,45.3198178],[28.5632016,45.2491285],[28.6301289,45.2450705],[28.6707912,45.2369764],[28.7079929,45.2247446],[28.7201636,45.2233262],[28.7474434,45.2330276],[28.7930862,45.2412947],[28.7917233,45.2516391],[28.7656357,45.2634321],[28.7539634,45.2841162],[28.7634883,45.2900769],[28.790868,45.2902377],[28.8058096,45.3050483],[28.7819626,45.3193732],[28.7820549,45.3291918],[28.8095685,45.3367554],[28.8247227,45.3320076],[28.8408863,45.3195938],[28.8521324,45.3164294],[28.8736773,45.3164011],[28.9249142,45.2821951],[28.9436537,45.2810248],[28.9529537,45.2867354],[28.9553532,45.2971829],[28.9498583,45.3063913],[28.9532895,45.3168071],[28.968561,45.3322714],[28.9840038,45.3318189],[28.9994477,45.3381551],[29.0318997,45.3528177],[29.0449642,45.3598773],[29.0553439,45.3595791],[29.0753386,45.367722],[29.0827148,45.3731516],[29.1048575,45.3741165],[29.1201362,45.3811076],[29.1379995,45.385076],[29.1781876,45.3984407],[29.1845307,45.410376],[29.2015206,45.4170075],[29.2159341,45.4189414],[29.2384216,45.4319577],[29.2509578,45.4353338],[29.2791501,45.4270796],[29.2911839,45.4272838],[29.3169425,45.4446094],[29.3276754,45.4479155],[29.3380654,45.4464034],[29.3509463,45.4375962],[29.3669646,45.4382657],[29.3829834,45.4391739],[29.3944206,45.4366521],[29.4277691,45.4429221],[29.4389194,45.4345066],[29.479586,45.4222305],[29.5502475,45.4077712],[29.5940012,45.3890742],[29.635651,45.3496238],[29.6564405,45.3335571],[29.6693213,45.3085576],[29.6785826,45.2682208],[29.6660467,45.2555385],[29.6659613,45.232762],[29.6892093,45.1935423],[29.602692,44.8338511],[29.1357731,44.7909847],[28.6194156,44.3173511],[28.5772589,43.7439688],[28.4042242,43.7380158],[28.2092169,43.7598405],[27.9894904,43.8490407],[27.9125861,44.013216],[27.7230719,43.9559051],[27.6461676,44.0487605],[27.0748785,44.1355573],[26.0476569,43.9420631],[25.4269293,43.6287727],[24.4656256,43.7519052],[22.872608,43.8351739],[22.4276617,44.6810095],[22.1310309,44.5010633],[21.3510016,44.8370316],[21.230152,45.2639199],[20.189443,46.1359636],[18.816152,45.8994557],[18.4096578,45.738666],[17.3659567,45.9376706],[16.4980368,46.5304153],[16.1794332,46.8769826],[16.5090231,47.0569174],[16.4540914,47.4149717],[16.6957907,47.5634472],[16.3991598,47.7041102],[16.6628317,47.7632235],[17.0583395,47.6967164],[17.12201247513383,48.010009016806244],[17.0473532,48.0430955],[16.8386129,48.4017508],[17.0034078,48.7506519],[17.1791891,48.8808692],[17.6625875,48.8519613],[18.2119039,49.2838285],[18.8381246,49.512624],[14.8610739,50.8977364],[14.2348532,53.7892009],[17.376943,54.7388018],[18.3657125,54.7895097],[18.6293844,54.4204359],[19.2665914,54.2667356],[19.6620993,54.4587712],[20.3304821,54.4019894],[20.6317958,54.3668443],[20.6494093,54.3713733],[20.9581161,54.3556802],[21.0913532,54.3477695],[21.2746121,54.3288451],[21.3023614,54.3338665],[21.3234496,54.3297624],[21.3806818,54.3311084],[21.4351635,54.3268231],[21.4460043,54.3183333],[21.4959735,54.3241509],[21.797312,54.3317156],[22.1535855,54.3368559],[22.7877096,54.3612653],[22.6984642,54.4886254],[22.7204368,54.6732724],[22.8962181,54.8191221],[22.7973411,54.9202733],[22.6105736,55.0463555],[22.4677513,55.0463555],[22.0722435,55.0526492],[21.7865989,55.1343776],[21.5009544,55.1783161],[21.3801048,55.2848223],[21.2482689,55.2222061],[21.1933372,55.6088385],[21.0724876,56.0408236],[20.9626243,56.3829668],[21.0615013,56.8304156],[21.3910911,57.0282481],[21.4020775,57.3022678],[21.6987083,57.5624773],[22.0173118,57.5919296],[22.5886009,57.7622834],[22.5776146,57.6272409],[23.1159447,57.3437886],[23.2587669,57.0760497],[23.4675072,57.0103067],[23.5883568,56.9384543],[24.0168236,57.0222686],[24.434304,57.2309802],[24.3354271,57.8617741],[24.467263,58.0773655],[24.467263,58.2454375],[24.6100853,58.3551236],[24.3573997,58.4069615],[24.1816185,58.2685575],[23.9289329,58.2974364],[23.5993431,58.5276208],[23.3796165,58.9665058],[23.5114525,59.1866904],[24.467263,59.4389984],[25.5988548,59.5894861],[26.609597,59.5282574],[27.4225853,59.4110566],[27.9609154,59.444584],[28.2541179,59.4138449],[27.3880333,58.7712328],[27.7686893,57.9074692],[27.3804357,57.5207401],[27.8058377,57.3176838],[28.2182224,56.3619373],[28.03298,56.1097039],[27.966338,56.113172],[27.6425992,55.8954987],[27.5782544,55.7793737],[27.1515883,55.8394298],[26.6537761,55.6710082],[26.4613104,55.350284],[26.8283341,55.3038612],[26.6574671,55.1608697],[26.3228878,55.1333813],[26.1783917,54.9847817],[25.8671549,54.9142814],[25.7453515,54.8062312],[25.7558638,54.5650762],[25.6783304,54.5346059],[25.6286529,54.459546],[25.6312239,54.4243849],[25.5483664,54.3347215],[25.6770609,54.3123116],[25.7575543,54.2697931],[25.780911,54.1590357],[25.7141522,54.1647617],[25.6436787,54.1313995],[25.5466632,54.154103],[25.5154904,54.1799892],[25.5795343,54.2105026],[25.5637829,54.2634518],[25.4929988,54.30676],[25.2195911,54.2553018],[25.0700692,54.1361087],[24.97024,54.1711182],[24.763652,54.1113989],[24.8393461,54.0305958],[24.7030959,53.9651955],[24.6987062,54.0160069],[24.673436,54.0239507],[24.5177244,53.9686402],[24.4335024,53.911895],[24.3306704,53.9050694],[24.197482,53.9628262],[23.9841628,53.9293872],[23.9379621,53.9578225],[23.8505182,53.957127],[23.6136606,53.9280921],[23.5215502,53.95384],[23.600538,53.6877974],[23.810585,53.2554539],[23.9143406,53.1672683],[23.8761919,53.0853207],[23.9348113,52.9612955],[23.9373118,52.7081916],[23.7516738,52.6148165],[23.6376029,52.6052797],[23.4688131,52.5488578],[23.3842459,52.4859549],[23.1781685,52.284163],[23.1978575,52.226678],[23.4905281,52.1761289],[23.5482514,52.1169052],[23.6017795,52.1158221],[23.6920181,51.9930039],[23.6333645,51.9484237],[23.6068351,51.8387323],[23.6393707,51.797717],[23.5382552,51.7442723],[23.5591999,51.6894727],[23.5444312,51.6312676],[23.5415381,51.6031367],[23.5648083,51.5745708],[23.5674592,51.5332002],[23.5939672,51.5332379],[23.6129193,51.5277183],[23.6234791,51.5042907],[23.6973981,51.4011374],[23.6325029,51.3204325],[23.7730719,51.1958805],[23.8638093,51.1641109],[23.9716363,50.952263],[24.1334846,50.8509304],[24.0015918,50.8429267],[23.9660515,50.7903488],[24.0718974,50.7050099],[24.0786032,50.5709267],[23.9907125,50.420668],[23.795566,50.4041223],[23.7090772,50.3765024],[23.6830953,50.3348416],[23.2309435,50.0432837],[22.6284078,49.5197567],[22.6889829,49.4909413],[22.7521218,49.3514845],[22.7162985,49.1833952],[22.8810934,49.0251586],[22.5624899,49.0899528],[22.1120504,48.3798645],[22.9140524,47.9622355],[23.2196354,48.1142049],[24.010651,47.9157781],[24.6258854,47.9525815],[24.9335026,47.7239786],[25.3399967,47.8936836],[26.2079166,47.9746509],[26.4056705,48.1875026]]],[[[32.5282044,46.5889136],[32.5170893,46.58912],[32.510604,46.5891976],[32.510043,46.59003],[32.512445,46.590858],[32.514159,46.591097],[32.520831,46.590878],[32.529253,46.591343],[32.536601,46.591424],[32.543527,46.592239],[32.555432,46.596001],[32.558926,46.596461],[32.568832,46.594193],[32.581827,46.59275],[32.581953,46.590758],[32.5763175,46.5812523],[32.5734286,46.582549],[32.5736198,46.5852006],[32.5702598,46.5884422],[32.5708177,46.5913325],[32.5608184,46.5941341],[32.5507599,46.5924756],[32.5382895,46.589297],[32.5282044,46.5889136]]],[[[32.566224,46.600244],[32.56736,46.600261],[32.568915,46.600352],[32.569472,46.600264],[32.569772,46.600332],[32.570533,46.600171],[32.570622,46.599991],[32.570599,46.599815],[32.570468,46.599796],[32.570451,46.599644],[32.57054,46.599587],[32.570617,46.599577],[32.570512,46.599533],[32.57043,46.599559],[32.570333,46.599513],[32.570354,46.5994],[32.570495,46.599417],[32.570694,46.599361],[32.57078,46.59929],[32.570754,46.598928],[32.570266,46.598969],[32.569839,46.59906],[32.569786,46.599111],[32.569188,46.599149],[32.569167,46.599061],[32.56921,46.598972],[32.570138,46.598776],[32.570752,46.598617],[32.571268,46.598406],[32.572537,46.598087],[32.572913,46.598129],[32.573053,46.598334],[32.572975,46.598461],[32.572651,46.598538],[32.572499,46.59876],[32.572153,46.598751],[32.57201,46.598868],[32.571886,46.598717],[32.571714,46.598753],[32.571751,46.598892],[32.571566,46.598852],[32.571467,46.598781],[32.571209,46.598876],[32.571058,46.598993],[32.570743,46.60002],[32.570846,46.600148],[32.57117,46.600302],[32.574317,46.599833],[32.574674,46.599655],[32.575127,46.599536],[32.575605,46.59969],[32.575767,46.599608],[32.576035,46.59932],[32.577339,46.599157],[32.577369,46.599271],[32.577609,46.599342],[32.577826,46.599264],[32.577934,46.599136],[32.578337,46.599047],[32.578793,46.599164],[32.579421,46.598998],[32.57948,46.598913],[32.579558,46.598485],[32.58,46.598308],[32.579718,46.597859],[32.579823,46.597689],[32.579482,46.59757],[32.579253,46.59761],[32.579185,46.597466],[32.578857,46.597332],[32.576197,46.597085],[32.575132,46.597136],[32.574915,46.597055],[32.574536,46.597098],[32.574458,46.597244],[32.574076,46.597168],[32.571747,46.597442],[32.570676,46.59776],[32.569723,46.597857],[32.569178,46.598175],[32.568632,46.598083],[32.568172,46.598132],[32.566444,46.598603],[32.566289,46.598637],[32.566037,46.59862],[32.566176,46.59846],[32.565961,46.598323],[32.565739,46.598332],[32.565527,46.598555],[32.565163,46.598604],[32.565047,46.5988],[32.56462,46.598688],[32.563955,46.598878],[32.563864,46.599223],[32.563539,46.59912],[32.563541,46.599202],[32.563306,46.599219],[32.563175,46.599438],[32.563345,46.599559],[32.563451,46.599724],[32.56367,46.599781],[32.563859,46.599688],[32.564028,46.599705],[32.564293,46.599908],[32.566224,46.600244]]],[[[32.617284,46.617133],[32.617327,46.617619],[32.61893,46.619367],[32.621805,46.621695],[32.623393,46.622469],[32.623998,46.622447],[32.624174,46.621607],[32.626195,46.621135],[32.629718,46.620516],[32.631442,46.621813],[32.631665,46.622255],[32.626361,46.623392],[32.625709,46.623289],[32.625011,46.62276],[32.6242428,46.6228656],[32.6239612,46.6231475],[32.6246458,46.623758],[32.626183,46.624923],[32.627223,46.625273],[32.6279154,46.625252],[32.6280897,46.6251571],[32.627594,46.624714],[32.627632,46.624513],[32.633577,46.623356],[32.634877,46.624417],[32.635297,46.625035],[32.6299376,46.6261452],[32.629267,46.6257805],[32.6288969,46.6257215],[32.6285313,46.6257715],[32.6281732,46.6259216],[32.6280968,46.6260165],[32.6280954,46.6261989],[32.6294419,46.6270333],[32.6296565,46.6270388],[32.6301044,46.6269836],[32.6302331,46.6272304],[32.630528,46.627295],[32.63417,46.626794],[32.634475,46.626925],[32.634704,46.62766],[32.636311,46.627664],[32.6375373,46.6240487],[32.631057,46.6198043],[32.631007,46.617833],[32.6268514,46.6166222],[32.620846,46.615276],[32.619194,46.615408],[32.618057,46.616072],[32.617284,46.617133]]],[[[32.725521,46.6607201],[32.7256605,46.6605802],[32.7258321,46.6600978],[32.7258831,46.6596523],[32.7257409,46.6592216],[32.7258053,46.6590301],[32.7250489,46.6589418],[32.7248129,46.6593026],[32.7249041,46.6595198],[32.7245232,46.6597849],[32.7242496,46.6597683],[32.7240055,46.6598631],[32.7236971,46.6598659],[32.7237185,46.659737],[32.7238687,46.659726],[32.7240243,46.6595861],[32.7242335,46.6593468],[32.7245344,46.6593946],[32.7246712,46.658916],[32.7243279,46.6588369],[32.7204736,46.6587871],[32.7199275,46.6608581],[32.7178865,46.6628164],[32.7167549,46.664016],[32.71219,46.66336],[32.713622,46.665032],[32.719264,46.665726],[32.7228172,46.6651998],[32.7248895,46.6648505],[32.725957,46.6646002],[32.7259248,46.6642651],[32.7259409,46.6638823],[32.7258068,46.663573],[32.7252779,46.663237],[32.7252099,46.6630616],[32.7246841,46.6628259],[32.7245232,46.6625756],[32.7244696,46.6618651],[32.7245554,46.6615816],[32.7247968,46.6612502],[32.7250918,46.6609704],[32.725521,46.6607201]]],[[[32.7306077,46.664333],[32.7322877,46.6644803],[32.7389433,46.6646126],[32.751761,46.664405],[32.7556778,46.6648516],[32.7579152,46.6648834],[32.7582614,46.6645753],[32.7582377,46.6637028],[32.7576991,46.6631727],[32.751137,46.6627177],[32.7449571,46.6627913],[32.73867,46.6631006],[32.7337992,46.6631448],[32.7304947,46.6630122],[32.7292469,46.6632471],[32.7266365,46.6631579],[32.7255356,46.6629501],[32.7255327,46.6631818],[32.7257259,46.663349],[32.7260451,46.6634904],[32.7261199,46.6643154],[32.7260843,46.6646992],[32.7263533,46.6646983],[32.7267357,46.6646048],[32.7271619,46.6644139],[32.7287346,46.6644802],[32.729414,46.6644729],[32.7298144,46.6643772],[32.7301647,46.6640974],[32.7306077,46.664333]]],[[[32.844111,46.687827],[32.8531033,46.6928848],[32.8560645,46.6913983],[32.8523631,46.689794],[32.8487689,46.6879393],[32.8340803,46.6823484],[32.8299574,46.6805899],[32.8295253,46.681128],[32.844111,46.687827]]],[[[35.5778695,47.5389923],[35.5825043,47.5404988],[35.592804,47.5464085],[35.5913449,47.5532444],[35.5856069,47.5528664],[35.5830051,47.5520083],[35.5812618,47.5522509],[35.5753609,47.5514616],[35.5730077,47.552709],[35.5683333,47.5546505],[35.5659761,47.5574173],[35.5497469,47.555032],[35.5333467,47.5526454],[35.5059668,47.5477756],[35.5045776,47.5570895],[35.4877444,47.5573446],[35.4627081,47.5549589],[35.4609965,47.5632373],[35.4525606,47.5661498],[35.4502178,47.5727686],[35.4490535,47.5833467],[35.4601643,47.5899877],[35.4581044,47.5979176],[35.4581044,47.6174189],[35.4407666,47.6175925],[35.43596,47.6146417],[35.4245446,47.6134845],[35.4063484,47.6130795],[35.3934738,47.6038787],[35.374427,47.5977477],[35.3592104,47.5977593],[35.3583761,47.6109368],[35.3375128,47.6108389],[35.3313714,47.6024935],[35.3319645,47.5966817],[35.3144335,47.5952624],[35.3050779,47.5962464],[35.3061079,47.603915],[35.3058504,47.6079658],[35.2943491,47.6078501],[35.2930617,47.6098754],[35.2842508,47.6090463],[35.2804867,47.6088218],[35.2790943,47.6314847],[35.2809128,47.6459647],[35.2523176,47.6494619],[35.2224775,47.6757556],[35.1967149,47.7288547],[35.0919709,47.8648404],[35.3530189,48.0578789],[35.6439232,48.1057377],[35.8323256,48.175008],[36.1369905,48.3819143],[36.3860194,48.4858234],[36.529507,48.5876204],[36.8929321,48.6774613],[37.1920679,48.8302312],[37.4308479,48.9187228],[37.4521013,48.9386245],[37.444119,48.9428528],[37.4409433,48.9467425],[37.4415441,48.9505191],[37.4066512,48.9687121],[37.4061928,48.99132],[37.4114732,48.9977674],[37.4193696,49.0022158],[37.4255495,49.0058194],[37.4347593,49.0096882],[37.4468588,49.0107274],[37.4586605,49.0134578],[37.4703635,49.0171759],[37.4856541,49.0173827],[37.4847279,49.02134],[37.486187,49.027306],[37.4892668,49.0298968],[37.4935486,49.0309398],[37.4992467,49.0292071],[37.504747,49.026692],[37.513221,49.0218651],[37.5241663,49.0216573],[37.5365516,49.0208454],[37.5400399,49.0211854],[37.544644,49.0223836],[37.5500116,49.0237808],[37.558924,49.0259412],[37.5724094,49.0312003],[37.5740938,49.0321781],[37.5747054,49.033381],[37.580735,49.0366446],[37.5849053,49.0385296],[37.589591,49.040133],[37.6008729,49.0438457],[37.6041731,49.0445479],[37.6086112,49.0445982],[37.6128538,49.043946],[37.6189418,49.0443905],[37.6218696,49.0438729],[37.623842,49.0426286],[37.6252778,49.0382758],[37.6263456,49.0372564],[37.6284435,49.0365183],[37.6355408,49.0362161],[37.654267,49.0328177],[37.6591595,49.0312732],[37.6606614,49.0304939],[37.6615625,49.0296021],[37.660818,49.0290154],[37.6599449,49.028091],[37.6541005,49.0252715],[37.6533164,49.0236295],[37.6532404,49.0220861],[37.6541158,49.0204329],[37.656622,49.0194412],[37.6629646,49.0194414],[37.6642645,49.0190477],[37.6650923,49.0182881],[37.6650931,49.0173067],[37.6644712,49.0165276],[37.6633773,49.0160299],[37.6601174,49.0154323],[37.6556132,49.0136385],[37.6480197,49.0114784],[37.6450024,49.0057659],[37.6439016,49.0055135],[37.6422461,49.0072171],[37.6410214,49.00771],[37.6397108,49.0079213],[37.6357178,49.0063046],[37.6314246,49.0038009],[37.6286321,49.0015102],[37.6226877,48.9976967],[37.6214859,48.995108],[37.6221145,48.9938875],[37.6231723,48.9927515],[37.624391,48.9917773],[37.6261675,48.9911692],[37.629017,48.9912299],[37.631759,48.9920368],[37.6328659,48.9920594],[37.6328997,48.9914345],[37.6300797,48.9886272],[37.6280367,48.9876037],[37.625865,48.9868055],[37.6254636,48.9857961],[37.6257489,48.9852513],[37.6271531,48.9845003],[37.6300377,48.9836223],[37.6318065,48.9825192],[37.6325666,48.9814441],[37.6312031,48.9795863],[37.6297968,48.9769398],[37.6283361,48.975055],[37.6280779,48.9735211],[37.6276909,48.9708322],[37.6270887,48.9694263],[37.6257952,48.9681128],[37.6249124,48.9677236],[37.6239438,48.9677006],[37.6205717,48.9681781],[37.6171353,48.9680497],[37.6151792,48.9668086],[37.6138025,48.9654126],[37.6132843,48.9642138],[37.6131309,48.9628036],[37.6142331,48.9613471],[37.6167299,48.959651],[37.628435,48.9534914],[37.6296834,48.9524228],[37.6332489,48.9506213],[37.6357022,48.9482019],[37.6407697,48.9468337],[37.6495704,48.9450705],[37.6639519,48.9426702],[37.6730595,48.942199],[37.6836262,48.9431505],[37.6672993,48.9447137],[37.6585528,48.9451566],[37.6504068,48.9468955],[37.6374189,48.9491037],[37.635266,48.9515513],[37.6320399,48.9544214],[37.6186825,48.9603555],[37.6159711,48.9621783],[37.615105,48.9634094],[37.6151726,48.9643547],[37.6154977,48.9651027],[37.6165954,48.9664564],[37.6182511,48.9671622],[37.6207219,48.9673047],[37.6238794,48.966799],[37.6266964,48.9673943],[37.6284835,48.969201],[37.6290642,48.9711139],[37.6294297,48.9735352],[37.6300527,48.9750832],[37.6310413,48.9766863],[37.6326193,48.979361],[37.633897,48.9812892],[37.6338173,48.9822562],[37.633051,48.9830824],[37.632113,48.9838171],[37.6308745,48.9843828],[37.6277539,48.9852325],[37.6271651,48.9856879],[37.6272812,48.9863408],[37.6300108,48.987301],[37.6320109,48.9886272],[37.633758,48.9907587],[37.6343849,48.9919371],[37.6334882,48.9929605],[37.6313728,48.9932758],[37.6284591,48.9921169],[37.6264465,48.992183],[37.624374,48.9932302],[37.6233527,48.994925],[37.6241469,48.9966971],[37.6308208,49.0009753],[37.6330339,49.0029423],[37.6370053,49.0056008],[37.6396035,49.006739],[37.641259,49.0062037],[37.6431506,49.0045422],[37.6452888,49.004394],[37.6469765,49.0051607],[37.64935,49.0104228],[37.6557205,49.0121466],[37.6615336,49.0144894],[37.6644073,49.0150026],[37.6660484,49.0159858],[37.6667239,49.0172364],[37.6668089,49.0184006],[37.6651657,49.0197372],[37.6635868,49.0205109],[37.6574159,49.0202433],[37.6553175,49.0209395],[37.6540772,49.0219454],[37.654003,49.0233059],[37.6547013,49.0245539],[37.6606959,49.0279222],[37.6615905,49.028734],[37.6622277,49.0297709],[37.6615197,49.030916],[37.6599534,49.0318641],[37.6359056,49.0366803],[37.628937,49.0368981],[37.6271181,49.0374252],[37.6261146,49.038318],[37.6245716,49.0427833],[37.6224919,49.0442808],[37.619092,49.0448828],[37.613283,49.0444945],[37.6088901,49.0450061],[37.6022205,49.0447026],[37.5896768,49.0406675],[37.5801342,49.0371651],[37.5739973,49.0337608],[37.5721948,49.0318475],[37.5587523,49.0264055],[37.5499043,49.0243999],[37.5440432,49.0233967],[37.5373241,49.0216053],[37.524574,49.022192],[37.5135858,49.0224983],[37.5062066,49.0265758],[37.4996115,49.0295307],[37.4938919,49.0311368],[37.4888217,49.0351795],[37.4863353,49.0367214],[37.4876181,49.0376133],[37.4879996,49.0387303],[37.4866969,49.0407123],[37.4870219,49.0430536],[37.4869161,49.0447517],[37.4858662,49.045409],[37.4843428,49.0454476],[37.4843213,49.0461191],[37.4854157,49.0470156],[37.4860381,49.0486294],[37.4855339,49.0494196],[37.4843216,49.050041],[37.4828517,49.0509437],[37.4819612,49.0519307],[37.4795793,49.0524898],[37.4801156,49.0530014],[37.4816927,49.0535665],[37.4830124,49.0545254],[37.4827549,49.0553745],[37.4818965,49.055886],[37.4788718,49.0555278],[37.47612,49.0559312],[37.4754107,49.0570022],[37.4753663,49.0576797],[37.4761362,49.0580502],[37.4777779,49.0575915],[37.4788295,49.0571539],[37.4803103,49.0571945],[37.4817809,49.0576869],[37.4820764,49.0582214],[37.4819856,49.0588122],[37.4778236,49.0601132],[37.4763083,49.0607152],[37.4761662,49.0622873],[37.4772982,49.0630836],[37.4787093,49.0625652],[37.4812362,49.0622015],[37.4826103,49.0625675],[37.4834694,49.0635662],[37.4831327,49.0649476],[37.4819874,49.0657196],[37.4804987,49.0662526],[37.4775294,49.0663569],[37.4755512,49.0659521],[37.4745172,49.0663346],[37.4740124,49.0671521],[37.4747684,49.068457],[37.4760155,49.0688741],[37.4779694,49.0692021],[37.4789041,49.0700854],[37.4788717,49.0711759],[37.4777878,49.0718729],[37.4706532,49.0729916],[37.4690383,49.0744154],[37.4689361,49.0753964],[37.4705127,49.0768946],[37.4711666,49.0780835],[37.470173,49.0801415],[37.4689326,49.0811946],[37.4205882,49.1112296],[37.4075419,49.160647],[37.4792964,49.172208],[37.4893796,49.1779294],[37.5038375,49.183708],[37.5129501,49.192752],[37.5216903,49.1982924],[37.5290207,49.1993671],[37.5438269,49.1961963],[37.5519394,49.2065948],[37.5790631,49.2065946],[37.5790327,49.2309501],[37.5632398,49.2401412],[37.5495069,49.2394687],[37.517066,49.2534747],[37.5289076,49.2686003],[37.5465887,49.2733045],[37.5611799,49.2750965],[37.5704496,49.2787922],[37.5800626,49.2801361],[37.5846975,49.2789042],[37.5792043,49.2742005],[37.578346,49.2680402],[37.5757711,49.2649037],[37.5826376,49.261543],[37.6022066,49.278111],[37.623505,49.2924356],[37.6270079,49.306972],[37.6263293,49.3156034],[37.6136328,49.3193106],[37.597961,49.3297108],[37.5973947,49.3214471],[37.5903493,49.3184699],[37.5611506,49.3324278],[37.5503126,49.3500502],[37.2383853,49.4227228],[37.0328498,49.6490387],[36.9350034,49.7823972],[36.6827306,49.8139816],[36.3419809,49.8522898],[35.8441629,49.9681437],[35.6683815,50.1418431],[35.8335414,50.264747],[35.8864859,50.4180324],[35.9068278,50.4235557],[35.9344652,50.4190168],[35.9598711,50.4262351],[36.050058,50.4427277],[36.0617206,50.4403864],[36.0695686,50.4437522],[36.0778457,50.4400114],[36.0840024,50.4381672],[36.1230849,50.4276911],[36.136074,50.434652],[36.1402641,50.4356083],[36.1426889,50.4347062],[36.1440192,50.4352939],[36.1469804,50.4348155],[36.1493193,50.4342142],[36.1481196,50.432317],[36.1560372,50.4233038],[36.1573718,50.4199998],[36.1513257,50.4082188],[36.1593165,50.4025419],[36.180269,50.3973634],[36.187061,50.4007733],[36.2013309,50.3963208],[36.2084714,50.3840407],[36.2109243,50.3809111],[36.2110346,50.3793738],[36.2058541,50.3749105],[36.2085854,50.3738559],[36.2143628,50.3713232],[36.2268999,50.3673921],[36.2313254,50.3642268],[36.2422332,50.3539529],[36.2494553,50.3508171],[36.2477611,50.3426845],[36.2510651,50.3384695],[36.2672771,50.3309146],[36.2736019,50.3240231],[36.2803628,50.3230795],[36.2779515,50.3189797],[36.2766441,50.3176594],[36.2759805,50.3175721],[36.276664,50.31588],[36.2787572,50.312722],[36.2799735,50.3119345],[36.284562,50.3062271],[36.2853726,50.3041605],[36.2856252,50.2999285],[36.2862775,50.2986669],[36.2903201,50.2990501],[36.2992162,50.2990735],[36.2974356,50.2939224],[36.2970447,50.2925941],[36.2970794,50.2920446],[36.297239,50.2919777],[36.2974523,50.2919588],[36.2997886,50.2920512],[36.3030128,50.2920577],[36.3054594,50.2919198],[36.3099514,50.2914776],[36.3285477,50.2894418],[36.3292779,50.2847872],[36.3363597,50.2821136],[36.3413593,50.28005],[36.3454141,50.2764503],[36.3603487,50.269072],[36.3835229,50.2633661],[36.3974446,50.2527089],[36.4064353,50.2537378],[36.4069932,50.2503901],[36.4149326,50.2506919],[36.4204175,50.2506179],[36.4285632,50.2494998],[36.429562,50.2496972],[36.4466423,50.2435772],[36.4486964,50.2448746],[36.4499327,50.245789],[36.4516147,50.2467957],[36.4579232,50.2459998],[36.4586528,50.2451216],[36.4626868,50.244408],[36.4653905,50.2432553],[36.4670642,50.2405382],[36.4685662,50.237958],[36.4682658,50.2360503],[36.4660493,50.2341853],[36.4670215,50.230932],[36.4666633,50.2303279],[36.465247,50.2286807],[36.4597539,50.2281865],[36.4551276,50.2265767],[36.4517371,50.2222735],[36.4486252,50.2212105],[36.447166,50.2224049],[36.4441405,50.2218146],[36.4430462,50.2213478],[36.4386473,50.2208536],[36.4352999,50.2206888],[36.4333473,50.2191648],[36.4317165,50.2192884],[36.4297639,50.2169131],[36.4325315,50.2140661],[36.4371461,50.2120507],[36.4402563,50.2106057],[36.4499552,50.2064309],[36.47347,50.2017466],[36.5035148,50.2185898],[36.5380099,50.2263719],[36.5570831,50.22443],[36.5592823,50.2277396],[36.5701398,50.2271082],[36.5785942,50.2253785],[36.583744,50.2268061],[36.5910611,50.2241841],[36.5872202,50.2211226],[36.6202297,50.2167881],[36.6377857,50.2152193],[36.6576984,50.2142306],[36.6696315,50.2182751],[36.6738372,50.2223391],[36.6835184,50.2321135],[36.682231,50.2328272],[36.6827031,50.2354899],[36.6843338,50.2385643],[36.6807719,50.2404307],[36.6822164,50.2448988],[36.6830512,50.2448709],[36.6865468,50.2431895],[36.6871027,50.2437105],[36.6857069,50.2460396],[36.6848261,50.2465163],[36.6851614,50.2485179],[36.68719,50.2519807],[36.6860313,50.2530783],[36.6857738,50.2539289],[36.683671,50.2553832],[36.684658,50.2581818],[36.6865892,50.2595262],[36.6883488,50.2595948],[36.6913314,50.2608569],[36.6940136,50.2614879],[36.6976126,50.2598396],[36.7058031,50.2575873],[36.7243694,50.2658068],[36.7309686,50.2650173],[36.7376532,50.2627459],[36.7574807,50.2525146],[36.7602274,50.2508819],[36.7626612,50.2446145],[36.7890112,50.2346784],[36.8041174,50.2395643],[36.814374,50.2396197],[36.8301664,50.2350629],[36.8371126,50.2427848],[36.8378851,50.249536],[36.84252,50.253268],[36.8492148,50.2551887],[36.8539354,50.2537619],[36.8591711,50.2542558],[36.8669817,50.2542558],[36.8682266,50.2460849],[36.8727756,50.2377686],[36.8850494,50.2329923],[36.9004989,50.2361766],[36.901958,50.2445205],[36.9042108,50.2490969],[36.9043503,50.2507297],[36.9039747,50.2522801],[36.9013571,50.2531257],[36.8990397,50.2546349],[36.8938898,50.2561715],[36.8954133,50.2595463],[36.8961429,50.2614942],[36.8987178,50.2632226],[36.9033956,50.2620154],[36.9041895,50.2628248],[36.9060134,50.2627562],[36.9088135,50.2645337],[36.9080839,50.2674141],[36.905538,50.2675747],[36.9034351,50.2681782],[36.8991651,50.2721007],[36.8998723,50.2748953],[36.9016533,50.2776517],[36.9010096,50.2802159],[36.903598,50.2814272],[36.9071814,50.2840872],[36.9099912,50.2842244],[36.9120082,50.28443],[36.9147977,50.2816192],[36.9164588,50.2823039],[36.9191624,50.2764624],[36.9241835,50.2735825],[36.926501,50.2744328],[36.928518,50.2725403],[36.9318127,50.2690398],[36.9378025,50.266245],[36.9304282,50.2603944],[36.9266516,50.2481565],[36.925555,50.2460057],[36.9300182,50.2361797],[36.9479568,50.2342582],[36.9524866,50.2451925],[36.9622714,50.2533154],[36.9657904,50.2650582],[36.9599039,50.2722797],[36.9676715,50.2760647],[36.9658262,50.278396],[36.9598609,50.283442],[36.9581153,50.2896324],[36.9592741,50.2923057],[36.9584525,50.2941783],[36.9614995,50.2952715],[36.9683427,50.2961908],[36.9730242,50.2976288],[36.9762019,50.3013358],[36.9770827,50.3017364],[36.9770194,50.3030416],[36.9787841,50.3042264],[36.9814072,50.3049725],[36.9833923,50.3049849],[36.9862896,50.3055025],[36.9949188,50.2963964],[37.0074069,50.2947531],[37.0097675,50.2910792],[37.0169341,50.2889406],[37.0356452,50.2936565],[37.0413958,50.3034158],[37.0450623,50.3072207],[37.04418,50.3128346],[37.0520097,50.3133785],[37.0538238,50.3141097],[37.0561256,50.3170102],[37.0577246,50.322918],[37.0562551,50.3247017],[37.0530155,50.3257759],[37.0470076,50.3298696],[37.0400124,50.3326913],[37.037652,50.3354854],[37.0367937,50.3435929],[37.0449047,50.3447979],[37.0473938,50.3426343],[37.0557426,50.3441432],[37.0689176,50.3429929],[37.0843671,50.338008],[37.0988725,50.3372958],[37.1177336,50.339896],[37.1328067,50.346463],[37.1467673,50.3518236],[37.1571542,50.3512022],[37.1804178,50.3580264],[37.1992202,50.3610156],[37.200858,50.365099],[37.2159962,50.3719032],[37.2267049,50.3713835],[37.2460185,50.3775442],[37.2567075,50.3800766],[37.2581282,50.3893953],[37.2843603,50.3957011],[37.2911116,50.3968057],[37.3056378,50.4037313],[37.3182269,50.420537],[37.3441847,50.4256949],[37.354094,50.4249989],[37.3847291,50.4257329],[37.4221808,50.4284604],[37.4416924,50.4294007],[37.4505603,50.4259651],[37.4555848,50.4026865],[37.460133,50.3905341],[37.4544675,50.3815001],[37.465791,50.3644162],[37.4791674,50.3518202],[37.4963135,50.3427271],[37.5565621,50.3163815],[37.5877028,50.28823],[37.5847228,50.271857],[37.6003762,50.2347669],[37.6053738,50.2123882],[37.6202152,50.1891286],[37.6205578,50.1734353],[37.6014079,50.1648468],[37.5963842,50.1645654],[37.5938838,50.1657872],[37.5882078,50.1617855],[37.5847421,50.1584915],[37.5890763,50.1570947],[37.585465,50.1543931],[37.5766723,50.1518012],[37.5710075,50.1421208],[37.5759013,50.1321494],[37.5891178,50.1266337],[37.6101892,50.1306503],[37.6138237,50.1317634],[37.619418,50.1261792],[37.6262005,50.1164617],[37.632724,50.114834],[37.637364,50.1129478],[37.643377,50.1119971],[37.6469917,50.1125452],[37.6480958,50.1096391],[37.6553795,50.1099804],[37.6722881,50.1098427],[37.6719588,50.1031686],[37.6693251,50.0997039],[37.6752741,50.0920548],[37.6745574,50.0869911],[37.6760723,50.0813766],[37.6764708,50.0729527],[37.6849363,50.0695966],[37.6894303,50.0585163],[37.6965291,50.05057],[37.7411607,50.0403607],[37.7415371,50.03487],[37.740197,50.0223774],[37.7409292,50.0164906],[37.76037,50.0109339],[37.7612473,50.0051384],[37.7559354,49.9982135],[37.758521,49.9912883],[37.7537448,49.991087],[37.7536744,49.9826532],[37.7528317,49.9786346],[37.7522081,49.9767976],[37.749451,49.9757901],[37.7475097,49.9751968],[37.7464772,49.973834],[37.7444577,49.9736029],[37.7431625,49.9712948],[37.742114,49.9703253],[37.7359663,49.9698492],[37.7359128,49.9675098],[37.7315783,49.9666541],[37.731235,49.9655223],[37.7265143,49.9655223],[37.7205491,49.9646941],[37.7199483,49.9508893],[37.727673,49.9507236],[37.7306771,49.9498399],[37.743895,49.949619],[37.7460026,49.946424],[37.7441143,49.9338294],[37.7416462,49.9254503],[37.7444995,49.9217126],[37.7423538,49.9165731],[37.7427829,49.910604],[37.7428258,49.9073151],[37.7380987,49.9032435],[37.7183966,49.9065703],[37.7022604,49.9069849],[37.6971273,49.9051488],[37.6976061,49.9018233],[37.697055,49.8988848],[37.6961245,49.8952745],[37.6930131,49.8957791],[37.6884641,49.8959726],[37.6833572,49.8957515],[37.6799669,49.8948392],[37.6786365,49.8947839],[37.6678099,49.8849476],[37.6661897,49.8853217],[37.6643444,49.8878793],[37.6553965,49.8914184],[37.6482726,49.8929666],[37.6454402,49.8899254],[37.6443244,49.8841741],[37.6366579,49.8812497],[37.6374947,49.8792448],[37.6375591,49.8779467],[37.6367222,49.876538],[37.637838,49.8762096],[37.6377199,49.8758086],[37.6344692,49.8724136],[37.6380204,49.8717463],[37.6371514,49.8697164],[37.6371728,49.8691913],[37.6414414,49.867874],[37.6385661,49.8634757],[37.6339312,49.8616222],[37.6331588,49.8557846],[37.6296513,49.8492945],[37.6285775,49.8447156],[37.6256151,49.8443989],[37.6227074,49.8421287],[37.626413,49.8374909],[37.6232118,49.8342135],[37.6210078,49.8326594],[37.6175594,49.8314927],[37.6146261,49.8308518],[37.6121222,49.8292143],[37.6017383,49.8263896],[37.5965525,49.8264699],[37.5949217,49.8254732],[37.5916977,49.8192966],[37.5913449,49.8173742],[37.5928601,49.8042321],[37.5951213,49.7972968],[37.5919026,49.792144],[37.6002496,49.7845109],[37.6021431,49.7827226],[37.6030065,49.7805464],[37.6078497,49.7785123],[37.609974,49.777002],[37.6161109,49.7739396],[37.6230203,49.7743137],[37.6242648,49.7741613],[37.6246725,49.773316],[37.6248442,49.771653],[37.6256566,49.769371],[37.6243906,49.7650469],[37.6246412,49.7604386],[37.6239331,49.7572781],[37.6241206,49.7536765],[37.6258372,49.7505987],[37.623434,49.748935],[37.6260518,49.746883],[37.6272533,49.7445266],[37.6276395,49.7419752],[37.6215885,49.7390354],[37.6218459,49.7317683],[37.624335,49.7304923],[37.624335,49.7287169],[37.6212451,49.726553],[37.6164386,49.7251104],[37.6098719,49.7265949],[37.6077257,49.7273508],[37.6029403,49.7261369],[37.5963918,49.7232388],[37.5963489,49.7217822],[37.5921875,49.7172975],[37.5932621,49.7150602],[37.5960333,49.7129303],[37.5979707,49.7118338],[37.5969808,49.7110258],[37.5968291,49.7099974],[37.5961274,49.7087716],[37.5964532,49.7083399],[37.596144,49.7076939],[37.5960494,49.7069924],[37.5952651,49.7063971],[37.5938684,49.7058727],[37.5947981,49.7045676],[37.594898,49.7028179],[37.599652,49.7008517],[37.6002206,49.6997206],[37.6011379,49.6990857],[37.6015966,49.6992782],[37.6033869,49.6991264],[37.6041473,49.6988324],[37.6067276,49.6994188],[37.6092221,49.7002827],[37.6105844,49.7011552],[37.6141464,49.7014605],[37.6171505,49.7025013],[37.6218321,49.7042754],[37.6252827,49.7055725],[37.6246298,49.7184591],[37.6245103,49.7247745],[37.6324925,49.731044],[37.6372469,49.7322195],[37.641198,49.7385965],[37.6455367,49.7469703],[37.647482,49.749782],[37.6510852,49.7553135],[37.6491317,49.762293],[37.6597591,49.7667802],[37.6627754,49.7655844],[37.6781118,49.7596802],[37.6947329,49.761135],[37.6965995,49.761392],[37.6989381,49.7611222],[37.7028754,49.7611399],[37.7051819,49.7609634],[37.7061847,49.7596221],[37.7052991,49.7544966],[37.6969283,49.7518722],[37.6943475,49.7518397],[37.6951371,49.7412495],[37.6970254,49.7347594],[37.7015822,49.732899],[37.7075046,49.7339253],[37.7114957,49.7345355],[37.721967,49.7354231],[37.731623,49.7379748],[37.7418368,49.7412198],[37.7507203,49.7411643],[37.753288,49.7402597],[37.7649946,49.7318605],[37.7732344,49.7223174],[37.7718217,49.723965],[37.7788358,49.7227298],[37.7782725,49.7200932],[37.7925552,49.7019312],[37.7870355,49.6972577],[37.7989445,49.695148],[37.7983222,49.6923025],[37.7968268,49.6901311],[37.7980714,49.684134],[37.8044649,49.6834126],[37.8078713,49.6840547],[37.8100922,49.6826663],[37.810687,49.6785672],[37.8287115,49.6751237],[37.8267803,49.6706523],[37.8211154,49.6707634],[37.8191413,49.6694025],[37.8157081,49.6634584],[37.8429186,49.6524785],[37.8449395,49.6521859],[37.8468278,49.650491],[37.8490164,49.6498867],[37.8495958,49.6468024],[37.8499284,49.6460868],[37.8519867,49.6447968],[37.8430855,49.6376158],[37.8556168,49.6346141],[37.8566212,49.6321217],[37.8539604,49.6272294],[37.8475231,49.6248942],[37.8476948,49.6231706],[37.8445191,49.6222253],[37.8391765,49.6209637],[37.8358941,49.6186455],[37.8275686,49.6184787],[37.8212171,49.6164768],[37.8063684,49.6114716],[37.7997923,49.6091212],[37.7925602,49.6077988],[37.7914892,49.6076806],[37.7873468,49.6082591],[37.780898,49.6093005],[37.7732377,49.6051867],[37.7725511,49.5997353],[37.776156,49.597677],[37.7878876,49.5950136],[37.7943249,49.5942347],[37.8057352,49.5933695],[37.8057937,49.5919583],[37.7921311,49.5907823],[37.7849213,49.5896139],[37.7815633,49.5916407],[37.7709343,49.5915604],[37.7710576,49.5746261],[37.7711288,49.5738319],[37.762932,49.5722456],[37.7611942,49.572727],[37.7484885,49.572024],[37.7486582,49.5661998],[37.7459498,49.5636664],[37.7446623,49.5584888],[37.7423878,49.5586002],[37.7429886,49.5647798],[37.7209301,49.5631932],[37.713023,49.5643205],[37.711288,49.5645322],[37.7081144,49.559424],[37.7033079,49.5564732],[37.6982351,49.5573607],[37.6902885,49.5585285],[37.6801607,49.5615232],[37.6850346,49.5448896],[37.6896458,49.5347433],[37.6901179,49.5331279],[37.6898338,49.5310931],[37.6895513,49.5281425],[37.688128,49.5253052],[37.6839799,49.5215221],[37.6776326,49.5170383],[37.6656291,49.515814],[37.6583335,49.5116345],[37.6867753,49.5001894],[37.6909166,49.5005518],[37.6932555,49.5005656],[37.6949545,49.5034676],[37.6995823,49.5023154],[37.7047076,49.5028493],[37.7111401,49.5065469],[37.711641,49.5083022],[37.7130786,49.5092496],[37.7141301,49.5120501],[37.717692,49.5117157],[37.7206963,49.5117427],[37.7233571,49.5119099],[37.7246875,49.5108789],[37.7240008,49.5089005],[37.7196761,49.5063598],[37.7176686,49.5031837],[37.7109309,49.502891],[37.7105017,49.5006475],[37.7105876,49.4996162],[37.7144404,49.4983054],[37.7429797,49.4904681],[37.7484299,49.5005167],[37.7532121,49.4994698],[37.768902,49.4962196],[37.7711014,49.5002786],[37.7877955,49.4974914],[37.7885679,49.4998326],[37.7899412,49.499972],[37.7895184,49.4966525],[37.8056546,49.4935724],[37.8038736,49.4905757],[37.8025432,49.490283],[37.7970046,49.4812968],[37.7941721,49.4771422],[37.779854,49.4804692],[37.7772884,49.481057],[37.7680221,49.4674123],[37.7551964,49.4672168],[37.7517202,49.4626845],[37.7407356,49.4662216],[37.7398475,49.4648905],[37.7369078,49.4629799],[37.7366074,49.4622547],[37.7389332,49.4615916],[37.7419289,49.4601627],[37.7426853,49.4593851],[37.7411672,49.4582868],[37.7396925,49.4578624],[37.7339158,49.4547042],[37.7341947,49.4511751],[37.7334866,49.4507985],[37.7305898,49.450645],[37.7281544,49.4514471],[37.7275289,49.4522245],[37.72441,49.4546013],[37.7143427,49.4483684],[37.6909136,49.4662674],[37.6890897,49.467118],[37.6852917,49.464315],[37.6841759,49.4637293],[37.6822232,49.4642592],[37.6670782,49.4519139],[37.6546328,49.4438785],[37.6511137,49.4403625],[37.6638158,49.4394499],[37.6728381,49.4383419],[37.6686968,49.426834],[37.6654352,49.4191852],[37.6763357,49.4097483],[37.6761076,49.4076011],[37.6763945,49.3988636],[37.6748495,49.3868527],[37.6829176,49.3816005],[37.7110701,49.3854559],[37.7127008,49.3912663],[37.7222969,49.3985763],[37.7304359,49.4029809],[37.7436772,49.4003846],[37.7642961,49.3914179],[37.7717726,49.3985195],[37.7937882,49.3872628],[37.8041741,49.3843368],[37.8120701,49.3825694],[37.8223269,49.381843],[37.8351156,49.381843],[37.8386417,49.3800368],[37.843679,49.3791519],[37.8440489,49.3720672],[37.8612,49.3731],[37.8606571,49.367401],[37.8781665,49.3693013],[37.8776992,49.3708643],[37.8913463,49.3750698],[37.9028476,49.3764669],[37.9020404,49.3722962],[37.9054727,49.3708441],[37.9210939,49.3737782],[37.923891,49.3750598],[37.930004,49.3759917],[37.9306428,49.3745582],[37.9320588,49.3744488],[37.9339041,49.372884],[37.9330029,49.3715427],[37.9387965,49.3695586],[37.9373094,49.3668296],[37.9353632,49.3619009],[37.9369714,49.3589306],[37.9431269,49.3601764],[37.947078,49.3597831],[37.947627,49.3603846],[37.94885,49.3608318],[37.9501697,49.3607829],[37.9507705,49.3597906],[37.9491379,49.3587209],[37.9478076,49.3572954],[37.9421427,49.3535775],[37.9414132,49.35204],[37.9402115,49.3512293],[37.9350617,49.3496917],[37.9357239,49.3467111],[37.9361531,49.3446142],[37.9414321,49.3451675],[37.9435994,49.3444546],[37.9430415,49.343476],[37.9341632,49.3416549],[37.9326105,49.3405597],[37.9315728,49.3389611],[37.9334449,49.3370499],[37.940775,49.3356188],[37.9412633,49.3286608],[37.9417783,49.3229828],[37.9531079,49.322773],[37.9598609,49.3229323],[37.9619363,49.3220985],[37.9597906,49.319413],[37.9568959,49.3178327],[37.9561448,49.3166158],[37.9529906,49.3155527],[37.9525614,49.3142937],[37.9524756,49.3132726],[37.9530107,49.3124866],[37.9539548,49.3118151],[37.9540104,49.3108748],[37.9546478,49.307121],[37.9551893,49.3040002],[37.9593092,49.3038708],[37.959159,49.3013243],[37.9632496,49.2998403],[37.9633994,49.2961894],[37.9581092,49.2941541],[37.952562,49.2927903],[37.9593028,49.285373],[37.9716237,49.27392],[37.9823096,49.2796317],[37.9837816,49.2794802],[37.9933698,49.2790322],[37.9972871,49.2807235],[38.0027373,49.2804716],[38.0028232,49.2821513],[38.004411,49.2820953],[38.0039819,49.2793517],[38.0017932,49.27672],[37.9977592,49.2771959],[37.9968957,49.2705596],[37.9995565,49.2686834],[38.0050926,49.2662751],[38.0071525,49.265407],[38.0065088,49.2643988],[38.0032472,49.2633066],[38.0022601,49.2598898],[38.0003719,49.2596937],[37.9975395,49.2610661],[37.9912309,49.2583493],[37.9888053,49.2583279],[37.9850175,49.2599976],[37.9779683,49.2578019],[37.9714023,49.2599282],[37.9532125,49.2794776],[37.9335952,49.3009983],[37.917736699592844,49.31125779877853],[37.933595,49.300998],[37.953212,49.279478],[37.971402,49.259928],[37.9621465,49.2597095],[37.9540784,49.258057],[37.9460532,49.2569926],[37.9442722,49.2519086],[37.9401524,49.248505],[37.9367227,49.2462231],[37.935092,49.2463912],[37.9331608,49.2477079],[37.9218311,49.2542349],[37.918355,49.2527503],[37.9162521,49.2512096],[37.9108799,49.2512912],[37.9078758,49.2492743],[37.9106302,49.2461951],[37.9131193,49.2419365],[37.9163525,49.2408811],[37.9170537,49.2404001],[37.9190707,49.2354965],[37.9198862,49.2323405],[37.9194785,49.2312442],[37.9159995,49.2312416],[37.9117511,49.2306093],[37.9114509,49.2301732],[37.8996929,49.2291323],[37.8925691,49.2300484],[37.883134,49.243606],[37.8779649,49.2424832],[37.8741788,49.2413333],[37.870908,49.239679],[37.8694275,49.2382597],[37.8719166,49.234673],[37.8735147,49.2253401],[37.8734717,49.2220608],[37.8764329,49.2175198],[37.8747236,49.2147915],[37.8771251,49.2120938],[37.8767388,49.2108883],[37.8737954,49.2034446],[37.8782813,49.2016216],[37.8779055,49.1989464],[37.8758832,49.1955728],[37.8734319,49.1959009],[37.8583327,49.1978747],[37.8440709,49.1987262],[37.8398418,49.1982908],[37.8389405,49.1935444],[37.8335006,49.1943049],[37.8261192,49.194978],[37.8148754,49.2007548],[37.8064803,49.2012149],[37.8027896,49.1933347],[37.8078965,49.1903899],[37.8050641,49.1864631],[37.8076053,49.1837825],[37.8061892,49.1798131],[37.7976919,49.1812298],[37.7797441,49.1859863],[37.7753734,49.1906641],[37.7709502,49.1915163],[37.7648373,49.1943912],[37.7567266,49.1874807],[37.7459805,49.1866564],[37.7424804,49.1831727],[37.7429739,49.1802412],[37.7426735,49.179091],[37.7417969,49.177875],[37.7402734,49.1767388],[37.7397799,49.1757288],[37.741003,49.1745084],[37.7436423,49.1750134],[37.7457022,49.1765705],[37.7472571,49.1779073],[37.7540807,49.1754384],[37.7588554,49.1727572],[37.7601858,49.1706248],[37.7637907,49.1680434],[37.7620311,49.1631327],[37.7604958,49.1611998],[37.7414086,49.1484468],[37.7366879,49.1497521],[37.7258316,49.1510092],[37.7213153,49.1531213],[37.7210043,49.1569735],[37.7190087,49.1602433],[37.7141588,49.1594295],[37.713987,49.1529741],[37.71116,49.1515623],[37.7080511,49.1457961],[37.7127854,49.1442721],[37.7108448,49.1401013],[37.7094369,49.1377811],[37.7089733,49.1350678],[37.6995244,49.1353545],[37.6889241,49.132234],[37.6847274,49.1295213],[37.6836974,49.1268815],[37.6794158,49.1259908],[37.674266,49.1267771],[37.661563,49.1318318],[37.6593314,49.1335728],[37.6533233,49.1326181],[37.6492034,49.1327866],[37.6475081,49.1288621],[37.646371,49.1256678],[37.6543903,49.1241859],[37.6583499,49.1232666],[37.6578833,49.1218624],[37.6662623,49.1206265],[37.6659527,49.1197056],[37.6685613,49.1191217],[37.6691864,49.1137126],[37.6699645,49.1126694],[37.6743476,49.1073932],[37.6729647,49.1057791],[37.6731268,49.1014116],[37.6832779,49.0998691],[37.6897218,49.0967895],[37.6931183,49.0982616],[37.6960859,49.099003],[37.7015626,49.100057],[37.7039492,49.0982452],[37.7002971,49.0970625],[37.6902549,49.0930721],[37.6822297,49.0940276],[37.6781957,49.0883788],[37.691714,49.0814926],[37.6742665,49.071068],[37.6775281,49.0661477],[37.6917554,49.0604681],[37.6981277,49.0585839],[37.6990714,49.0593992],[37.7044358,49.0556308],[37.7118605,49.0527343],[37.7221598,49.0514121],[37.7256789,49.0545621],[37.732733,49.0534321],[37.7372391,49.0553446],[37.7395565,49.0558789],[37.741359,49.0553727],[37.7453072,49.0522228],[37.7515773,49.045626],[37.7586155,49.0408157],[37.7721767,49.044754],[37.7752237,49.0479044],[37.777584,49.0542609],[37.7826481,49.0562296],[37.7910595,49.0571858],[37.7947502,49.0577482],[37.7970676,49.0589293],[37.8181167,49.0571526],[37.821403,49.0482014],[37.8316169,49.0419567],[37.8491264,49.0424068],[37.8481574,49.0583056],[37.8651733,49.056309],[37.8650017,49.0659683],[37.8791933,49.064916],[37.8825274,49.0659438],[37.9056763,49.0648955],[37.9171776,49.0632646],[37.928665,49.0664525],[37.9320128,49.0687567],[37.9387779,49.0665123],[37.9387463,49.0655267],[37.9373291,49.0654997],[37.9275397,49.0520915],[37.9261886,49.0446939],[37.9282929,49.0434085],[37.9345565,49.0467234],[37.9346778,49.0478232],[37.9379246,49.048335],[37.9381993,49.0476146],[37.9433276,49.047052],[37.9475349,49.0472381],[37.946977,49.0451706],[37.9475135,49.0433281],[37.9440911,49.0416294],[37.9392847,49.0422204],[37.9351787,49.0385613],[37.9361705,49.035975],[37.9226924,49.032131],[37.9238361,49.0267356],[37.9217332,49.0231899],[37.9011279,49.0229246],[37.8834897,49.0221648],[37.8679543,49.0209546],[37.866066,49.0170144],[37.8601866,49.0172677],[37.8591137,49.0101183],[37.8642207,49.009105],[37.8773528,49.006121],[37.8931885,49.0059521],[37.9183369,49.004094],[37.9202252,48.9835947],[37.890914,48.9819893],[37.8864508,48.9788065],[37.880271,48.974863],[37.8421388,48.9730967],[37.8347144,48.9724487],[37.8416667,48.9685611],[37.8497777,48.9680258],[37.8617316,48.9697359],[37.861827,48.9532291],[37.868643,48.9523611],[37.8670552,48.9463298],[37.8616478,48.9404951],[37.8611114,48.9371968],[37.8619482,48.9346315],[37.857281,48.9278702],[37.8580535,48.9238944],[37.8651669,48.9231279],[37.8688576,48.919462],[37.8675272,48.915965],[37.8698447,48.9141882],[37.8765824,48.9114524],[37.8892853,48.9089139],[37.9080269,48.9063811],[37.9217598,48.9070581],[37.9307458,48.9038095],[37.9381371,48.9048267],[37.9410898,48.9069317],[37.9444718,48.9088109],[37.9495633,48.9111309],[37.9524169,48.911878],[37.9544445,48.9111515],[37.9561878,48.9090395],[37.9557854,48.9079147],[37.9539674,48.9066724],[37.9510831,48.9043388],[37.9511339,48.9029329],[37.9519492,48.9017762],[37.9532334,48.89654],[37.9638335,48.894565],[37.9776522,48.8936903],[37.9825017,48.8914331],[37.9945027,48.8917126],[37.9982642,48.892951],[38.0141142,48.8893908],[38.0168179,48.8880646],[38.0169037,48.886964],[38.0207661,48.8859199],[38.0231693,48.8847911],[38.0192987,48.8805268],[38.0150072,48.882079],[38.006467,48.8803857],[38.0067674,48.87714],[38.0101846,48.8643527],[38.0004835,48.8629183],[38.0027837,48.8478771],[38.0066214,48.8459465],[38.0100297,48.8450325],[38.0163733,48.8398715],[38.0213798,48.8336091],[38.0385031,48.8336938],[38.0470432,48.8340611],[38.0563558,48.835304],[38.0589308,48.8344848],[38.0579008,48.8307558],[38.0565704,48.828185],[38.0425208,48.8265779],[38.0383427,48.8259589],[38.025753,48.8275995],[38.022749,48.8244068],[38.0222769,48.8211293],[38.0152817,48.8187557],[38.0099602,48.8123126],[38.0063982,48.8067166],[38.00348,48.8026464],[38.0026217,48.7998197],[38.0033083,48.7892747],[38.0003901,48.7827712],[37.9966897,48.7804135],[37.9798316,48.7782954],[37.9786803,48.7801076],[37.9651693,48.7784126],[37.9553846,48.7777905],[37.9512647,48.7760371],[37.9517797,48.7690793],[37.9692892,48.7636483],[37.9797849,48.763966],[37.9935178,48.754828],[37.985557,48.7493671],[37.9819736,48.7443443],[37.9811797,48.7400284],[37.9810938,48.7380756],[37.9773817,48.7376935],[37.9767695,48.7362553],[37.9743234,48.732151],[37.97398,48.728641],[37.9747525,48.7263196],[37.9746238,48.7240832],[37.973789,48.7229991],[37.9744563,48.7220283],[37.9730637,48.7205904],[37.9784622,48.7172625],[37.9731234,48.7136938],[37.963314,48.7089537],[37.9491018,48.7110689],[37.942049,48.7116923],[37.9353345,48.7151932],[37.9287697,48.7102569],[37.9255903,48.7086346],[37.9267919,48.7062557],[37.9234126,48.7036417],[37.9194105,48.7034236],[37.9145643,48.7000567],[37.9127484,48.6982527],[37.9095436,48.6959649],[37.899643,48.6996073],[37.8956627,48.7015332],[37.8920148,48.6993948],[37.9065582,48.6919191],[37.9088197,48.6870939],[37.9117901,48.6865176],[37.9131941,48.6863522],[37.9141429,48.6853274],[37.913772,48.6841539],[37.9114753,48.6837488],[37.9109975,48.6839536],[37.9105411,48.6844417],[37.9091356,48.6839813],[37.9074757,48.6836497],[37.9066389,48.683848],[37.9054373,48.6833663],[37.9042785,48.6831255],[37.9037535,48.6834876],[37.9043873,48.6842748],[37.8968021,48.6834214],[37.8933369,48.6833895],[37.8915929,48.681523],[37.8907668,48.6810555],[37.8899622,48.6813601],[37.8886542,48.6839645],[37.8812001,48.6810123],[37.86526,48.6783953],[37.8531898,48.6803453],[37.828638,48.6845759],[37.8157846,48.6816088],[37.8116866,48.6810778],[37.8102434,48.679919],[37.800132,48.6751328],[37.8020089,48.6663404],[37.8041398,48.6527114],[37.7865016,48.6513789],[37.7836692,48.6480617],[37.7798068,48.6447159],[37.78307,48.6326871],[37.7837137,48.630333],[37.7832846,48.6272413],[37.7758602,48.626362],[37.771912,48.6246316],[37.7636723,48.6229012],[37.7649535,48.6178534],[37.7683628,48.6006795],[37.7752031,48.5946866],[37.7830651,48.5953895],[37.7947273,48.5963404],[37.7952491,48.5912925],[37.7998464,48.5918425],[37.8003293,48.5897279],[37.8067236,48.5899194],[37.8092047,48.5881731],[37.8109964,48.5877402],[37.8131315,48.5874137],[37.8140649,48.5868814],[37.8142687,48.5865621],[37.8177652,48.5858597],[37.8192405,48.5856867],[37.8212738,48.5851588],[37.8224434,48.5856927],[37.829548,48.5846939],[37.8311172,48.5832165],[37.8300229,48.5818821],[37.826463,48.5787857],[37.8209842,48.5779116],[37.8145677,48.5783447],[37.8123791,48.5782595],[37.8126151,48.5762578],[37.8150828,48.5736739],[37.8169281,48.5696558],[37.8200927,48.5699964],[37.8232033,48.5691045],[37.8227406,48.56628],[37.8227568,48.5635053],[37.8239358,48.5616329],[37.8285048,48.5586244],[37.8263224,48.5555071],[37.8281034,48.553959],[37.8286828,48.5531494],[37.8292407,48.5510615],[37.8289188,48.5492575],[37.8272022,48.5479507],[37.8257211,48.546687],[37.8225773,48.5444668],[37.8215031,48.5437987],[37.8132406,48.5413121],[37.8109472,48.540916],[37.8079672,48.539909],[37.8050919,48.5389429],[37.7987079,48.5365715],[37.7972566,48.5368135],[37.7957546,48.5361315],[37.7924092,48.5349239],[37.786401,48.5315706],[37.7827747,48.5297659],[37.7823134,48.5290128],[37.7825503,48.5283586],[37.7842669,48.5228589],[37.7876234,48.5197142],[37.7896404,48.5165589],[37.7844476,48.5158766],[37.7813814,48.5206189],[37.7746328,48.5209166],[37.769151,48.5191943],[37.7665186,48.5231619],[37.757442,48.5201774],[37.7593782,48.5173294],[37.7548292,48.5157374],[37.7449448,48.5122723],[37.7478155,48.5085931],[37.7467696,48.508144],[37.7441828,48.5096033],[37.7433555,48.5090724],[37.7413063,48.5103589],[37.7389245,48.509108],[37.7350621,48.5116525],[37.7314358,48.5094349],[37.7400403,48.5037199],[37.7410917,48.502284],[37.7386805,48.5013536],[37.7388361,48.5006355],[37.7472963,48.4974151],[37.7515502,48.497038],[37.7540498,48.4961274],[37.7553748,48.4946388],[37.7538942,48.4940909],[37.7547257,48.4914144],[37.7531914,48.4872418],[37.7544467,48.4857875],[37.7551869,48.4853431],[37.7567843,48.4814762],[37.7576948,48.4793516],[37.7564857,48.4790833],[37.7508116,48.4774628],[37.7512996,48.4724369],[37.7478141,48.4715263],[37.7396944,48.4672579],[37.751628,48.4605618],[37.7624501,48.4613247],[37.7662127,48.4615606],[37.7668496,48.4606254],[37.762921,48.4603349],[37.7519115,48.4596171],[37.7527436,48.454832],[37.7650321,48.4557494],[37.7726323,48.456335],[37.7729271,48.4552422],[37.7653253,48.4547266],[37.7527445,48.4539124],[37.7491182,48.45155],[37.7294872,48.452674],[37.724595,48.4558263],[37.7208183,48.4572422],[37.7160332,48.4592913],[37.7048216,48.4578541],[37.6952407,48.4596328],[37.6751288,48.4584322],[37.6687773,48.45792],[37.6689061,48.4520284],[37.660366,48.448698],[37.6558598,48.4402431],[37.6515212,48.4356926],[37.6443115,48.436319],[37.6392689,48.4362941],[37.6390922,48.4402313],[37.628063,48.4395338],[37.6121199,48.4398327],[37.6112484,48.4396254],[37.6096069,48.4453334],[37.5975691,48.4423158],[37.5949119,48.4496687],[37.59135,48.4546702],[37.5895905,48.4561787],[37.5881314,48.4618421],[37.5831103,48.4614722],[37.5820803,48.4652],[37.5682127,48.4641871],[37.5536644,48.463931],[37.5484716,48.4659514],[37.540661,48.4664067],[37.5273144,48.4654107],[37.5246965,48.463248],[37.5256836,48.4584385],[37.5154268,48.4574709],[37.5157651,48.4537347],[37.5110015,48.453934],[37.4917718,48.4572203],[37.4849912,48.4581025],[37.483951,48.4612054],[37.4827509,48.4698702],[37.4722794,48.4711579],[37.4695325,48.4707627],[37.4644898,48.4706506],[37.4612065,48.472217],[37.4510588,48.4805706],[37.4446644,48.4882508],[37.4414887,48.4925455],[37.4390854,48.4955602],[37.4329485,48.4962996],[37.429172,48.4997121],[37.4232926,48.4994846],[37.4182715,48.5013045],[37.4149241,48.5014467],[37.4105467,48.4940529],[37.4074568,48.4862597],[37.4120488,48.4836428],[37.4156107,48.4790628],[37.4161955,48.4767976],[37.3909413,48.4790998],[37.388412,48.4699819],[37.3754086,48.4713761],[37.3704734,48.4706079],[37.3681773,48.4680612],[37.3672547,48.4650023],[37.3620451,48.4653222],[37.3613156,48.4631452],[37.36035,48.4617508],[37.3597599,48.4606979],[37.3599208,48.4597018],[37.3610152,48.4588765],[37.3589767,48.45687],[37.3529237,48.4557005],[37.3454655,48.4547608],[37.3398865,48.4595137],[37.3305269,48.4610561],[37.3234887,48.4645848],[37.3140044,48.4666052],[37.3126382,48.4653211],[37.3059355,48.4639189],[37.2932969,48.4640328],[37.2915803,48.4644454],[37.2890698,48.4631648],[37.2909933,48.4601867],[37.2937261,48.4574162],[37.3027598,48.4576865],[37.3041863,48.4516325],[37.3091921,48.4500288],[37.3099345,48.4459673],[37.2978597,48.4439768],[37.2915941,48.4426103],[37.2852426,48.4415854],[37.2809998,48.4470694],[37.2745463,48.4466319],[37.2698793,48.4465327],[37.2550842,48.4464611],[37.2572346,48.4414109],[37.2559805,48.4388803],[37.2540763,48.4381939],[37.2525861,48.4346004],[37.2489197,48.4330504],[37.2417597,48.4317149],[37.2179846,48.429565],[37.220118,48.4189064],[37.2251605,48.4197893],[37.2263731,48.4143327],[37.2220809,48.4066155],[37.2470748,48.4079896],[37.2516924,48.4084957],[37.2546107,48.3963584],[37.2548884,48.3851102],[37.2497963,48.3838186],[37.2482234,48.3820423],[37.2464148,48.3812922],[37.2466907,48.3748028],[37.2325604,48.3741474],[37.217571,48.3733034],[37.2028216,48.3711107],[37.206697,48.364253],[37.1994224,48.36419],[37.1975127,48.3576175],[37.1976517,48.3562862],[37.1973513,48.3532918],[37.1986387,48.3472454],[37.200791,48.3474184],[37.2016231,48.3431613],[37.187115,48.3415229],[37.1797998,48.3361496],[37.1812589,48.3241948],[37.1803147,48.3232817],[37.1626361,48.3237318],[37.1616213,48.3296007],[37.1550981,48.3291442],[37.1574584,48.3143337],[37.1309582,48.3116508],[37.126856,48.3089475],[37.1233155,48.3091473],[37.1196677,48.3103318],[37.1110846,48.310974],[37.1083498,48.310442],[37.1005392,48.3087865],[37.0911836,48.3095858],[37.0859479,48.299195],[37.064147,48.2972536],[37.0556926,48.2971108],[37.0569487,48.2897768],[37.0516387,48.2852697],[37.043509,48.2840225],[37.0454703,48.2757697],[37.0466587,48.2715155],[37.0475679,48.2676359],[37.0438474,48.2670667],[37.0450061,48.2628386],[37.0471518,48.2627529],[37.0477312,48.2606244],[37.0445911,48.2600866],[37.032173,48.2596478],[37.0120752,48.2639261],[37.0006168,48.2646118],[36.997999,48.2629262],[36.9965977,48.261314],[36.9808048,48.2595712],[36.9829934,48.2503155],[36.9621897,48.2489154],[36.9384575,48.2463148],[36.9250792,48.2518158],[36.9220752,48.2535018],[36.9043511,48.2515301],[36.9068831,48.2373546],[36.9278984,48.237947],[36.9304955,48.222752],[36.9409017,48.2232531],[36.9415884,48.218621],[36.9371509,48.2123392],[36.9393825,48.2089646],[36.9378375,48.2045029],[36.9291247,48.196219],[36.9171942,48.1943024],[36.9104565,48.1934727],[36.9059504,48.1901827],[36.9071279,48.1835825],[36.9095795,48.1842128],[36.9150297,48.1853573],[36.9160597,48.1821812],[36.9140427,48.1815088],[36.9102558,48.1797584],[36.894648,48.1727578],[36.8830775,48.1676361],[36.8768297,48.1664922],[36.8825842,48.1415712],[36.892326,48.1425162],[36.8943215,48.1336739],[36.8988704,48.1340886],[36.9016616,48.1190075],[36.8878033,48.117591],[36.8888405,48.1128393],[36.8918995,48.0990167],[36.8505857,48.0959327],[36.8329544,48.1036952],[36.8250529,48.1435643],[36.8160305,48.1524838],[36.7888833,48.1550887],[36.7708541,48.1453509],[36.747594,48.1251306],[36.7407275,48.1135562],[36.7217272,48.1076743],[36.7234867,48.0985895],[36.7212122,48.0953794],[36.7142487,48.0905143],[36.7117596,48.0881522],[36.7065032,48.0877439],[36.696107,48.0915812],[36.6931688,48.0863779],[36.6876351,48.0853487],[36.6841978,48.0847129],[36.6767235,48.0894613],[36.6734123,48.0895369],[36.6704443,48.0903003],[36.6655258,48.0869618],[36.661319,48.0911858],[36.6576064,48.0945062],[36.6581852,48.0980559],[36.6517889,48.1007984],[36.6425368,48.1077068],[36.6398584,48.1095676],[36.6315328,48.1097968],[36.6140233,48.1072178],[36.6039152,48.1038865],[36.5922422,48.1000461],[36.5972101,48.0933651],[36.6030036,48.0821563],[36.6054344,48.0681897],[36.5959911,48.0644975],[36.5942312,48.0583202],[36.5910127,48.0555275],[36.5926435,48.0528597],[36.5995958,48.0493311],[36.6130386,48.0510746],[36.621075,48.0347816],[36.6229528,48.0284202],[36.6155612,48.0275978],[36.6158187,48.0263062],[36.6132438,48.0254452],[36.6185653,48.0051777],[36.612601,48.0011307],[36.5996835,47.9996375],[36.587238,47.9984601],[36.5902619,47.9814039],[36.5911631,47.9779279],[36.5951543,47.975371],[36.5957551,47.9719234],[36.6000037,47.9707741],[36.605411,47.9687341],[36.6072564,47.9669813],[36.6057944,47.9663106],[36.6035621,47.9662005],[36.601244,47.9665212],[36.5954062,47.9658121],[36.5842749,47.9644113],[36.5835505,47.9663436],[36.5758896,47.9655678],[36.5751386,47.9672203],[36.5681112,47.9669402],[36.5630579,47.9675793],[36.5602678,47.970151],[36.539947,47.9701436],[36.5355537,47.9724402],[36.532649,47.9676838],[36.5319908,47.9640556],[36.5303314,47.9636927],[36.5307533,47.9609877],[36.5304664,47.9592627],[36.5309949,47.9577676],[36.5309113,47.9559995],[36.5302891,47.9540307],[36.5278312,47.9526376],[36.5237971,47.950913],[36.5234903,47.9474673],[36.5299276,47.94626],[36.529713,47.937348],[36.5310434,47.933524],[36.5271437,47.9334754],[36.5188598,47.9333973],[36.5142205,47.9334665],[36.5098003,47.9315975],[36.5121606,47.9253575],[36.5091954,47.9234214],[36.4979516,47.9228462],[36.4969672,47.917317],[36.4929846,47.9171335],[36.4943087,47.9219646],[36.489996,47.930092],[36.4796856,47.9294953],[36.4776465,47.9410766],[36.4737451,47.9425421],[36.473828,47.9449032],[36.4748579,47.953354],[36.4752871,47.9558545],[36.473828,47.9579525],[36.4619404,47.9628667],[36.4523274,47.9642173],[36.4285523,47.9582687],[36.4278656,47.9554809],[36.4302583,47.9462124],[36.4263053,47.9342326],[36.4199953,47.9332591],[36.4156597,47.9302727],[36.4011972,47.928491],[36.3826149,47.9298126],[36.3715213,47.9287199],[36.3749927,47.9127933],[36.3893219,47.9106462],[36.4072043,47.9112159],[36.4120966,47.890328],[36.3806798,47.8870789],[36.3417001,47.885131],[36.3390393,47.9110264],[36.3241906,47.9105662],[36.3125217,47.9154506],[36.3106364,47.9187239],[36.2995674,47.9298129],[36.2731315,47.9158936],[36.2639271,47.9076085],[36.2549568,47.9002941],[36.2516315,47.8982192],[36.2413554,47.8900439],[36.2313947,47.8918726],[36.2236673,47.8982537],[36.2195444,47.8961174],[36.2157482,47.8992727],[36.2058886,47.90144],[36.2022938,47.9052468],[36.1872066,47.9165695],[36.1817135,47.9177775],[36.1808552,47.915908],[36.1795248,47.9139521],[36.1799539,47.9129165],[36.1783661,47.9114208],[36.178409,47.9050633],[36.1782056,47.902004],[36.1840954,47.8909462],[36.1824217,47.8900253],[36.1813488,47.8891044],[36.1814346,47.88591],[36.1795893,47.8840681],[36.1781731,47.8829456],[36.176199,47.8831183],[36.1752119,47.8820822],[36.1751261,47.879866],[36.1757269,47.8790025],[36.1771431,47.8790313],[36.1796322,47.8804992],[36.1830225,47.880528],[36.1862412,47.8808734],[36.1883527,47.875254],[36.1896274,47.8748301],[36.1935716,47.8750904],[36.1939068,47.8757838],[36.1977262,47.8735673],[36.2037446,47.8719683],[36.2073159,47.8644098],[36.2162598,47.8617868],[36.2116249,47.8519387],[36.2079342,47.8434137],[36.2028702,47.8427224],[36.2018402,47.8365581],[36.2091358,47.835982],[36.2135132,47.8415127],[36.214521,47.8331265],[36.259299,47.8335508],[36.2606938,47.83345],[36.2621425,47.8247124],[36.2641485,47.8162629],[36.2750275,47.8172571],[36.2756069,47.8154848],[36.2808716,47.7929021],[36.2703256,47.7917087],[36.2468514,47.7903106],[36.2448773,47.8000263],[36.2159952,47.798239],[36.1972776,47.7994535],[36.1891237,47.7920732],[36.1850038,47.7817505],[36.1839738,47.7654837],[36.1884547,47.7383421],[36.1949778,47.7225237],[36.2023593,47.7121872],[36.2194444,47.7007483],[36.2164198,47.6914207],[36.2151009,47.684243],[36.1998557,47.6789644],[36.2093298,47.663587],[36.2177936,47.6623567],[36.2219778,47.6544799],[36.2268863,47.6469684],[36.2338264,47.6384048],[36.2393923,47.6388624],[36.2491296,47.6401172],[36.2482458,47.6440321],[36.2544985,47.6445658],[36.2555843,47.640519],[36.2577859,47.6292169],[36.2575499,47.6270116],[36.2632362,47.6272936],[36.2803373,47.6284247],[36.2838886,47.6097039],[36.2764009,47.605257],[36.267092,47.6025839],[36.256027,47.602243],[36.2499117,47.6036175],[36.2441858,47.6033193],[36.2435902,47.5956886],[36.246841,47.5953775],[36.2467766,47.5944948],[36.2434134,47.5947319],[36.2356886,47.5917147],[36.2180721,47.5938337],[36.2121927,47.5842533],[36.2118923,47.5815611],[36.2128364,47.5803743],[36.2096607,47.579969],[36.208502,47.5813875],[36.2082016,47.582748],[36.2006095,47.582721],[36.1864378,47.5825393],[36.1862457,47.5834934],[36.1707442,47.5839022],[36.1684482,47.5907622],[36.1512821,47.5891703],[36.1505955,47.5907622],[36.1379998,47.5901688],[36.1377209,47.591341],[36.1257007,47.5897686],[36.1267092,47.5858176],[36.1173322,47.5846888],[36.1159642,47.589689],[36.109201,47.588794],[36.1083427,47.5919199],[36.0795271,47.589191],[36.0779381,47.5793494],[36.0736851,47.5693876],[36.0743502,47.5623994],[36.0826757,47.5627903],[36.0838345,47.5552171],[36.0822466,47.5552171],[36.0778263,47.5520311],[36.0769722,47.5486928],[36.0757921,47.5459409],[36.066812,47.5474345],[36.0603412,47.5385757],[36.0470825,47.5397634],[36.0352826,47.5397329],[36.0377832,47.5332853],[36.0379763,47.5310541],[36.0374613,47.530069],[36.026804,47.5309152],[36.0133067,47.5316316],[36.0030365,47.5335235],[36.0041361,47.5291158],[36.0051231,47.5280726],[36.0043507,47.5271453],[36.0044365,47.5246532],[36.003664,47.5221029],[36.002951,47.517838],[35.9977797,47.5182583],[35.9909181,47.5222478],[35.9817799,47.5192163],[35.9813078,47.5157962],[35.9718077,47.5172002],[35.9705486,47.5165282],[35.9691216,47.5162419],[35.9529998,47.5201121],[35.9474621,47.5217741],[35.9383228,47.5245534],[35.9190393,47.529223],[35.9095589,47.5298381],[35.9080998,47.5245931],[35.9105844,47.5162373],[35.912382,47.5148955],[35.9126987,47.510919],[35.9193022,47.5094787],[35.9193013,47.5058026],[35.9211896,47.5023237],[35.9213613,47.5008161],[35.9160703,47.4986259],[35.9010928,47.498307],[35.8713549,47.5011895],[35.8651892,47.4959556],[35.8595192,47.4837503],[35.8553118,47.4797937],[35.8539373,47.4744448],[35.8411237,47.4747727],[35.829861,47.4741582],[35.8226129,47.4737711],[35.8203384,47.4783831],[35.8149042,47.4764741],[35.8075871,47.4755024],[35.8050685,47.480649],[35.7993671,47.4803127],[35.7939026,47.4799494],[35.7917579,47.483978],[35.7812865,47.4842535],[35.7842423,47.4907387],[35.7760962,47.4903289],[35.7663862,47.4900038],[35.7679311,47.4942084],[35.7691107,47.4998416],[35.7611919,47.5004878],[35.7552965,47.500793],[35.7508333,47.5034023],[35.7465417,47.5079827],[35.7392777,47.5073051],[35.738913,47.5066312],[35.7216765,47.5183969],[35.7175376,47.5210262],[35.7090833,47.517925],[35.6932005,47.51461],[35.6865058,47.5156969],[35.6806211,47.5123235],[35.6778638,47.5127003],[35.6725744,47.5192073],[35.6368196,47.5078013],[35.634824,47.5070766],[35.631354,47.5056609],[35.6313433,47.5039722],[35.6297983,47.5036243],[35.6201427,47.5018632],[35.6193273,47.5030808],[35.6206148,47.5035157],[35.6150358,47.5112631],[35.608428,47.5091596],[35.5889579,47.5257084],[35.5808129,47.5267216],[35.5778695,47.5389923]],[[37.5817105,49.8145082],[37.59132427160943,49.8173193680414],[37.5913449,49.8173742],[37.5817105,49.8145082]],[[37.831005,49.367169],[37.84560552428497,49.3585993944492],[37.8310052,49.3671692],[37.8041741,49.3843368],[37.831005,49.367169]],[[37.736034,49.1710772],[37.7462479,49.1669245],[37.7604958,49.1611998],[37.736034,49.1710772]],[[37.640353,48.619572],[37.647916974061054,48.7067127011706],[37.6479167,48.7067127],[37.6403527,48.6195715],[37.7649535,48.6178534],[37.640353,48.619572]],[[37.2396454,48.5177051],[37.2413082,48.5128506],[37.2421665,48.5105051],[37.2396454,48.5177051]],[[37.5957242,49.7538367],[37.5918951,49.7628842],[37.5897655,49.7678828],[37.5957242,49.7538367]],[[37.78398779905351,49.3782956885594],[37.771424,49.384676],[37.74492016261358,49.393389278097544],[37.7714235,49.3846757],[37.78398779905351,49.3782956885594]],[[37.8026626,49.3316763],[37.8102189,49.3151195],[37.81139611915885,49.30924053671576],[37.810219,49.31512],[37.802663,49.331676],[37.808846,49.352258],[37.806807595333595,49.35748973730347],[37.8088457,49.3522582],[37.8026626,49.3316763]],[[37.8546283,49.2739335],[37.860161447862026,49.2729400069797],[37.854628,49.273934],[37.833642,49.280702],[37.81433177750633,49.29652239971897],[37.833642,49.2807016],[37.8546283,49.2739335]],[[37.8687247,49.2382697],[37.873043,49.254508],[37.87336026521402,49.255278772182166],[37.8730428,49.2545076],[37.8687247,49.2382697]],[[37.7099611,48.9906434],[37.6939328,49.0055314],[37.7005679,48.9992891],[37.7099611,48.9906434]],[[37.8689936,48.8780945],[37.8715068,48.8772045],[37.8672541,48.8788499],[37.8689936,48.8780945]],[[37.7345987,48.8868512],[37.7264695,48.8879459],[37.7046546,48.8659442],[37.7078023,48.8586649],[37.7231987,48.8606065],[37.7333017,48.8680134],[37.7386008,48.8774523],[37.7405508,48.8820139],[37.7345987,48.8868512]],[[37.7228911,48.9250986],[37.7312446,48.9171092],[37.7404493,48.9083719],[37.7228911,48.9250986]],[[37.7442176,48.9014162],[37.7476288,48.8966955],[37.7404493,48.9083719],[37.7442176,48.9014162]],[[37.5767185,49.7070242],[37.5643324,49.705817],[37.5668016,49.705979],[37.5767185,49.7070242]],[[37.6816058,49.0546891],[37.6682162,49.0640254],[37.6492645,49.0771212],[37.6816058,49.0546891]],[[37.8406984,49.6444515],[37.8310669,49.6448982],[37.8279847,49.6450281],[37.8406984,49.6444515]],[[37.7097823,48.9951804],[37.7268952,48.9914237],[37.7383407,48.9905832],[37.7422334,48.993572],[37.7271964,49.0020705],[37.71198,48.9979793],[37.7097823,48.9951804]],[[37.894025191210616,49.326079913095654],[37.8915986,49.3275503],[37.88992783297672,49.32873436866352],[37.891599,49.32755],[37.894025191210616,49.326079913095654]]],[[[30.6990694,50.5542875],[30.7135403,50.5561367],[30.7095355,50.5744536],[30.720645,50.5853551],[30.718023,50.5908066],[30.7852252,50.5767284],[30.8164911,50.5648846],[30.8189038,50.5373352],[30.7523144,50.5145363],[30.7516941,50.4655266],[30.8288144,50.4025502],[30.8094938,50.3921549],[30.7987444,50.3936599],[30.7900539,50.3971339],[30.7758725,50.3941503],[30.7802851,50.3843406],[30.7680841,50.381122],[30.7751095,50.3776844],[30.7771442,50.3710282],[30.7571625,50.372504],[30.7457642,50.3702552],[30.7268231,50.3756575],[30.7247133,50.3800798],[30.7167663,50.3823126],[30.7124249,50.3781958],[30.7123143,50.3719773],[30.7156367,50.3690433],[30.7069224,50.3656361],[30.7146878,50.3552206],[30.7109369,50.3514376],[30.6965444,50.3476539],[30.673213,50.3527193],[30.669096,50.3583115],[30.647036,50.3564797],[30.6454485,50.3631192],[30.6345264,50.3621675],[30.6330144,50.3572014],[30.6291686,50.3552661],[30.631846,50.3491687],[30.6371717,50.347472],[30.6344392,50.3369634],[30.6222731,50.3323071],[30.6557594,50.294771],[30.6429223,50.2912166],[30.6334469,50.2969614],[30.6208643,50.297794],[30.6316277,50.2935823],[30.6267195,50.283623],[30.6229108,50.2813577],[30.6113937,50.2821985],[30.6159806,50.2902499],[30.6130145,50.2945723],[30.6030321,50.2915254],[30.5937368,50.2928644],[30.5921287,50.2932337],[30.590058,50.291423],[30.6026833,50.2822408],[30.6290226,50.2454088],[30.6648325,50.1943697],[30.6614917,50.1736559],[30.6074538,50.1917773],[30.6007805,50.1956024],[30.5947572,50.2041561],[30.5869338,50.2446767],[30.5747703,50.2592311],[30.5534055,50.2592661],[30.5521832,50.2710151],[30.5444362,50.2766195],[30.5483616,50.2828827],[30.5467942,50.2913398],[30.5371617,50.3173488],[30.51543,50.3213504],[30.5095415,50.3254869],[30.496958,50.3219508],[30.4891893,50.3267698],[30.4745419,50.3356411],[30.4701324,50.3558498],[30.438249,50.3567777],[30.4358482,50.3618389],[30.4375657,50.3677641],[30.4306997,50.3717182],[30.441858,50.3814876],[30.4286399,50.3916947],[30.3822623,50.4125956],[30.3474758,50.4462961],[30.2371369,50.4274433],[30.2519264,50.4654216],[30.2612126,50.4706403],[30.2495559,50.4743294],[30.2531992,50.4864119],[30.2613737,50.4871026],[30.2706118,50.5012075],[30.2621853,50.5070588],[30.2623408,50.5120367],[30.273848,50.5206197],[30.2767165,50.5213986],[30.2773913,50.5215501],[30.277948,50.5216267],[30.2786217,50.5216706],[30.2795561,50.5217961],[30.2799012,50.5219071],[30.280436,50.5222246],[30.2807008,50.5222969],[30.2810426,50.5222745],[30.2815332,50.5221],[30.2821031,50.5222936],[30.2827266,50.5225503],[30.2834547,50.5230201],[30.2845966,50.524135],[30.2853715,50.5247537],[30.2862107,50.5252907],[30.2865486,50.5253694],[30.2868724,50.5253631],[30.2874366,50.5252824],[30.2877541,50.5252614],[30.2879485,50.5253215],[30.2907486,50.5272941],[30.2907725,50.5273807],[30.2903564,50.5289657],[30.2927791,50.5327884],[30.3000505,50.5332444],[30.3002926,50.5333281],[30.3005668,50.5339233],[30.3015974,50.5337002],[30.3024886,50.5333679],[30.3030527,50.5361003],[30.304486,50.5435311],[30.3017276,50.5471582],[30.2984215,50.5506079],[30.2976082,50.5521592],[30.2980843,50.5543621],[30.3073822,50.5705799],[30.308839,50.5708307],[30.3245878,50.5722574],[30.3405952,50.5739955],[30.3728548,50.5737441],[30.3730519,50.5863774],[30.3992243,50.5862592],[30.4471549,50.5858568],[30.4637929,50.5845013],[30.4647156,50.5715498],[30.4742189,50.572328],[30.4813191,50.5723424],[30.4848433,50.5693249],[30.4833424,50.5685023],[30.484159,50.5678433],[30.4902553,50.5671794],[30.4930087,50.5556203],[30.5022397,50.5470327],[30.526872,50.5377072],[30.556216,50.5384673],[30.6525181,50.5346486],[30.6640996,50.551315],[30.6975014,50.5617584],[30.6990694,50.5542875]]],[[[35.3871554,50.9237027],[35.3884498,50.9141755],[35.3731505,50.8977201],[35.3616346,50.8905738],[35.358188,50.8720475],[35.3087244,50.8309678],[35.0419543,50.7202886],[34.8690056,50.8388709],[34.6171259,50.9222373],[34.0845853,51.0520705],[33.9420245,51.2076246],[33.9685165,51.3455108],[34.2058807,51.2962902],[34.2401776,51.293419],[34.2417646,51.293309],[34.2446397,51.294058],[34.2443726,51.295214],[34.2448146,51.2961],[34.2492686,51.296509],[34.2499286,51.296868],[34.2498056,51.299081],[34.2528386,51.299241],[34.2546536,51.298931],[34.2558476,51.301003],[34.2567736,51.301056],[34.2573926,51.301491],[34.2592897,51.301815],[34.2599266,51.301668],[34.2608876,51.301126],[34.2612496,51.300833],[34.2614046,51.300495],[34.2627596,51.299548],[34.2630756,51.29946],[34.2634966,51.299471],[34.2638976,51.299394],[34.2643516,51.298919],[34.2661966,51.2985349],[34.2699087,51.306984],[34.2719916,51.315231],[34.2728776,51.315104],[34.2733777,51.314953],[34.2739636,51.314662],[34.2744376,51.314373],[34.2748407,51.314343],[34.2750826,51.314266],[34.2752417,51.314095],[34.2753476,51.313788],[34.2756477,51.313622],[34.2760716,51.313616],[34.2778777,51.313006],[34.2781436,51.312813],[34.2782477,51.31258],[34.2782207,51.312369],[34.2777046,51.311584],[34.2776936,51.311423],[34.2777847,51.311175],[34.2781006,51.310961],[34.2784746,51.31081],[34.2792506,51.310746],[34.2800366,51.310783],[34.2805456,51.310981],[34.2809786,51.311387],[34.2811876,51.311781],[34.2812676,51.312236],[34.2809697,51.313236],[34.2809856,51.318174],[34.2825476,51.319129],[34.2840147,51.320317],[34.2859186,51.3214139],[34.2892856,51.3222529],[34.2814626,51.33465],[34.2869716,51.3391129],[34.2875297,51.3391539],[34.2884816,51.3388129],[34.2900196,51.338803],[34.2910597,51.338806],[34.2921017,51.33787],[34.2930686,51.337298],[34.2945316,51.336703],[34.2963846,51.335418],[34.2985107,51.3347],[34.2996647,51.334553],[34.3007977,51.334528],[34.3020077,51.334653],[34.3030666,51.334938],[34.3040416,51.335436],[34.3048456,51.336055],[34.3054226,51.33622],[34.3103456,51.3352089],[34.3116317,51.3340369],[34.3132106,51.334447],[34.3123029,51.3302462],[34.3111871,51.327511],[34.3122171,51.3258484],[34.3137621,51.3234348],[34.3113588,51.3217183],[34.3094705,51.3222547],[34.3063806,51.322362],[34.3039774,51.32027],[34.3060373,51.3193581],[34.309213,51.3177488],[34.3113588,51.3158176],[34.3086122,51.3131352],[34.3063806,51.3132961],[34.3023466,51.3112574],[34.3021749,51.3077162],[34.3037199,51.3046041],[34.3062948,51.302565],[34.3063806,51.3004185],[34.3034624,51.2980035],[34.2994283,51.2951054],[34.2933344,51.2933879],[34.2907594,51.2916703],[34.2868971,51.2895233],[34.2824339,51.2886644],[34.2771124,51.288235],[34.2741941,51.2864636],[34.2721342,51.2832963],[34.2712759,51.2796993],[34.2679285,51.2778738],[34.2641519,51.2765852],[34.262607,51.2780349],[34.2573713,51.275404],[34.2508896,51.275583],[34.2483346,51.27614],[34.2476457,51.276214],[34.2470466,51.276224],[34.2427676,51.27572],[34.2402946,51.275271],[34.2356016,51.274727],[34.2342646,51.274263],[34.2314716,51.272736],[34.2309976,51.272201],[34.2310076,51.271617],[34.2313206,51.270834],[34.2318296,51.270598],[34.2335616,51.270136],[34.2338267,51.2699962],[34.2340156,51.269537],[34.2337576,51.269121],[34.2321056,51.268165],[34.2315336,51.267146],[34.2308116,51.265027],[34.2381545,51.2626705],[34.2475928,51.2602332],[34.2542422,51.2586576],[34.2571432,51.256624],[34.2571689,51.2526429],[34.2600981,51.2474308],[34.2603986,51.2464369],[34.2706134,51.2439878],[34.2999665,51.2339166],[34.3105237,51.2334867],[34.3307797,51.2354751],[34.3399636,51.2403384],[34.3545548,51.2466786],[34.3594055,51.2501248],[34.3658428,51.2542344],[34.3693618,51.2544224],[34.3813743,51.2599168],[34.3930901,51.2597557],[34.3990554,51.2573923],[34.4052781,51.2579563],[34.4114635,51.2600674],[34.4180725,51.2604434],[34.4221065,51.2584561],[34.433007,51.2539439],[34.4482849,51.2515265],[34.4678543,51.2488403],[34.4736658,51.2469133],[34.4793306,51.2420776],[34.5013033,51.2363279],[34.5207869,51.2386923],[34.5273958,51.2483102],[34.5357538,51.2466781],[34.5448519,51.2434006],[34.556439,51.2383764],[34.5660521,51.2359313],[34.576738,51.2310139],[34.580257,51.230987],[34.5834329,51.2324511],[34.6045266,51.2443605],[34.6111772,51.2462791],[34.6200599,51.2473912],[34.6364092,51.2475623],[34.6376307,51.2443433],[34.6363632,51.2379542],[34.6424475,51.2351523],[34.646261,51.2207976],[34.6564227,51.2128932],[34.6584668,51.2104685],[34.6533947,51.2080732],[34.652958,51.2033118],[34.6637393,51.1936226],[34.6867564,51.177235],[34.6900825,51.1808001],[34.6969866,51.1787166],[34.7060418,51.1756764],[34.7116144,51.1734631],[34.7122689,51.173934],[34.7127946,51.1738062],[34.7129341,51.173147],[34.7170244,51.171773],[34.7173221,51.1681892],[34.7225578,51.1678797],[34.7392237,51.1643731],[34.7465343,51.1653549],[34.7499974,51.1605698],[34.7527869,51.1506644],[34.7531347,51.148783],[34.7795705,51.1523364],[34.7834222,51.1508458],[34.7892476,51.148147],[34.7943528,51.138455],[34.8045267,51.1317228],[34.8106279,51.130212],[34.8174219,51.134055],[34.8188011,51.1344666],[34.824712,51.1339663],[34.8249439,51.1331277],[34.8268429,51.1308184],[34.8278765,51.1303663],[34.8300706,51.1307332],[34.8350896,51.1273841],[34.8391237,51.1238018],[34.8425355,51.1206839],[34.8504534,51.1205156],[34.8584618,51.119281],[34.8647871,51.1184144],[34.8686542,51.1176848],[34.8745809,51.116769],[34.8892421,51.1207096],[34.8986135,51.1313679],[34.9035917,51.1362691],[34.908206,51.140594],[34.9140476,51.1467178],[34.9176954,51.1505406],[34.9248194,51.1534478],[34.9382948,51.1488177],[34.9391889,51.1391552],[34.9358155,51.1350367],[34.9306624,51.1263938],[34.9490301,51.1214916],[34.9568878,51.131999],[34.9625857,51.1285265],[34.9651304,51.1265696],[34.9671904,51.1207784],[34.9671639,51.1161379],[34.9754895,51.1123123],[34.9778069,51.1091869],[34.9981917,51.1017902],[35.0147999,51.1105745],[35.018137,51.1087325],[35.028769,51.1057046],[35.0456937,51.0988998],[35.0546952,51.103609],[35.0677029,51.0992598],[35.0756651,51.1100107],[35.0749647,51.1120398],[35.0754985,51.1133953],[35.0761396,51.1143467],[35.0771949,51.1145762],[35.0777548,51.1150277],[35.0782503,51.1152097],[35.0793807,51.1151698],[35.0798674,51.115251],[35.0801864,51.1162285],[35.0809775,51.116721],[35.0841272,51.1170051],[35.0850487,51.1169515],[35.085305,51.1167498],[35.0857426,51.1168985],[35.085842,51.1175256],[35.0862847,51.1181122],[35.0867303,51.1191778],[35.0876858,51.1196925],[35.0895112,51.1200956],[35.0910791,51.1202428],[35.0976087,51.1210197],[35.1024842,51.1216217],[35.1083687,51.1207184],[35.1119105,51.1194892],[35.113478,51.1186909],[35.1171281,51.1189528],[35.1224246,51.1182888],[35.139437,51.1185396],[35.1441077,51.1182324],[35.1476837,51.1161394],[35.1492893,51.1119725],[35.1484129,51.1091252],[35.1449368,51.1047062],[35.1424906,51.0986967],[35.1441643,51.096325],[35.1487049,51.0962637],[35.1606354,51.0923556],[35.1581463,51.0906305],[35.1543425,51.0895808],[35.1519237,51.0846725],[35.1535827,51.083924],[35.1538402,51.0824143],[35.1555569,51.0791251],[35.1673635,51.0632023],[35.1737679,51.0531427],[35.1840865,51.0489918],[35.1896804,51.045683],[35.1922315,51.0459469],[35.1945656,51.0443167],[35.198187,51.0437656],[35.2124264,51.0428753],[35.2193358,51.04328],[35.2216951,51.0469497],[35.2402784,51.0525071],[35.2462174,51.0523965],[35.246507,51.0471357],[35.2661193,51.0426838],[35.2770198,51.0455168],[35.2973178,51.0453586],[35.3055689,51.0461748],[35.3064385,51.0481511],[35.3149357,51.0530611],[35.320858,51.0566759],[35.3332177,51.0585101],[35.3433457,51.059643],[35.3578429,51.0603994],[35.3624349,51.0620648],[35.36678,51.0615556],[35.3656694,51.0587792],[35.3621987,51.0573109],[35.3642373,51.0546809],[35.3858833,51.0383977],[35.409087,51.026047],[35.3873763,51.0172057],[35.3922096,51.0144079],[35.384678,51.0114649],[35.3777616,51.0070081],[35.3781907,51.0042536],[35.3735129,51.0029574],[35.3700797,51.0022552],[35.3670327,51.0017151],[35.3635566,51.0023903],[35.358369,51.005394],[35.353193,51.0061585],[35.3511629,51.0066352],[35.3494974,51.0084351],[35.349619,51.006171],[35.335376,51.008675],[35.329547,51.010982],[35.325955,51.013867],[35.323569,51.01281],[35.327799,51.00968],[35.33117,51.003202],[35.337911,50.99878],[35.3413398,50.9981482],[35.3432281,50.9965277],[35.3420908,50.9954743],[35.3416617,50.9945964],[35.3398592,50.9931513],[35.3382284,50.9922464],[35.335513,50.990485],[35.340746,50.98785],[35.34366,50.987875],[35.348975,50.976876],[35.350431,50.976241],[35.3512,50.974956],[35.3420524,50.9689248],[35.3409734,50.9638678],[35.3448853,50.9627884],[35.3413877,50.9615316],[35.3388453,50.9577563],[35.3361622,50.9544037],[35.3366455,50.9520837],[35.341495,50.9507319],[35.3472027,50.9499749],[35.3513226,50.9502182],[35.3601202,50.9482174],[35.3604675,50.9474274],[35.3573613,50.9459994],[35.3584291,50.9434661],[35.36124,50.9439799],[35.3643299,50.9400048],[35.3776766,50.9364351],[35.3804861,50.9298736],[35.3871554,50.9237027]]],[[[36.2678967,47.5966751],[36.267092,47.6025839],[36.2676347,47.6026044],[36.2739556,47.6034437],[36.275286,47.5973668],[36.2685833,47.5960529],[36.2678967,47.5966751]]],[[[36.5815517,47.9493534],[36.5877315,47.9490229],[36.5904781,47.9464789],[36.5942761,47.9462346],[36.5953275,47.9424975],[36.5887722,47.9416639],[36.5840193,47.9424975],[36.5788266,47.9435755],[36.5815517,47.9493534]]]]},"properties":{"name":"UA"}},{"type":"Feature","geometry":{"type":"MultiPolygon","coordinates":[[[[32.320433,46.467683],[32.319311,46.467888],[32.318252,46.468005],[32.314542,46.468846],[32.314589,46.469425],[32.315385,46.46936],[32.315796,46.469191],[32.31636,46.469385],[32.316594,46.46923],[32.316667,46.469045],[32.317239,46.469071],[32.317747,46.468964],[32.318757,46.468654],[32.31981,46.468492],[32.320114,46.468608],[32.320477,46.468803],[32.321074,46.468896],[32.321526,46.46924],[32.321699,46.469658],[32.321718,46.469818],[32.321222,46.470066],[32.32122,46.470374],[32.320982,46.470888],[32.320286,46.471558],[32.32046,46.471862],[32.320898,46.471902],[32.321095,46.471796],[32.321496,46.471786],[32.321816,46.471937],[32.321974,46.472191],[32.321858,46.472477],[32.321424,46.472768],[32.321077,46.472808],[32.3206,46.47318],[32.320296,46.473774],[32.319444,46.474064],[32.319558,46.474307],[32.319164,46.47448],[32.318599,46.474609],[32.318248,46.474946],[32.31925,46.475644],[32.32008,46.476415],[32.322691,46.47715],[32.322849,46.477273],[32.32282,46.477483],[32.322341,46.477766],[32.321138,46.477943],[32.320922,46.47778],[32.319644,46.478326],[32.317829,46.478591],[32.316207,46.478986],[32.31472,46.47973],[32.313313,46.479842],[32.312121,46.4796],[32.311238,46.479691],[32.307458,46.480244],[32.305121,46.481033],[32.303228,46.481536],[32.301549,46.481848],[32.299544,46.482619],[32.298602,46.483215],[32.29749,46.483812],[32.294703,46.484437],[32.291745,46.484885],[32.290428,46.485578],[32.289981,46.485854],[32.289641,46.4863],[32.289036,46.486384],[32.288428,46.487296],[32.287926,46.48775],[32.289596,46.487798],[32.300793,46.486072],[32.303836,46.485115],[32.307866,46.484512],[32.316332,46.484733],[32.324798,46.484688],[32.327782,46.484883],[32.33173,46.485211],[32.333019,46.485217],[32.333062,46.484914],[32.332874,46.484648],[32.332037,46.483911],[32.331302,46.483026],[32.331148,46.482857],[32.330747,46.482725],[32.330792,46.482383],[32.330675,46.482055],[32.330573,46.48188],[32.330614,46.481623],[32.330461,46.480842],[32.330532,46.480159],[32.330413,46.479654],[32.330519,46.479289],[32.33028,46.479196],[32.330094,46.478697],[32.329801,46.478197],[32.329857,46.477864],[32.329541,46.477627],[32.329223,46.477242],[32.32929,46.477087],[32.328893,46.476636],[32.327804,46.475735],[32.327212,46.475354],[32.326871,46.474981],[32.326158,46.473939],[32.325968,46.47363],[32.326001,46.473549],[32.326131,46.473482],[32.326176,46.473357],[32.326001,46.473048],[32.32588,46.472055],[32.325609,46.470456],[32.325658,46.469976],[32.325384,46.46945],[32.324746,46.46857],[32.324614,46.468145],[32.324449,46.467866],[32.324359,46.467647],[32.323561,46.467572],[32.322726,46.467557],[32.322221,46.467706],[32.321926,46.467618],[32.321437,46.46765],[32.320921,46.46768],[32.320433,46.467683]]],[[[32.379634,46.488327],[32.379154,46.487924],[32.379321,46.487522],[32.379178,46.487295],[32.378059,46.487413],[32.377983,46.487662],[32.378314,46.488258],[32.377669,46.488819],[32.375876,46.489528],[32.375316,46.489277],[32.374447,46.489192],[32.373508,46.488766],[32.373427,46.48856],[32.371839,46.488656],[32.371066,46.48878],[32.370476,46.489243],[32.370328,46.48941],[32.369687,46.489569],[32.368523,46.489414],[32.367949,46.489504],[32.367257,46.489482],[32.36669,46.489179],[32.366509,46.488728],[32.365652,46.488543],[32.364858,46.488074],[32.36428,46.487605],[32.36295,46.487239],[32.36087,46.485765],[32.35877,46.484634],[32.357287,46.484261],[32.356083,46.48371],[32.353291,46.482782],[32.3514,46.482564],[32.349823,46.482493],[32.348632,46.482718],[32.347334,46.483158],[32.346309,46.483267],[32.345078,46.482908],[32.343933,46.482873],[32.342436,46.483195],[32.339673,46.483294],[32.339166,46.482698],[32.339106,46.482252],[32.339511,46.481822],[32.340269,46.481569],[32.341894,46.481824],[32.341873,46.480435],[32.34153,46.479933],[32.340864,46.479238],[32.340628,46.477879],[32.34065,46.475426],[32.340111,46.473572],[32.338895,46.472529],[32.336964,46.472974],[32.336527,46.473441],[32.33648,46.474649],[32.336099,46.475003],[32.335609,46.47515],[32.33482,46.474979],[32.333524,46.474421],[32.333301,46.474114],[32.332979,46.474055],[32.332593,46.47418],[32.331724,46.473922],[32.331327,46.473981],[32.330801,46.473774],[32.330511,46.473885],[32.3305,46.474121],[32.329159,46.473619],[32.329835,46.473552],[32.329921,46.473168],[32.329503,46.473035],[32.329288,46.472777],[32.329406,46.472481],[32.327647,46.471661],[32.327604,46.471247],[32.327142,46.470915],[32.327132,46.470449],[32.327529,46.469939],[32.326906,46.468557],[32.324572,46.467886],[32.324914,46.468573],[32.325944,46.470044],[32.326538,46.472413],[32.327101,46.473784],[32.328232,46.475167],[32.329997,46.477081],[32.330446,46.478146],[32.33088,46.479197],[32.330786,46.48134],[32.330981,46.482198],[32.331563,46.483064],[32.332263,46.483894],[32.332804,46.484394],[32.333222,46.48472],[32.33319,46.485186],[32.333439,46.485265],[32.334133,46.48519],[32.334204,46.485374],[32.334275,46.485429],[32.334641,46.485377],[32.335492,46.48559],[32.337057,46.48607],[32.338804,46.486497],[32.347104,46.487907],[32.349366,46.488382],[32.349461,46.488606],[32.355002,46.490312],[32.358039,46.491415],[32.36084,46.492603],[32.36522,46.494004],[32.369496,46.4949],[32.380518,46.496146],[32.382778,46.496547],[32.383375,46.496726],[32.383685,46.49674],[32.383846,46.496698],[32.383888,46.496612],[32.383688,46.495979],[32.38361,46.494924],[32.383421,46.494622],[32.383221,46.49446],[32.383127,46.494328],[32.38297,46.49407],[32.382785,46.49393],[32.382525,46.493819],[32.382295,46.493519],[32.382049,46.493285],[32.381569,46.493073],[32.381197,46.492817],[32.381086,46.492662],[32.381018,46.492456],[32.381052,46.492228],[32.381161,46.492006],[32.381149,46.49172],[32.381191,46.491491],[32.381276,46.491277],[32.382593,46.490788],[32.38361,46.490285],[32.382971,46.490246],[32.382333,46.489808],[32.381812,46.489451],[32.381356,46.488769],[32.38083,46.488662],[32.379634,46.488327]]],[[[32.321831,46.485757],[32.321637,46.485809],[32.321454,46.485684],[32.321185,46.485654],[32.320648,46.485689],[32.320718,46.48578],[32.320899,46.485785],[32.321068,46.485827],[32.321161,46.485948],[32.321156,46.486105],[32.320403,46.486026],[32.320219,46.486104],[32.319842,46.486091],[32.319573,46.486027],[32.318412,46.486326],[32.315205,46.486289],[32.312277,46.486045],[32.309166,46.486148],[32.304972,46.48648],[32.292968,46.488229],[32.294498,46.488528],[32.296618,46.488458],[32.297965,46.48858],[32.30008,46.488455],[32.302315,46.488708],[32.30389,46.488325],[32.305379,46.488342],[32.308508,46.48833],[32.308674,46.488416],[32.308755,46.488673],[32.30854,46.489174],[32.307757,46.489526],[32.299828,46.489549],[32.296948,46.489302],[32.288576,46.48872],[32.287352,46.488613],[32.286385,46.488714],[32.286235,46.488987],[32.286793,46.489438],[32.296143,46.489948],[32.297381,46.490069],[32.299885,46.490558],[32.302057,46.490715],[32.305129,46.491182],[32.306829,46.491172],[32.308109,46.491015],[32.308787,46.491057],[32.310157,46.490891],[32.311624,46.490629],[32.31262,46.490367],[32.313531,46.490193],[32.3143,46.489934],[32.31516,46.489705],[32.317821,46.488737],[32.321331,46.487258],[32.322727,46.486791],[32.325336,46.486295],[32.327986,46.486122],[32.33085,46.486068],[32.331225,46.486191],[32.33175,46.486262],[32.332018,46.486237],[32.332067,46.486028],[32.331972,46.485994],[32.33018,46.485805],[32.32797,46.48572],[32.323689,46.485587],[32.323452,46.485624],[32.323333,46.485809],[32.322189,46.48589],[32.321929,46.485676],[32.321831,46.485757]]],[[[32.420706,46.494108],[32.416214,46.494384],[32.414768,46.494246],[32.413187,46.494192],[32.411648,46.493931],[32.409005,46.49458],[32.408489,46.495027],[32.406921,46.495679],[32.405462,46.495961],[32.40402,46.495595],[32.399575,46.493664],[32.398624,46.492666],[32.397204,46.491835],[32.395613,46.491269],[32.394344,46.490793],[32.39094,46.489636],[32.390483,46.489906],[32.390438,46.490225],[32.388911,46.490412],[32.38853,46.490698],[32.387409,46.490877],[32.38673,46.491072],[32.38574,46.491183],[32.384758,46.491114],[32.384431,46.490986],[32.384147,46.490577],[32.383763,46.490623],[32.383648,46.490396],[32.382823,46.490797],[32.381473,46.491309],[32.381292,46.491653],[32.381326,46.491996],[32.381214,46.49228],[32.38122,46.492616],[32.381478,46.492874],[32.381811,46.49309],[32.382208,46.493241],[32.382648,46.493741],[32.382978,46.493891],[32.383272,46.494214],[32.38334,46.494403],[32.383614,46.494645],[32.383766,46.495035],[32.383824,46.49601],[32.384004,46.496409],[32.384033,46.496801],[32.385832,46.497243],[32.390323,46.498847],[32.398678,46.502312],[32.403283,46.503401],[32.410742,46.50403],[32.414691,46.504229],[32.418199,46.504111],[32.430196,46.502803],[32.436204,46.502862],[32.436483,46.502566],[32.436161,46.501858],[32.436054,46.500883],[32.435582,46.50007],[32.434638,46.498756],[32.433179,46.496481],[32.431962,46.495024],[32.432284,46.493045],[32.431275,46.491125],[32.431275,46.489898],[32.43106,46.48913],[32.429516,46.487594],[32.428207,46.486471],[32.426855,46.485629],[32.420115,46.486038],[32.42404,46.487868],[32.427028,46.488477],[32.427042,46.492017],[32.425693,46.492303],[32.424173,46.492235],[32.421837,46.493733],[32.420706,46.494108]]],[[[32.328108,46.488735],[32.326817,46.488685],[32.325598,46.488741],[32.3244,46.48887],[32.322128,46.489389],[32.319941,46.490115],[32.315512,46.491912],[32.31604,46.492114],[32.318093,46.492036],[32.319588,46.491929],[32.320193,46.491763],[32.320511,46.4915],[32.320455,46.491302],[32.32076,46.491247],[32.321064,46.491281],[32.322165,46.490744],[32.32318,46.490503],[32.324109,46.49075],[32.324676,46.490847],[32.325002,46.490803],[32.325514,46.491202],[32.325948,46.491221],[32.326103,46.491062],[32.326934,46.491095],[32.327306,46.491418],[32.328088,46.491473],[32.328124,46.491295],[32.328678,46.49129],[32.329098,46.491414],[32.329405,46.491704],[32.329515,46.492143],[32.329434,46.492538],[32.329174,46.492857],[32.328899,46.493024],[32.32857,46.493169],[32.327846,46.493283],[32.326949,46.49326],[32.325776,46.493027],[32.324829,46.492764],[32.324809,46.49245],[32.324714,46.492202],[32.32423,46.492071],[32.323956,46.491761],[32.324041,46.491525],[32.32395,46.491459],[32.323831,46.491415],[32.32339,46.49145],[32.323034,46.491619],[32.321668,46.492354],[32.321352,46.49243],[32.321262,46.492625],[32.321037,46.492663],[32.32063,46.492886],[32.319692,46.492735],[32.319687,46.492821],[32.322562,46.493503],[32.325411,46.494263],[32.327271,46.494902],[32.329449,46.495704],[32.330395,46.49597],[32.331661,46.496182],[32.332752,46.496244],[32.333726,46.496225],[32.334815,46.496556],[32.336124,46.497092],[32.337832,46.497971],[32.339326,46.499086],[32.34056,46.500115],[32.341958,46.501011],[32.343347,46.501686],[32.344369,46.502026],[32.34548,46.502252],[32.347182,46.502419],[32.349404,46.502392],[32.351389,46.502122],[32.358431,46.499743],[32.360716,46.498872],[32.36445,46.498126],[32.367282,46.497845],[32.367465,46.497698],[32.367332,46.497492],[32.359838,46.494896],[32.354833,46.492802],[32.351818,46.491982],[32.344298,46.490806],[32.339982,46.490335],[32.335431,46.489981],[32.330444,46.489026],[32.328108,46.488735]]],[[[32.438252,46.502836],[32.439561,46.503028],[32.441792,46.50285],[32.443938,46.502474],[32.447328,46.502274],[32.450375,46.5024],[32.453379,46.502688],[32.458025,46.503929],[32.461684,46.505406],[32.466372,46.508197],[32.47091,46.511224],[32.471554,46.511206],[32.472048,46.510909],[32.472949,46.510715],[32.47871,46.507994],[32.480073,46.507401],[32.480486,46.507134],[32.480084,46.506705],[32.47926,46.506015],[32.478565,46.505295],[32.478107,46.504734],[32.478081,46.504102],[32.477932,46.503918],[32.47767,46.5038],[32.47716,46.503776],[32.476726,46.503927],[32.475953,46.50363],[32.475524,46.503554],[32.47524,46.503313],[32.47502,46.503204],[32.474902,46.5029],[32.47501,46.502714],[32.475205,46.502529],[32.475368,46.50224],[32.475183,46.50194],[32.474902,46.501698],[32.473943,46.501234],[32.47308,46.500762],[32.472701,46.500268],[32.472479,46.500073],[32.472246,46.499959],[32.472045,46.499894],[32.471817,46.49987],[32.471587,46.50001],[32.471405,46.500161],[32.47139,46.500332],[32.471428,46.500572],[32.47126,46.50078],[32.471253,46.500909],[32.47135,46.501069],[32.471483,46.501154],[32.471537,46.501258],[32.471493,46.50137],[32.471398,46.50148],[32.47126,46.501572],[32.470689,46.501653],[32.470076,46.501643],[32.46948,46.501471],[32.46868,46.501326],[32.468587,46.501186],[32.46865,46.501072],[32.468959,46.50083],[32.469208,46.500684],[32.469518,46.500682],[32.469755,46.500719],[32.46994,46.500688],[32.470075,46.500613],[32.470201,46.500508],[32.470258,46.500365],[32.470143,46.500242],[32.469878,46.500094],[32.469567,46.499989],[32.469229,46.499943],[32.46908,46.499866],[32.468946,46.4997],[32.468855,46.499398],[32.469006,46.499178],[32.469741,46.498961],[32.469859,46.498877],[32.469762,46.498728],[32.46961,46.498593],[32.469087,46.498476],[32.468533,46.498404],[32.4681,46.498288],[32.467932,46.498159],[32.467727,46.497937],[32.467284,46.497609],[32.46654,46.497444],[32.465946,46.497254],[32.465148,46.496924],[32.464959,46.496727],[32.465069,46.496475],[32.464867,46.496144],[32.464439,46.495926],[32.464078,46.495668],[32.463426,46.495632],[32.463242,46.495416],[32.463262,46.495183],[32.463154,46.495023],[32.46259,46.494801],[32.462353,46.494538],[32.461521,46.494189],[32.460852,46.49398],[32.45999,46.493837],[32.458844,46.493773],[32.458075,46.494185],[32.457155,46.494427],[32.454741,46.494299],[32.453937,46.494111],[32.453582,46.493909],[32.453516,46.493389],[32.453053,46.492977],[32.452575,46.492671],[32.452092,46.492516],[32.45148,46.492594],[32.451132,46.492762],[32.45109,46.492911],[32.450737,46.493134],[32.449966,46.493157],[32.44927,46.492952],[32.448927,46.492533],[32.448986,46.49211],[32.448913,46.491836],[32.448641,46.491617],[32.448326,46.49148],[32.44794,46.49068],[32.447771,46.490971],[32.447376,46.491129],[32.44695,46.49111],[32.446599,46.490847],[32.446068,46.49009],[32.445443,46.489826],[32.444753,46.489733],[32.444227,46.489996],[32.443983,46.490573],[32.443621,46.491143],[32.443131,46.491339],[32.442865,46.491278],[32.442487,46.491161],[32.442109,46.491163],[32.441734,46.490937],[32.441714,46.490613],[32.441103,46.490445],[32.438927,46.489475],[32.438965,46.488899],[32.439418,46.488463],[32.439634,46.488319],[32.439844,46.488391],[32.440086,46.488367],[32.439839,46.488061],[32.438257,46.487346],[32.436846,46.48655],[32.43234,46.484489],[32.430945,46.484371],[32.430253,46.484497],[32.429497,46.484534],[32.429041,46.484888],[32.428735,46.48545],[32.428966,46.48607],[32.430261,46.487193],[32.431986,46.489054],[32.4322,46.49099],[32.433123,46.492437],[32.433295,46.493279],[32.432995,46.493944],[32.433081,46.494845],[32.434626,46.4974],[32.436406,46.499734],[32.437007,46.500857],[32.436793,46.501314],[32.437179,46.502038],[32.438252,46.502836]]],[[[32.359705,46.499884],[32.358953,46.500262],[32.353362,46.502328],[32.351859,46.502799],[32.351492,46.50298],[32.351062,46.502927],[32.35061,46.502903],[32.346756,46.502988],[32.347869,46.503408],[32.34823,46.503576],[32.348657,46.503707],[32.349149,46.503801],[32.349797,46.50389],[32.350758,46.503936],[32.351312,46.503925],[32.351533,46.50388],[32.351778,46.503861],[32.351888,46.503884],[32.351955,46.503944],[32.352104,46.50399],[32.352358,46.503954],[32.352139,46.503882],[32.352066,46.503839],[32.352112,46.503788],[32.352688,46.503414],[32.352818,46.503298],[32.353132,46.503224],[32.353494,46.50318],[32.353752,46.503313],[32.354171,46.503387],[32.354215,46.503502],[32.354366,46.503528],[32.354573,46.503484],[32.354909,46.502864],[32.354476,46.502443],[32.354819,46.502186],[32.355382,46.501988],[32.355795,46.501723],[32.356336,46.501619],[32.356747,46.501456],[32.357732,46.501402],[32.358712,46.501292],[32.359746,46.501234],[32.360076,46.501346],[32.360549,46.501162],[32.361086,46.501132],[32.36186,46.501391],[32.362549,46.501996],[32.362873,46.502676],[32.362961,46.502886],[32.363166,46.503082],[32.363379,46.502997],[32.363484,46.502875],[32.363728,46.502668],[32.364636,46.502773],[32.365792,46.502752],[32.367024,46.502834],[32.367155,46.503044],[32.368353,46.502856],[32.369788,46.502741],[32.37079,46.502427],[32.371912,46.501744],[32.372318,46.501446],[32.372298,46.501311],[32.37281,46.500975],[32.373526,46.500727],[32.374169,46.500613],[32.374854,46.500616],[32.375334,46.500747],[32.375952,46.500554],[32.377099,46.50059],[32.377508,46.500833],[32.378014,46.500973],[32.378352,46.500901],[32.378572,46.500748],[32.379474,46.500677],[32.380816,46.500765],[32.381382,46.501103],[32.381386,46.500693],[32.381579,46.500431],[32.381676,46.500143],[32.381676,46.499718],[32.381641,46.499492],[32.38141,46.49905],[32.38066,46.49895],[32.376736,46.498783],[32.366548,46.498636],[32.365141,46.498709],[32.363936,46.498833],[32.362529,46.499074],[32.360736,46.499536],[32.359705,46.499884]]],[[[32.347904,46.509679],[32.351477,46.511532],[32.352636,46.512042],[32.352797,46.511576],[32.352625,46.511296],[32.352421,46.511289],[32.351713,46.510816],[32.351122,46.510125],[32.350935,46.509516],[32.351043,46.508896],[32.350892,46.508113],[32.350485,46.507146],[32.349297,46.505448],[32.348503,46.504421],[32.347366,46.50389],[32.346435,46.503569],[32.346124,46.503938],[32.346306,46.504079],[32.34651,46.504448],[32.346285,46.50515],[32.345802,46.505415],[32.3446,46.505452],[32.342897,46.505392],[32.342146,46.504594],[32.3403,46.503767],[32.339099,46.502305],[32.337597,46.50105],[32.335687,46.49975],[32.334909,46.499602],[32.334732,46.499218],[32.334078,46.49938],[32.333284,46.498923],[32.331138,46.498036],[32.33031,46.497362],[32.330009,46.496934],[32.3284,46.496299],[32.32546,46.495161],[32.321898,46.494231],[32.320053,46.493965],[32.316706,46.493743],[32.310139,46.493473],[32.309988,46.493796],[32.318631,46.496834],[32.32088,46.497745],[32.333427,46.502963],[32.340511,46.506085],[32.346209,46.508904],[32.34666,46.508911],[32.347904,46.509679]]],[[[32.327551,46.50808],[32.326843,46.5076],[32.324003,46.506219],[32.31356,46.502078],[32.304503,46.500114],[32.302099,46.500085],[32.288124,46.501216],[32.285578,46.501899],[32.283203,46.502228],[32.282613,46.503358],[32.287087,46.504024],[32.289587,46.506107],[32.291339,46.505491],[32.291335,46.505109],[32.293863,46.504136],[32.29804,46.503431],[32.298654,46.503878],[32.299685,46.503529],[32.300974,46.503446],[32.30308,46.503635],[32.303448,46.504075],[32.305469,46.50459],[32.306313,46.504392],[32.307114,46.504395],[32.307658,46.504471],[32.307902,46.504702],[32.309914,46.50438],[32.309893,46.504133],[32.310934,46.503649],[32.310998,46.503931],[32.311964,46.50442],[32.312565,46.504364],[32.313863,46.505099],[32.315355,46.505642],[32.315538,46.506076],[32.315657,46.506614],[32.313737,46.506861],[32.312616,46.506504],[32.310036,46.506103],[32.30784,46.506281],[32.307216,46.506545],[32.305289,46.50657],[32.305499,46.506091],[32.305231,46.505961],[32.30432,46.506346],[32.303774,46.506509],[32.303571,46.506679],[32.303823,46.506826],[32.302638,46.507725],[32.302091,46.508357],[32.301535,46.508232],[32.301538,46.507629],[32.300857,46.50809],[32.301421,46.508599],[32.301893,46.508717],[32.302135,46.508533],[32.302406,46.508596],[32.302552,46.508387],[32.302877,46.508508],[32.303256,46.508732],[32.303836,46.508578],[32.30407,46.508886],[32.303767,46.509062],[32.303913,46.509399],[32.304505,46.509578],[32.304774,46.509756],[32.305339,46.509792],[32.305412,46.510138],[32.305098,46.51047],[32.304555,46.510665],[32.303819,46.510786],[32.303134,46.510825],[32.302364,46.51079],[32.301379,46.510592],[32.301273,46.510213],[32.300952,46.510025],[32.300774,46.509892],[32.300338,46.510718],[32.298229,46.510179],[32.297536,46.509551],[32.295192,46.5089],[32.294179,46.509144],[32.292393,46.508975],[32.291053,46.508533],[32.28846,46.508623],[32.287226,46.509088],[32.287022,46.509672],[32.287538,46.510026],[32.299331,46.511319],[32.301082,46.511474],[32.303531,46.511611],[32.30583,46.511844],[32.311234,46.51258],[32.314088,46.512833],[32.317405,46.51319],[32.319791,46.513553],[32.320894,46.513646],[32.321945,46.513644],[32.323173,46.513489],[32.324154,46.513215],[32.32676,46.512446],[32.330589,46.51051],[32.330899,46.509992],[32.330542,46.509889],[32.330228,46.509468],[32.329964,46.509606],[32.329592,46.509545],[32.329128,46.509328],[32.328581,46.508759],[32.327755,46.50836],[32.327551,46.50808]]],[[[32.410958,46.509301],[32.414156,46.509079],[32.415529,46.50905],[32.416838,46.509316],[32.418168,46.509995],[32.418726,46.511033],[32.418849,46.511825],[32.418875,46.512632],[32.418542,46.514705],[32.418553,46.516195],[32.419064,46.518397],[32.41961,46.519768],[32.419834,46.520577],[32.419771,46.52139],[32.419568,46.522225],[32.419525,46.522816],[32.419618,46.523327],[32.419903,46.523808],[32.42026,46.524183],[32.4208,46.524581],[32.421503,46.524874],[32.422475,46.525157],[32.424219,46.525404],[32.426279,46.52563],[32.428064,46.5258],[32.430224,46.526206],[32.432213,46.527018],[32.432806,46.527069],[32.433242,46.526963],[32.433624,46.526797],[32.434291,46.526422],[32.434807,46.525873],[32.435157,46.525584],[32.435376,46.525425],[32.435713,46.525288],[32.436032,46.525266],[32.436735,46.525421],[32.437416,46.525761],[32.437972,46.526196],[32.438497,46.526791],[32.43929,46.527792],[32.439684,46.527889],[32.440096,46.527838],[32.440299,46.527559],[32.440231,46.527177],[32.440122,46.526926],[32.440121,46.526528],[32.440249,46.526233],[32.440723,46.525862],[32.441727,46.525484],[32.442935,46.525187],[32.445275,46.524219],[32.447014,46.523089],[32.448476,46.522643],[32.449909,46.522642],[32.453595,46.523645],[32.455304,46.523895],[32.459109,46.524094],[32.462485,46.52416],[32.464315,46.523922],[32.46541,46.52356],[32.467132,46.522796],[32.471223,46.521836],[32.47497,46.520728],[32.475984,46.520669],[32.47501,46.519428],[32.474637,46.518526],[32.471678,46.51546],[32.470329,46.513665],[32.468097,46.51211],[32.465801,46.510925],[32.461016,46.508715],[32.45649,46.506676],[32.454108,46.505906],[32.451105,46.505243],[32.446536,46.504654],[32.443413,46.504544],[32.437132,46.504736],[32.435656,46.504869],[32.432374,46.505205],[32.422011,46.506552],[32.418348,46.506849],[32.414512,46.507027],[32.413469,46.507037],[32.412576,46.506958],[32.409201,46.506549],[32.405735,46.505547],[32.397998,46.503866],[32.399242,46.504708],[32.399242,46.505225],[32.40038,46.506406],[32.40156,46.506997],[32.404242,46.50809],[32.406667,46.508828],[32.408684,46.509183],[32.410958,46.509301]]],[[[32.411065,46.52159],[32.407035,46.518417],[32.404221,46.515224],[32.402674,46.513272],[32.400995,46.509958],[32.398447,46.50626],[32.396808,46.504677],[32.394784,46.5033],[32.38852,46.50053],[32.386265,46.499862],[32.383882,46.4994],[32.381685,46.499105],[32.381683,46.499221],[32.38182,46.499396],[32.381882,46.499863],[32.381805,46.500315],[32.381603,46.500735],[32.382215,46.501019],[32.382334,46.501332],[32.382272,46.501753],[32.383107,46.502287],[32.384993,46.502968],[32.385654,46.502912],[32.386059,46.502537],[32.386697,46.502488],[32.387271,46.502601],[32.387768,46.503288],[32.388094,46.503651],[32.388102,46.504051],[32.388571,46.504229],[32.388891,46.505116],[32.388697,46.50587],[32.388672,46.506383],[32.388218,46.506808],[32.387911,46.507718],[32.3865,46.508339],[32.385787,46.508802],[32.385075,46.508956],[32.384498,46.50934],[32.384087,46.50989],[32.383601,46.510248],[32.383463,46.510572],[32.383493,46.5116],[32.383792,46.512432],[32.383679,46.513629],[32.38319,46.514815],[32.382936,46.51491],[32.382598,46.514824],[32.382014,46.514369],[32.381338,46.513738],[32.381108,46.513304],[32.380854,46.513035],[32.380696,46.512736],[32.38009,46.51157],[32.379976,46.511142],[32.380141,46.510818],[32.379834,46.510522],[32.379552,46.510069],[32.37942,46.509725],[32.379561,46.509478],[32.379766,46.509202],[32.379944,46.508764],[32.380229,46.508194],[32.380155,46.507821],[32.379717,46.507419],[32.378741,46.507251],[32.378513,46.50712],[32.378275,46.506886],[32.378046,46.506732],[32.37758,46.506843],[32.377412,46.506998],[32.377366,46.50737],[32.377428,46.507606],[32.378027,46.507789],[32.378293,46.50801],[32.378457,46.508053],[32.37847,46.508369],[32.378132,46.508757],[32.377752,46.508894],[32.377669,46.50939],[32.377752,46.509578],[32.377948,46.509812],[32.377869,46.510194],[32.377629,46.510613],[32.376812,46.510878],[32.375224,46.510959],[32.374252,46.510981],[32.373635,46.510988],[32.372578,46.510837],[32.371682,46.51062],[32.369922,46.510156],[32.369088,46.509804],[32.368425,46.509385],[32.36794,46.508976],[32.367218,46.508611],[32.365911,46.508501],[32.365107,46.508604],[32.364464,46.508885],[32.364201,46.50914],[32.363442,46.509382],[32.363047,46.509351],[32.362388,46.50944],[32.361922,46.509439],[32.361453,46.50951],[32.361252,46.509625],[32.3611,46.509459],[32.360733,46.509441],[32.36053,46.509708],[32.360284,46.509812],[32.359973,46.509761],[32.359828,46.509927],[32.359287,46.510182],[32.359247,46.509785],[32.359051,46.509709],[32.358884,46.509284],[32.35891,46.509006],[32.35864,46.508776],[32.358171,46.508914],[32.357751,46.508932],[32.357352,46.508825],[32.357091,46.508477],[32.356589,46.508311],[32.356301,46.508285],[32.356026,46.508063],[32.355733,46.507634],[32.35461,46.507095],[32.354023,46.50687],[32.353138,46.506434],[32.352723,46.506342],[32.352372,46.506206],[32.351842,46.506079],[32.351684,46.505899],[32.351563,46.505778],[32.351475,46.505775],[32.351329,46.505679],[32.351149,46.505233],[32.350841,46.505254],[32.350601,46.505122],[32.350406,46.50512],[32.350238,46.505049],[32.350196,46.504788],[32.350085,46.504696],[32.350321,46.504677],[32.351323,46.50467],[32.351601,46.504774],[32.352226,46.504877],[32.352442,46.504857],[32.352636,46.504914],[32.353316,46.504765],[32.354043,46.504705],[32.354316,46.504459],[32.354288,46.504332],[32.354149,46.504304],[32.353811,46.504395],[32.353071,46.504516],[32.352675,46.504545],[32.351214,46.504441],[32.350161,46.504403],[32.34891,46.504326],[32.349797,46.505496],[32.35092,46.507234],[32.351234,46.508059],[32.351342,46.508799],[32.351214,46.509392],[32.351409,46.51009],[32.352098,46.510793],[32.353005,46.5114],[32.352781,46.512126],[32.357118,46.514244],[32.369145,46.519023],[32.384312,46.527141],[32.391757,46.532304],[32.394586,46.533748],[32.397801,46.534779],[32.410536,46.538195],[32.414892,46.540126],[32.419464,46.541672],[32.420454,46.541695],[32.421441,46.541045],[32.421934,46.540366],[32.422299,46.539422],[32.422235,46.538787],[32.42084,46.536248],[32.418998,46.532529],[32.416855,46.529134],[32.411065,46.52159]]],[[[32.333728,46.512428],[32.331132,46.512805],[32.329995,46.513135],[32.329094,46.51351],[32.327044,46.514262],[32.324802,46.514896],[32.323118,46.515272],[32.321884,46.515293],[32.314695,46.514441],[32.310565,46.514221],[32.30542,46.513661],[32.303773,46.513588],[32.29909,46.5139],[32.296939,46.514256],[32.295346,46.514989],[32.295233,46.516208],[32.29423,46.518032],[32.294269,46.519573],[32.295073,46.520401],[32.296048,46.522529],[32.297773,46.523762],[32.297077,46.524739],[32.295779,46.525421],[32.29504,46.525099],[32.294515,46.523862],[32.293618,46.523519],[32.291745,46.52377],[32.290103,46.523594],[32.289669,46.524279],[32.28838,46.524799],[32.288206,46.525496],[32.28926,46.525573],[32.289886,46.526373],[32.291899,46.526704],[32.294127,46.527036],[32.296161,46.527485],[32.298312,46.527806],[32.3,46.527829],[32.304734,46.527609],[32.30612,46.527676],[32.30887,46.527625],[32.310291,46.527568],[32.312228,46.528338],[32.320236,46.531109],[32.321205,46.531384],[32.322324,46.531497],[32.323932,46.531569],[32.327714,46.531292],[32.330466,46.531309],[32.334134,46.531527],[32.33906,46.531873],[32.340611,46.532117],[32.342462,46.532478],[32.343942,46.532567],[32.345892,46.532436],[32.347864,46.532142],[32.349532,46.531615],[32.350782,46.531286],[32.351881,46.531054],[32.35348,46.53088],[32.354424,46.530877],[32.356629,46.531102],[32.358748,46.531224],[32.360507,46.531061],[32.361761,46.530704],[32.362714,46.530318],[32.363774,46.529437],[32.364534,46.528512],[32.36663,46.526848],[32.366937,46.526442],[32.366794,46.526175],[32.363532,46.525141],[32.362202,46.524285],[32.355358,46.519368],[32.349853,46.516991],[32.340895,46.513462],[32.337258,46.512709],[32.335515,46.512487],[32.333728,46.512428]]],[[[32.303695,46.534215],[32.304264,46.534193],[32.305004,46.533913],[32.306388,46.533876],[32.306958,46.533705],[32.308111,46.533958],[32.310804,46.534297],[32.313068,46.534371],[32.315292,46.53428],[32.317149,46.533992],[32.318793,46.533527],[32.319801,46.533099],[32.320263,46.532716],[32.320209,46.532479],[32.319705,46.532169],[32.318385,46.531726],[32.315488,46.530841],[32.313385,46.530057],[32.311745,46.529556],[32.309722,46.52898],[32.307898,46.528566],[32.306268,46.528463],[32.304208,46.528493],[32.301279,46.528556],[32.298833,46.528571],[32.296944,46.528423],[32.295249,46.528172],[32.293576,46.527921],[32.292009,46.527877],[32.289477,46.527611],[32.287546,46.52798],[32.287424,46.53011],[32.287145,46.531454],[32.287424,46.532812],[32.288883,46.53414],[32.289269,46.535056],[32.289141,46.536207],[32.290085,46.537447],[32.292917,46.538185],[32.293718,46.537954],[32.294372,46.537393],[32.295552,46.536352],[32.297118,46.535449],[32.298319,46.534984],[32.299832,46.534674],[32.302097,46.534422],[32.303695,46.534215]]],[[[32.322987,46.533095],[32.321979,46.533132],[32.321163,46.533265],[32.320659,46.533449],[32.320348,46.533678],[32.319554,46.533944],[32.318288,46.534283],[32.317279,46.534542],[32.316646,46.534645],[32.315928,46.534837],[32.317558,46.534778],[32.31876,46.53466],[32.319983,46.534372],[32.321411,46.533985],[32.322656,46.53386],[32.325396,46.533879],[32.329745,46.534075],[32.333964,46.534273],[32.33772,46.534439],[32.339806,46.534521],[32.340702,46.534396],[32.341485,46.534189],[32.341555,46.534027],[32.341464,46.533787],[32.341137,46.533554],[32.340216,46.533202],[32.339213,46.533029],[32.338226,46.532938],[32.335778,46.532798],[32.333241,46.532843],[32.331327,46.532805],[32.326672,46.532884],[32.322987,46.533095]]],[[[32.5156635,46.5457788],[32.5151283,46.5455594],[32.5130328,46.5439869],[32.5121376,46.5430322],[32.510047,46.541669],[32.50738,46.540654],[32.505228,46.539521],[32.496976,46.5333],[32.4901,46.53003],[32.482413,46.525029],[32.478399,46.522617],[32.476262,46.521482],[32.475049,46.521224],[32.474138,46.521304],[32.470991,46.522339],[32.467695,46.523167],[32.465096,46.52415],[32.463291,46.524528],[32.46233,46.524559],[32.458967,46.524501],[32.457414,46.524465],[32.45445,46.524252],[32.453593,46.524123],[32.452757,46.52392],[32.451429,46.523432],[32.450343,46.523143],[32.449435,46.52305],[32.448661,46.523065],[32.447903,46.5232],[32.44723,46.523427],[32.446684,46.523727],[32.44568,46.52442],[32.445188,46.524737],[32.444611,46.525054],[32.443342,46.525458],[32.44274,46.52563],[32.442073,46.525773],[32.441475,46.525991],[32.440909,46.526261],[32.440655,46.526442],[32.44052,46.526675],[32.44056,46.526889],[32.44071,46.527309],[32.440753,46.527743],[32.440699,46.528003],[32.440415,46.528141],[32.43983,46.528256],[32.439295,46.528155],[32.439002,46.528035],[32.438662,46.527666],[32.438376,46.527246],[32.437847,46.52667],[32.437248,46.52615],[32.436691,46.525831],[32.436123,46.52566],[32.43581,46.525699],[32.435475,46.525834],[32.434663,46.526662],[32.434226,46.527034],[32.433466,46.527287],[32.432994,46.527369],[32.432298,46.52737],[32.431637,46.527157],[32.430869,46.526833],[32.429801,46.526553],[32.428218,46.526274],[32.422604,46.525631],[32.419959,46.524625],[32.419564,46.524274],[32.419206,46.523852],[32.418987,46.523399],[32.418918,46.522991],[32.419107,46.521668],[32.419151,46.520721],[32.41898,46.52015],[32.41841,46.518668],[32.418011,46.517422],[32.417827,46.516184],[32.417858,46.514989],[32.418187,46.513007],[32.418127,46.511713],[32.41785,46.510889],[32.417507,46.510425],[32.417015,46.510006],[32.41644,46.509766],[32.415733,46.509661],[32.41449,46.50966],[32.412389,46.509865],[32.410409,46.509909],[32.409274,46.509842],[32.408107,46.509739],[32.406074,46.509339],[32.404105,46.508762],[32.400635,46.507337],[32.400616,46.5077],[32.403301,46.51118],[32.404838,46.513359],[32.404555,46.513777],[32.404894,46.514298],[32.406357,46.51614],[32.408207,46.517892],[32.409332,46.518814],[32.412754,46.521938],[32.412716,46.522497],[32.412914,46.522848],[32.415943,46.526505],[32.417523,46.528684],[32.418931,46.530967],[32.420988,46.534773],[32.422666,46.538562],[32.422906,46.539516],[32.422647,46.539954],[32.422185,46.540886],[32.421045,46.541939],[32.421256,46.542407],[32.4217919,46.5428728],[32.4267054,46.5461132],[32.4320698,46.5499667],[32.4345162,46.5515049],[32.4368123,46.5528073],[32.4393231,46.5540505],[32.4416404,46.5550094],[32.44546,46.556278],[32.4577765,46.5618775],[32.4648572,46.5653628],[32.4695351,46.5672418],[32.4708872,46.56797],[32.4734622,46.5690248],[32.4760795,46.569881],[32.4786837,46.5705478],[32.4790261,46.5701264],[32.479101,46.5696486],[32.4785912,46.5691294],[32.4785509,46.5689215],[32.4786609,46.568743],[32.4782607,46.5685999],[32.47761,46.5686389],[32.4774634,46.5687556],[32.4769735,46.5686216],[32.4767876,46.5683829],[32.4765055,46.5684463],[32.4756349,46.5683378],[32.4753712,46.568409],[32.4751076,46.5682441],[32.4751811,46.5680287],[32.476821,46.5665446],[32.476732,46.5663793],[32.4788713,46.5644555],[32.4809271,46.5641806],[32.4804851,46.5657028],[32.4802148,46.5670037],[32.4798888,46.5687352],[32.4799052,46.5689742],[32.4797498,46.5692132],[32.4796591,46.5695769],[32.4796542,46.5700107],[32.4794347,46.5704814],[32.4798362,46.5705728],[32.4803771,46.5704356],[32.4815878,46.570707],[32.4823747,46.570971],[32.4824213,46.5711391],[32.4847354,46.5711876],[32.4869207,46.5709116],[32.490094,46.5699534],[32.4914452,46.5693635],[32.492453,46.568781],[32.4942862,46.5675974],[32.4953164,46.5667233],[32.4965558,46.5653919],[32.4974147,46.5640964],[32.498729,46.5624366],[32.499936,46.5606736],[32.4996892,46.5603895],[32.4978814,46.5595578],[32.497522,46.559176],[32.4975483,46.5589003],[32.4973577,46.5586961],[32.4972743,46.5583148],[32.4978049,46.558172],[32.4980702,46.5586243],[32.498078,46.5589144],[32.4983122,46.5589921],[32.4988253,46.5593206],[32.4990809,46.5597377],[32.4990089,46.5599009],[32.4999166,46.5603308],[32.5004658,46.5602757],[32.5046092,46.5572328],[32.5057268,46.5562703],[32.5070863,46.5551898],[32.5109417,46.5534395],[32.511732,46.5532579],[32.5136722,46.5525621],[32.513741,46.5523101],[32.5144965,46.5522204],[32.5164643,46.5517325],[32.5187326,46.5515102],[32.5218957,46.550859],[32.525175,46.5508254],[32.524558,46.5497778],[32.5238338,46.5488187],[32.5221762,46.5475866],[32.5208834,46.5468267],[32.5199968,46.5464799],[32.5185665,46.5460777],[32.5172005,46.5458231],[32.5156635,46.5457788]]],[[[32.348638,46.536656],[32.342278,46.535135],[32.338398,46.535144],[32.334773,46.535041],[32.326782,46.534657],[32.32241,46.534735],[32.317689,46.535643],[32.325156,46.536824],[32.329648,46.537822],[32.335195,46.540109],[32.33615,46.540766],[32.339168,46.54291],[32.341035,46.544452],[32.342344,46.54519],[32.343932,46.545626],[32.344788,46.545689],[32.345303,46.545483],[32.346601,46.545756],[32.348564,46.546368],[32.350514,46.546828],[32.352166,46.547322],[32.353764,46.547883],[32.356062,46.548008],[32.35795,46.547572],[32.35986,46.546827],[32.360705,46.546364],[32.361248,46.545755],[32.36164,46.545729],[32.361807,46.545596],[32.361888,46.545368],[32.358626,46.543081],[32.356149,46.541532],[32.354261,46.540189],[32.352887,46.538979],[32.351643,46.537931],[32.35058,46.53735],[32.348638,46.536656]]],[[[32.394228,46.53948],[32.392686,46.53867],[32.39076,46.537317],[32.388782,46.536141],[32.385132,46.533383],[32.38131,46.530742],[32.378091,46.529384],[32.374916,46.528499],[32.371997,46.527879],[32.37008,46.527569],[32.368535,46.527696],[32.366947,46.528],[32.366433,46.528269],[32.366143,46.528592],[32.365661,46.528907],[32.365092,46.529612],[32.364288,46.530339],[32.363057,46.53111],[32.361647,46.53155],[32.360045,46.531925],[32.359206,46.532],[32.358378,46.532],[32.356546,46.531872],[32.355121,46.531701],[32.353953,46.53164],[32.352753,46.531738],[32.351712,46.531908],[32.350554,46.532211],[32.349347,46.532598],[32.348162,46.532949],[32.346965,46.533227],[32.344639,46.533447],[32.34227,46.533401],[32.342345,46.533578],[32.345188,46.534574],[32.349823,46.535796],[32.352483,46.536795],[32.353922,46.538272],[32.355192,46.539489],[32.358788,46.54178],[32.361826,46.544175],[32.362844,46.544616],[32.364606,46.544848],[32.368577,46.545059],[32.372505,46.545389],[32.3753,46.545512],[32.380079,46.545272],[32.384022,46.545489],[32.385927,46.545685],[32.386414,46.545543],[32.38733,46.54568],[32.387413,46.545874],[32.38868,46.54609],[32.389021,46.546041],[32.389539,46.546269],[32.39156,46.546883],[32.392372,46.54712],[32.393088,46.547187],[32.394121,46.547473],[32.394445,46.547618],[32.394547,46.547975],[32.397564,46.549875],[32.400538,46.551539],[32.403504,46.552933],[32.411852,46.556847],[32.414642,46.55778],[32.416586,46.558111],[32.420235,46.55825],[32.422278,46.558108],[32.423671,46.55781],[32.424957,46.557373],[32.426204,46.556841],[32.428137,46.555475],[32.417397,46.547742],[32.413902,46.545735],[32.408409,46.543654],[32.407915,46.54302],[32.402723,46.540717],[32.396049,46.53902],[32.395234,46.539197],[32.394228,46.53948]]],[[[32.315464,46.536564],[32.31319,46.536564],[32.309628,46.536578],[32.306259,46.536416],[32.301367,46.535949],[32.299372,46.536097],[32.298181,46.536399],[32.296507,46.537086],[32.295632,46.53778],[32.294484,46.539115],[32.293722,46.539536],[32.2934,46.540001],[32.292456,46.54082],[32.292028,46.541549],[32.291138,46.542191],[32.290408,46.54245],[32.28969,46.542324],[32.288842,46.542619],[32.288788,46.543158],[32.288992,46.543667],[32.29014,46.543807],[32.291256,46.543903],[32.292436,46.544191],[32.293938,46.544567],[32.294893,46.543815],[32.295901,46.543313],[32.296835,46.542981],[32.298509,46.542966],[32.300709,46.543541],[32.302082,46.543748],[32.304014,46.54391],[32.304529,46.54422],[32.303992,46.546227],[32.302787,46.549498],[32.302959,46.551756],[32.302959,46.552789],[32.303764,46.554087],[32.309847,46.551815],[32.309912,46.551477],[32.311408,46.550478],[32.312959,46.550062],[32.314632,46.549848],[32.314836,46.54935],[32.315464,46.54916],[32.316134,46.549118],[32.317159,46.5491],[32.31887,46.548727],[32.321005,46.54807],[32.327024,46.547606],[32.330972,46.547665],[32.333783,46.547326],[32.338064,46.546871],[32.339115,46.546325],[32.340081,46.546266],[32.34092,46.544982],[32.339954,46.544613],[32.337616,46.542694],[32.335255,46.541248],[32.330985,46.539536],[32.328339,46.538674],[32.324992,46.537833],[32.31952,46.536918],[32.315464,46.536564]]],[[[32.587849,46.589257],[32.592082,46.594834],[32.603732,46.60585],[32.604608,46.606162],[32.605786,46.605765],[32.606783,46.605361],[32.607286,46.60497],[32.607024,46.604599],[32.606071,46.603853],[32.605267,46.603107],[32.602884,46.601376],[32.602349,46.600589],[32.601363,46.599835],[32.600742,46.599464],[32.600475,46.599499],[32.600078,46.599668],[32.599715,46.599503],[32.598923,46.598967],[32.598743,46.598766],[32.601443,46.597103],[32.601507,46.597046],[32.601488,46.596992],[32.601431,46.596971],[32.6015,46.596913],[32.601709,46.59688],[32.601706,46.596713],[32.60174,46.596542],[32.60189,46.596406],[32.601618,46.596181],[32.601381,46.596326],[32.601243,46.596892],[32.600998,46.59702],[32.600659,46.59656],[32.600473,46.596541],[32.600335,46.596407],[32.600086,46.595971],[32.600018,46.595291],[32.600252,46.593541],[32.600679,46.591864],[32.600096,46.590147],[32.599336,46.589136],[32.599007,46.589035],[32.598764,46.589007],[32.59789,46.588184],[32.598042,46.587318],[32.598086,46.586377],[32.598741,46.585555],[32.600035,46.585114],[32.600739,46.585196],[32.6011,46.585454],[32.601321,46.585322],[32.601392,46.58516],[32.601147,46.584058],[32.600994,46.583034],[32.599769,46.581858],[32.598572,46.58112],[32.598293,46.581062],[32.597918,46.58128],[32.59736,46.582059],[32.597132,46.582238],[32.596486,46.582476],[32.595873,46.582608],[32.595195,46.582592],[32.594661,46.582476],[32.594121,46.582194],[32.593952,46.581976],[32.593847,46.581633],[32.593876,46.581006],[32.594153,46.580475],[32.594302,46.579929],[32.594414,46.579788],[32.594345,46.579655],[32.594191,46.5795],[32.593935,46.579416],[32.593667,46.579382],[32.593269,46.579454],[32.592898,46.579705],[32.592581,46.580036],[32.592108,46.580316],[32.591479,46.580513],[32.590918,46.580534],[32.590388,46.580397],[32.590078,46.580212],[32.589842,46.579893],[32.589746,46.579404],[32.590005,46.578948],[32.590225,46.578874],[32.590405,46.578686],[32.590243,46.578538],[32.590329,46.578427],[32.590575,46.578508],[32.590703,46.578432],[32.591186,46.578108],[32.591274,46.577789],[32.591141,46.577678],[32.591082,46.577456],[32.590826,46.577308],[32.587495,46.576145],[32.584553,46.575261],[32.580817,46.573713],[32.577618,46.571892],[32.575835,46.570337],[32.574222,46.568654],[32.573953,46.567857],[32.574176,46.564626],[32.572754,46.561261],[32.571258,46.557194],[32.570701,46.55624],[32.569522,46.555228],[32.568579,46.554798],[32.567615,46.554633],[32.566264,46.554937],[32.565126,46.555944],[32.563764,46.558352],[32.562943,46.55912],[32.561028,46.559622],[32.565095,46.562094],[32.570665,46.566809],[32.572953,46.569708],[32.575755,46.572844],[32.577825,46.57627],[32.5797579,46.5783536],[32.583438,46.582292],[32.587849,46.589257]]],[[[32.5382895,46.589297],[32.5507599,46.5924756],[32.5608184,46.5941341],[32.5708177,46.5913325],[32.5702598,46.5884422],[32.5736198,46.5852006],[32.5734286,46.582549],[32.5763175,46.5812523],[32.575728,46.580036],[32.571135,46.573148],[32.570206,46.571714],[32.567604,46.569601],[32.567087,46.569747],[32.566483,46.570394],[32.565729,46.570593],[32.565168,46.571013],[32.56426,46.5711],[32.56365,46.571229],[32.562655,46.571033],[32.561565,46.571379],[32.560505,46.570914],[32.559575,46.570155],[32.558966,46.569963],[32.5584,46.569934],[32.555734,46.570892],[32.553884,46.571335],[32.550398,46.570797],[32.549503,46.571273],[32.549698,46.571421],[32.548969,46.571901],[32.548025,46.572322],[32.546891,46.572442],[32.544402,46.572184],[32.543094,46.571881],[32.542343,46.571866],[32.539813,46.571925],[32.534653,46.571698],[32.532728,46.57143],[32.531082,46.570969],[32.529854,46.570346],[32.529015,46.569873],[32.526695,46.569443],[32.524754,46.568477],[32.524682,46.566262],[32.524138,46.56477],[32.523209,46.564004],[32.522152,46.563341],[32.520498,46.562621],[32.518984,46.562078],[32.51783,46.561924],[32.516376,46.562302],[32.514718,46.563065],[32.510452,46.564171],[32.502366,46.566781],[32.497481,46.568697],[32.493334,46.571053],[32.490388,46.572229],[32.488485,46.572699],[32.486497,46.572992],[32.481663,46.573106],[32.4898,46.578514],[32.499449,46.583224],[32.507898,46.588877],[32.510043,46.59003],[32.510604,46.5891976],[32.5170893,46.58912],[32.5282044,46.5889136],[32.5382895,46.589297]]],[[[32.638968,46.603228],[32.637088,46.601977],[32.637233,46.601653],[32.637766,46.601292],[32.638042,46.600798],[32.638637,46.60029],[32.638588,46.599546],[32.639092,46.599193],[32.639875,46.598913],[32.640238,46.598177],[32.640106,46.597853],[32.639395,46.597412],[32.639198,46.596918],[32.639302,46.595319],[32.639569,46.595089],[32.639975,46.594903],[32.640912,46.594865],[32.641338,46.594731],[32.64142,46.59448],[32.641362,46.594281],[32.641163,46.594133],[32.640745,46.59403],[32.640071,46.593795],[32.639139,46.593257],[32.638534,46.593468],[32.638436,46.593719],[32.638789,46.59403],[32.639121,46.594223],[32.638879,46.594607],[32.637749,46.595049],[32.636659,46.595123],[32.635826,46.595035],[32.632216,46.591485],[32.628093,46.58823],[32.626058,46.58706],[32.624868,46.587035],[32.623937,46.586421],[32.623532,46.584675],[32.622429,46.583537],[32.623015,46.582806],[32.623,46.581632],[32.621312,46.57994],[32.620868,46.578477],[32.620303,46.57813],[32.619914,46.57772],[32.619867,46.577251],[32.618265,46.575891],[32.618165,46.57462],[32.61449,46.571598],[32.611073,46.569814],[32.608313,46.569925],[32.604701,46.571161],[32.602978,46.570626],[32.601641,46.570948],[32.600501,46.569987],[32.599593,46.568906],[32.598882,46.567539],[32.600059,46.564815],[32.601935,46.564601],[32.601579,46.563119],[32.599747,46.56234],[32.598258,46.560913],[32.595881,46.559385],[32.587904,46.557238],[32.582886,46.555456],[32.581803,46.555423],[32.580971,46.55534],[32.580465,46.555133],[32.580076,46.554874],[32.579665,46.554499],[32.579473,46.554427],[32.57927,46.554568],[32.57878,46.555034],[32.57761,46.555412],[32.576639,46.555742],[32.57599,46.555757],[32.574713,46.556409],[32.574193,46.55647],[32.573726,46.556464],[32.572986,46.556688],[32.572718,46.55686],[32.574326,46.56105],[32.575441,46.565344],[32.575226,46.567088],[32.575398,46.567918],[32.576739,46.569715],[32.579458,46.571808],[32.583616,46.573606],[32.588097,46.575344],[32.592472,46.576698],[32.599182,46.576929],[32.600785,46.577381],[32.602646,46.578157],[32.609803,46.581434],[32.614626,46.58468],[32.618592,46.588044],[32.62015,46.590006],[32.621667,46.59241],[32.625129,46.599901],[32.625866,46.603455],[32.6267848,46.6056765],[32.627376,46.607128],[32.627472,46.608959],[32.627483,46.610673],[32.628105,46.611447],[32.629269,46.611823],[32.630691,46.61214],[32.633469,46.612228],[32.63628,46.611462],[32.637546,46.610621],[32.638598,46.610046],[32.639714,46.60984],[32.64098,46.609929],[32.642267,46.610386],[32.643749,46.609369],[32.644909,46.608278],[32.64495,46.60794],[32.6441441,46.6072833],[32.64364,46.60688],[32.643349,46.60618],[32.642822,46.605408],[32.64141,46.604487],[32.638968,46.603228]]],[[[32.591835,46.577938],[32.591757,46.57827],[32.591346,46.578759],[32.590677,46.579232],[32.590349,46.579678],[32.590706,46.5801],[32.591203,46.580191],[32.591682,46.580032],[32.592468,46.579301],[32.593225,46.579064],[32.594138,46.57912],[32.59485,46.579424],[32.595176,46.579831],[32.595206,46.580247],[32.59469,46.580979],[32.594453,46.581622],[32.594622,46.582008],[32.595127,46.582241],[32.595874,46.582254],[32.596374,46.582089],[32.596536,46.581851],[32.596487,46.58143],[32.596611,46.58095],[32.597277,46.580683],[32.597878,46.580697],[32.598602,46.580774],[32.599325,46.581013],[32.600428,46.581801],[32.601468,46.582722],[32.601884,46.583348],[32.601894,46.583758],[32.601753,46.584404],[32.602009,46.585394],[32.6019,46.585822],[32.602448,46.585957],[32.602712,46.585707],[32.602586,46.585509],[32.603167,46.585218],[32.603458,46.585087],[32.603426,46.584853],[32.604567,46.584253],[32.606501,46.584324],[32.607706,46.584542],[32.608877,46.585797],[32.60905,46.587282],[32.608988,46.589312],[32.609542,46.590314],[32.61059,46.591287],[32.612181,46.592695],[32.614159,46.594074],[32.614892,46.594449],[32.615282,46.595297],[32.615849,46.595507],[32.616373,46.596218],[32.616391,46.596529],[32.617023,46.596817],[32.617504,46.597208],[32.618268,46.600907],[32.618692,46.602763],[32.618924,46.604605],[32.619271,46.605664],[32.618481,46.604754],[32.618011,46.603628],[32.617722,46.602719],[32.617662,46.60104],[32.61728,46.599421],[32.617245,46.598306],[32.617004,46.597785],[32.615018,46.596491],[32.614542,46.596026],[32.613938,46.595974],[32.612569,46.596387],[32.612192,46.59606],[32.612192,46.595691],[32.611662,46.595863],[32.611657,46.596029],[32.611432,46.596196],[32.611553,46.59634],[32.611944,46.59653],[32.610878,46.596814],[32.608909,46.597105],[32.607505,46.597545],[32.60563,46.597941],[32.604358,46.597936],[32.603523,46.597697],[32.602762,46.597754],[32.602227,46.597657],[32.60192,46.597131],[32.601485,46.597225],[32.59909,46.598763],[32.599848,46.599364],[32.600504,46.599064],[32.600978,46.599244],[32.601443,46.599611],[32.601908,46.599696],[32.602974,46.599095],[32.605298,46.598934],[32.60631,46.598994],[32.605885,46.599186],[32.603232,46.601064],[32.60369,46.601457],[32.606874,46.60381],[32.608212,46.604541],[32.609755,46.604061],[32.610977,46.603374],[32.613205,46.60209],[32.61626,46.605214],[32.615864,46.605693],[32.612208,46.60741],[32.609701,46.60595],[32.606082,46.607831],[32.606313,46.608409],[32.611827,46.613152],[32.613919,46.615214],[32.615668,46.616391],[32.616413,46.616051],[32.617373,46.615121],[32.619169,46.614398],[32.622234,46.614758],[32.625329,46.615408],[32.62838,46.616294],[32.63148,46.616976],[32.633172,46.61685],[32.634928,46.616399],[32.638506,46.615926],[32.639143,46.615607],[32.639308,46.615259],[32.639338,46.614794],[32.639472,46.614318],[32.640172,46.613568],[32.641703,46.612726],[32.642032,46.612312],[32.642184,46.611791],[32.642095,46.611471],[32.641376,46.610786],[32.640778,46.610574],[32.640042,46.610499],[32.639137,46.610592],[32.638259,46.610939],[32.637262,46.61165],[32.635842,46.612324],[32.634831,46.612609],[32.633735,46.612791],[32.632545,46.612945],[32.631324,46.612929],[32.630334,46.612861],[32.62914,46.612646],[32.627432,46.611858],[32.62676,46.611299],[32.626399,46.610696],[32.626519,46.609456],[32.626413,46.608171],[32.626053,46.607184],[32.624963,46.605108],[32.624394,46.603752],[32.624247,46.602695],[32.624356,46.601639],[32.621218,46.594381],[32.618428,46.590003],[32.616283,46.587866],[32.609382,46.58277],[32.60207,46.579116],[32.59906,46.578058],[32.59768,46.577841],[32.595603,46.577672],[32.593364,46.577592],[32.591669,46.577408],[32.591835,46.577938]]],[[[32.642419,46.617108],[32.6442825,46.6182444],[32.6449745,46.6185576],[32.646784,46.619353],[32.65611,46.622512],[32.659469,46.623457],[32.662571,46.62421],[32.664364,46.624846],[32.671804,46.628446],[32.675203,46.629592],[32.678602,46.630384],[32.680466,46.630582],[32.688121,46.632467],[32.691873,46.632997],[32.696291,46.633276],[32.700612,46.632987],[32.704611,46.633362],[32.706628,46.632916],[32.708902,46.63175],[32.710072,46.630953],[32.710321,46.63064],[32.710646,46.630555],[32.71064,46.630172],[32.709855,46.629662],[32.706276,46.628745],[32.702332,46.628181],[32.701526,46.628015],[32.70033,46.627379],[32.69927,46.626516],[32.699197,46.626316],[32.698274,46.625641],[32.697318,46.625134],[32.695805,46.624775],[32.695158,46.624579],[32.692807,46.624422],[32.690541,46.624177],[32.689624,46.623838],[32.688976,46.62344],[32.688773,46.622894],[32.688372,46.622765],[32.687935,46.62276],[32.687445,46.622651],[32.687244,46.6225],[32.68715,46.622282],[32.687102,46.621575],[32.686738,46.621],[32.686524,46.620786],[32.686175,46.620565],[32.685762,46.620417],[32.685387,46.620482],[32.685044,46.620377],[32.684669,46.620034],[32.682471,46.619599],[32.681154,46.619841],[32.680341,46.619817],[32.679443,46.619734],[32.678036,46.619382],[32.676596,46.619111],[32.675671,46.618968],[32.674723,46.618958],[32.669887,46.619206],[32.668162,46.619042],[32.667533,46.618803],[32.667054,46.618432],[32.666779,46.617906],[32.666333,46.617425],[32.664785,46.61641],[32.664236,46.616017],[32.663902,46.615609],[32.663261,46.614836],[32.662126,46.613948],[32.661536,46.613733],[32.660303,46.613561],[32.65904,46.613009],[32.656532,46.611838],[32.653078,46.610632],[32.649409,46.609705],[32.646548,46.608969],[32.645994,46.608608],[32.645696,46.608413],[32.645461,46.608378],[32.645285,46.608421],[32.644124,46.609528],[32.643108,46.610174],[32.642815,46.610412],[32.642715,46.610606],[32.643054,46.611402],[32.643177,46.61205],[32.642948,46.612504],[32.6426342,46.6129238],[32.640586,46.614394],[32.640463,46.614984],[32.640892,46.615898],[32.642419,46.617108]]],[[[32.66903,46.628447],[32.6646,46.625985],[32.656082,46.62365],[32.651039,46.622073],[32.645242,46.620021],[32.64269,46.618766],[32.639901,46.616824],[32.637691,46.616721],[32.635653,46.617251],[32.6334,46.617664],[32.631007,46.617833],[32.631057,46.6198043],[32.6375373,46.6240487],[32.636311,46.627664],[32.634704,46.62766],[32.632158,46.628181],[32.631636,46.627852],[32.631221,46.628112],[32.635767,46.631726],[32.644564,46.638178],[32.658642,46.646882],[32.6775,46.655359],[32.69318,46.660022],[32.713622,46.665032],[32.71219,46.66336],[32.7167549,46.664016],[32.7178865,46.6628164],[32.7199275,46.6608581],[32.7204736,46.6587871],[32.7243279,46.6588369],[32.7244971,46.6584991],[32.7242599,46.6577264],[32.724171,46.6573989],[32.724211,46.6572186],[32.7242884,46.6570898],[32.7244935,46.6571617],[32.7247083,46.6575552],[32.7248696,46.6581843],[32.7254169,46.6583903],[32.7260446,46.6583313],[32.7262217,46.6585226],[32.726104,46.6590818],[32.7263327,46.6590513],[32.7267331,46.6591386],[32.7268364,46.6590259],[32.7270539,46.65911],[32.7272634,46.6592855],[32.7272213,46.659445],[32.7271798,46.6595799],[32.7273284,46.659794],[32.7273012,46.6598898],[32.7273705,46.6600004],[32.7273326,46.6600963],[32.7273697,46.6601922],[32.7273224,46.6605149],[32.727398,46.6608181],[32.7273044,46.6609235],[32.727243,46.6610364],[32.7270308,46.6611898],[32.7268509,46.6613727],[32.7267059,46.6615395],[32.7267003,46.6616401],[32.7273224,46.6616321],[32.7276548,46.661683],[32.7279739,46.6617625],[32.7284473,46.6617801],[32.7285291,46.6618529],[32.7288294,46.6617646],[32.7288479,46.6612711],[32.7290621,46.660819],[32.729169,46.660713],[32.7293081,46.6607521],[32.7294151,46.6608207],[32.72935,46.6609211],[32.7292628,46.6609967],[32.7292922,46.6611552],[32.7291579,46.6614648],[32.7291523,46.661583],[32.7292112,46.6616717],[32.7292913,46.6617756],[32.7293392,46.6619678],[32.7292096,46.6620135],[32.729161,46.6622364],[32.7291874,46.662474],[32.7289788,46.6624178],[32.7288292,46.6622843],[32.7282391,46.6619824],[32.7269087,46.6617983],[32.726497,46.6618335],[32.7261389,46.6619682],[32.7260209,46.6619222],[32.7260316,46.6618283],[32.7264232,46.6615687],[32.7267504,46.6610478],[32.7269006,46.6609466],[32.7270133,46.6605996],[32.7269972,46.6604735],[32.7269047,46.6599608],[32.7269355,46.6597868],[32.7267719,46.6592953],[32.7265412,46.6591996],[32.7263857,46.6591775],[32.7262247,46.6591518],[32.726049,46.6591923],[32.7260289,46.6593101],[32.7261874,46.6601395],[32.7260839,46.6604788],[32.7259758,46.660641],[32.7257765,46.6607481],[32.7254717,46.6609935],[32.7251718,46.661131],[32.7249846,46.6612978],[32.7246729,46.6616709],[32.7246243,46.6619678],[32.7247044,46.662493],[32.7247016,46.6626755],[32.7248531,46.6628257],[32.7255356,46.6629501],[32.7266365,46.6631579],[32.7292469,46.6632471],[32.7304947,46.6630122],[32.7337992,46.6631448],[32.73867,46.6631006],[32.7449571,46.6627913],[32.751137,46.6627177],[32.7576991,46.6631727],[32.7582377,46.6637028],[32.7582614,46.6645753],[32.7598507,46.6651722],[32.7619972,46.6653823],[32.7630708,46.6653274],[32.7756258,46.6672204],[32.78297,46.668804],[32.78851,46.670361],[32.793706,46.672212],[32.794919,46.671461],[32.7965468,46.6691717],[32.7985316,46.666061],[32.801023,46.662229],[32.800587,46.661534],[32.799028,46.660465],[32.797705,46.659882],[32.7964128,46.6594845],[32.7957262,46.6598821],[32.7948464,46.6605153],[32.7945433,46.6605687],[32.7942744,46.6605342],[32.793791,46.6603966],[32.7942402,46.6600772],[32.7951495,46.659976],[32.7956726,46.659698],[32.7958227,46.6593151],[32.792714,46.658257],[32.792072,46.657609],[32.791451,46.656056],[32.790615,46.655136],[32.787344,46.653987],[32.783579,46.653],[32.781951,46.652309],[32.781439,46.651204],[32.781547,46.650203],[32.782868,46.64823],[32.783571,46.647132],[32.783952,46.64602],[32.783291,46.644799],[32.777772,46.641704],[32.774552,46.641085],[32.771676,46.640319],[32.770708,46.639817],[32.768312,46.638121],[32.766151,46.636396],[32.764505,46.635476],[32.757184,46.632987],[32.754949,46.632302],[32.753091,46.631931],[32.751083,46.631854],[32.749039,46.632497],[32.747177,46.633288],[32.747218,46.633543],[32.747055,46.633922],[32.747622,46.635246],[32.747846,46.63536],[32.748087,46.635302],[32.748152,46.634975],[32.748325,46.63481],[32.74832,46.63459],[32.749131,46.634843],[32.7494,46.634714],[32.750718,46.635188],[32.751135,46.635235],[32.75154,46.635173],[32.752352,46.635435],[32.752735,46.635918],[32.753088,46.636904],[32.753312,46.6373],[32.752002,46.638455],[32.749962,46.63955],[32.749788,46.640387],[32.752467,46.64109],[32.754203,46.641322],[32.755957,46.640726],[32.756191,46.640119],[32.756896,46.6401],[32.759279,46.640632],[32.759945,46.64168],[32.761158,46.642233],[32.76117,46.642668],[32.759392,46.642838],[32.757442,46.642771],[32.755824,46.642539],[32.755235,46.642101],[32.753467,46.642001],[32.750153,46.641312],[32.748257,46.640663],[32.747035,46.642094],[32.745169,46.643201],[32.743283,46.644215],[32.74273,46.644223],[32.740809,46.643621],[32.737455,46.643715],[32.734239,46.644215],[32.732653,46.644302],[32.732085,46.643842],[32.732245,46.643513],[32.731644,46.643387],[32.731,46.642589],[32.731449,46.642466],[32.731575,46.641587],[32.730925,46.640816],[32.730406,46.640737],[32.72993,46.640158],[32.729626,46.640322],[32.729278,46.640221],[32.72898,46.639151],[32.728253,46.638301],[32.727422,46.637699],[32.726705,46.637428],[32.72644,46.637186],[32.726424,46.636511],[32.726844,46.63663],[32.726948,46.636078],[32.726729,46.635658],[32.725764,46.635642],[32.72475,46.63602],[32.7231336,46.6489758],[32.7190191,46.6488986],[32.7189789,46.649567],[32.7192853,46.6498446],[32.719224,46.6499649],[32.7193428,46.6502859],[32.7194019,46.650508],[32.7193658,46.6507218],[32.7192331,46.650943],[32.7191131,46.6509432],[32.7190467,46.6505898],[32.7190125,46.6503542],[32.7189032,46.6502955],[32.7186191,46.6503628],[32.7179412,46.6503418],[32.7168234,46.6505122],[32.7167034,46.6502923],[32.7172711,46.6501456],[32.7184932,46.6500651],[32.7187963,46.649922],[32.7187764,46.6498128],[32.7185095,46.6497051],[32.7184521,46.649184],[32.7181987,46.6486689],[32.7178664,46.6485754],[32.7178216,46.6484885],[32.7174388,46.6483574],[32.7169682,46.6483899],[32.7156088,46.6481237],[32.7153369,46.6481566],[32.7150488,46.6483109],[32.7149808,46.648167],[32.7151004,46.6480377],[32.714975,46.6479082],[32.7146886,46.6478229],[32.7145,46.648165],[32.714385,46.648186],[32.714292,46.648063],[32.714112,46.648053],[32.714052,46.648116],[32.714116,46.648216],[32.714051,46.648278],[32.713876,46.648332],[32.713443,46.648334],[32.713227,46.648351],[32.713005,46.648438],[32.712882,46.648339],[32.712672,46.648294],[32.712381,46.648624],[32.712374,46.648737],[32.712447,46.648784],[32.712141,46.649007],[32.711919,46.649271],[32.711857,46.649506],[32.71172,46.649925],[32.711623,46.65002],[32.711654,46.650146],[32.711416,46.650391],[32.711275,46.650406],[32.711012,46.650318],[32.710931,46.650244],[32.711074,46.650094],[32.711038,46.649969],[32.711099,46.649882],[32.711222,46.64988],[32.711276,46.649547],[32.711529,46.649152],[32.712196,46.648406],[32.712282,46.648377],[32.71247,46.64826],[32.712589,46.64814],[32.712537,46.647936],[32.712212,46.647824],[32.712098,46.647518],[32.712163,46.647406],[32.712298,46.647294],[32.712364,46.647158],[32.712242,46.646976],[32.712133,46.647123],[32.712141,46.647212],[32.71174,46.647466],[32.711333,46.647609],[32.70993,46.649237],[32.709413,46.65018],[32.709302,46.650415],[32.709304,46.650669],[32.709253,46.65082],[32.709142,46.650896],[32.709077,46.651137],[32.710317,46.651355],[32.711761,46.651691],[32.712427,46.651774],[32.712225,46.652034],[32.710681,46.651839],[32.709073,46.651482],[32.708088,46.651408],[32.703861,46.650877],[32.702016,46.650515],[32.700213,46.65024],[32.696281,46.650104],[32.69442,46.64999],[32.692683,46.649849],[32.688618,46.64934],[32.685208,46.649008],[32.682023,46.648498],[32.681546,46.648523],[32.678033,46.647818],[32.675819,46.647215],[32.674916,46.646936],[32.6731,46.646244],[32.670618,46.645059],[32.669258,46.644447],[32.667813,46.643887],[32.666641,46.643319],[32.665533,46.642671],[32.664873,46.642014],[32.664052,46.641409],[32.66324,46.640856],[32.661366,46.639839],[32.6593,46.638642],[32.65782,46.637681],[32.657047,46.637025],[32.656564,46.63627],[32.656511,46.63564],[32.656532,46.635069],[32.656443,46.634396],[32.654965,46.632852],[32.653358,46.631633],[32.651532,46.630816],[32.64963,46.630072],[32.64645,46.629188],[32.645531,46.628996],[32.644677,46.62893],[32.642733,46.628952],[32.641857,46.629017],[32.640906,46.629015],[32.639906,46.628741],[32.639112,46.628431],[32.63865,46.62812],[32.640272,46.628772],[32.640849,46.628872],[32.641595,46.628883],[32.64366,46.628769],[32.64557,46.62882],[32.64745,46.629238],[32.649717,46.629839],[32.651935,46.630687],[32.653735,46.631564],[32.655345,46.632719],[32.6563,46.633632],[32.656987,46.634574],[32.657049,46.635009],[32.656844,46.635847],[32.656864,46.636137],[32.657052,46.6365],[32.658935,46.637824],[32.664166,46.640813],[32.665776,46.642107],[32.666646,46.64265],[32.668429,46.643512],[32.673076,46.645585],[32.67504,46.646347],[32.677512,46.647083],[32.679868,46.647602],[32.684853,46.648466],[32.693989,46.6495],[32.700164,46.649738],[32.704291,46.650503],[32.708632,46.651142],[32.708854,46.651004],[32.709065,46.650609],[32.709071,46.650386],[32.709305,46.649924],[32.709357,46.649588],[32.709724,46.649119],[32.709781,46.648895],[32.710475,46.648172],[32.711126,46.647382],[32.710906,46.647376],[32.710309,46.647133],[32.710029,46.646766],[32.710073,46.646683],[32.710364,46.646652],[32.710222,46.646474],[32.710055,46.64647],[32.709995,46.646378],[32.710033,46.646135],[32.709975,46.645915],[32.71016,46.645676],[32.710067,46.645548],[32.710365,46.645408],[32.710384,46.645305],[32.710591,46.645286],[32.710345,46.644912],[32.710292,46.644723],[32.710308,46.644566],[32.710475,46.644491],[32.710907,46.644587],[32.711249,46.643704],[32.71157,46.643188],[32.712194,46.643105],[32.712318,46.642897],[32.71305,46.642738],[32.713396,46.642273],[32.713892,46.642015],[32.715317,46.642277],[32.716437,46.642261],[32.716821,46.642168],[32.716947,46.641986],[32.716566,46.641578],[32.713134,46.638806],[32.711805,46.637522],[32.709925,46.636568],[32.706175,46.635783],[32.702812,46.635212],[32.699325,46.634328],[32.697168,46.634343],[32.694046,46.63421],[32.687833,46.633283],[32.681728,46.632031],[32.676492,46.631029],[32.671642,46.629585],[32.66903,46.628447]],[[32.7426091,46.6618996],[32.7398625,46.6619586],[32.75118,46.6616694],[32.7426091,46.6618996]]],[[[32.719507,46.636616],[32.72004,46.635486],[32.721926,46.632839],[32.722606,46.631582],[32.722551,46.631351],[32.719922,46.63092],[32.717369,46.63071],[32.71349,46.630607],[32.711919,46.630695],[32.709699,46.632256],[32.707126,46.633802],[32.707383,46.634185],[32.71234,46.636406],[32.714217,46.636933],[32.715829,46.63711],[32.717538,46.637117],[32.718431,46.637043],[32.719174,46.636918],[32.719507,46.636616]]],[[[32.730695,46.635857],[32.73127,46.635927],[32.732077,46.635816],[32.732531,46.635992],[32.733005,46.636007],[32.734156,46.635859],[32.734924,46.635439],[32.735084,46.635448],[32.735502,46.635707],[32.7358,46.635814],[32.736382,46.635725],[32.736667,46.635512],[32.736738,46.635298],[32.737441,46.635349],[32.738158,46.635463],[32.738531,46.635327],[32.739013,46.635615],[32.73913,46.635962],[32.739837,46.636406],[32.740404,46.636415],[32.741036,46.636852],[32.741849,46.637084],[32.743434,46.637905],[32.744303,46.637662],[32.744545,46.637289],[32.745431,46.636856],[32.746194,46.636507],[32.747334,46.636237],[32.747615,46.63587],[32.747661,46.635445],[32.747318,46.635157],[32.74699,46.634366],[32.746803,46.633971],[32.74684,46.633809],[32.746996,46.6335],[32.746878,46.633415],[32.744257,46.634088],[32.741836,46.633946],[32.738772,46.63351],[32.734018,46.633463],[32.730439,46.633682],[32.72716,46.634402],[32.725914,46.635143],[32.727011,46.635144],[32.727548,46.635314],[32.727893,46.635514],[32.72869,46.635648],[32.72968,46.635973],[32.730291,46.635964],[32.730695,46.635857]]],[[[32.8334289,46.654814],[32.8335342,46.6546594],[32.8334356,46.6545268],[32.8332076,46.6540629],[32.8329648,46.6537554],[32.8326631,46.65354],[32.8326108,46.6533808],[32.8322098,46.6530006],[32.8317538,46.6527318],[32.83179,46.6526296],[32.8318618,46.6523925],[32.8320023,46.6521893],[32.8319598,46.6520601],[32.8322605,46.6518298],[32.8326066,46.6513482],[32.8297127,46.6501155],[32.8263544,46.6491433],[32.8227604,46.6476997],[32.8189907,46.6461428],[32.8150531,46.6453916],[32.80897,46.6438742],[32.8072104,46.6425484],[32.8058586,46.6417823],[32.804217,46.6407289],[32.8023395,46.6397934],[32.8016724,46.6389051],[32.8011769,46.6379284],[32.8009301,46.6365803],[32.7995675,46.635409],[32.7985375,46.6337588],[32.7974647,46.6328305],[32.7951834,46.6301356],[32.7946899,46.6295388],[32.7942178,46.6291299],[32.7934453,46.6287799],[32.7922223,46.6284852],[32.7860425,46.6276158],[32.7791975,46.6297378],[32.778699,46.6306234],[32.7789944,46.6331299],[32.7789894,46.6333452],[32.7787483,46.6335457],[32.7778256,46.6340356],[32.7772463,46.6346139],[32.7763665,46.6350338],[32.7759588,46.6353948],[32.7754223,46.635741],[32.7747631,46.6363089],[32.7739847,46.6366987],[32.773062,46.6368313],[32.7704334,46.636323],[32.7681053,46.6360652],[32.767503,46.636455],[32.7691324,46.6381616],[32.771234,46.639544],[32.772906,46.6401653],[32.7746424,46.6405803],[32.77659,46.640577],[32.77819,46.641299],[32.7801787,46.6423453],[32.7820173,46.64348],[32.783935,46.644394],[32.7845445,46.6450857],[32.784875,46.646013],[32.7846584,46.6471149],[32.7843559,46.6474361],[32.7837939,46.64799],[32.7832722,46.6488249],[32.7824287,46.6503521],[32.782308,46.651138],[32.782777,46.651882],[32.785328,46.653081],[32.790455,46.654429],[32.7914362,46.6548747],[32.792117,46.655556],[32.792427,46.656689],[32.793553,46.65783],[32.7984102,46.6596133],[32.798614,46.6597974],[32.7994294,46.6599962],[32.8000624,46.6599962],[32.8004265,46.6598539],[32.800951,46.6598966],[32.801401,46.6603211],[32.8018189,46.6607751],[32.8018025,46.6608558],[32.8020222,46.6612494],[32.8022147,46.6613959],[32.8032531,46.6617907],[32.8044273,46.662449],[32.8046896,46.6625329],[32.805064,46.662745],[32.8053109,46.663078],[32.80663,46.664328],[32.807439,46.66452],[32.810223,46.664914],[32.813694,46.666256],[32.814486,46.666203],[32.815001,46.665488],[32.815252,46.664511],[32.815781,46.664222],[32.816206,46.66436],[32.816787,46.664657],[32.817203,46.66549],[32.818111,46.665726],[32.819321,46.665779],[32.820133,46.665912],[32.820958,46.666368],[32.822252,46.667854],[32.823889,46.670752],[32.824696,46.670809],[32.825302,46.670694],[32.826017,46.670678],[32.827021,46.671246],[32.8271277,46.6714242],[32.8274061,46.671411],[32.8277389,46.6710653],[32.8281092,46.6709219],[32.8298869,46.6711498],[32.8303546,46.6710189],[32.8306152,46.6707215],[32.8309725,46.670564],[32.8315161,46.6705584],[32.8321993,46.6703835],[32.8333296,46.6703797],[32.8345437,46.6706131],[32.8348741,46.6707396],[32.835183,46.6709249],[32.8354682,46.6709569],[32.8367468,46.6704204],[32.8373861,46.6698981],[32.8375663,46.669556],[32.8376412,46.6692104],[32.8378145,46.6690463],[32.8380769,46.6690182],[32.838393,46.6691079],[32.8386389,46.6690223],[32.8387231,46.6688142],[32.8395806,46.6678937],[32.8397948,46.6674942],[32.8401592,46.666572],[32.8404938,46.666335],[32.8412361,46.6659729],[32.8415942,46.6655283],[32.8426538,46.6647644],[32.8433605,46.6644432],[32.8437347,46.6640558],[32.844477,46.6635417],[32.8448974,46.6630645],[32.8445094,46.6627868],[32.8404522,46.6609775],[32.8369547,46.6587169],[32.8352809,46.6575939],[32.834157,46.6563513],[32.8337252,46.6557825],[32.833508,46.6553148],[32.8334289,46.654814]]],[[[32.803315,46.67531],[32.804978,46.675266],[32.808915,46.67587],[32.812132,46.67584],[32.816466,46.676429],[32.8185448,46.6770434],[32.824274,46.678724],[32.825121,46.678364],[32.826274,46.678184],[32.826959,46.677659],[32.827299,46.677135],[32.827122,46.676669],[32.826527,46.675953],[32.826226,46.674668],[32.826264,46.674205],[32.826816,46.6726],[32.826806,46.671496],[32.826076,46.670921],[32.825372,46.670908],[32.82454,46.671026],[32.823605,46.67091],[32.821994,46.667975],[32.820534,46.666379],[32.81964,46.666008],[32.818548,46.665985],[32.817403,46.665859],[32.816817,46.665674],[32.816693,46.66535],[32.816669,46.664977],[32.816254,46.664607],[32.815652,46.664528],[32.815418,46.664934],[32.815157,46.665978],[32.814507,46.666424],[32.813613,46.66647],[32.811689,46.665713],[32.809193,46.664973],[32.806656,46.664649],[32.804661,46.662911],[32.802725,46.661928],[32.801939,46.662243],[32.7970487,46.6701838],[32.795592,46.672557],[32.795785,46.672969],[32.79939,46.674427],[32.803315,46.67531]]],[[[32.857249,46.695147],[32.8708624,46.7001144],[32.8806261,46.7031126],[32.8854394,46.7053077],[32.8872918,46.7064433],[32.8904584,46.7089875],[32.8925024,46.7101778],[32.8944186,46.7110452],[32.8969456,46.7117207],[32.8985743,46.7118676],[32.8994948,46.7117791],[32.899973,46.7114761],[32.9007945,46.711438],[32.9039524,46.7110512],[32.9059303,46.711223],[32.9085306,46.7117348],[32.9104256,46.7077877],[32.9100609,46.7069196],[32.9106616,46.7027405],[32.9052474,46.7009003],[32.9033875,46.6984582],[32.9002544,46.6989829],[32.8983607,46.6982839],[32.8963384,46.6972758],[32.8947934,46.6955686],[32.8913042,46.693356],[32.8898979,46.6898471],[32.8811646,46.6844818],[32.874832,46.6851482],[32.8710646,46.6858645],[32.8765724,46.6885169],[32.8766571,46.689194],[32.8763985,46.6892087],[32.8763609,46.6887488],[32.8740703,46.6876264],[32.8728418,46.6870744],[32.8717851,46.6865224],[32.8706692,46.6860845],[32.8699718,46.6860735],[32.8655945,46.6852638],[32.8653156,46.6851167],[32.864586,46.6844616],[32.8624645,46.6800807],[32.8600825,46.6763264],[32.8571215,46.6728224],[32.8561452,46.6713022],[32.8551474,46.670393],[32.8508984,46.6671204],[32.8474009,46.6643484],[32.8453198,46.6630305],[32.843909,46.6640944],[32.8437025,46.6643208],[32.8434101,46.6645546],[32.8429595,46.6647313],[32.841672,46.6656185],[32.8413957,46.6659839],[32.8409156,46.6662609],[32.8403416,46.6665057],[32.839687,46.667983],[32.8391076,46.6685794],[32.8388227,46.6690195],[32.838651,46.6691483],[32.8384204,46.669222],[32.8381897,46.6691962],[32.8379161,46.669152],[32.8377927,46.6692109],[32.8377552,46.6693545],[32.837723,46.6695974],[32.8375942,46.6698735],[32.8373367,46.6701349],[32.8370739,46.6703226],[32.836846,46.6704901],[32.8364222,46.6706704],[32.835977,46.6708177],[32.8357839,46.6709318],[32.8355317,46.6710275],[32.8352474,46.6710426],[32.8350114,46.6709579],[32.8345876,46.670737],[32.8338795,46.6705751],[32.8334235,46.6704904],[32.8326457,46.6705235],[32.8323131,46.6704904],[32.8316615,46.6706693],[32.8313873,46.6707148],[32.8310574,46.6706762],[32.8309341,46.6706983],[32.8307999,46.6708013],[32.8306417,46.6710093],[32.8303735,46.6712412],[32.8299658,46.6713369],[32.8296707,46.6712743],[32.8291397,46.6711934],[32.8287588,46.6712081],[32.8282277,46.6711271],[32.8279595,46.6711197],[32.8277449,46.6713701],[32.8274821,46.6715688],[32.8270583,46.6717308],[32.827095,46.672611],[32.826677,46.674003],[32.82652,46.674878],[32.826903,46.67582],[32.827299,46.676444],[32.827599,46.677371],[32.827039,46.678046],[32.826322,46.678306],[32.825218,46.678471],[32.824687,46.678849],[32.8295253,46.681128],[32.8299574,46.6805899],[32.8340803,46.6823484],[32.8487689,46.6879393],[32.8523631,46.689794],[32.8560645,46.6913983],[32.8531033,46.6928848],[32.857249,46.695147]],[[32.88772261232584,46.69452730503078],[32.8874062,46.691652],[32.8877322,46.6944512],[32.88772261232584,46.69452730503078]],[[32.8986907,46.7053114],[32.897849,46.7055347],[32.8980956,46.7061776],[32.8981331,46.7066733],[32.8975645,46.7063128],[32.8973768,46.7056912],[32.8973902,46.7052185],[32.8980406,46.7052691],[32.8988594,46.7050736],[32.900236,46.7050842],[32.900337,46.7052499],[32.8986907,46.7053114]]],[[[32.969389,46.7164193],[32.9693443,46.7159332],[32.9693747,46.7155059],[32.9694006,46.714837],[32.9694747,46.7143962],[32.9697008,46.7141446],[32.9698115,46.7140088],[32.969838,46.7136004],[32.9697654,46.7126789],[32.9698108,46.7118089],[32.9697806,46.7112476],[32.9622049,46.7116872],[32.9622534,46.7118834],[32.962216,46.7119876],[32.9622218,46.7121961],[32.9622978,46.7123446],[32.9624327,46.7124636],[32.9625086,46.7125937],[32.9626568,46.7130477],[32.9628883,46.7131668],[32.9630984,46.7132196],[32.9632503,46.7133216],[32.963259,46.7134152],[32.9632082,46.7135466],[32.9630433,46.7136969],[32.962975,46.7138252],[32.9630022,46.7139483],[32.963142,46.7141781],[32.9632333,46.7143923],[32.9632281,46.7145697],[32.9630679,46.7147203],[32.9629341,46.714792],[32.9628647,46.7148636],[32.9628347,46.7149408],[32.9628894,46.7149941],[32.9628798,46.7150621],[32.9628485,46.7151999],[32.9627899,46.7153221],[32.9626776,46.7154187],[32.9627115,46.7156649],[32.9626828,46.715983],[32.962588,46.7163351],[32.9626694,46.7163916],[32.9626649,46.716496],[32.9627057,46.7165104],[32.9628001,46.7165343],[32.9629857,46.7165067],[32.9629921,46.7163449],[32.9634694,46.7162286],[32.9636784,46.7160462],[32.9638443,46.715707],[32.9640634,46.7154811],[32.9643403,46.7156014],[32.9645259,46.7156481],[32.9647899,46.7157672],[32.9649799,46.7158032],[32.96506,46.715911],[32.9651939,46.7159869],[32.9651857,46.7160414],[32.9651615,46.7160923],[32.965294,46.716354],[32.9653836,46.7164465],[32.965449,46.7164912],[32.965434,46.7166094],[32.9653664,46.7166694],[32.9651977,46.716802],[32.9649754,46.7169125],[32.9647293,46.7169166],[32.9646232,46.7168107],[32.9644164,46.7168085],[32.9643196,46.7168891],[32.9641921,46.7168858],[32.9639621,46.7169246],[32.9638658,46.7169421],[32.9638687,46.7169895],[32.9638125,46.7170296],[32.9638472,46.7171057],[32.9636901,46.7171113],[32.9635813,46.7170728],[32.9635138,46.7170104],[32.9636203,46.7169371],[32.9635114,46.71682],[32.9632936,46.7167991],[32.9629782,46.7165581],[32.9627035,46.716569],[32.9627121,46.7166184],[32.9626939,46.7166678],[32.9626515,46.7167384],[32.9626521,46.716853],[32.9625507,46.7169898],[32.9624812,46.7171483],[32.9623903,46.7174502],[32.9623523,46.7176901],[32.9623198,46.7179259],[32.9624027,46.7179558],[32.9624089,46.7180982],[32.9624419,46.7182002],[32.9625836,46.7185284],[32.9625965,46.7186285],[32.9624502,46.7187681],[32.9622931,46.7188931],[32.9621736,46.7190309],[32.9620755,46.7191687],[32.9620485,46.7192632],[32.9619679,46.7193983],[32.9618336,46.7195664],[32.9617101,46.7196794],[32.9615639,46.7197667],[32.9614023,46.7198196],[32.9610261,46.7198724],[32.9607572,46.7199638],[32.9606898,46.7200224],[32.9606063,46.720081],[32.9605151,46.7201875],[32.9606197,46.7202453],[32.9606921,46.7203252],[32.9607109,46.7204824],[32.9606331,46.720599],[32.9604745,46.7210137],[32.9602624,46.7213029],[32.9600652,46.721464],[32.9600202,46.7215262],[32.9600074,46.7215847],[32.9600475,46.7216891],[32.9601037,46.7218633],[32.9601142,46.7221369],[32.9600765,46.7222928],[32.9600064,46.7224123],[32.9599417,46.7228077],[32.9598122,46.7231572],[32.9600701,46.7231564],[32.9601885,46.7232732],[32.9604152,46.7233436],[32.9607263,46.7232127],[32.960957,46.7230957],[32.9612092,46.7230596],[32.9614882,46.7229969],[32.9617135,46.7230886],[32.9621749,46.7231654],[32.9622849,46.7232514],[32.9626417,46.7233963],[32.9630978,46.7234727],[32.9634737,46.7234233],[32.9638497,46.7233151],[32.9645076,46.7229811],[32.9648956,46.7226247],[32.964977,46.7224318],[32.9650659,46.7224273],[32.9652729,46.7222977],[32.9653172,46.7222261],[32.9653348,46.722103],[32.9654074,46.72207],[32.9656653,46.7219306],[32.9660952,46.7216002],[32.9665757,46.7212181],[32.9667988,46.7209536],[32.9670969,46.7209061],[32.9672341,46.7207851],[32.9675406,46.7204768],[32.9675383,46.7202307],[32.967366,46.7200257],[32.9672209,46.7200299],[32.9671215,46.7199217],[32.9671831,46.7198355],[32.9676001,46.7196025],[32.9680278,46.7194726],[32.9683469,46.7192567],[32.9685665,46.7193253],[32.9688663,46.7191755],[32.9692372,46.7189009],[32.9690879,46.7182399],[32.969137,46.7177702],[32.9693882,46.7175276],[32.9694114,46.717415],[32.9693622,46.7172895],[32.9692853,46.7170606],[32.969389,46.7164193]]],[[[32.9430524,46.727862],[32.9423121,46.7275315],[32.9417005,46.7271642],[32.9407242,46.7268631],[32.9396406,46.7266428],[32.9363363,46.7261002],[32.9306926,46.7246581],[32.9304135,46.7242603],[32.9302838,46.7238773],[32.9296391,46.7234943],[32.9279635,46.7229929],[32.9262164,46.7223962],[32.9251775,46.7221084],[32.9251831,46.7221911],[32.9253039,46.7222839],[32.9253341,46.7223972],[32.925257,46.7224884],[32.9251672,46.722487],[32.9245775,46.7222992],[32.9233982,46.7217986],[32.9216404,46.7208708],[32.9198867,46.7194852],[32.9184135,46.7186284],[32.9157388,46.7176833],[32.9102472,46.715663],[32.9085822,46.7149511],[32.9060161,46.7142096],[32.90448,46.7139546],[32.903416,46.7140526],[32.9017869,46.713781],[32.898658,46.713118],[32.896216,46.712574],[32.892702,46.711619],[32.891172,46.710987],[32.889643,46.710091],[32.886412,46.707385],[32.881904,46.705263],[32.876709,46.70314],[32.87001,46.701073],[32.869693,46.701077],[32.871704,46.702567],[32.885555,46.71155],[32.894808,46.717087],[32.901943,46.72084],[32.907969,46.723484],[32.910295,46.724762],[32.915347,46.726951],[32.922693,46.728727],[32.934792,46.731132],[32.950228,46.733065],[32.959572,46.7338683],[32.955403802157555,46.731591497842444],[32.959572,46.733868],[32.960009,46.733554],[32.960335,46.73261],[32.960296,46.731769],[32.96038,46.731373],[32.960293,46.730638],[32.960741,46.729449],[32.960742,46.727506],[32.96023,46.726782],[32.95974,46.726602],[32.959513,46.726705],[32.959354,46.726914],[32.959302,46.727153],[32.958856,46.72744],[32.959186,46.727807],[32.958912,46.727991],[32.958594,46.728086],[32.95833,46.728121],[32.958002,46.727832],[32.95816,46.727637],[32.957941,46.72735],[32.957687,46.727333],[32.957304,46.727168],[32.957189,46.726909],[32.956946,46.726767],[32.956616,46.726919],[32.956512,46.727082],[32.956258,46.726966],[32.956115,46.726689],[32.955866,46.726459],[32.955832,46.726096],[32.955637,46.725958],[32.955583,46.725757],[32.956433,46.725556],[32.957176,46.725546],[32.957468,46.725323],[32.957364,46.725201],[32.95711,46.725153],[32.957251,46.725089],[32.95723,46.724917],[32.957348,46.724819],[32.957361,46.724698],[32.957562,46.724706],[32.957677,46.724626],[32.95759,46.724503],[32.957691,46.724459],[32.957761,46.724394],[32.95774,46.724246],[32.957572,46.724087],[32.957726,46.723986],[32.957936,46.724005],[32.958345,46.724093],[32.958716,46.724089],[32.959041,46.72398],[32.959455,46.723812],[32.959692,46.723622],[32.95979,46.723416],[32.95978,46.723294],[32.959812,46.723157],[32.9598713,46.7228807],[32.9598982,46.7228142],[32.9599359,46.7227735],[32.959952,46.7225449],[32.9599563,46.7224154],[32.9599541,46.7223422],[32.9600269,46.7223241],[32.9600814,46.7221702],[32.9600716,46.7218932],[32.9600184,46.7216903],[32.959973,46.7215907],[32.9599905,46.7215004],[32.9600671,46.7214285],[32.9602253,46.7212897],[32.9604211,46.7210184],[32.9605392,46.7207453],[32.9605875,46.7205457],[32.9606145,46.7204508],[32.960569,46.7203905],[32.9604632,46.7203456],[32.9604652,46.7202552],[32.9604458,46.7201022],[32.9607518,46.7199145],[32.9610578,46.7198004],[32.9612565,46.7198076],[32.9615865,46.7197119],[32.9617556,46.7195794],[32.9619267,46.7193316],[32.962028,46.719069],[32.9623917,46.7186268],[32.9623962,46.7185119],[32.9622827,46.7183234],[32.9620959,46.7182573],[32.9621128,46.7181513],[32.9620867,46.7180711],[32.961975,46.7180024],[32.9619062,46.7179338],[32.9616989,46.7178479],[32.961472,46.7176874],[32.9613658,46.7174882],[32.9612918,46.7172889],[32.9614069,46.7173003],[32.9614591,46.7173391],[32.9617312,46.7173815],[32.9617788,46.7174551],[32.9617727,46.7175397],[32.9617713,46.7176722],[32.961849,46.7177459],[32.9619507,46.7178382],[32.9621151,46.7177892],[32.9622281,46.7175823],[32.9622277,46.7175014],[32.9622809,46.717494],[32.9623176,46.7174112],[32.9622756,46.7173835],[32.962409,46.7172251],[32.9624263,46.717162],[32.9625053,46.7169698],[32.9624831,46.7169197],[32.9625467,46.7168659],[32.962528,46.716669],[32.9624476,46.7165991],[32.9624987,46.7162091],[32.9625646,46.7160802],[32.9625707,46.7159846],[32.9626143,46.7158999],[32.9626429,46.7157973],[32.962625,46.7156081],[32.9626017,46.7155071],[32.9626292,46.7153497],[32.9626807,46.7152643],[32.9627536,46.7151936],[32.9628064,46.7151717],[32.9628055,46.7151314],[32.9627635,46.7150231],[32.9627752,46.7149149],[32.9628166,46.7147761],[32.96289,46.714729],[32.9629365,46.7146709],[32.9631101,46.7145987],[32.9631461,46.7145354],[32.9631223,46.7143401],[32.9630595,46.7142645],[32.9630181,46.7141853],[32.962799,46.7140006],[32.9628125,46.7138341],[32.9628635,46.7136969],[32.96314,46.7134503],[32.963135,46.7133395],[32.9629375,46.7132881],[32.9626702,46.7132914],[32.9625366,46.7131956],[32.9624458,46.7130998],[32.9623987,46.7128976],[32.9623946,46.7126733],[32.9623469,46.7125409],[32.962267,46.7124674],[32.9622489,46.7123681],[32.9621754,46.7122725],[32.9621717,46.7121733],[32.9621309,46.7120854],[32.9621276,46.7119976],[32.9621613,46.7119267],[32.9620873,46.7118338],[32.9620777,46.7116673],[32.96125,46.711724],[32.948264,46.712896],[32.94356,46.713892],[32.939613,46.71534],[32.937984,46.716287],[32.930648,46.718742],[32.927942,46.71908],[32.924902,46.719032],[32.922011,46.718632],[32.915653,46.716065],[32.911834,46.714444],[32.909067,46.712956],[32.905823,46.712194],[32.902901,46.71214],[32.900022,46.712615],[32.900402,46.712874],[32.902456,46.713309],[32.90396,46.713355],[32.905485,46.713474],[32.908867,46.714366],[32.912896,46.715761],[32.915853,46.716935],[32.919876,46.718462],[32.921973,46.72],[32.922618,46.720744],[32.923418,46.721307],[32.927513,46.72236],[32.930819,46.723406],[32.931829,46.723892],[32.931486,46.724319],[32.936379,46.7256],[32.940842,46.72638],[32.945606,46.728071],[32.951214,46.72977],[32.95266,46.730129],[32.953126898372034,46.73034795234149],[32.9526874,46.7302958],[32.9512819,46.7300341],[32.9510029,46.729915],[32.9507775,46.7298608],[32.9505951,46.7299022],[32.9495007,46.7297229],[32.947344,46.7290646],[32.9430524,46.727862]]],[[[33.0493118,46.7337864],[33.0492301,46.7335292],[33.0490732,46.7333309],[33.0486354,46.7329688],[33.0483263,46.7326214],[33.0480943,46.7322282],[33.0479713,46.7317944],[33.0481487,46.731162],[33.0484602,46.7308642],[33.0486966,46.7305591],[33.0487409,46.7300225],[33.0487148,46.7295851],[33.0485814,46.7293094],[33.0483916,46.728861],[33.0481551,46.7285714],[33.0478784,46.7283573],[33.0476043,46.7282295],[33.0465068,46.7281955],[33.0454459,46.7279346],[33.0451407,46.7277243],[33.0451275,46.7274941],[33.0450071,46.7272786],[33.0445246,46.7266329],[33.0444819,46.7262041],[33.0445765,46.7253997],[33.0442479,46.7250045],[33.043779,46.724233],[33.043473,46.723934],[33.042855,46.723628],[33.040804,46.723048],[33.035363,46.72206],[33.032978,46.721849],[33.025076,46.719559],[33.017561,46.717886],[33.0131025,46.7176261],[33.0120344,46.7176015],[33.0091686,46.7173168],[33.0040379,46.7166294],[32.997682,46.716137],[32.993512,46.715446],[32.989454,46.714457],[32.985363,46.71307],[32.980484,46.71123],[32.974107,46.710992],[32.9724126,46.711038],[32.970959,46.7111562],[32.970809,46.7111382],[32.9699886,46.7112311],[32.9699508,46.7115519],[32.9700498,46.7119588],[32.9700095,46.7140797],[32.9696658,46.7145146],[32.9695904,46.7150892],[32.9696089,46.7163406],[32.9694772,46.7170036],[32.9696351,46.7174165],[32.9695773,46.7176964],[32.9694374,46.7177995],[32.9693192,46.7178971],[32.96926,46.7180019],[32.9692002,46.7182861],[32.9692476,46.7185556],[32.9693272,46.7188066],[32.9695548,46.7190076],[32.9698628,46.7190467],[32.9701766,46.7188924],[32.9705293,46.7185706],[32.9709463,46.7182636],[32.9714278,46.7184531],[32.9721881,46.7187603],[32.9728721,46.7188744],[32.9732421,46.7191321],[32.9738885,46.7192463],[32.9742332,46.7194872],[32.9751787,46.7198753],[32.9757043,46.7199049],[32.9762085,46.7198463],[32.9764767,46.7201114],[32.9770265,46.7201887],[32.9772545,46.7201483],[32.977453,46.7203176],[32.9787404,46.7203548],[32.9793626,46.7202597],[32.9795503,46.7204327],[32.9805105,46.7205617],[32.9806928,46.7207607],[32.9813258,46.721311],[32.98183,46.721567],[32.9821841,46.7221467],[32.9823302,46.7222706],[32.9826588,46.7224093],[32.9826119,46.72257],[32.9827044,46.7227748],[32.9829109,46.7229786],[32.9832771,46.7232129],[32.9833642,46.7235648],[32.983493,46.7237179],[32.9834608,46.7239592],[32.9836754,46.7243389],[32.9842009,46.7248539],[32.9844932,46.7249054],[32.9847855,46.7250599],[32.9848525,46.7252474],[32.9852199,46.7256336],[32.9854719,46.7257072],[32.9857025,46.7258838],[32.9858714,46.7259059],[32.9859116,46.7257735],[32.9863019,46.7257864],[32.9864346,46.7258876],[32.9868229,46.7258609],[32.9871682,46.7259078],[32.9871058,46.726043],[32.9871507,46.7261781],[32.9866347,46.7261503],[32.9862688,46.7262697],[32.9856658,46.7262142],[32.9852087,46.7263151],[32.9849281,46.7263036],[32.9847763,46.7261597],[32.9849448,46.7259454],[32.9846744,46.7256178],[32.9838117,46.725389],[32.9835537,46.7254248],[32.9834244,46.7255782],[32.9832093,46.7253713],[32.9827367,46.7252526],[32.9823493,46.7250594],[32.9820693,46.7248514],[32.9813418,46.7247029],[32.9806133,46.7246286],[32.979799,46.7244954],[32.9794138,46.7246234],[32.97846,46.7248249],[32.9782831,46.7249907],[32.9779131,46.7251566],[32.977704,46.7254712],[32.9777094,46.7257416],[32.9773823,46.7257547],[32.9771195,46.7259295],[32.9771304,46.7261141],[32.9762884,46.7269786],[32.9760778,46.7271102],[32.9756098,46.7272417],[32.9748669,46.7273945],[32.9745276,46.727294],[32.9743601,46.7271641],[32.9739243,46.7271519],[32.9736816,46.7272279],[32.9733862,46.7274013],[32.9732196,46.72706],[32.9729507,46.7269509],[32.9728636,46.7266739],[32.9724748,46.7263846],[32.9720015,46.7261959],[32.9716783,46.7261248],[32.9714397,46.7259091],[32.9705682,46.7255463],[32.9698534,46.7254605],[32.9693747,46.7255365],[32.9686615,46.725653],[32.9682487,46.7258137],[32.9679165,46.7260614],[32.9675842,46.7260934],[32.9667421,46.7263079],[32.9653635,46.7267283],[32.9649992,46.726954],[32.9644364,46.7270178],[32.9641389,46.7270865],[32.9637234,46.7271258],[32.9636082,46.727093],[32.9633535,46.7270566],[32.9631135,46.727111],[32.9628842,46.7272316],[32.9624671,46.7274772],[32.9622003,46.7275978],[32.9620235,46.7276463],[32.9615006,46.7276632],[32.9610882,46.7277593],[32.9608904,46.7278555],[32.9610313,46.728489],[32.9609085,46.729124],[32.9609145,46.729759],[32.9605831,46.7305731],[32.9605676,46.731756],[32.9606594,46.7329094],[32.9601182,46.7339158],[32.9602207,46.7342162],[32.9607232,46.7344169],[32.9612257,46.7344411],[32.962855,46.734383],[32.968793,46.735622],[32.977092,46.736861],[32.98486,46.737683],[32.98991,46.737953],[32.994509,46.737621],[33.007399,46.736484],[33.017814,46.736622],[33.021426,46.737024],[33.024219,46.736872],[33.027613,46.736985],[33.035611,46.73817],[33.043179,46.73956],[33.0435977,46.7398027],[33.044314,46.7397792],[33.0446185,46.7395027],[33.0446892,46.7392497],[33.0447171,46.7389821],[33.0445913,46.7386652],[33.0444011,46.738488],[33.044128,46.7383836],[33.0444461,46.7381898],[33.0444316,46.7377093],[33.0448318,46.7371306],[33.0453469,46.7367393],[33.0460122,46.7364067],[33.0467633,46.7361588],[33.0475788,46.7359622],[33.0481771,46.7354699],[33.0486157,46.7346282],[33.049173,46.7340529],[33.0493118,46.7337864]]],[[[33.0534777,46.7259251],[33.0531304,46.7257247],[33.0520039,46.7256586],[33.0507486,46.7251217],[33.0505233,46.725107],[33.0503624,46.725243],[33.0501907,46.7252982],[33.0498822,46.7251401],[33.0496207,46.7251198],[33.0492734,46.7251658],[33.0484526,46.724776],[33.0478626,46.7243053],[33.0470579,46.7240038],[33.0464142,46.7238787],[33.045749,46.7239302],[33.0452662,46.7235772],[33.044955,46.7236066],[33.0446761,46.7235331],[33.044778,46.7234411],[33.04466,46.7232425],[33.0443757,46.7232094],[33.0443328,46.7233051],[33.0441396,46.7231727],[33.0439143,46.7232683],[33.0437749,46.7235036],[33.0439802,46.7236483],[33.0444936,46.7241738],[33.0449721,46.7248353],[33.0457727,46.7255909],[33.0467457,46.7261784],[33.0478073,46.7265689],[33.048783,46.7267967],[33.0501116,46.7269167],[33.0520183,46.7269188],[33.0542469,46.7271859],[33.0556785,46.7275523],[33.0558394,46.7275155],[33.0559736,46.7272655],[33.0557804,46.7271442],[33.0557978,46.727032],[33.0558904,46.7269419],[33.0558716,46.72685],[33.0552627,46.7265448],[33.0534777,46.7259251]]],[[[33.0612203,46.7288722],[33.0603578,46.7286163],[33.0571094,46.7275381],[33.0568675,46.7275203],[33.0568024,46.7275505],[33.0567537,46.7275178],[33.0567319,46.7274593],[33.0565373,46.7273818],[33.0563681,46.7273959],[33.0562786,46.7274476],[33.0561676,46.7275471],[33.0560101,46.727735],[33.0562667,46.727947],[33.0565716,46.7280782],[33.0594203,46.7293066],[33.0619043,46.7307114],[33.0632556,46.7311313],[33.0642885,46.731148],[33.0654385,46.7309807],[33.0663893,46.7310222],[33.0676941,46.7312843],[33.0684026,46.7314896],[33.0688968,46.7315865],[33.0694768,46.7317717],[33.0698745,46.731887],[33.0702775,46.7320281],[33.0704016,46.7320055],[33.0704505,46.7319462],[33.0703758,46.7318108],[33.0702742,46.7316938],[33.0701136,46.7316136],[33.0700956,46.7316799],[33.0700356,46.7317167],[33.069997,46.731691],[33.0700199,46.7315698],[33.0699852,46.7315223],[33.0696286,46.7314137],[33.0693369,46.7313553],[33.069072,46.731341],[33.0682312,46.7311727],[33.0673306,46.7307008],[33.0659479,46.7302128],[33.0652042,46.730009],[33.0648976,46.7299615],[33.0644516,46.729833],[33.0636582,46.7294353],[33.0626747,46.7290427],[33.0622915,46.7289744],[33.0616131,46.7289401],[33.0612203,46.7288722]]],[[[33.0463585,46.7280306],[33.0473992,46.7280821],[33.0476655,46.728019],[33.0481496,46.7280817],[33.049122,46.7283467],[33.0499079,46.7287001],[33.0504701,46.7293038],[33.0510752,46.7297973],[33.0513504,46.7297974],[33.0515815,46.729722],[33.0516892,46.7296356],[33.0518142,46.7296623],[33.0518962,46.7296559],[33.0519744,46.7297239],[33.0520847,46.7296431],[33.0522112,46.7296506],[33.0523889,46.7296545],[33.0525076,46.729526],[33.0528162,46.729457],[33.0528591,46.729338],[33.0528162,46.7292264],[33.0528913,46.7290253],[33.0526875,46.7289565],[33.0525695,46.7288509],[33.0528162,46.7287428],[33.0530791,46.72856],[33.0532132,46.7286052],[33.0533366,46.7286283],[33.053417,46.7287028],[33.0535833,46.7287342],[33.0534814,46.7289662],[33.0535397,46.7290292],[33.053641,46.7290481],[33.0538113,46.7291116],[33.0539585,46.7291909],[33.0541063,46.7291843],[33.0541737,46.7292181],[33.0541349,46.7292709],[33.054224,46.7293055],[33.0542768,46.7293297],[33.0542599,46.729376],[33.0541725,46.7294392],[33.0541263,46.7294589],[33.0540287,46.7294027],[33.0539836,46.7294281],[33.0539225,46.7294168],[33.0540157,46.7293089],[33.0539597,46.7292747],[33.0538858,46.729307],[33.0537621,46.7292153],[33.0536866,46.7292009],[33.0534278,46.729235],[33.0532937,46.7293951],[33.053224,46.7295773],[33.0533743,46.7296682],[33.0537096,46.7297872],[33.0545707,46.7298915],[33.0554452,46.7298794],[33.0555659,46.7300164],[33.0557402,46.7301239],[33.056046,46.7301524],[33.0562016,46.7302544],[33.0562901,46.7304033],[33.0565878,46.7305485],[33.0568064,46.7305448],[33.0569318,46.7304914],[33.0569929,46.7305153],[33.057011,46.7305438],[33.056911,46.7305649],[33.0568614,46.7306145],[33.0569097,46.7308277],[33.0569929,46.730982],[33.0571512,46.7310996],[33.0573765,46.7311065],[33.0575162,46.7310025],[33.0576209,46.7310755],[33.0576826,46.7312295],[33.0576774,46.7314343],[33.0576078,46.7316061],[33.0576374,46.7317288],[33.0575811,46.7318809],[33.0572613,46.7317654],[33.0571196,46.7317899],[33.0569887,46.7318658],[33.0567054,46.7318485],[33.0566451,46.7316175],[33.0565237,46.7315057],[33.0564346,46.7313424],[33.0562348,46.7311923],[33.0560176,46.7310797],[33.0558768,46.7310932],[33.055736,46.7311361],[33.0545347,46.7316415],[33.0544496,46.7322391],[33.0546709,46.7324746],[33.0547501,46.7325465],[33.0548298,46.7325357],[33.0548747,46.7325139],[33.0549799,46.7325381],[33.0551237,46.7328167],[33.0551715,46.7330001],[33.0550154,46.7332424],[33.055097,46.7333272],[33.0553743,46.7334321],[33.0560337,46.7333094],[33.0560108,46.7330967],[33.0562036,46.7330123],[33.0560639,46.7328929],[33.0561818,46.7327891],[33.0564876,46.7327666],[33.0565868,46.7328178],[33.0568241,46.7328177],[33.0569759,46.733019],[33.0568808,46.7330732],[33.0567551,46.7329684],[33.0565894,46.7329647],[33.0564171,46.7331561],[33.0565429,46.7332455],[33.0567238,46.7332228],[33.0568188,46.7333324],[33.0569605,46.7333752],[33.057185,46.7335857],[33.0571578,46.7338454],[33.0573022,46.7338918],[33.0578552,46.7341489],[33.0586763,46.7343399],[33.0601037,46.7347367],[33.0621114,46.7354235],[33.0629247,46.73617],[33.0630616,46.7364774],[33.0633891,46.7366656],[33.0644867,46.7365015],[33.0654341,46.7365248],[33.0683505,46.7363826],[33.0691811,46.7364144],[33.0697166,46.7365932],[33.0702123,46.7366136],[33.0707777,46.7365311],[33.0713184,46.7363292],[33.071415,46.73573],[33.071839,46.734884],[33.071876,46.73406],[33.071635,46.733545],[33.071176,46.732922],[33.070481,46.732519],[33.067804,46.731669],[33.065417,46.731341],[33.064149,46.731523],[33.063202,46.731499],[33.061679,46.731035],[33.056475,46.72849],[33.054086,46.727583],[33.052147,46.727338],[33.049897,46.72738],[33.048547,46.727238],[33.0477,46.727069],[33.046853,46.726752],[33.045762,46.726194],[33.044779,46.725534],[33.044674,46.7258758],[33.0447009,46.7266406],[33.0447813,46.7268429],[33.044953,46.7269973],[33.0451032,46.7271591],[33.0453875,46.7276886],[33.0456557,46.7277695],[33.0463585,46.7280306]]],[[[33.090124,46.758618],[33.092284,46.75878],[33.092807,46.758398],[33.092912,46.75751],[33.093423,46.757174],[33.094197,46.757114],[33.095493,46.757434],[33.096724,46.757628],[33.099043,46.757341],[33.099924,46.757421],[33.101043,46.758617],[33.10214,46.759402],[33.102703,46.759708],[33.103137,46.759646],[33.103451,46.759495],[33.103743,46.758889],[33.103773,46.757992],[33.103448,46.757118],[33.102938,46.756288],[33.102391,46.755804],[33.101585,46.75543],[33.101005,46.755211],[33.100798,46.754796],[33.101495,46.754128],[33.102986,46.753578],[33.103189,46.753102],[33.100718,46.751765],[33.097293,46.750759],[33.095755,46.750032],[33.095135,46.749653],[33.094735,46.749222],[33.093991,46.747677],[33.093021,46.74608],[33.092462,46.74548],[33.091248,46.744468],[33.089185,46.743076],[33.087255,46.741951],[33.085497,46.740768],[33.083138,46.738938],[33.080951,46.73746],[33.079917,46.736957],[33.078754,46.736572],[33.077609,46.736492],[33.075177,46.736985],[33.073864,46.737166],[33.072573,46.737184],[33.072086,46.73708],[33.071621,46.736902],[33.071313,46.736502],[33.070883,46.7366247],[33.0701418,46.7367695],[33.0696237,46.7367115],[33.0693003,46.7365648],[33.068742,46.7365134],[33.0680013,46.7365061],[33.0671228,46.7366293],[33.0660726,46.7367084],[33.065349,46.7367038],[33.0647757,46.7366404],[33.064101,46.7367194],[33.0633549,46.7370209],[33.0635248,46.737275],[33.0641677,46.737674],[33.0647462,46.7383231],[33.0651906,46.7387222],[33.065799,46.7390762],[33.0663216,46.739136],[33.0667652,46.7391862],[33.0674447,46.7395453],[33.067967,46.7395575],[33.0685394,46.7402142],[33.0686076,46.7408636],[33.0689958,46.7410412],[33.069209,46.7410546],[33.06961,46.7412665],[33.0699882,46.7412896],[33.0702592,46.7412171],[33.0703852,46.7411005],[33.0704242,46.7407156],[33.0705382,46.7404703],[33.0706086,46.7404304],[33.0707233,46.740407],[33.0708488,46.7404094],[33.0710866,46.7405259],[33.0713217,46.7405837],[33.071404,46.7405624],[33.0713995,46.7405168],[33.0714647,46.7404896],[33.0716033,46.7405492],[33.0716024,46.7406602],[33.0714826,46.7407205],[33.0712751,46.7406169],[33.0710368,46.7405506],[33.0709165,46.7405027],[33.0707028,46.7404619],[33.0705863,46.7405126],[33.0705824,46.7406184],[33.0705026,46.7408064],[33.0705164,46.7409464],[33.0704658,46.7411194],[33.0704175,46.7411777],[33.0702405,46.7412708],[33.0700099,46.7413469],[33.0695029,46.7413292],[33.0693487,46.7412652],[33.0690544,46.7412204],[33.0689424,46.7412711],[33.0687869,46.7411306],[33.0684947,46.7410599],[33.0682457,46.7412256],[33.0684018,46.7414134],[33.0683833,46.7415808],[33.068492,46.7416608],[33.0684827,46.7418217],[33.0680218,46.7413628],[33.0676653,46.741297],[33.0668152,46.7413341],[33.06579,46.7412827],[33.0653203,46.74111],[33.064915,46.7411284],[33.0640018,46.7406139],[33.0638406,46.7403658],[33.063878,46.7401168],[33.0637437,46.739956],[33.0637495,46.7394414],[33.0640081,46.7393202],[33.0642837,46.7385777],[33.0639203,46.7380636],[33.0628056,46.7372229],[33.0626291,46.73724],[33.0609753,46.7364836],[33.0589616,46.7361733],[33.0586416,46.7363833],[33.0579209,46.7367371],[33.057574,46.7367632],[33.05727,46.7368573],[33.0568766,46.7367463],[33.0566692,46.7366504],[33.055886,46.7365001],[33.0553558,46.7362619],[33.054772,46.7359134],[33.0546012,46.7356531],[33.0547814,46.735705],[33.0550474,46.7357054],[33.0551957,46.7356348],[33.0552152,46.7355201],[33.0550183,46.7352171],[33.0543241,46.7347729],[33.0546652,46.7338912],[33.0546083,46.7336597],[33.0542832,46.7334577],[33.0545023,46.7333851],[33.0546333,46.7332826],[33.054709,46.7331853],[33.0549349,46.7331468],[33.0548977,46.7329491],[33.0548601,46.7327322],[33.0546563,46.7325778],[33.0542974,46.7325757],[33.0540291,46.7325977],[33.0537877,46.7325095],[33.0535302,46.7325279],[33.0533371,46.7326088],[33.0533425,46.732697],[33.0531333,46.7327705],[33.0529455,46.7326933],[33.0529724,46.7326419],[33.0529724,46.7324838],[33.0527524,46.7323404],[33.0527685,46.7321565],[33.0531655,46.7320499],[33.0531279,46.7319212],[33.0532835,46.7318771],[33.05338,46.7316675],[33.0532082,46.7314492],[33.0529775,46.7312837],[33.0525161,46.7314014],[33.0523606,46.7311918],[33.0520258,46.7311661],[33.0515859,46.7307874],[33.051382,46.7308757],[33.0512533,46.7307874],[33.0514142,46.7306477],[33.0511192,46.7303756],[33.0510119,46.7301734],[33.0508885,46.7301109],[33.0507812,46.7299638],[33.0503275,46.7294624],[33.0503007,46.7293557],[33.05007,46.7291167],[33.0499091,46.7290138],[33.049834,46.7287821],[33.0493673,46.7285762],[33.0485144,46.7283482],[33.0482247,46.728282],[33.0481657,46.7283519],[33.048568,46.7287564],[33.0487933,46.7290358],[33.0488899,46.7292675],[33.048906,46.7295212],[33.0489113,46.7297529],[33.0488802,46.7301789],[33.0488158,46.7305834],[33.0486763,46.7308629],[33.0484296,46.7311202],[33.0483867,46.731385],[33.0483008,46.7318115],[33.0483437,46.7322748],[33.0485905,46.7326204],[33.0489875,46.7330028],[33.0493838,46.7333535],[33.0493999,46.7335925],[33.0494965,46.7337396],[33.0494643,46.734019],[33.0493033,46.7341918],[33.0492014,46.7342396],[33.049019,46.7344308],[33.0490244,46.7345337],[33.0488205,46.7348462],[33.0486811,46.7351624],[33.0483447,46.7355998],[33.0480335,46.7359234],[33.0476795,46.7361513],[33.0473362,46.7362763],[33.0469607,46.7363205],[33.0465744,46.7364381],[33.0459629,46.7366881],[33.0454694,46.7369087],[33.0452226,46.7370925],[33.0450938,46.737291],[33.0448578,46.7374896],[33.0446647,46.737769],[33.0446003,46.738144],[33.044772,46.7386072],[33.0449329,46.7387396],[33.0448685,46.7390998],[33.0448578,46.7393572],[33.0448685,46.7396145],[33.0446432,46.7398057],[33.0447291,46.7399895],[33.051006,46.741832],[33.0636555,46.7474018],[33.065451,46.748213],[33.0809393,46.7568447],[33.084863,46.759047],[33.087283,46.759766],[33.088598,46.75878],[33.090124,46.758618]]],[[[33.0910418,46.742207],[33.0912027,46.7419864],[33.0911866,46.7419129],[33.0900252,46.7413817],[33.0895357,46.7411161],[33.089132,46.7408652],[33.0888017,46.7406838],[33.0883901,46.7404835],[33.0879571,46.7402538],[33.0874061,46.7399139],[33.0872505,46.7395187],[33.0875456,46.7390941],[33.0878936,46.7388187],[33.0878768,46.7385949],[33.0875918,46.7382607],[33.0872853,46.7380295],[33.0868441,46.73792],[33.0861024,46.7378399],[33.0855861,46.7379363],[33.0848122,46.737915],[33.0837366,46.7376665],[33.0825806,46.7371755],[33.0815533,46.7367138],[33.0799279,46.7361286],[33.0786297,46.7353265],[33.0771171,46.7346861],[33.076004,46.7343532],[33.0748587,46.7341601],[33.0736733,46.7337516],[33.0725925,46.7336612],[33.0722157,46.7334009],[33.0719891,46.73342],[33.0721979,46.7338615],[33.0721931,46.7348178],[33.0717905,46.7357006],[33.0716671,46.7361196],[33.0718917,46.7365894],[33.072406,46.7368901],[33.0730484,46.7368664],[33.0738206,46.736889],[33.0746463,46.736794],[33.0767703,46.7363937],[33.0774995,46.73617],[33.0788071,46.7362014],[33.0822699,46.7376024],[33.0839692,46.7390749],[33.0854755,46.7401651],[33.0862579,46.7408301],[33.0875339,46.7416569],[33.0895498,46.7428407],[33.0901727,46.7432363],[33.0905482,46.7431187],[33.090795,46.743126],[33.0910847,46.7430378],[33.091192,46.7429275],[33.0911491,46.7427878],[33.0909881,46.742582],[33.090913,46.7424129],[33.0910418,46.742207]]],[[[33.0907,46.743256],[33.090453,46.74344],[33.091951,46.744651],[33.093331,46.745965],[33.094308,46.74765],[33.094937,46.749018],[33.095179,46.749356],[33.096193,46.750034],[33.097487,46.750578],[33.101061,46.751579],[33.1019388,46.7520275],[33.102479,46.752301],[33.103682,46.753067],[33.103565,46.753492],[33.103136,46.753843],[33.101628,46.75446],[33.101299,46.754784],[33.101565,46.755122],[33.102697,46.75571],[33.103583,46.756556],[33.103908,46.757126],[33.104082,46.75777],[33.104158,46.75877],[33.103741,46.759697],[33.10344,46.759923],[33.103063,46.760025],[33.10224,46.759936],[33.101487,46.759509],[33.0998,46.757816],[33.09888,46.75771],[33.097216,46.757842],[33.09598,46.757842],[33.094148,46.757437],[33.093608,46.757504],[33.093358,46.757681],[33.093168,46.758164],[33.0933,46.758522],[33.092813,46.7589],[33.092031,46.759111],[33.091197,46.759152],[33.090066,46.758867],[33.08916,46.758941],[33.088319,46.75928],[33.087822,46.759774],[33.087711,46.760165],[33.087971,46.760634],[33.091,46.762364],[33.095325,46.76444],[33.101669,46.767188],[33.107697,46.769882],[33.119223,46.774638],[33.124625,46.777199],[33.126511,46.77798],[33.127277,46.778058],[33.12873,46.777725],[33.128974,46.777334],[33.129144,46.777256],[33.129432,46.777251],[33.129387,46.777121],[33.12945,46.776977],[33.130468,46.776432],[33.13082,46.776219],[33.130872,46.775984],[33.13065,46.775752],[33.130235,46.77558],[33.129773,46.775497],[33.12914,46.775532],[33.128452,46.775396],[33.127828,46.775051],[33.127546,46.774449],[33.126781,46.773659],[33.125358,46.772625],[33.124958,46.772512],[33.124493,46.771973],[33.123663,46.771734],[33.123426,46.771639],[33.123421,46.771239],[33.123211,46.770883],[33.122749,46.770873],[33.122426,46.770524],[33.121811,46.770263],[33.121962,46.769522],[33.121785,46.769229],[33.121812,46.768966],[33.121716,46.76888],[33.121858,46.768605],[33.121834,46.768414],[33.121583,46.768334],[33.121429,46.767968],[33.121544,46.767809],[33.121553,46.767572],[33.121243,46.767486],[33.121525,46.767168],[33.121547,46.766771],[33.121289,46.766536],[33.121525,46.766317],[33.121202,46.765833],[33.121545,46.765452],[33.121507,46.765156],[33.121329,46.765],[33.121137,46.764965],[33.121289,46.76479],[33.12155,46.76491],[33.122253,46.764792],[33.12249,46.764422],[33.122346,46.764026],[33.122156,46.763971],[33.122105,46.763821],[33.122181,46.763754],[33.122557,46.763857],[33.122858,46.763797],[33.123136,46.763416],[33.123038,46.763226],[33.123261,46.763075],[33.123342,46.762756],[33.123632,46.762524],[33.123553,46.762228],[33.123314,46.762054],[33.123204,46.761844],[33.122904,46.761808],[33.122722,46.761764],[33.122476,46.761839],[33.122306,46.761713],[33.122196,46.761451],[33.121797,46.761412],[33.121635,46.76149],[33.121322,46.761291],[33.121544,46.760742],[33.12168,46.760872],[33.122386,46.761089],[33.122573,46.761084],[33.122675,46.760908],[33.122481,46.76072],[33.12248,46.760432],[33.122638,46.760253],[33.122766,46.760236],[33.122716,46.760348],[33.122859,46.760535],[33.123122,46.760527],[33.123235,46.760379],[33.123312,46.760332],[33.123402,46.760401],[33.12354,46.760451],[33.123915,46.760171],[33.12385,46.760034],[33.123682,46.759926],[33.124157,46.759761],[33.124479,46.759944],[33.124559,46.760072],[33.124382,46.760156],[33.124381,46.760258],[33.124492,46.760315],[33.124624,46.760419],[33.124981,46.760352],[33.125096,46.760244],[33.12521,46.760318],[33.125411,46.760389],[33.1258,46.760401],[33.125915,46.760226],[33.126063,46.760184],[33.126433,46.760191],[33.126922,46.759941],[33.12704,46.759799],[33.127228,46.759661],[33.127405,46.759694],[33.127644,46.759576],[33.127974,46.759432],[33.127948,46.759346],[33.128012,46.759296],[33.128327,46.759357],[33.128615,46.759297],[33.128884,46.75908],[33.129081,46.759108],[33.129056,46.759245],[33.129244,46.759367],[33.129706,46.759364],[33.12983,46.759232],[33.129922,46.759194],[33.130612,46.759441],[33.131002,46.759297],[33.131096,46.759433],[33.131507,46.759522],[33.131918,46.759537],[33.132309,46.759347],[33.132468,46.759448],[33.132471,46.759503],[33.132549,46.759592],[33.1324,46.759712],[33.132326,46.759612],[33.132069,46.759621],[33.13199,46.7597],[33.132011,46.759934],[33.132139,46.759992],[33.132825,46.760037],[33.133256,46.759888],[33.133362,46.759792],[33.133446,46.759835],[33.133608,46.75982],[33.133636,46.759908],[33.133956,46.759942],[33.134163,46.759984],[33.134406,46.760064],[33.134581,46.760054],[33.134681,46.760088],[33.134958,46.760029],[33.135172,46.760073],[33.135348,46.760005],[33.135393,46.759899],[33.135636,46.759905],[33.135551,46.760051],[33.135582,46.760138],[33.13565,46.760167],[33.136052,46.760026],[33.136398,46.759772],[33.136485,46.759553],[33.136394,46.759408],[33.136347,46.759146],[33.13662,46.758933],[33.136905,46.758904],[33.137114,46.758754],[33.137312,46.75889],[33.137412,46.759078],[33.137695,46.75909],[33.137836,46.75898],[33.138283,46.759066],[33.138372,46.758962],[33.138383,46.758892],[33.138641,46.758754],[33.138735,46.758541],[33.138904,46.758386],[33.138947,46.75818],[33.139166,46.757721],[33.139574,46.757269],[33.140006,46.757008],[33.140157,46.756827],[33.140023,46.756614],[33.139701,46.7565],[33.139186,46.756551],[33.138891,46.756434],[33.138704,46.756217],[33.138264,46.756147],[33.137942,46.756044],[33.13748,46.755838],[33.137099,46.755772],[33.136724,46.755853],[33.136762,46.755941],[33.136649,46.756066],[33.136037,46.756239],[33.135673,46.756169],[33.135426,46.755952],[33.134922,46.755893],[33.134594,46.755737],[33.13424,46.755785],[33.134012,46.75592],[33.133682,46.756017],[33.13347,46.756118],[33.13366,46.75624],[33.133903,46.756326],[33.134041,46.756308],[33.134254,46.756364],[33.134643,46.756504],[33.134894,46.756696],[33.134735,46.75689],[33.134232,46.756635],[33.133946,46.756596],[33.133746,46.756732],[33.133046,46.756719],[33.132775,46.756762],[33.132429,46.756674],[33.13196,46.756883],[33.131374,46.756784],[33.130706,46.757082],[33.130415,46.757106],[33.129877,46.75691],[33.129257,46.756914],[33.128722,46.756912],[33.128486,46.756797],[33.128229,46.756865],[33.128009,46.756726],[33.128227,46.756572],[33.128176,46.756484],[33.127309,46.756345],[33.127171,46.756198],[33.12664,46.756099],[33.126217,46.756117],[33.126101,46.756336],[33.125728,46.756497],[33.125199,46.756316],[33.124627,46.756208],[33.12445,46.756445],[33.123686,46.75642],[33.12302,46.756343],[33.123028,46.755962],[33.122351,46.755731],[33.122028,46.755809],[33.121628,46.755832],[33.12126,46.755686],[33.120717,46.755724],[33.119363,46.755291],[33.118913,46.755311],[33.118569,46.754913],[33.118166,46.754588],[33.118335,46.754284],[33.118122,46.753762],[33.118444,46.753329],[33.118741,46.753191],[33.118924,46.753329],[33.119174,46.753255],[33.119201,46.753031],[33.118965,46.752741],[33.118569,46.752712],[33.118286,46.752574],[33.118019,46.752597],[33.117688,46.752458],[33.117429,46.752502],[33.117208,46.752578],[33.116913,46.752494],[33.116644,46.752358],[33.116547,46.752194],[33.116289,46.751938],[33.116406,46.751814],[33.117039,46.751789],[33.117167,46.751691],[33.117306,46.750949],[33.117134,46.750802],[33.116362,46.750596],[33.115544,46.750537],[33.113682,46.750048],[33.113252,46.749996],[33.112582,46.749922],[33.111826,46.749698],[33.110613,46.749209],[33.110061,46.749047],[33.10953,46.74893],[33.10787,46.748613],[33.106025,46.748084],[33.104824,46.747841],[33.103912,46.747484],[33.103392,46.747086],[33.103531,46.746572],[33.103402,46.746123],[33.102791,46.745807],[33.101654,46.74527],[33.100699,46.744542],[33.099789,46.743977],[33.097987,46.74341],[33.096549,46.743168],[33.094487,46.742999],[33.093382,46.74283],[33.092717,46.742602],[33.091923,46.742146],[33.091344,46.742117],[33.09115,46.74247],[33.091376,46.742676],[33.091333,46.74308],[33.0907,46.743256]]],[[[33.268059,46.754527],[33.266278,46.75466],[33.26452,46.754983],[33.257675,46.757174],[33.255165,46.758438],[33.255074,46.758692],[33.254769,46.758946],[33.254138,46.759087],[33.253132,46.759824],[33.251547,46.761112],[33.249468,46.762841],[33.249157,46.762863],[33.2489,46.763088],[33.248824,46.763418],[33.248975,46.763675],[33.249404,46.763848],[33.253127,46.762464],[33.257709,46.760947],[33.258696,46.76079],[33.262924,46.75931],[33.26858,46.756334],[33.269751,46.755431],[33.26945,46.754732],[33.268059,46.754527]]],[[[33.2023687,46.7666414],[33.2018039,46.7669948],[33.2020553,46.7674091],[33.2034707,46.7673798],[33.2035129,46.7669389],[33.2040329,46.7668716],[33.2038341,46.7661944],[33.2028632,46.7656616],[33.2013195,46.7657615],[33.2013379,46.7660661],[33.2017962,46.7666554],[33.2023687,46.7666414]]],[[[33.333332,46.776772],[33.334834,46.776537],[33.336679,46.775567],[33.338524,46.775214],[33.340413,46.77542],[33.343073,46.776272],[33.344447,46.775479],[33.344962,46.773333],[33.343846,46.772099],[33.343417,46.770511],[33.341958,46.767778],[33.339769,46.766484],[33.336121,46.763809],[33.332903,46.761252],[33.330027,46.759252],[33.327624,46.758547],[33.327366,46.760693],[33.326594,46.767131],[33.326336,46.772275],[33.326208,46.774509],[33.328096,46.776654],[33.330156,46.777183],[33.332473,46.777595],[33.333332,46.776772]]],[[[33.133136,46.759972],[33.132808,46.760105],[33.132658,46.760274],[33.132713,46.760442],[33.132852,46.760467],[33.132792,46.760546],[33.132661,46.760529],[33.132416,46.760571],[33.132293,46.760696],[33.13213,46.760698],[33.132043,46.760773],[33.131956,46.760718],[33.131604,46.760666],[33.13156,46.760616],[33.131441,46.76057],[33.131196,46.760634],[33.131048,46.760872],[33.131127,46.761025],[33.130776,46.760833],[33.13084,46.760781],[33.13078,46.760685],[33.130389,46.760595],[33.130182,46.760643],[33.130156,46.760789],[33.129829,46.760666],[33.129795,46.760528],[33.12968,46.760525],[33.129585,46.760381],[33.129464,46.760304],[33.129043,46.760259],[33.128801,46.760265],[33.128512,46.760382],[33.128485,46.760457],[33.128243,46.760499],[33.128077,46.760546],[33.12802,46.760709],[33.128033,46.760808],[33.128101,46.760886],[33.128412,46.760819],[33.128649,46.761234],[33.128819,46.761237],[33.128999,46.761155],[33.12901,46.761291],[33.129122,46.761428],[33.129364,46.76152],[33.129118,46.761669],[33.129053,46.761776],[33.129231,46.76184],[33.129132,46.762044],[33.128924,46.762101],[33.128754,46.762084],[33.128603,46.762094],[33.128537,46.762159],[33.12853,46.762364],[33.128759,46.762465],[33.128774,46.762706],[33.128703,46.762764],[33.128524,46.762703],[33.128281,46.762746],[33.128114,46.762944],[33.127948,46.763051],[33.127987,46.763181],[33.127762,46.76316],[33.12755,46.763274],[33.127549,46.763439],[33.126615,46.763618],[33.126089,46.763951],[33.125766,46.764592],[33.126011,46.765503],[33.12667,46.766584],[33.127393,46.767194],[33.128241,46.767357],[33.129156,46.767391],[33.129727,46.76716],[33.130094,46.767444],[33.130612,46.767477],[33.131616,46.767368],[33.131924,46.767085],[33.132555,46.766935],[33.133773,46.767149],[33.134345,46.767203],[33.134875,46.767124],[33.135677,46.767275],[33.135806,46.767476],[33.135528,46.76819],[33.135915,46.768963],[33.136644,46.769677],[33.138104,46.770252],[33.137283,46.770972],[33.137038,46.771879],[33.134905,46.773536],[33.13448,46.773337],[33.133754,46.773337],[33.133007,46.773616],[33.133034,46.774005],[33.132887,46.774344],[33.132568,46.774433],[33.132189,46.77442],[33.131794,46.774615],[33.13152,46.774954],[33.131568,46.775573],[33.131214,46.776252],[33.130226,46.776968],[33.130124,46.777235],[33.129636,46.777355],[33.129791,46.77763],[33.12956,46.77789],[33.129133,46.777902],[33.128453,46.778105],[33.128515,46.778636],[33.13072,46.779375],[33.13826,46.780899],[33.142259,46.781541],[33.145829,46.781684],[33.149122,46.781709],[33.151264,46.781435],[33.154773,46.78067],[33.157601,46.779653],[33.157665,46.779567],[33.158016,46.779394],[33.15808,46.779269],[33.158013,46.779017],[33.157919,46.778872],[33.15798,46.778694],[33.157902,46.778514],[33.157695,46.778304],[33.157471,46.777884],[33.157184,46.777628],[33.15701,46.777388],[33.156917,46.777217],[33.156778,46.777147],[33.156692,46.776986],[33.156743,46.776855],[33.156719,46.776763],[33.156547,46.776763],[33.156338,46.776644],[33.156221,46.776319],[33.156221,46.775889],[33.156285,46.775481],[33.156511,46.775162],[33.156345,46.774663],[33.156184,46.774487],[33.155865,46.774349],[33.155599,46.774314],[33.155004,46.774233],[33.154308,46.774295],[33.153729,46.774605],[33.153499,46.774774],[33.153193,46.774904],[33.152875,46.774886],[33.152428,46.774486],[33.151662,46.774009],[33.150899,46.773992],[33.15062,46.773843],[33.150126,46.773791],[33.149599,46.77391],[33.149008,46.773525],[33.148268,46.772927],[33.14853,46.772822],[33.14879,46.772394],[33.148857,46.772024],[33.148764,46.771765],[33.148996,46.771107],[33.149112,46.770822],[33.149003,46.77034],[33.148491,46.76989],[33.14805,46.769689],[33.147727,46.769435],[33.147533,46.769166],[33.146714,46.768779],[33.146882,46.768449],[33.146906,46.767818],[33.146715,46.76759],[33.146792,46.767186],[33.146632,46.7665],[33.146697,46.766186],[33.146505,46.765814],[33.146116,46.765488],[33.145662,46.765321],[33.145465,46.76533],[33.14504,46.764996],[33.144808,46.764941],[33.144409,46.764354],[33.144096,46.764076],[33.144079,46.763864],[33.143933,46.763681],[33.143566,46.763499],[33.143658,46.763019],[33.143471,46.762472],[33.143209,46.762212],[33.143008,46.762132],[33.142741,46.762191],[33.142409,46.761993],[33.142146,46.761738],[33.141855,46.761718],[33.141468,46.761537],[33.140844,46.761482],[33.139877,46.761156],[33.139422,46.761218],[33.138889,46.761017],[33.138485,46.760794],[33.137974,46.76078],[33.137818,46.760648],[33.137482,46.76074],[33.137207,46.760709],[33.137168,46.760509],[33.136829,46.760422],[33.13599,46.760338],[33.135663,46.760274],[33.135454,46.760164],[33.134991,46.760062],[33.134703,46.760135],[33.134325,46.760091],[33.134194,46.760021],[33.133505,46.75991],[33.133291,46.759978],[33.133136,46.759972]]],[[[33.317367,46.755895],[33.301245,46.754172],[33.288729,46.754505],[33.278101,46.755723],[33.268238,46.759213],[33.265452,46.760605],[33.265154,46.76135],[33.25531,46.763843],[33.248929,46.765389],[33.240315,46.768346],[33.23749,46.769247],[33.232861,46.769706],[33.232113,46.770052],[33.230571,46.772147],[33.230624,46.773459],[33.231385,46.774771],[33.232779,46.775661],[33.234429,46.776545],[33.235554,46.777032],[33.236936,46.77743],[33.237334,46.77808],[33.237152,46.778745],[33.23651,46.779238],[33.235375,46.779532],[33.234243,46.779679],[33.232833,46.779768],[33.231132,46.780018],[33.229174,46.780107],[33.22727,46.780028],[33.225451,46.779862],[33.221921,46.779219],[33.21992,46.778516],[33.218198,46.777812],[33.217271,46.777498],[33.21615,46.777361],[33.215515,46.777421],[33.214581,46.777701],[33.213784,46.778042],[33.212475,46.779212],[33.211337,46.780411],[33.210119,46.781345],[33.208611,46.782162],[33.207425,46.78267],[33.206024,46.78312],[33.204406,46.783334],[33.202767,46.783283],[33.201828,46.783152],[33.199662,46.782791],[33.198708,46.782471],[33.197593,46.782268],[33.196137,46.782119],[33.194963,46.7823],[33.19336,46.782856],[33.191964,46.783431],[33.190825,46.784138],[33.189535,46.78526],[33.189067,46.78626],[33.188954,46.787022],[33.189243,46.787182],[33.189692,46.787252],[33.192093,46.787119],[33.194793,46.78709],[33.199141,46.787266],[33.201926,46.787494],[33.203456,46.787501],[33.204951,46.787254],[33.206048,46.786852],[33.20702,46.78627],[33.208379,46.785276],[33.209608,46.784002],[33.211102,46.782918],[33.212363,46.782354],[33.214024,46.782116],[33.21553,46.782202],[33.216929,46.782421],[33.21836,46.782933],[33.219684,46.783505],[33.221061,46.783892],[33.22261,46.784191],[33.226509,46.784769],[33.230494,46.78498],[33.232851,46.785056],[33.236904,46.784581],[33.252047,46.782652],[33.255112,46.782602],[33.256495,46.782129],[33.258456,46.781847],[33.265552,46.781335],[33.273614,46.781734],[33.280292,46.783491],[33.282133,46.783453],[33.283468,46.78297],[33.286004,46.780958],[33.290133,46.778727],[33.295554,46.77592],[33.2987,46.774317],[33.303813,46.773375],[33.309399,46.773345],[33.316038,46.773848],[33.316707,46.774275],[33.318192,46.774747],[33.319401,46.774596],[33.322262,46.775606],[33.324379,46.77609],[33.325055,46.775502],[33.325291,46.774503],[33.325033,46.773753],[33.325956,46.762877],[33.326058,46.75921],[33.325929,46.75821],[33.324749,46.757306],[33.317367,46.755895]]],[[[33.181478,46.771258],[33.184135,46.770669],[33.18969,46.769126],[33.190654,46.768522],[33.195514,46.767929],[33.195461,46.767708],[33.196255,46.767613],[33.196448,46.767914],[33.197145,46.767833],[33.197317,46.767554],[33.198336,46.7673],[33.199012,46.767613],[33.200962,46.767188],[33.201348,46.76746],[33.201528,46.767051],[33.201394,46.766547],[33.201128,46.766184],[33.200386,46.765737],[33.19942,46.765701],[33.198379,46.76548],[33.198326,46.765311],[33.198412,46.764907],[33.197993,46.764179],[33.197843,46.763687],[33.193321,46.763604],[33.191235,46.763492],[33.189476,46.76363],[33.187523,46.76365],[33.186751,46.763609],[33.185861,46.763598],[33.184848,46.763684],[33.1848,46.763489],[33.184532,46.7635],[33.18443,46.763702],[33.182885,46.763828],[33.18164,46.763739],[33.181418,46.763775],[33.18107,46.763816],[33.180839,46.763728],[33.180855,46.763507],[33.180513,46.76348],[33.180298,46.763726],[33.180019,46.764142],[33.179885,46.764553],[33.179118,46.76463],[33.178649,46.764676],[33.178402,46.765087],[33.178541,46.766013],[33.178423,46.766167],[33.177458,46.766057],[33.176439,46.766035],[33.176247,46.766128],[33.175884,46.76617],[33.174515,46.766202],[33.173124,46.766157],[33.172915,46.765962],[33.172756,46.765929],[33.172613,46.765911],[33.172416,46.766017],[33.172217,46.766296],[33.172019,46.766346],[33.171965,46.766274],[33.172047,46.766203],[33.172075,46.766105],[33.172015,46.766019],[33.171847,46.765949],[33.171375,46.765786],[33.170673,46.765775],[33.166611,46.766565],[33.165911,46.766647],[33.16568,46.766809],[33.16557,46.766952],[33.165525,46.767195],[33.165412,46.767823],[33.165211,46.768105],[33.165039,46.768226],[33.164768,46.768311],[33.164146,46.768396],[33.163798,46.76849],[33.163586,46.768588],[33.163516,46.768571],[33.163189,46.768711],[33.163136,46.768806],[33.162503,46.769049],[33.161998,46.769148],[33.161628,46.769365],[33.161558,46.769464],[33.161811,46.769685],[33.162224,46.769784],[33.162417,46.769766],[33.162653,46.77007],[33.162449,46.770372],[33.1621,46.770783],[33.161537,46.771055],[33.161113,46.771168],[33.160845,46.771171],[33.160367,46.77127],[33.159868,46.771539],[33.159638,46.77148],[33.159214,46.771531],[33.158972,46.771472],[33.158222,46.771498],[33.158109,46.772296],[33.158141,46.772825],[33.157765,46.772876],[33.15753,46.773148],[33.157143,46.773412],[33.156693,46.773794],[33.1565,46.774074],[33.156618,46.774485],[33.156939,46.774838],[33.156929,46.775455],[33.156725,46.775756],[33.156693,46.77608],[33.156832,46.776168],[33.156982,46.776454],[33.156886,46.776734],[33.157315,46.77677],[33.157379,46.777101],[33.158323,46.778519],[33.15865,46.778827],[33.159512,46.778919],[33.160042,46.778746],[33.165249,46.777031],[33.167767,46.77607],[33.169941,46.775021],[33.177963,46.77261],[33.181478,46.771258]]],[[[33.208828,46.77162],[33.199907,46.774109],[33.19503,46.77609],[33.189209,46.779121],[33.185468,46.780653],[33.180773,46.7822],[33.176966,46.783267],[33.168552,46.785096],[33.165042,46.785658],[33.161639,46.786148],[33.160249,46.78646],[33.16015,46.786595],[33.160158,46.78679],[33.16471,46.787234],[33.168143,46.787305],[33.174847,46.787236],[33.184083,46.787736],[33.185228,46.787756],[33.18694,46.787497],[33.187565,46.787146],[33.188093,46.786516],[33.18844,46.78594],[33.188589,46.785283],[33.188984,46.784656],[33.189912,46.783777],[33.191144,46.782982],[33.192589,46.782247],[33.194206,46.781776],[33.195931,46.781438],[33.197717,46.781653],[33.201177,46.78247],[33.201602,46.782593],[33.202424,46.782694],[33.203542,46.782734],[33.204963,46.782519],[33.205822,46.782355],[33.206639,46.782132],[33.208352,46.781399],[33.209772,46.780603],[33.211374,46.779359],[33.213104,46.777732],[33.214355,46.777157],[33.215478,46.776869],[33.216374,46.776721],[33.217219,46.776823],[33.218129,46.77711],[33.22049,46.778067],[33.221638,46.77848],[33.222808,46.77876],[33.224413,46.779102],[33.226121,46.779355],[33.228556,46.779501],[33.229874,46.779493],[33.234687,46.779064],[33.235583,46.778899],[33.235749,46.778609],[33.235696,46.778127],[33.235531,46.777772],[33.234673,46.777287],[33.233128,46.7767],[33.23154,46.775686],[33.230478,46.774701],[33.229781,46.773246],[33.229845,46.772306],[33.230135,46.771482],[33.230489,46.770388],[33.230843,46.770292],[33.230864,46.769734],[33.229399,46.769773],[33.22844,46.769523],[33.226945,46.769472],[33.22419,46.769671],[33.218896,46.769891],[33.215232,46.770435],[33.212239,46.770892],[33.208828,46.77162]]],[[[33.186905,46.778873],[33.187725,46.778352],[33.187824,46.777947],[33.187798,46.777549],[33.187504,46.777428],[33.186542,46.777551],[33.18582,46.777586],[33.185676,46.777512],[33.185752,46.777433],[33.186214,46.777222],[33.186695,46.777258],[33.187229,46.777227],[33.187608,46.777024],[33.187813,46.776801],[33.187809,46.776436],[33.187675,46.776255],[33.187353,46.776007],[33.186989,46.775814],[33.186634,46.775796],[33.184816,46.775998],[33.184134,46.776411],[33.184049,46.776644],[33.184125,46.776848],[33.183697,46.776869],[33.183016,46.777088],[33.182765,46.777007],[33.181353,46.777331],[33.179866,46.777472],[33.178498,46.778673],[33.176428,46.778955],[33.174545,46.779581],[33.17322,46.779935],[33.168247,46.781246],[33.166284,46.781929],[33.16064,46.783915],[33.158077,46.784614],[33.157906,46.784686],[33.157474,46.78498],[33.157605,46.785246],[33.157962,46.785399],[33.162301,46.784846],[33.166661,46.78419],[33.170908,46.783439],[33.175659,46.782497],[33.180309,46.781299],[33.184511,46.779862],[33.185801,46.779386],[33.186905,46.778873]]],[[[35.9211896,47.5023237],[35.9193013,47.5058026],[35.9193022,47.5094787],[35.9126987,47.510919],[35.912382,47.5148955],[35.9105844,47.5162373],[35.9080998,47.5245931],[35.9095589,47.5298381],[35.9190393,47.529223],[35.9383228,47.5245534],[35.9474621,47.5217741],[35.9529998,47.5201121],[35.9691216,47.5162419],[35.9705486,47.5165282],[35.9718077,47.5172002],[35.9813078,47.5157962],[35.9817799,47.5192163],[35.9909181,47.5222478],[35.9977797,47.5182583],[36.002951,47.517838],[36.003664,47.5221029],[36.0044365,47.5246532],[36.0043507,47.5271453],[36.0051231,47.5280726],[36.0041361,47.5291158],[36.0030365,47.5335235],[36.0133067,47.5316316],[36.026804,47.5309152],[36.0374613,47.530069],[36.0379763,47.5310541],[36.0377883,47.5334378],[36.0352826,47.5397329],[36.0470825,47.5397634],[36.0603412,47.5385757],[36.066812,47.5474345],[36.0757921,47.5459409],[36.0769722,47.5486928],[36.0778263,47.5520311],[36.0822466,47.5552171],[36.0838345,47.5552171],[36.0826757,47.5627903],[36.0743502,47.5623994],[36.0736851,47.5693876],[36.077938,47.579349],[36.079527,47.589191],[36.108343,47.59192],[36.109201,47.588794],[36.1159642,47.589689],[36.1173322,47.5846888],[36.1267092,47.5858176],[36.1257007,47.5897686],[36.137721,47.591341],[36.138,47.590169],[36.150596,47.590762],[36.151282,47.58917],[36.168448,47.590762],[36.170744,47.583902],[36.186246,47.583493],[36.186438,47.582539],[36.20061,47.582721],[36.208202,47.582748],[36.208502,47.581388],[36.209661,47.579969],[36.212836,47.580374],[36.211892,47.581561],[36.212193,47.584253],[36.218072,47.593834],[36.235689,47.591715],[36.2434134,47.5947319],[36.2467766,47.5944948],[36.246841,47.5953775],[36.2435902,47.5956886],[36.244186,47.603319],[36.249912,47.603618],[36.256027,47.602243],[36.267092,47.6025839],[36.2764009,47.605257],[36.2838886,47.6097039],[36.2803373,47.6284247],[36.2632362,47.6272936],[36.2575499,47.6270116],[36.2577859,47.6292169],[36.2555843,47.640519],[36.2544985,47.6445658],[36.2482458,47.6440321],[36.2491296,47.6401172],[36.2393923,47.6388624],[36.2338264,47.6384048],[36.2268863,47.6469684],[36.2219778,47.6544799],[36.2177936,47.6623567],[36.2093298,47.663587],[36.1998557,47.6789644],[36.2151009,47.684243],[36.2164198,47.6914207],[36.2194444,47.7007483],[36.2023593,47.7121872],[36.1949778,47.7225237],[36.1884547,47.7383421],[36.1839738,47.7654837],[36.1850038,47.7817505],[36.1891237,47.7920732],[36.1972776,47.7994535],[36.2159952,47.798239],[36.2448773,47.8000263],[36.2468514,47.7903106],[36.2703256,47.7917087],[36.2808716,47.7929021],[36.2756069,47.8154848],[36.2750275,47.8172571],[36.2641485,47.8162629],[36.2606938,47.83345],[36.259299,47.8335508],[36.214521,47.8331265],[36.2135132,47.8415127],[36.2091358,47.835982],[36.2018402,47.8365581],[36.2028702,47.8427224],[36.2079342,47.8434137],[36.2116249,47.8519387],[36.2162598,47.8617868],[36.2073159,47.8644098],[36.2037446,47.8719683],[36.1977262,47.8735673],[36.1939068,47.8757838],[36.1935716,47.8750904],[36.1896274,47.8748301],[36.1883527,47.875254],[36.187829,47.8766422],[36.1862412,47.8808734],[36.1830225,47.880528],[36.1796322,47.8804992],[36.1771431,47.8790313],[36.1757269,47.8790025],[36.1751261,47.879866],[36.1752119,47.8820822],[36.176199,47.8831183],[36.1781731,47.8829456],[36.1795893,47.8840681],[36.1814346,47.88591],[36.1813488,47.8872626],[36.1813488,47.8891044],[36.1824217,47.8900253],[36.1840954,47.8909462],[36.1782056,47.902004],[36.178409,47.9050633],[36.1783661,47.9114208],[36.1799539,47.9129165],[36.1795248,47.9139521],[36.1808552,47.915908],[36.1817135,47.9177775],[36.1872066,47.9165695],[36.2022938,47.9052468],[36.2058886,47.90144],[36.2157482,47.8992727],[36.2195444,47.8961174],[36.2236673,47.8982537],[36.2313947,47.8918726],[36.2413554,47.8900439],[36.2463643,47.8941317],[36.2516315,47.8982192],[36.2549568,47.9002941],[36.2639271,47.9076085],[36.2731315,47.9158936],[36.2995674,47.9298129],[36.3106364,47.9187239],[36.3125217,47.9154506],[36.3241906,47.9105662],[36.3390393,47.9110264],[36.3417001,47.885131],[36.3806798,47.8870789],[36.4120966,47.890328],[36.4072043,47.9112159],[36.3893219,47.9106462],[36.3749927,47.9127933],[36.3715213,47.9287199],[36.3826149,47.9298126],[36.4011972,47.928491],[36.4156597,47.9302727],[36.4199953,47.9332591],[36.4263053,47.9342326],[36.4302583,47.9462124],[36.4278656,47.9554809],[36.4285523,47.9582687],[36.4523274,47.9642173],[36.4619404,47.9628667],[36.473828,47.9579525],[36.4752871,47.9558545],[36.4747721,47.9527792],[36.473828,47.9449032],[36.4737451,47.9425421],[36.4776465,47.9410766],[36.4796856,47.9294953],[36.489996,47.930092],[36.4943087,47.9219646],[36.4929846,47.9171335],[36.4969672,47.917317],[36.4979516,47.9228462],[36.5091954,47.9234214],[36.5121606,47.9253575],[36.5098003,47.9315975],[36.5142205,47.9334665],[36.5188598,47.9333973],[36.5271437,47.9334754],[36.5310434,47.933524],[36.529713,47.937348],[36.5299276,47.94626],[36.5234903,47.9474673],[36.5237971,47.950913],[36.5278312,47.9526376],[36.5302891,47.9540307],[36.5309113,47.9559995],[36.5309949,47.9577676],[36.5304664,47.9592627],[36.5307533,47.9609877],[36.5303314,47.9636927],[36.5319908,47.9640556],[36.532649,47.9676838],[36.5355537,47.9724402],[36.539947,47.9701436],[36.5602678,47.970151],[36.5630579,47.9675793],[36.5681112,47.9669402],[36.5751386,47.9672203],[36.5758896,47.9655678],[36.5835505,47.9663436],[36.5842749,47.9644113],[36.601244,47.9665212],[36.6035621,47.9662005],[36.6057944,47.9663106],[36.6072564,47.9669813],[36.605411,47.9687341],[36.6000037,47.9707741],[36.5957551,47.9719234],[36.5951543,47.975371],[36.5911631,47.9779279],[36.5902619,47.9814039],[36.587238,47.9984601],[36.612601,48.0011307],[36.6185653,48.0051777],[36.6132438,48.0254452],[36.6158187,48.0263062],[36.6155612,48.0275978],[36.6229528,48.0284202],[36.621075,48.0347816],[36.6130386,48.0510746],[36.5995958,48.0493311],[36.5926435,48.0528597],[36.5910127,48.0555275],[36.5942312,48.0583202],[36.5959911,48.0644975],[36.6054344,48.0681897],[36.6030036,48.0821563],[36.5972101,48.0933651],[36.5922422,48.1000461],[36.6039152,48.1038865],[36.6140233,48.1072178],[36.6315328,48.1097968],[36.6398584,48.1095676],[36.6425368,48.1077068],[36.6517889,48.1007984],[36.6581852,48.0980559],[36.6576064,48.0945062],[36.661319,48.0911858],[36.6655258,48.0869618],[36.6704443,48.0903003],[36.6734123,48.0895369],[36.6767235,48.0894613],[36.6841978,48.0847129],[36.6931688,48.0863779],[36.696107,48.0915812],[36.7065032,48.0877439],[36.7117596,48.0881522],[36.7142487,48.0905143],[36.7212122,48.0953794],[36.7234867,48.0985895],[36.7217272,48.1076743],[36.7407275,48.1135562],[36.747594,48.1251306],[36.7708541,48.1453509],[36.7888833,48.1550887],[36.8160305,48.1524838],[36.8250529,48.1435643],[36.8329544,48.1036952],[36.8505857,48.0959327],[36.8918995,48.0990167],[36.8878033,48.117591],[36.9016616,48.1190075],[36.8988704,48.1340886],[36.8943215,48.1336739],[36.892326,48.1425162],[36.8825842,48.1415712],[36.8768297,48.1664922],[36.8830775,48.1676361],[36.894648,48.1727578],[36.9102558,48.1797584],[36.9140427,48.1815088],[36.9160597,48.1821812],[36.9150297,48.1853573],[36.9095795,48.1842128],[36.9071279,48.1835825],[36.9059504,48.1901827],[36.9104565,48.1934727],[36.9171942,48.1943024],[36.9291247,48.196219],[36.9378375,48.2045029],[36.9393825,48.2089646],[36.9371509,48.2123392],[36.9415884,48.218621],[36.9409017,48.2232531],[36.9304955,48.222752],[36.9278984,48.237947],[36.9068831,48.2373546],[36.9043511,48.2515301],[36.9220752,48.2535018],[36.9250792,48.2518158],[36.9384575,48.2463148],[36.9621897,48.2489154],[36.9829934,48.2503155],[36.9808048,48.2595712],[36.9965977,48.261314],[36.997999,48.2629262],[37.0006168,48.2646118],[37.0120752,48.2639261],[37.032173,48.2596478],[37.0445911,48.2600866],[37.0477312,48.2606244],[37.0471518,48.2627529],[37.0450061,48.2628386],[37.0438474,48.2670667],[37.0475679,48.2676359],[37.0466587,48.2715155],[37.0454703,48.2757697],[37.043509,48.2840225],[37.0516387,48.2852697],[37.0569487,48.2897768],[37.0556926,48.2971108],[37.064147,48.2972536],[37.0859479,48.299195],[37.0911836,48.3095858],[37.1005392,48.3087865],[37.1083498,48.310442],[37.1110846,48.310974],[37.1196677,48.3103318],[37.1233155,48.3091473],[37.126856,48.3089475],[37.1309582,48.3116508],[37.1574584,48.3143337],[37.1550981,48.3291442],[37.1616213,48.3296007],[37.1626361,48.3237318],[37.1803147,48.3232817],[37.1812589,48.3241948],[37.1797998,48.3361496],[37.187115,48.3415229],[37.2016231,48.3431613],[37.200791,48.3474184],[37.1986387,48.3472454],[37.1973513,48.3532918],[37.1976517,48.3562862],[37.1975127,48.3576175],[37.1994224,48.36419],[37.206697,48.364253],[37.2028216,48.3711107],[37.217571,48.3733034],[37.2325604,48.3741474],[37.2466907,48.3748028],[37.2464148,48.3812922],[37.2482234,48.3820423],[37.2497963,48.3838186],[37.2548884,48.3851102],[37.2546107,48.3963584],[37.2516924,48.4084957],[37.2470748,48.4079896],[37.2220809,48.4066155],[37.2263731,48.4143327],[37.2251605,48.4197893],[37.220118,48.4189064],[37.2179846,48.429565],[37.2417597,48.4317149],[37.2489197,48.4330504],[37.2525861,48.4346004],[37.2540763,48.4381939],[37.2559805,48.4388803],[37.2572346,48.4414109],[37.2550842,48.4464611],[37.2698793,48.4465327],[37.2745463,48.4466319],[37.2809998,48.4470694],[37.2852426,48.4415854],[37.2915941,48.4426103],[37.2978597,48.4439768],[37.3099345,48.4459673],[37.3091921,48.4500288],[37.3041863,48.4516325],[37.3027598,48.4576865],[37.2937261,48.4574162],[37.2909933,48.4601867],[37.2890698,48.4631648],[37.2915803,48.4644454],[37.2932969,48.4640328],[37.3059355,48.4639189],[37.3126382,48.4653211],[37.3140044,48.4666052],[37.3234887,48.4645848],[37.3305269,48.4610561],[37.3398865,48.4595137],[37.3454655,48.4547608],[37.3589767,48.45687],[37.3610152,48.4588765],[37.3599208,48.4597018],[37.3597599,48.4606979],[37.36035,48.4617508],[37.3613156,48.4631452],[37.3620451,48.4653222],[37.3672547,48.4650023],[37.3681773,48.4680612],[37.3704734,48.4706079],[37.3754086,48.4713761],[37.388412,48.4699819],[37.3909413,48.4790998],[37.4161955,48.4767976],[37.4156107,48.4790628],[37.4120488,48.4836428],[37.4074568,48.4862597],[37.4105467,48.4940529],[37.4149241,48.5014467],[37.4182715,48.5013045],[37.4232926,48.4994846],[37.429172,48.4997121],[37.4329485,48.4962996],[37.4390854,48.4955602],[37.4414887,48.4925455],[37.4446644,48.4882508],[37.4510588,48.4805706],[37.4612065,48.472217],[37.4644898,48.4706506],[37.4695325,48.4707627],[37.4722794,48.4711579],[37.4827509,48.4698702],[37.483951,48.4612054],[37.4849912,48.4581025],[37.4917718,48.4572203],[37.5110015,48.453934],[37.5157651,48.4537347],[37.5154268,48.4574709],[37.5256836,48.4584385],[37.5246965,48.463248],[37.5273144,48.4654107],[37.540661,48.4664067],[37.5484716,48.4659514],[37.5536644,48.463931],[37.5682127,48.4641871],[37.5820803,48.4652],[37.5831103,48.4614722],[37.5881314,48.4618421],[37.5895905,48.4561787],[37.59135,48.4546702],[37.5949119,48.4496687],[37.5975691,48.4423158],[37.6096069,48.4453334],[37.6112484,48.4396254],[37.6121199,48.4398327],[37.628063,48.4395338],[37.6390922,48.4402313],[37.6392689,48.4362941],[37.6443115,48.436319],[37.6515212,48.4356926],[37.6558598,48.4402431],[37.660366,48.448698],[37.6689061,48.4520284],[37.6687773,48.45792],[37.6751288,48.4584322],[37.6952407,48.4596328],[37.7048216,48.4578541],[37.7160332,48.4592913],[37.7208183,48.4572422],[37.724595,48.4558263],[37.7294872,48.452674],[37.7491182,48.45155],[37.7527445,48.4539124],[37.7653253,48.4547266],[37.7729271,48.4552422],[37.7726323,48.456335],[37.7650321,48.4557494],[37.7527436,48.454832],[37.7519115,48.4596171],[37.762921,48.4603349],[37.7668496,48.4606254],[37.7662127,48.4615606],[37.7624501,48.4613247],[37.751628,48.4605618],[37.7396944,48.4672579],[37.7478141,48.4715263],[37.7512996,48.4724369],[37.7508116,48.4774628],[37.7564857,48.4790833],[37.7576948,48.4793516],[37.7567843,48.4814762],[37.7551869,48.4853431],[37.7544467,48.4857875],[37.7531914,48.4872418],[37.7547257,48.4914144],[37.7538942,48.4940909],[37.7553748,48.4946388],[37.7540498,48.4961274],[37.7515502,48.497038],[37.7472963,48.4974151],[37.7388361,48.5006355],[37.7386805,48.5013536],[37.7410917,48.502284],[37.7400403,48.5037199],[37.7314358,48.5094349],[37.7350621,48.5116525],[37.7389245,48.509108],[37.7413063,48.5103589],[37.7433555,48.5090724],[37.7441828,48.5096033],[37.7467696,48.508144],[37.7478155,48.5085931],[37.7449448,48.5122723],[37.7593782,48.5173294],[37.757442,48.5201774],[37.7665186,48.5231619],[37.769151,48.5191943],[37.7746328,48.5209166],[37.7813814,48.5206189],[37.7844476,48.5158766],[37.7896404,48.5165589],[37.7876234,48.5197142],[37.7842669,48.5228589],[37.7825503,48.5283586],[37.7823134,48.5290128],[37.7827747,48.5297659],[37.786401,48.5315706],[37.7924092,48.5349239],[37.7957546,48.5361315],[37.7972566,48.5368135],[37.7987079,48.5365715],[37.8050919,48.5389429],[37.8109472,48.540916],[37.8132406,48.5413121],[37.8215031,48.5437987],[37.8225773,48.5444668],[37.8257211,48.546687],[37.8272022,48.5479507],[37.8289188,48.5492575],[37.8292407,48.5510615],[37.8286828,48.5531494],[37.8281034,48.553959],[37.8263224,48.5555071],[37.8285048,48.5586244],[37.8239358,48.5616329],[37.8227568,48.5635053],[37.8227406,48.56628],[37.8232033,48.5691045],[37.8200927,48.5699964],[37.8169281,48.5696558],[37.8150828,48.5736739],[37.8126151,48.5762578],[37.8123791,48.5782595],[37.8145677,48.5783447],[37.8209842,48.5779116],[37.826463,48.5787857],[37.8300229,48.5818821],[37.8311172,48.5832165],[37.829548,48.5846939],[37.8224434,48.5856927],[37.8212738,48.5851588],[37.8192405,48.5856867],[37.8177652,48.5858597],[37.8142687,48.5865621],[37.8140649,48.5868814],[37.8131315,48.5874137],[37.8109964,48.5877402],[37.8092047,48.5881731],[37.8067236,48.5899194],[37.8003293,48.5897279],[37.7998464,48.5918425],[37.7952491,48.5912925],[37.7947273,48.5963404],[37.7830651,48.5953895],[37.7752031,48.5946866],[37.7683628,48.6006795],[37.7649535,48.6178534],[37.7636723,48.6229012],[37.771912,48.6246316],[37.7758602,48.626362],[37.7832846,48.6272413],[37.7837137,48.630333],[37.78307,48.6326871],[37.7798068,48.6447159],[37.7836692,48.6480617],[37.7865016,48.6513789],[37.8041398,48.6527114],[37.8020089,48.6663404],[37.800132,48.6751328],[37.8102434,48.679919],[37.8116866,48.6810778],[37.8157846,48.6816088],[37.828638,48.6845759],[37.8531898,48.6803453],[37.86526,48.6783953],[37.8812001,48.6810123],[37.8886542,48.6839645],[37.8899622,48.6813601],[37.8907668,48.6810555],[37.8915929,48.681523],[37.8933369,48.6833895],[37.8968021,48.6834214],[37.9043873,48.6842748],[37.9037535,48.6834876],[37.9042785,48.6831255],[37.9054373,48.6833663],[37.9066389,48.683848],[37.9074757,48.6836497],[37.9091356,48.6839813],[37.9105411,48.6844417],[37.9109975,48.6839536],[37.9114753,48.6837488],[37.913772,48.6841539],[37.9141429,48.6853274],[37.9131941,48.6863522],[37.9117901,48.6865176],[37.9088197,48.6870939],[37.9065582,48.6919191],[37.8920148,48.6993948],[37.8956627,48.7015332],[37.899643,48.6996073],[37.9095436,48.6959649],[37.9127484,48.6982527],[37.9145643,48.7000567],[37.9194105,48.7034236],[37.9234126,48.7036417],[37.9267919,48.7062557],[37.9255903,48.7086346],[37.9287697,48.7102569],[37.9353345,48.7151932],[37.942049,48.7116923],[37.9491018,48.7110689],[37.963314,48.7089537],[37.9731234,48.7136938],[37.9784622,48.7172625],[37.9730637,48.7205904],[37.9744563,48.7220283],[37.973789,48.7229991],[37.9746238,48.7240832],[37.9747525,48.7263196],[37.97398,48.728641],[37.9743234,48.732151],[37.9767695,48.7362553],[37.9773817,48.7376935],[37.9810938,48.7380756],[37.9811797,48.7400284],[37.9819736,48.7443443],[37.985557,48.7493671],[37.9935178,48.754828],[37.9797849,48.763966],[37.9692892,48.7636483],[37.9517797,48.7690793],[37.9512647,48.7760371],[37.9553846,48.7777905],[37.9651693,48.7784126],[37.9786803,48.7801076],[37.9798316,48.7782954],[37.9966897,48.7804135],[38.0003901,48.7827712],[38.0033083,48.7892747],[38.0026217,48.7998197],[38.00348,48.8026464],[38.0063982,48.8067166],[38.0099602,48.8123126],[38.0152817,48.8187557],[38.0222769,48.8211293],[38.022749,48.8244068],[38.025753,48.8275995],[38.0383427,48.8259589],[38.0425208,48.8265779],[38.0565704,48.828185],[38.0579008,48.8307558],[38.0589308,48.8344848],[38.0563558,48.835304],[38.0470432,48.8340611],[38.0385031,48.8336938],[38.0213798,48.8336091],[38.0163733,48.8398715],[38.0100297,48.8450325],[38.0066214,48.8459465],[38.0027837,48.8478771],[38.0004835,48.8629183],[38.0101846,48.8643527],[38.0083553,48.8710714],[38.0067674,48.87714],[38.006467,48.8803857],[38.0150072,48.882079],[38.0192987,48.8805268],[38.0231693,48.8847911],[38.0207661,48.8859199],[38.0169037,48.886964],[38.0168179,48.8880646],[38.0141142,48.8893908],[37.9982642,48.892951],[37.9945027,48.8917126],[37.9825017,48.8914331],[37.9776522,48.8936903],[37.9638335,48.894565],[37.9532334,48.89654],[37.9519492,48.9017762],[37.9511339,48.9029329],[37.9510831,48.9043388],[37.954035,48.9066698],[37.9557854,48.9079147],[37.9561878,48.9090395],[37.9544445,48.9111515],[37.9524169,48.911878],[37.9495633,48.9111309],[37.9444718,48.9088109],[37.9410898,48.9069317],[37.9381371,48.9048267],[37.9307458,48.9038095],[37.9217598,48.9070581],[37.9080269,48.9063811],[37.8892853,48.9089139],[37.8765824,48.9114524],[37.8698447,48.9141882],[37.8675272,48.915965],[37.8688576,48.919462],[37.8651669,48.9231279],[37.8580535,48.9238944],[37.857281,48.9278702],[37.8619482,48.9346315],[37.8611114,48.9371968],[37.8616478,48.9404951],[37.8670552,48.9463298],[37.868643,48.9523611],[37.861827,48.9532291],[37.8617316,48.9697359],[37.8497777,48.9680258],[37.8416667,48.9685611],[37.8347144,48.9724487],[37.8421388,48.9730967],[37.880271,48.974863],[37.8864508,48.9788065],[37.890914,48.9819893],[37.9202252,48.9835947],[37.9183369,49.004094],[37.8931885,49.0059521],[37.8773528,49.006121],[37.8642207,49.009105],[37.8591137,49.0101183],[37.8601866,49.0172677],[37.866066,49.0170144],[37.8679543,49.0209546],[37.8834897,49.0221648],[37.9011279,49.0229246],[37.9217332,49.0231899],[37.9238361,49.0267356],[37.9226924,49.032131],[37.9361705,49.035975],[37.9351787,49.0385613],[37.9392847,49.0422204],[37.9440911,49.0416294],[37.9475135,49.0433281],[37.946977,49.0451706],[37.9475349,49.0472381],[37.9433276,49.047052],[37.9381993,49.0476146],[37.9379246,49.048335],[37.9383242,49.0501463],[37.939767,49.050703],[37.9406024,49.0514588],[37.9403764,49.052793],[37.9410945,49.0538459],[37.9401689,49.0554139],[37.9405925,49.0609685],[37.9416598,49.0622205],[37.9419547,49.0638662],[37.9387463,49.0655267],[37.9387779,49.0665123],[37.9404983,49.069203],[37.9420601,49.0720553],[37.9525398,49.0687915],[37.9533982,49.0679762],[37.952969,49.0666547],[37.9539636,49.0610368],[37.9553369,49.0604603],[37.9610392,49.0608609],[37.9648593,49.0610081],[37.9674773,49.0541669],[37.9662756,49.0482042],[37.960525,49.0443224],[37.965239,49.0342674],[37.9599788,49.0296164],[37.9574778,49.0284094],[37.9568365,49.0275659],[37.9572681,49.0259627],[37.9551702,49.0245009],[37.9545264,49.023931],[37.9501652,49.0215796],[37.9461848,49.0216641],[37.9461419,49.0191382],[37.9446077,49.019096],[37.944597,49.0177662],[37.9449061,49.0128619],[37.9449363,49.0085487],[37.9536481,49.0081405],[37.9562047,49.0056168],[37.9587918,49.0051853],[37.9639108,49.0049226],[37.9693734,48.9981763],[37.9732686,48.9933467],[37.9777744,48.9895731],[37.9773235,48.9882955],[37.9774307,48.9869015],[37.9723453,48.9857468],[37.9691395,48.9793531],[37.9669594,48.9784098],[37.9674315,48.9771704],[37.9675153,48.9759789],[37.9686955,48.9737113],[37.9686955,48.972007],[37.9671221,48.9661089],[37.9257946,48.9653764],[37.9270392,48.9629815],[37.9248505,48.9613191],[37.8812243,48.9508056],[37.8773199,48.9459013],[37.8800665,48.9414478],[37.8810797,48.9309988],[37.9203901,48.9099335],[37.921978,48.9120489],[37.9282865,48.9121335],[37.9293594,48.9134591],[37.9323635,48.9215812],[37.9348955,48.9243728],[37.9354534,48.9272771],[37.9313307,48.9313017],[37.931674,48.9375604],[37.9339721,48.9436014],[37.9492929,48.9429249],[37.9523828,48.9472374],[37.9633225,48.9494828],[37.9854514,48.9444771],[37.9923699,48.9455709],[37.9971599,48.941905],[37.999535,48.9384895],[37.9921548,48.9234628],[37.9929273,48.9186829],[37.9943865,48.9147629],[37.999386,48.9144597],[38.0011456,48.9173152],[38.0032699,48.9215171],[38.012325,48.9319215],[38.0136534,48.9339176],[38.0403725,48.9217873],[38.0505109,48.9125333],[38.0540399,48.9112889],[38.0564837,48.9100343],[38.0625047,48.9027125],[38.060051,48.9019978],[38.055223,48.9005936],[38.053721,48.8996908],[38.0539785,48.8981674],[38.055223,48.8939918],[38.0579267,48.8899004],[38.0558802,48.8820859],[38.055741,48.8748937],[38.0592921,48.8727256],[38.0627908,48.8718382],[38.0640578,48.8692571],[38.0636732,48.8640383],[38.0628182,48.8612794],[38.055823,48.8608559],[38.0508149,48.8611573],[38.0492827,48.8621643],[38.0409537,48.8623249],[38.0348489,48.865289],[38.0261685,48.8670105],[38.0158838,48.8642235],[38.0178579,48.8507269],[38.0279296,48.844357],[38.032535,48.8413506],[38.0405172,48.8396559],[38.0511603,48.8405032],[38.0586275,48.8424803],[38.0622324,48.8414636],[38.0675106,48.8456553],[38.0779388,48.8431811],[38.0871233,48.8395377],[38.0860069,48.8334079],[38.0787113,48.8245934],[38.0672804,48.8209643],[38.0562789,48.8241727],[38.0523161,48.8113804],[38.0510879,48.8043233],[38.0156101,48.8017749],[38.0179562,48.7864227],[38.0295981,48.7893765],[38.0444565,48.7907201],[38.0586675,48.7912542],[38.0705296,48.7960166],[38.0765398,48.8003512],[38.0816346,48.8008735],[38.0843047,48.8007314],[38.0839099,48.7942916],[38.0815495,48.7801257],[38.0708207,48.7793622],[38.0587838,48.7661844],[38.0538499,48.7681211],[38.0516051,48.7683851],[38.0494462,48.7680834],[38.0457506,48.7670343],[38.0430852,48.7654052],[38.0267832,48.7636034],[38.0200669,48.7667009],[38.0178782,48.7706326],[38.010883,48.771962],[38.0020427,48.7764165],[37.999725,48.7769679],[37.9988908,48.7768733],[37.9807135,48.7747054],[37.9834601,48.7706609],[37.9892108,48.7675212],[37.9979226,48.7652017],[38.0027291,48.7619768],[38.0084493,48.7583995],[38.009136,48.7537595],[38.0139425,48.7532219],[38.0236091,48.7419988],[38.023054,48.740684],[38.021552,48.737521],[38.0160669,48.7356291],[38.010847,48.733959],[38.0095787,48.7318349],[38.0017896,48.7338447],[38.001575,48.7334908],[38.0092139,48.7311981],[38.003082,48.720764],[38.001342,48.720898],[38.000078,48.71932],[38.00115,48.718131],[37.997331,48.713091],[37.9794013,48.6999831],[37.97459,48.6948444],[37.956587,48.7002829],[37.954852,48.700931],[37.9440987,48.7029845],[37.9325116,48.7032111],[37.9210835,48.6993726],[37.9192992,48.6980383],[37.9176093,48.6977886],[37.9128986,48.6961424],[37.9104095,48.6950094],[37.9092079,48.6928565],[37.9120662,48.6904352],[37.9198818,48.6879938],[37.9232077,48.6821006],[37.9188064,48.6765627],[37.9114489,48.6781478],[37.9099898,48.6798763],[37.9032167,48.6817531],[37.8925807,48.6778187],[37.8885037,48.6749],[37.8708014,48.673769],[37.869329,48.6736836],[37.8618486,48.6695172],[37.8560804,48.6724697],[37.8473054,48.6765076],[37.8381001,48.6801914],[37.8347527,48.6759976],[37.8399454,48.674439],[37.8416191,48.6723135],[37.8347691,48.6592251],[37.8320061,48.6550516],[37.8156878,48.6450434],[37.8183725,48.6365846],[37.8154607,48.6352152],[37.8068694,48.6330393],[37.8052815,48.6318765],[37.8056248,48.6297492],[37.8055819,48.628019],[37.8063115,48.6257498],[37.8053244,48.6228847],[37.7786667,48.6202145],[37.780358,48.6107403],[37.7822999,48.5997156],[37.8015576,48.601356],[37.802196,48.5980231],[37.8136764,48.5985294],[37.8138268,48.5971845],[37.8130814,48.5969856],[37.8132693,48.5956939],[37.8130016,48.5949269],[37.8090179,48.5944768],[37.8094974,48.5925932],[37.8089865,48.5916783],[37.8094585,48.5889958],[37.8142221,48.5887829],[37.8163253,48.5893369],[37.8179993,48.5905153],[37.8210034,48.5909552],[37.8219498,48.5903424],[37.8225129,48.5901894],[37.8229257,48.5904764],[37.8242936,48.5912251],[37.8256186,48.591697],[37.8269372,48.590955],[37.8277687,48.5915192],[37.8308943,48.5897163],[37.8290596,48.5882863],[37.8288617,48.5884179],[37.8285779,48.5882372],[37.8278847,48.5878665],[37.8314574,48.585631],[37.8331916,48.5842173],[37.8331512,48.5836291],[37.8337842,48.5833133],[37.8340471,48.5830329],[37.8343099,48.5828661],[37.8349751,48.5826852],[37.8350341,48.5819719],[37.8344846,48.5813676],[37.8322954,48.5798272],[37.8301524,48.5789305],[37.826864,48.5781887],[37.8253244,48.5779226],[37.8247343,48.5776031],[37.8238331,48.5772482],[37.825421,48.5750903],[37.8200527,48.5735401],[37.8219156,48.5714961],[37.8252265,48.569312],[37.8270504,48.5674519],[37.8279827,48.5659754],[37.8290517,48.5649743],[37.830586,48.5645412],[37.8336464,48.5624076],[37.8347318,48.5629763],[37.8390081,48.5643939],[37.8438739,48.5643709],[37.8466634,48.5634337],[37.8489594,48.5613177],[37.8525428,48.5567306],[37.8519634,48.5550263],[37.8524628,48.5543968],[37.8507308,48.5503166],[37.851396,48.5496632],[37.8521685,48.5480013],[37.8529195,48.5467228],[37.8518466,48.5462967],[37.8500871,48.5434129],[37.8514604,48.5409694],[37.851972,48.5383834],[37.8530144,48.5370196],[37.8533057,48.5356984],[37.8329268,48.5316618],[37.8346369,48.5244275],[37.8279149,48.523375],[37.8246189,48.5239685],[37.8233829,48.5222171],[37.8273051,48.5218124],[37.8354286,48.5219839],[37.8380397,48.5016123],[37.8228906,48.5011858],[37.8164638,48.5027318],[37.8052294,48.5075187],[37.7899281,48.5056047],[37.7845317,48.4963729],[37.7957425,48.4934539],[37.8057418,48.4894437],[37.8041968,48.486258],[37.7993474,48.4864287],[37.7890262,48.4892304],[37.7861724,48.487026],[37.8001199,48.4792034],[37.8159127,48.4738548],[37.8250966,48.470156],[37.8297688,48.4638806],[37.8377079,48.4513326],[37.8317319,48.4462729],[37.8135144,48.4562068],[37.8120916,48.4555934],[37.8075854,48.4534872],[37.8025643,48.4533449],[37.7992169,48.4528895],[37.7924363,48.4530602],[37.7907626,48.4522775],[37.7906768,48.4511247],[37.7883484,48.4490512],[37.7900512,48.4462646],[37.7908022,48.4413254],[37.7895791,48.4416386],[37.7886136,48.4415247],[37.7888925,48.4403147],[37.7897723,48.4399446],[37.7904375,48.4380798],[37.790416,48.4366419],[37.7893012,48.4344977],[37.7894836,48.4340492],[37.7903634,48.4334868],[37.7928096,48.4333231],[37.7954678,48.4313476],[37.8009181,48.4271189],[37.8029351,48.4251397],[37.8012338,48.4234657],[37.8019741,48.4231097],[37.806169,48.4260216],[37.808701,48.422476],[37.8108897,48.4232165],[37.8123703,48.4222482],[37.8141298,48.4219206],[37.8182278,48.4215294],[37.8186478,48.4207437],[37.8205991,48.4191863],[37.8241182,48.4175628],[37.8302122,48.4159677],[37.8464127,48.4116665],[37.8444386,48.4090315],[37.8421815,48.4069595],[37.8412374,48.4061476],[37.840109,48.4050921],[37.837854,48.4030289],[37.8321876,48.4058534],[37.8304978,48.4047103],[37.8297361,48.4053727],[37.8286685,48.4049418],[37.8292807,48.404224],[37.8314529,48.4021907],[37.8294842,48.401206],[37.8285079,48.4010991],[37.8269647,48.4004686],[37.8226302,48.4031183],[37.8238907,48.4040404],[37.8195806,48.4066578],[37.8194679,48.4068551],[37.8179122,48.4066993],[37.8146905,48.4101227],[37.8188747,48.4056714],[37.8167009,48.4041261],[37.815749,48.4037985],[37.8135818,48.4053085],[37.8123057,48.4052452],[37.8113194,48.405068],[37.8102679,48.4044483],[37.8130283,48.4017023],[37.814643,48.4017628],[37.8148918,48.3995628],[37.8178959,48.3997729],[37.818089,48.398423],[37.8143671,48.3980558],[37.8124242,48.3980028],[37.811244,48.3981381],[37.8097098,48.3984658],[37.80683,48.3995243],[37.8070067,48.3948861],[37.804927,48.3929734],[37.79627,48.394325],[37.7952667,48.396244],[37.7902291,48.3989322],[37.7848432,48.4009409],[37.7854869,48.4017814],[37.7819572,48.403847],[37.7808521,48.4050578],[37.7825087,48.4062188],[37.7880439,48.4099202],[37.7810916,48.4146488],[37.7800323,48.4160054],[37.7782433,48.4165929],[37.7763176,48.4169988],[37.7723746,48.4180597],[37.771779,48.41979],[37.768059,48.4250497],[37.7665141,48.426502],[37.7635958,48.4351301],[37.7585318,48.4366391],[37.7557853,48.4392015],[37.7514744,48.439733],[37.7476978,48.4399038],[37.7444363,48.4411565],[37.7371407,48.4406725],[37.7289009,48.4399323],[37.7250814,48.4401885],[37.7191591,48.4426654],[37.7165413,48.4442311],[37.7155542,48.4459676],[37.7140737,48.4465085],[37.7128399,48.4458823],[37.7125287,48.4449002],[37.7134943,48.4427508],[37.7106188,48.439658],[37.7068423,48.4397007],[37.7061773,48.4407541],[37.705441,48.4407608],[37.7048764,48.4404544],[37.7010436,48.441094],[37.7006734,48.4421741],[37.7001906,48.443053],[37.6994717,48.4434195],[37.6984524,48.4434729],[37.6964568,48.4441419],[37.6949301,48.4452407],[37.6907705,48.4445974],[37.6890753,48.4439426],[37.6878308,48.4427327],[37.6844691,48.4407875],[37.6826023,48.4407875],[37.6794051,48.4412715],[37.6782249,48.4413854],[37.6765727,48.4413284],[37.6732253,48.4392217],[37.6725815,48.4344099],[37.6717664,48.4318516],[37.6683764,48.431436],[37.666166,48.4301095],[37.6649107,48.4297536],[37.6623894,48.4293728],[37.6597876,48.4285274],[37.6578297,48.4281803],[37.65735,48.4287654],[37.6557085,48.4289078],[37.6285355,48.4272159],[37.6143526,48.4262283],[37.6140157,48.4315625],[37.6131537,48.4337715],[37.600438,48.4310322],[37.599687,48.4335785],[37.5989663,48.4368148],[37.59828,48.4400741],[37.5880627,48.4370718],[37.5805777,48.4363922],[37.574637,48.4422037],[37.560947,48.4405809],[37.5595737,48.4403531],[37.5598741,48.4391574],[37.5486743,48.438066],[37.5429236,48.4420234],[37.5326668,48.4439592],[37.5227963,48.4479446],[37.5126254,48.4493109],[37.5089416,48.4506607],[37.5071357,48.4499433],[37.4990427,48.4503926],[37.4982595,48.4487558],[37.5018965,48.4474322],[37.5043081,48.4462579],[37.5064193,48.4462791],[37.5072939,48.4419375],[37.5091063,48.4314887],[37.4939191,48.4300358],[37.4842539,48.4262987],[37.4752158,48.4284412],[37.473692,48.4290535],[37.4725118,48.430036],[37.4708811,48.4305628],[37.4704085,48.4333096],[37.468413,48.4343204],[37.466986,48.4370008],[37.4693075,48.4377611],[37.4707666,48.4384444],[37.4697796,48.4422879],[37.4699512,48.4455332],[37.4691788,48.4506855],[37.4654451,48.4575449],[37.4650589,48.4603055],[37.4634281,48.4640619],[37.4577669,48.4643157],[37.4572948,48.4649702],[37.4566725,48.4652975],[37.4564365,48.4670617],[37.4559859,48.4675881],[37.4545911,48.4681145],[37.4543122,48.4685414],[37.4536899,48.4687121],[37.4528102,48.4686409],[37.4519089,48.469082],[37.4503854,48.4703766],[37.449769,48.4736674],[37.4496512,48.4742917],[37.4326138,48.4758138],[37.4225555,48.4767254],[37.4177085,48.4554882],[37.4087753,48.4593961],[37.4042692,48.4602499],[37.4001922,48.4602783],[37.3919954,48.4632095],[37.3861589,48.4628396],[37.3828544,48.4525654],[37.3714013,48.4510003],[37.3651733,48.450146],[37.3501805,48.4505776],[37.3430844,48.4483894],[37.3387929,48.4513782],[37.3355313,48.4575545],[37.3202535,48.4554768],[37.3167558,48.4535555],[37.3192664,48.4412156],[37.3077429,48.4365754],[37.2955342,48.4350088],[37.2826121,48.4351724],[37.2749732,48.4326383],[37.2705529,48.4305596],[37.2618838,48.4247576],[37.2610245,48.4231222],[37.2578483,48.4225039],[37.2561314,48.4216292],[37.2552717,48.4193551],[37.2459161,48.4200956],[37.2390068,48.4198963],[37.2331703,48.417162],[37.2352302,48.4114651],[37.241925,48.4111232],[37.246474,48.411522],[37.24680656289591,48.4095666984462],[37.2692633,48.4108753],[37.2733832,48.407172],[37.2743273,48.4004482],[37.265358,48.397029],[37.2661389,48.3941532],[37.2712887,48.3900212],[37.2739633,48.3877722],[37.2763206,48.3741856],[37.2721308,48.3688199],[37.2520587,48.3686744],[37.2485396,48.3685033],[37.2369954,48.3631146],[37.2362658,48.358866],[37.2369954,48.3554725],[37.2457555,48.3462113],[37.2480729,48.3435301],[37.2506602,48.338829],[37.2544368,48.3391428],[37.2594579,48.3415105],[37.27156,48.3452757],[37.2807868,48.3461029],[37.2850188,48.3429644],[37.2908385,48.3361177],[37.2945807,48.32676],[37.2990218,48.3073691],[37.2915857,48.30421],[37.2853072,48.3055987],[37.2772697,48.3005069],[37.2743608,48.3055421],[37.270932,48.3062613],[37.2698183,48.308776],[37.2689621,48.3092926],[37.2640675,48.3087227],[37.2585949,48.3120911],[37.2559114,48.3120629],[37.2486634,48.311296],[37.2481534,48.3092446],[37.2458226,48.3089007],[37.2430478,48.3102272],[37.2394717,48.3100626],[37.2364107,48.3091273],[37.2341809,48.3079453],[37.2317385,48.3056627],[37.2326241,48.3019552],[37.2323083,48.2978766],[37.213134,48.2946521],[37.2045925,48.2953014],[37.2054287,48.2986236],[37.1921196,48.3008248],[37.1891955,48.3017406],[37.1881949,48.3050818],[37.1830434,48.3057171],[37.176176,48.306834],[37.1779762,48.3006932],[37.1841972,48.3011144],[37.1857942,48.2960931],[37.1880258,48.2901542],[37.1765871,48.2882482],[37.1755203,48.2883577],[37.1703704,48.2897569],[37.1697482,48.2889288],[37.168211,48.28817],[37.1675887,48.2867208],[37.1614267,48.287473],[37.1463177,48.2880928],[37.1402347,48.2913048],[37.1368444,48.2913191],[37.1349776,48.2917902],[37.1337116,48.2890205],[37.1265661,48.2899628],[37.1187876,48.2881353],[37.118526,48.2855951],[37.1168308,48.285438],[37.1141486,48.28441],[37.1116166,48.2830821],[37.0957808,48.2743997],[37.0758572,48.2631289],[37.0734324,48.2645574],[37.0697214,48.2708346],[37.0688143,48.2741249],[37.0673396,48.2816738],[37.054937,48.2803601],[37.0565503,48.2729293],[37.0568682,48.2630501],[37.0504738,48.2616502],[37.0523621,48.2545929],[37.0461095,48.2512136],[37.0462595,48.2497205],[37.0395864,48.2463983],[37.0347076,48.2452273],[37.0273609,48.244004],[37.0159421,48.2425833],[37.0132164,48.2444251],[36.9953207,48.2431532],[36.9770388,48.2411097],[36.9773002,48.2378626],[36.9751076,48.2378799],[36.9699936,48.2365888],[36.9684057,48.2365031],[36.9711904,48.2249165],[36.971745,48.2226111],[36.9666413,48.2220287],[36.9690195,48.2094115],[36.9592995,48.2049701],[36.9496865,48.2022242],[36.9448262,48.2009942],[36.9450517,48.197819],[36.9466827,48.1946724],[36.9502516,48.1761171],[36.9378104,48.1747777],[36.9242492,48.1699696],[36.9170473,48.1671687],[36.9159236,48.1667067],[36.9188753,48.1456882],[36.9107684,48.144819],[36.9114735,48.1383597],[36.9078015,48.1366544],[36.9098128,48.134876],[36.9128538,48.1334413],[36.9175506,48.131999],[36.921622,48.129401],[36.9251839,48.1286276],[36.9275229,48.1209718],[36.9240106,48.1206217],[36.9251407,48.1139895],[36.9262277,48.1089331],[36.9255944,48.1056561],[36.9232255,48.1049929],[36.9244271,48.0890856],[36.9281607,48.0849288],[36.9302668,48.0767492],[36.9314895,48.0683823],[36.9190944,48.0673553],[36.9136582,48.0666902],[36.9020065,48.0654836],[36.9029936,48.0598621],[36.8955585,48.0594678],[36.8822834,48.062587],[36.8690016,48.0638048],[36.852845,48.0620506],[36.8486393,48.0627102],[36.8387044,48.0676718],[36.8323314,48.0694929],[36.8282974,48.0688476],[36.8258083,48.0651194],[36.8264091,48.0625382],[36.8278682,48.0605018],[36.8307436,48.0586087],[36.8429744,48.0600715],[36.8449544,48.0529281],[36.8479955,48.0397029],[36.8399504,48.0406387],[36.8319004,48.0403204],[36.8281184,48.0397833],[36.8135218,48.0435267],[36.8104319,48.0465679],[36.8059687,48.0487483],[36.8069128,48.0522482],[36.8054537,48.0537973],[36.801248,48.0539694],[36.7940382,48.050068],[36.7857126,48.0530515],[36.7815928,48.0498958],[36.7744688,48.0507565],[36.7661528,48.0560119],[36.7626689,48.056521],[36.7603867,48.0557105],[36.7563219,48.052712],[36.7451989,48.0525563],[36.7437397,48.0532878],[36.7426669,48.0542201],[36.743847,48.0564002],[36.7437183,48.0577196],[36.7473232,48.0594406],[36.7503638,48.0622047],[36.7474456,48.064872],[36.7413565,48.068943],[36.7458197,48.0786351],[36.7437328,48.0851379],[36.7438186,48.0886927],[36.7420919,48.09118],[36.7419733,48.0937951],[36.7421449,48.0959161],[36.7328323,48.0955148],[36.7269958,48.094655],[36.7275096,48.0920909],[36.7275966,48.08703],[36.7154945,48.0859119],[36.7135633,48.0844212],[36.7067449,48.08217],[36.7045133,48.0826287],[36.702625,48.082342],[36.6999213,48.0830014],[36.6990509,48.0824959],[36.6996456,48.0767524],[36.6949191,48.0753098],[36.6841738,48.0772282],[36.6804202,48.0749388],[36.6780401,48.0744559],[36.6768624,48.074947],[36.6749121,48.074922],[36.6747669,48.073553],[36.6717729,48.0714745],[36.668875,48.0712459],[36.6666163,48.0708625],[36.6642289,48.0725724],[36.6633592,48.0739563],[36.6602893,48.0744729],[36.6591064,48.0747532],[36.6555631,48.076668],[36.656121,48.0728257],[36.6571509,48.0693558],[36.6568505,48.0678216],[36.6488469,48.0682231],[36.6481069,48.0645667],[36.6510415,48.0581062],[36.6644465,48.05916],[36.6673725,48.0482119],[36.6737083,48.0246155],[36.6790215,48.0242139],[36.6783241,48.0238659],[36.678603,48.0222513],[36.6829375,48.022567],[36.6839246,48.0181609],[36.6797403,48.0175581],[36.683067,48.0049193],[36.6474902,48.0002963],[36.6479194,47.9986882],[36.665687,48.0006519],[36.6699338,47.9860154],[36.6545451,47.9841946],[36.6434328,47.9828075],[36.644402,47.9792687],[36.6449051,47.9773149],[36.6381781,47.9765248],[36.6284363,47.9754043],[36.6295844,47.9707715],[36.6371717,47.9716945],[36.6392589,47.9719815],[36.643961,47.9725241],[36.6458814,47.9645721],[36.6239133,47.9613961],[36.6253792,47.9529888],[36.5944647,47.9557242],[36.5751528,47.9565002],[36.5647358,47.959266],[36.5578481,47.9605163],[36.5505308,47.9625708],[36.5481705,47.9599126],[36.5629664,47.9554514],[36.5733403,47.9532305],[36.5794987,47.9539922],[36.5908283,47.9530149],[36.5952271,47.9518221],[36.604411,47.9505287],[36.6053552,47.9465332],[36.6183815,47.9477511],[36.6210071,47.9370793],[36.6082612,47.9357568],[36.6015664,47.9367343],[36.5987769,47.9373669],[36.5813501,47.9408791],[36.5576289,47.9460092],[36.5559822,47.942853],[36.5475556,47.9382591],[36.5426717,47.9380053],[36.5378256,47.9345851],[36.5363328,47.9321491],[36.5396163,47.9266139],[36.5524909,47.9273041],[36.5530488,47.9344352],[36.5678546,47.9314449],[36.5837986,47.933012],[36.5911595,47.9315301],[36.5942708,47.9309263],[36.6026393,47.9276194],[36.6206319,47.9256007],[36.6225202,47.9242779],[36.6346438,47.92527],[36.6350962,47.9200648],[36.6173399,47.917743],[36.6050721,47.9198602],[36.6058694,47.9132535],[36.5921611,47.9163689],[36.5854653,47.9189356],[36.581344,47.9184674],[36.5808879,47.9171325],[36.5788011,47.9165167],[36.5775456,47.9166368],[36.5770467,47.9160443],[36.5779559,47.9150722],[36.5783931,47.9143445],[36.5779907,47.9137521],[36.5767166,47.9129453],[36.5762794,47.9122248],[36.5758498,47.9097148],[36.5759034,47.909046],[36.5717889,47.9087987],[36.541488,47.9059903],[36.5373658,47.9085227],[36.5304435,47.9159169],[36.5286727,47.9156869],[36.5275753,47.9148719],[36.5219105,47.9173527],[36.5140993,47.9180882],[36.512158,47.9179855],[36.514005,47.90559],[36.5057156,47.9035192],[36.5050596,47.9053317],[36.5024294,47.9051304],[36.5026622,47.9027139],[36.4967767,47.901937],[36.4930186,47.9098912],[36.4845733,47.9092652],[36.4852001,47.9050688],[36.4834492,47.9015173],[36.4783508,47.9056185],[36.4703017,47.9134608],[36.4670902,47.9165208],[36.464958,47.9161879],[36.4655769,47.9133005],[36.4692514,47.8961603],[36.4731207,47.8789259],[36.4642284,47.8785621],[36.4510229,47.8798091],[36.4406071,47.8789397],[36.4352987,47.8770911],[36.4235835,47.8772646],[36.4080046,47.8781273],[36.3999258,47.8785087],[36.3962753,47.8777046],[36.3948671,47.8769725],[36.3936521,47.8767295],[36.3930694,47.8768505],[36.3914782,47.877835],[36.3903054,47.8780927],[36.3893471,47.8780481],[36.3887356,47.8760548],[36.3880203,47.8748802],[36.3892568,47.8684389],[36.3652242,47.8663085],[36.3375254,47.8774509],[36.3345397,47.8757796],[36.3475001,47.8696768],[36.3377154,47.8644083],[36.3302911,47.8597151],[36.3247121,47.8610108],[36.3162578,47.8606077],[36.3164723,47.8588225],[36.321756,47.8475427],[36.3250605,47.8448354],[36.3238589,47.8431648],[36.3234726,47.8365109],[36.3244168,47.8352146],[36.3272921,47.8336013],[36.3304678,47.8314694],[36.3453421,47.8279971],[36.3463714,47.8208374],[36.3534954,47.8162556],[36.3576581,47.8153334],[36.3796376,47.8142894],[36.3812099,47.8090148],[36.3852872,47.7982045],[36.3894071,47.7954946],[36.3830556,47.7932314],[36.374554,47.7954879],[36.3623564,47.7971045],[36.328445,47.7940491],[36.3054371,47.7917651],[36.3081908,47.7785634],[36.2974237,47.7775832],[36.3002561,47.7653538],[36.3039831,47.7496056],[36.2895798,47.7472156],[36.2686371,47.7443154],[36.2575966,47.7422608],[36.2550217,47.7375276],[36.2520534,47.7352258],[36.2558693,47.7136751],[36.2385476,47.7116056],[36.2435687,47.6895107],[36.2631381,47.690464],[36.274486,47.6874565],[36.2776459,47.6751999],[36.2788156,47.6739899],[36.2810365,47.6738094],[36.283091,47.6720575],[36.2896757,47.6721929],[36.2904665,47.667849],[36.2910352,47.6649132],[36.2984166,47.6638728],[36.3045106,47.6599997],[36.3063989,47.6551435],[36.3027082,47.6497086],[36.2644706,47.6578607],[36.260737,47.6556927],[36.2616623,47.6521944],[36.2625206,47.6496214],[36.2667263,47.6499539],[36.2680137,47.6458918],[36.2688098,47.6439991],[36.2731657,47.6415992],[36.285418,47.6398643],[36.2857613,47.6378112],[36.2937865,47.6384763],[36.3069324,47.6384567],[36.3071898,47.6327887],[36.3199785,47.6334398],[36.326888,47.6334973],[36.3283934,47.6245016],[36.3298952,47.6164187],[36.3165914,47.615464],[36.3165914,47.6150446],[36.3200246,47.6151314],[36.3207655,47.6095045],[36.3077769,47.6030808],[36.29778785058913,47.598014125659965],[36.297788,47.598014],[36.289517,47.593641],[36.278757,47.590921],[36.264552,47.590776],[36.263001,47.595913],[36.254761,47.594726],[36.25047,47.594755],[36.251414,47.588822],[36.244759,47.58823],[36.246733,47.578388],[36.225495,47.576671],[36.2255437,47.5752991],[36.2134584,47.5749425],[36.2035058,47.5734968],[36.202651,47.57622],[36.1886,47.57514],[36.174246,47.57298],[36.1570406,47.5701949],[36.1531997,47.5707161],[36.1448097,47.5730034],[36.1426639,47.5734377],[36.1333727,47.5743063],[36.1266994,47.5751748],[36.1164641,47.5777659],[36.1032247,47.5792858],[36.1009931,47.5793147],[36.0989761,47.575088],[36.0860549,47.5713769],[36.0866044,47.5625115],[36.0922604,47.56284],[36.094771,47.5498215],[36.0843399,47.5514755],[36.0842513,47.5510727],[36.0861557,47.5488915],[36.0747958,47.5234726],[36.0533091,47.5258905],[36.0406622,47.5256398],[36.0217891,47.527888],[36.0141914,47.5280337],[36.0127755,47.5197089],[36.019073,47.5148183],[36.0190364,47.5111957],[35.9935885,47.5061382],[35.9798753,47.5128641],[35.9682834,47.5118882],[35.959407,47.5127207],[35.9509098,47.5148366],[35.9514272,47.500792],[35.9516855,47.4912378],[35.9435802,47.4923715],[35.915817,47.4959502],[35.9156453,47.4939494],[35.9152198,47.4814317],[35.9022436,47.478303],[35.8914158,47.4824819],[35.8707003,47.4895291],[35.8694987,47.4861941],[35.8658315,47.4754502],[35.855659,47.4701592],[35.8418832,47.4714936],[35.8299284,47.4707587],[35.8043271,47.4691217],[35.7982569,47.468728],[35.7975349,47.4654824],[35.7868383,47.4661833],[35.7764194,47.4667768],[35.782796,47.480813],[35.764492,47.482691],[35.745126,47.489864],[35.731166,47.489495],[35.723076,47.490547],[35.720821,47.50111],[35.7111921,47.5031509],[35.7111062,47.5129491],[35.7092609,47.5138766],[35.7047548,47.5134708],[35.6987466,47.5115287],[35.6920752,47.5105255],[35.682033,47.508442],[35.6724988,47.5085108],[35.6725417,47.5166415],[35.6693445,47.5164386],[35.6693123,47.5079383],[35.6611375,47.5041968],[35.6396121,47.5032209],[35.6392126,47.4966563],[35.6309881,47.4959847],[35.6127202,47.4970769],[35.6075316,47.4991178],[35.5916126,47.501796],[35.5814029,47.5030923],[35.5717551,47.5103014],[35.5687998,47.5216843],[35.5680773,47.5255364],[35.5661529,47.5350682],[35.5632836,47.5471617],[35.5574471,47.54861],[35.538221,47.5470458],[35.5295521,47.5460609],[35.499881,47.5430637],[35.4693813,47.5404498],[35.4699177,47.5359953],[35.462193,47.5354448],[35.4619999,47.537444],[35.4581912,47.5378424],[35.4556913,47.5388491],[35.4497237,47.5388549],[35.4412914,47.5399306],[35.4307526,47.5377143],[35.4127864,47.53647],[35.4094469,47.5353837],[35.4060065,47.5366421],[35.4048013,47.5374016],[35.4028664,47.5374078],[35.3991575,47.5390825],[35.397464,47.5400827],[35.3987068,47.5423259],[35.398578,47.5448172],[35.4007962,47.5467459],[35.401397,47.5536976],[35.4034569,47.5583315],[35.4027917,47.5671784],[35.391269,47.5667802],[35.3911831,47.5653396],[35.3779008,47.5648184],[35.3771927,47.5704937],[35.3635159,47.5710166],[35.3630189,47.5734194],[35.363887,47.5741535],[35.3663589,47.5764363],[35.3609301,47.5785641],[35.3589517,47.5766289],[35.3575999,47.5754274],[35.3521004,47.5739988],[35.3480663,47.5736514],[35.341393,47.5779506],[35.3387905,47.5798099],[35.336424,47.5798742],[35.3334906,47.5791173],[35.326105,47.5787726],[35.3148416,47.5788851],[35.3132686,47.5757967],[35.3058657,47.5788075],[35.3013437,47.5806998],[35.2995243,47.5817119],[35.2980373,47.5828905],[35.2805851,47.6076425],[35.2804867,47.6088218],[35.2842508,47.6090463],[35.2930617,47.6098754],[35.2943491,47.6078501],[35.3058504,47.6079658],[35.3061079,47.603915],[35.3050779,47.5962464],[35.3144335,47.5952624],[35.3319645,47.5966817],[35.3313714,47.6024935],[35.3375128,47.6108389],[35.3583761,47.6109368],[35.3592104,47.5977593],[35.374427,47.5977477],[35.3934738,47.6038787],[35.4063484,47.6130795],[35.4245446,47.6134845],[35.43596,47.6146417],[35.4407666,47.6175925],[35.4581044,47.6174189],[35.4581044,47.5979176],[35.4601643,47.5899877],[35.4490535,47.5833467],[35.4502178,47.5727686],[35.4525606,47.5661498],[35.4609965,47.5632373],[35.4631044,47.5554433],[35.4877444,47.5573446],[35.5045776,47.5570895],[35.5059668,47.5477756],[35.533901,47.5526806],[35.5602254,47.5565484],[35.5659761,47.5574173],[35.5683333,47.5546505],[35.5730077,47.552709],[35.5753609,47.5514616],[35.5812618,47.5522509],[35.5830051,47.5520083],[35.5856069,47.5528664],[35.5913449,47.5532444],[35.592804,47.5464085],[35.5825043,47.5404988],[35.5778695,47.5389923],[35.5808129,47.5267216],[35.5889579,47.5257084],[35.608428,47.5091596],[35.6150358,47.5112631],[35.6206148,47.5035157],[35.6193273,47.5030808],[35.6201427,47.5018632],[35.6297983,47.5036243],[35.6313433,47.5039722],[35.631354,47.5056609],[35.6368196,47.5078013],[35.6725744,47.5192073],[35.6778638,47.5127003],[35.6806211,47.5123235],[35.6865058,47.5156969],[35.6932005,47.51461],[35.7090833,47.517925],[35.7175376,47.5210262],[35.7216765,47.5183969],[35.738913,47.5066312],[35.7392777,47.5073051],[35.7465417,47.5079827],[35.7508333,47.5034023],[35.7552965,47.500793],[35.7611919,47.5004878],[35.7691107,47.4998416],[35.7679311,47.4942084],[35.7663862,47.4900038],[35.7760962,47.4903289],[35.7842423,47.4907387],[35.7812865,47.4842535],[35.7917579,47.483978],[35.7939026,47.4799494],[35.7993671,47.4803127],[35.8050685,47.480649],[35.8075871,47.4755024],[35.8149042,47.4764741],[35.8203384,47.4783831],[35.8226129,47.4737711],[35.829861,47.4741582],[35.8411237,47.4747727],[35.8539373,47.4744448],[35.8553118,47.4797937],[35.8595192,47.4837503],[35.8651892,47.4959556],[35.8713549,47.5011895],[35.9010928,47.498307],[35.9160703,47.4986259],[35.9213613,47.5008161],[35.9211896,47.5023237]],[[35.4631249,47.5474909],[35.4880746,47.5474228],[35.5059668,47.5477756],[35.4631249,47.5474909]],[[35.4126213,47.5979436],[35.4168913,47.5962218],[35.4216979,47.5952087],[35.4170201,47.5962216],[35.4126213,47.5979436]],[[36.2396821,47.6544141],[36.2344633,47.667444],[36.2357514,47.6638585],[36.2396821,47.6544141]],[[36.5887722,47.9416639],[36.5953275,47.9424975],[36.5942761,47.9462346],[36.5904781,47.9464789],[36.5877315,47.9490229],[36.5815517,47.9493534],[36.5788266,47.9435755],[36.5840193,47.9424975],[36.5887722,47.9416639]],[[37.7397337,48.444102],[37.7285757,48.4458101],[37.7357855,48.4446714],[37.7397337,48.444102]],[[37.8171769,48.4103648],[37.8168201,48.4101021],[37.8159082,48.4105761],[37.8152376,48.4105425],[37.8144356,48.410767],[37.8141111,48.4113492],[37.8134298,48.4113207],[37.8135586,48.4103806],[37.8147549,48.4104574],[37.8169113,48.4091541],[37.8178447,48.4098449],[37.8179842,48.4099517],[37.8171769,48.4103648]]],[[[35.9377616,50.4333117],[35.9499725,50.4351204],[35.9558316,50.4337579],[35.971499,50.4371553],[35.9747843,50.4412588],[35.9825228,50.4408536],[35.996692,50.4429464],[36.0033089,50.4456942],[36.0672394,50.4512455],[36.0688113,50.4462086],[36.0861759,50.4483854],[36.093609,50.4445856],[36.1123237,50.4395422],[36.1167461,50.4385974],[36.1177123,50.438163],[36.119538,50.4384179],[36.1240893,50.4382656],[36.1251645,50.4380585],[36.1360605,50.4376278],[36.1553431,50.4330982],[36.1554772,50.4315971],[36.1600982,50.4313677],[36.1611571,50.4305095],[36.1706482,50.4089519],[36.1773025,50.4016694],[36.1950337,50.4133961],[36.198091,50.4160967],[36.2053822,50.4072667],[36.2077853,50.4056584],[36.2086863,50.4045492],[36.2090766,50.4044442],[36.2097941,50.4044896],[36.2108644,50.4049087],[36.2121467,50.4061298],[36.2149092,50.4069269],[36.217071,50.4070129],[36.218546,50.4061072],[36.2195141,50.4042081],[36.2202998,50.4032459],[36.2211299,50.402761],[36.2218566,50.4020374],[36.2220188,50.401785],[36.2211818,50.4012803],[36.2206708,50.4007492],[36.2201484,50.4005555],[36.2189113,50.400248],[36.2181493,50.3995719],[36.21794,50.39915],[36.2176477,50.3988332],[36.2173392,50.3986591],[36.2169134,50.3985628],[36.2160651,50.3985384],[36.214921,50.3983802],[36.2144435,50.3984174],[36.2141765,50.3985195],[36.2138652,50.3988119],[36.2131154,50.3992966],[36.202334,50.3964135],[36.2051798,50.3945751],[36.2079301,50.39175],[36.2069688,50.3913713],[36.2074989,50.3907012],[36.207485,50.3898737],[36.2078144,50.3894018],[36.2088315,50.3884995],[36.2095654,50.386988],[36.2108142,50.3858322],[36.2113806,50.3856823],[36.2205377,50.3782129],[36.2311509,50.3713447],[36.2309634,50.3708514],[36.2311915,50.3697015],[36.2316771,50.3689621],[36.2327612,50.3650466],[36.2338346,50.3637717],[36.2417495,50.3584957],[36.2429857,50.3580603],[36.2555884,50.355356],[36.2812307,50.3373187],[36.2742463,50.3311415],[36.2769397,50.329036],[36.2823593,50.3267688],[36.2853634,50.3266318],[36.2800485,50.3177483],[36.2853271,50.3107875],[36.2867657,50.3047267],[36.2871948,50.3019308],[36.2989536,50.302013],[36.3092533,50.2965029],[36.3243595,50.2917051],[36.3310017,50.2894959],[36.3544351,50.2888061],[36.3561942,50.2882527],[36.3579747,50.2879598],[36.3588114,50.287642],[36.3604204,50.2873515],[36.361171,50.2873191],[36.3643662,50.2877169],[36.3661497,50.2877777],[36.3778831,50.2829972],[36.3785416,50.2850926],[36.3835916,50.2855919],[36.384865,50.2841167],[36.3880703,50.2826033],[36.3896153,50.2793124],[36.3870272,50.2769496],[36.3894735,50.2750296],[36.3903746,50.2695988],[36.3961253,50.2665264],[36.4056414,50.2679908],[36.4117354,50.2634369],[36.4149043,50.2575236],[36.4161821,50.2570044],[36.417807,50.256609],[36.4218999,50.2541146],[36.4250568,50.2534524],[36.4262208,50.2558046],[36.4282458,50.2554599],[36.4297202,50.2548768],[36.4322245,50.2550345],[36.4370502,50.2581239],[36.4405113,50.2566924],[36.4465624,50.2559379],[36.4502102,50.2567884],[36.4522619,50.2576932],[36.4575593,50.2561183],[36.4608209,50.2543897],[36.4632241,50.2527707],[36.4647691,50.2515908],[36.4666573,50.2521671],[36.4691464,50.2516731],[36.4746825,50.2475568],[36.476957,50.2445105],[36.4798753,50.2430011],[36.4809052,50.2413543],[36.4869177,50.2429762],[36.497399,50.2407593],[36.5064871,50.2380357],[36.514669,50.2413637],[36.5406115,50.244359],[36.5461905,50.2500672],[36.5561469,50.2480365],[36.560124,50.2507639],[36.5701997,50.2439366],[36.5716268,50.2439529],[36.5753711,50.2419931],[36.5777153,50.2396544],[36.5828916,50.2369314],[36.5971902,50.2313746],[36.5954687,50.2299923],[36.6134871,50.2237226],[36.6147913,50.2268197],[36.6159137,50.2271172],[36.6186622,50.2271216],[36.6399695,50.2222943],[36.6478539,50.2177643],[36.6639568,50.2221711],[36.6787855,50.237079],[36.6679234,50.2410001],[36.6697165,50.2439224],[36.6683432,50.24631],[36.6789862,50.2454318],[36.6792437,50.2472157],[36.674008,50.2478469],[36.6697594,50.2486427],[36.6680857,50.2495209],[36.6661545,50.2488348],[36.6629358,50.2497953],[36.6596743,50.250399],[36.6565415,50.2521552],[36.666303,50.2582497],[36.6731051,50.2564388],[36.6734914,50.2559175],[36.6741995,50.2555882],[36.6749505,50.256137],[36.6780404,50.2555196],[36.6784052,50.2559998],[36.673148,50.2576461],[36.6711954,50.2586338],[36.6677836,50.2593197],[36.6754225,50.2630098],[36.6793922,50.2618712],[36.680787,50.261542],[36.6819671,50.2623102],[36.6788558,50.2631881],[36.6786627,50.2636407],[36.6886862,50.2668258],[36.6929282,50.2687338],[36.6946373,50.2691208],[36.6956169,50.2690278],[36.6968593,50.266771],[36.70073,50.2642879],[36.7024079,50.2642326],[36.7042574,50.2650551],[36.7033647,50.2686754],[36.7058628,50.2689216],[36.7200571,50.2774509],[36.7259901,50.2697719],[36.7326161,50.2672195],[36.7445625,50.2641176],[36.7567089,50.2586388],[36.7628023,50.2529399],[36.7717166,50.2535967],[36.7754288,50.2507497],[36.778862,50.2502009],[36.780922,50.2508046],[36.7906208,50.2478958],[36.7987318,50.2480879],[36.8014784,50.2463315],[36.8080445,50.2459473],[36.8196024,50.2478664],[36.8314041,50.2534645],[36.8337766,50.2585921],[36.8413554,50.2624661],[36.8473636,50.2649901],[36.85423,50.2682819],[36.8689461,50.2618794],[36.8729863,50.2621722],[36.8764354,50.2591051],[36.878737,50.2576453],[36.883286,50.2569045],[36.8865905,50.2568496],[36.8881355,50.2558893],[36.8902383,50.2569045],[36.890882,50.2583586],[36.891563,50.2620133],[36.8943954,50.2648665],[36.8921638,50.2695573],[36.8933672,50.2718328],[36.894442,50.274026],[36.8923784,50.277868],[36.8962874,50.2811293],[36.8982186,50.2844749],[36.8931874,50.2905989],[36.9061589,50.2902868],[36.9099037,50.2893438],[36.91087,50.2889385],[36.9116697,50.2894231],[36.9125874,50.2887937],[36.9135051,50.2893022],[36.9152811,50.2894268],[36.9183669,50.2863116],[36.9210295,50.2820364],[36.9216147,50.2820673],[36.923305,50.2821737],[36.9254314,50.2820919],[36.9288968,50.2870228],[36.9312325,50.2880961],[36.9347086,50.2887542],[36.9341102,50.2901189],[36.9338956,50.2906158],[36.9363901,50.2910614],[36.9368637,50.2910364],[36.9375342,50.2910398],[36.9400179,50.2914922],[36.9383316,50.2949366],[36.9414108,50.2955945],[36.9499665,50.2970902],[36.9493657,50.2991873],[36.953702,50.3001176],[36.953594,50.3004283],[36.9537117,50.3009057],[36.953647,50.3013215],[36.9557713,50.303254],[36.9580681,50.3063523],[36.9645268,50.3066264],[36.9694621,50.3073116],[36.9734532,50.3089698],[36.9778064,50.3104832],[36.9845441,50.3104558],[36.9918418,50.3103193],[36.9955508,50.309297],[36.9986133,50.3080267],[37.0031623,50.3046828],[37.0095138,50.3041346],[37.0133762,50.3045732],[37.0219592,50.3068207],[37.0260957,50.3091942],[37.0308702,50.3100919],[37.0338897,50.3104386],[37.0365007,50.3153769],[37.0369233,50.3173555],[37.0425589,50.3183401],[37.0486062,50.3188728],[37.0494578,50.3215275],[37.0445614,50.3269108],[37.0405781,50.3290747],[37.0394964,50.3313571],[37.0366164,50.3314579],[37.0315285,50.3323849],[37.0280712,50.3344074],[37.0278893,50.3364713],[37.0275064,50.3464821],[37.0373406,50.3486931],[37.0449476,50.3449658],[37.0597664,50.3472487],[37.0703526,50.3468001],[37.1056603,50.3517149],[37.1057001,50.3533306],[37.1032968,50.3573556],[37.1381871,50.3610774],[37.1488221,50.3559994],[37.1831469,50.3634574],[37.2001382,50.3704134],[37.2137847,50.3741504],[37.2233131,50.3779958],[37.2221142,50.379118],[37.2559519,50.3926878],[37.257697,50.3909329],[37.2641408,50.3941331],[37.2917181,50.4009938],[37.2994618,50.4061856],[37.3091282,50.4228922],[37.3102139,50.4264734],[37.3197105,50.4329213],[37.3323744,50.4370234],[37.3525931,50.4374057],[37.3772752,50.4327544],[37.3959664,50.4311373],[37.4210946,50.4347123],[37.4326226,50.4436096],[37.4689602,50.453543],[37.4730772,50.4555699],[37.4769373,50.4594545],[37.4909253,50.4573303],[37.4847111,50.4455885],[37.4856748,50.4363151],[37.4823109,50.4331221],[37.4787124,50.4314432],[37.4700683,50.4311985],[37.4651582,50.4299824],[37.4634908,50.4245676],[37.4658331,50.4179233],[37.4647723,50.4141641],[37.4665594,50.4056113],[37.4657714,50.3982619],[37.466592,50.387217],[37.4648231,50.3849756],[37.4674578,50.3784912],[37.4711218,50.3754003],[37.4708443,50.3709183],[37.4722196,50.3686441],[37.4815158,50.3631896],[37.4831957,50.3615105],[37.4827233,50.3592871],[37.4850832,50.3567899],[37.5059472,50.3520552],[37.5060023,50.350542],[37.5088038,50.346838],[37.5217857,50.3363621],[37.5550041,50.3300182],[37.5768492,50.3064903],[37.5857293,50.3143992],[37.5950834,50.3162506],[37.609845,50.3165537],[37.6300057,50.3137614],[37.634973,50.3116253],[37.637462,50.3020342],[37.6255342,50.2917852],[37.6264034,50.2388201],[37.6136228,50.2191319],[37.6406605,50.1919741],[37.6391171,50.1807289],[37.633326,50.1765201],[37.6329681,50.1756458],[37.6271459,50.1673297],[37.6182328,50.1654922],[37.614722,50.1651078],[37.6048515,50.1594444],[37.6029632,50.1512505],[37.5903705,50.1471642],[37.5904992,50.145019],[37.5964645,50.1391607],[37.6147649,50.1425877],[37.6182484,50.1386014],[37.6244711,50.1326598],[37.6268744,50.1285057],[37.6268527,50.1262726],[37.6293418,50.125007],[37.631788,50.125007],[37.6383861,50.1266487],[37.6407036,50.1283545],[37.647817,50.1234793],[37.6444361,50.1225977],[37.6395019,50.1207606],[37.6437279,50.1193921],[37.6515182,50.1185042],[37.6537069,50.1170733],[37.6566251,50.1164954],[37.6595863,50.1155598],[37.6654228,50.1127803],[37.6681265,50.1119547],[37.6721605,50.1122574],[37.6762804,50.1129729],[37.6802286,50.1137435],[37.6794612,50.1107592],[37.678887,50.108807],[37.68011,50.1050775],[37.6861182,50.1017193],[37.6911822,50.1002879],[37.6972762,50.1010586],[37.7053014,50.0952087],[37.7035642,50.0917182],[37.7065683,50.0854679],[37.7042508,50.0802907],[37.7091432,50.0784456],[37.7151084,50.0773439],[37.7172542,50.0740664],[37.7118039,50.0670976],[37.7136493,50.0662987],[37.7157521,50.0614777],[37.7236486,50.0598797],[37.7270389,50.0575929],[37.731545,50.0556367],[37.7371669,50.0551683],[37.7357936,50.0519444],[37.7468228,50.0500981],[37.7624869,50.0495745],[37.7630878,50.0393222],[37.7673476,50.0298716],[37.7699055,50.0263048],[37.7773637,50.0223711],[37.7744832,50.0163784],[37.7788795,50.0124997],[37.7779555,50.0067099],[37.7792103,50.0049738],[37.780439,49.9987411],[37.7806456,49.9954452],[37.7785778,49.9924803],[37.7745581,49.9882337],[37.7746495,49.981647],[37.7667531,49.9777835],[37.7630623,49.9692273],[37.7525046,49.9713945],[37.744865,49.9696967],[37.741088,49.9663007],[37.7291582,49.9625434],[37.7267571,49.9608811],[37.7337146,49.9558459],[37.7522621,49.9543914],[37.7522948,49.9399341],[37.7680131,49.9355673],[37.7825013,49.9283662],[37.7756811,49.9130541],[37.7719664,49.9137984],[37.7602076,49.9157052],[37.7572035,49.9161473],[37.7507233,49.9166171],[37.7463888,49.9149867],[37.7456164,49.9131352],[37.7511095,49.9114494],[37.7502941,49.9089068],[37.7478733,49.9076106],[37.7483454,49.9057864],[37.7480235,49.9032988],[37.7456847,49.9021655],[37.7441153,49.9003605],[37.7437749,49.8987102],[37.7430454,49.8977012],[37.7428737,49.8962913],[37.7394842,49.8956651],[37.7378642,49.8965773],[37.7367847,49.8965825],[37.7355334,49.896712],[37.7356273,49.9005372],[37.7351282,49.9014703],[37.7080058,49.8925273],[37.7071474,49.8934672],[37.7053674,49.8928298],[37.7016077,49.8911954],[37.6991791,49.8904613],[37.6964968,49.8904475],[37.6945657,49.8909037],[37.6940887,49.8914686],[37.694724,49.8875114],[37.6879688,49.8855635],[37.6741744,49.8770551],[37.6701403,49.8756861],[37.6622654,49.8774048],[37.6553775,49.8878438],[37.6542188,49.8894751],[37.6512576,49.8898622],[37.6500989,49.8876226],[37.6503564,49.8822859],[37.6518155,49.8792439],[37.6547767,49.8725511],[37.6543904,49.8692872],[37.6529792,49.8632737],[37.6496247,49.8632503],[37.6439747,49.8595915],[37.6486706,49.8548219],[37.6498317,49.8526187],[37.6427106,49.8498897],[37.6358117,49.8519505],[37.6330868,49.8502059],[37.6361868,49.8474656],[37.6360673,49.8400755],[37.6347996,49.8347602],[37.6390247,49.8344551],[37.6411039,49.8325999],[37.6300012,49.8314767],[37.627698,49.8294228],[37.6241075,49.8277841],[37.6244435,49.8255843],[37.6223699,49.8244086],[37.612078,49.8256688],[37.6103034,49.8216246],[37.6089186,49.8189253],[37.608267,49.8153808],[37.6070653,49.8120301],[37.6171902,49.8108324],[37.6235118,49.8093161],[37.6256901,49.8075308],[37.6265484,49.8047611],[37.6281363,49.8036532],[37.6293379,49.8006063],[37.6269506,49.7951595],[37.6225552,49.7905942],[37.6222024,49.7892242],[37.6234713,49.77924],[37.6283024,49.7792693],[37.6308774,49.7787428],[37.630166,49.7779514],[37.6308312,49.7770091],[37.6326981,49.7755126],[37.6343288,49.7735587],[37.6407852,49.7736759],[37.652083,49.7787635],[37.6577246,49.7778075],[37.6598469,49.7773778],[37.6689192,49.7756589],[37.6672521,49.7728931],[37.6703552,49.7722391],[37.6766638,49.7678598],[37.6764695,49.7639153],[37.6830596,49.7635152],[37.6834081,49.7647683],[37.686117,49.7660768],[37.6904192,49.766088],[37.6941266,49.765089],[37.6953152,49.7649774],[37.6981782,49.7665242],[37.7051616,49.7691518],[37.7077751,49.7733983],[37.7108266,49.7746298],[37.7246448,49.7714145],[37.724839,49.7708726],[37.7344339,49.7676555],[37.7291992,49.758775],[37.7385547,49.7557808],[37.7497986,49.7530359],[37.7588537,49.7525645],[37.7743687,49.7489527],[37.7850217,49.7436729],[37.7856744,49.7399043],[37.7872582,49.7395213],[37.8033895,49.7360035],[37.8191673,49.7322849],[37.8155624,49.7251833],[37.823065,49.7184436],[37.8220451,49.703035],[37.8314436,49.7018137],[37.8368289,49.6978238],[37.8312656,49.69175],[37.8280205,49.6897292],[37.8274758,49.6817937],[37.8324977,49.6807756],[37.8496977,49.6800344],[37.8543492,49.6647316],[37.8572138,49.6512785],[37.8567096,49.647979],[37.8643914,49.6461728],[37.8724595,49.6450891],[37.8745194,49.6416987],[37.8790041,49.6401424],[37.8805556,49.6354742],[37.8814569,49.6309713],[37.8781095,49.6305544],[37.8785815,49.6283862],[37.8724446,49.622576],[37.863647,49.6147632],[37.862617,49.6128723],[37.8547599,49.6112503],[37.852717,49.6079121],[37.8479104,49.6081902],[37.8474541,49.6070847],[37.8157825,49.607196],[37.7922178,49.6046437],[37.7892609,49.6043036],[37.7864285,49.5987966],[37.7899475,49.5983515],[37.7949257,49.5993529],[37.8056923,49.5999202],[37.8211848,49.5998368],[37.8210467,49.5956456],[37.8063696,49.5845733],[37.8024788,49.5812978],[37.7952365,49.579466],[37.7725379,49.574895],[37.7729242,49.5731696],[37.7613799,49.5710545],[37.761962,49.5671183],[37.762373,49.5647176],[37.7532386,49.5634742],[37.7542686,49.5569047],[37.7463721,49.5569047],[37.7437972,49.556682],[37.7304935,49.5572944],[37.7184732,49.5565262],[37.7151687,49.5567211],[37.7111347,49.5577511],[37.7069256,49.5572968],[37.7018995,49.5537439],[37.7011866,49.55202],[37.7015299,49.5492357],[37.7002425,49.5470918],[37.7006287,49.5455603],[37.7016587,49.5446692],[37.7010579,49.5433326],[37.6998562,49.542358],[37.6982684,49.542358],[37.696938,49.5408821],[37.6968951,49.5396567],[37.6978392,49.5392668],[37.6978821,49.5380972],[37.6971955,49.5371503],[37.6981396,49.5359249],[37.6984864,49.534047],[37.6971526,49.532889],[37.6947697,49.5295765],[37.6931175,49.5269303],[37.6934608,49.5264358],[37.6970417,49.5263347],[37.6999083,49.5255977],[37.7010282,49.518297],[37.7002428,49.5148133],[37.6981829,49.5121663],[37.7030905,49.5099999],[37.7077101,49.5096584],[37.7090105,49.5174612],[37.7106299,49.5217907],[37.7125611,49.5232393],[37.7252211,49.5210385],[37.7255369,49.5159182],[37.7274466,49.5153331],[37.7297009,49.5114846],[37.7316321,49.5107322],[37.7414535,49.5106406],[37.7501653,49.51078],[37.7504801,49.5055685],[37.772839,49.5057914],[37.7729416,49.5068736],[37.790054,49.5059738],[37.8069941,49.5050715],[37.8062216,49.4974907],[37.8078166,49.4971128],[37.8225194,49.4935018],[37.8197761,49.4913153],[37.810074,49.488484],[37.8072415,49.4817371],[37.7944135,49.472515],[37.7909803,49.469782],[37.7943277,49.4678855],[37.796216,49.4619168],[37.7934265,49.4566726],[37.7770532,49.4544006],[37.7669681,49.456437],[37.760612,49.456945],[37.7576512,49.4572149],[37.7531451,49.4541742],[37.7506131,49.452054],[37.7495831,49.4523051],[37.740528,49.4500731],[37.7373232,49.4485416],[37.7255957,49.4446071],[37.7211325,49.4419842],[37.7090783,49.439068],[37.7098722,49.4381192],[37.7116532,49.4376447],[37.7115458,49.4316029],[37.7041858,49.4299841],[37.697845,49.4283932],[37.6957101,49.4267742],[37.6854962,49.4238153],[37.6773423,49.420298],[37.6754111,49.4176737],[37.675454,49.4150773],[37.6767266,49.4133687],[37.6796019,49.4127544],[37.6903737,49.4140667],[37.6950086,49.4138992],[37.6975406,49.4176683],[37.706939,49.4175566],[37.7233641,49.4173106],[37.7215187,49.4124525],[37.7292864,49.4097999],[37.7466671,49.4046619],[37.7657215,49.3991323],[37.7671593,49.4011664],[37.7691234,49.4091622],[37.8019107,49.397098],[37.8187341,49.391394],[37.8210301,49.390137],[37.8222102,49.3910309],[37.8227467,49.3927976],[37.8235406,49.395486],[37.8528518,49.3940755],[37.8510339,49.3847553],[37.8502666,49.380562],[37.860223,49.3802827],[37.8748571,49.3779357],[37.8770029,49.3780754],[37.8861438,49.3797518],[37.8926123,49.3829692],[37.8934394,49.3833838],[37.8936111,49.3847528],[37.9065286,49.3845013],[37.9118501,49.3851997],[37.9191457,49.3845293],[37.9197635,49.3794224],[37.9242696,49.3795062],[37.9332818,49.3809032],[37.9390325,49.3774106],[37.9450342,49.3690374],[37.9498904,49.3624354],[37.9543714,49.3596355],[37.9540281,49.3562254],[37.954816,49.3552737],[37.9550521,49.3539878],[37.9530832,49.3511145],[37.9438621,49.3483248],[37.9449893,49.3467362],[37.9482811,49.3426117],[37.9493969,49.341661],[37.950062,49.3397177],[37.9574864,49.3350267],[37.9646426,49.3350652],[37.9677611,49.3320129],[37.9691773,49.3292161],[37.9663071,49.3288428],[37.9661783,49.3211788],[37.9646334,49.3207032],[37.9627075,49.3177213],[37.9637374,49.3162036],[37.9657544,49.3149657],[37.9677071,49.3122239],[37.9698099,49.3125317],[37.9701103,49.3020389],[37.9700689,49.3000769],[37.9648117,49.299881],[37.9650478,49.2992933],[37.9702834,49.2992094],[37.9713349,49.295767],[37.9695324,49.2932761],[37.9737381,49.2921285],[37.9788764,49.2918159],[37.9792198,49.2883171],[37.9739412,49.288485],[37.9695209,49.2877572],[37.9788356,49.2826157],[37.9836267,49.2807356],[37.9850167,49.2811511],[37.9861446,49.2829899],[37.9869122,49.283458],[37.989139,49.2834222],[37.9978941,49.2828912],[37.9974978,49.2862895],[37.998871,49.2868214],[38.001961,49.2891447],[38.0129473,49.2872973],[38.0142348,49.2856177],[38.0120288,49.2777283],[38.0090886,49.2680961],[38.0090892,49.2575112],[38.0054315,49.254844],[38.0001237,49.2545463],[37.9951019,49.2512556],[37.9916252,49.25085],[37.9885139,49.2519565],[37.9869689,49.2512282],[37.9836644,49.2516764],[37.9840507,49.2486509],[37.9832353,49.2473062],[37.9804458,49.2456813],[37.9809608,49.2433279],[37.9791583,49.2412266],[37.9698028,49.2397696],[37.9664983,49.2399377],[37.9634513,49.2396015],[37.9618654,49.2384176],[37.9492912,49.2408552],[37.9475074,49.236544],[37.9391766,49.2373251],[37.9314948,49.2404353],[37.9225001,49.238846],[37.9245741,49.2350858],[37.923588,49.2334596],[37.9263365,49.2314403],[37.9253452,49.228188],[37.9217946,49.2265835],[37.9169904,49.2260673],[37.897998,49.2239909],[37.8946935,49.2258548],[37.8890808,49.2268775],[37.8867849,49.2308431],[37.8849824,49.2304507],[37.8877934,49.2249436],[37.8894435,49.2247872],[37.8893077,49.2135037],[37.8899407,49.2104339],[37.8905605,49.2075292],[37.889335,49.2034469],[37.8864743,49.2039436],[37.8852336,49.2007243],[37.8861431,49.1986247],[37.8852501,49.1960764],[37.8842768,49.1935515],[37.8809005,49.1920363],[37.8708974,49.1917119],[37.868635,49.1880356],[37.8654916,49.1867895],[37.8626381,49.1840077],[37.8583037,49.184765],[37.8518573,49.185537],[37.8445097,49.1848499],[37.8251972,49.1877333],[37.8240439,49.1837151],[37.8177353,49.1780766],[37.8154634,49.1715641],[37.8103596,49.1721779],[37.7826351,49.1777877],[37.7773494,49.1837685],[37.7727095,49.1844702],[37.7677904,49.1858833],[37.762163,49.1870858],[37.7588367,49.1871836],[37.7566266,49.1849536],[37.7545452,49.1837895],[37.7540088,49.1828919],[37.7539659,49.1816856],[37.7599329,49.1766655],[37.7644819,49.1741966],[37.765469,49.1726816],[37.7733654,49.1686131],[37.7809614,49.1653581],[37.7846793,49.1601417],[37.7811428,49.159378],[37.7713774,49.1570338],[37.7661064,49.153623],[37.7690246,49.1509284],[37.7668788,49.1495529],[37.7606291,49.1472087],[37.7541703,49.150058],[37.7500719,49.1459174],[37.7465958,49.1451594],[37.7455229,49.1443453],[37.7413601,49.1449348],[37.7381844,49.1437277],[37.7361674,49.1411729],[37.7381844,49.1393761],[37.7399868,49.1383092],[37.7405018,49.1373265],[37.7441496,49.1356418],[37.7507099,49.1344123],[37.7458605,49.1285997],[37.7398366,49.1312262],[37.7243789,49.1337185],[37.719225,49.1326056],[37.7154448,49.1290214],[37.7006474,49.1308165],[37.6899362,49.128641],[37.6861763,49.1261841],[37.6779762,49.1108618],[37.6772876,49.1068877],[37.6844004,49.1052606],[37.6931313,49.1060525],[37.7008924,49.1056901],[37.7083593,49.1013435],[37.707597,49.096784],[37.7034183,49.0901117],[37.7069052,49.0888892],[37.7132459,49.0884535],[37.7176823,49.0874378],[37.7192281,49.0843919],[37.7169124,49.0800989],[37.7123653,49.077956],[37.7112251,49.073545],[37.7123872,49.0662296],[37.7192966,49.0669044],[37.7283754,49.0654429],[37.7312507,49.0656819],[37.7360143,49.0651055],[37.7442541,49.063798],[37.7449836,49.0637558],[37.7498116,49.0663708],[37.7582626,49.0685775],[37.7664594,49.0680432],[37.7743129,49.0720919],[37.7801923,49.0702363],[37.7872734,49.0743409],[37.7972551,49.0716515],[37.8039186,49.0702209],[37.8149747,49.0724285],[37.8171169,49.0724174],[37.8177588,49.0710765],[37.8195594,49.0700588],[37.8218853,49.0698633],[37.8236921,49.0702083],[37.8250697,49.0710875],[37.8301427,49.0750242],[37.8402759,49.0785099],[37.8627977,49.07863],[37.8637744,49.0716647],[37.8653844,49.071734],[37.8662012,49.0727722],[37.8698919,49.0717039],[37.8707978,49.0729641],[37.8776167,49.0766518],[37.8873772,49.0786775],[37.8947828,49.0813181],[37.8996107,49.0831522],[37.9028938,49.0831311],[37.907006,49.0842547],[37.9139153,49.0821466],[37.9206238,49.0799383],[37.925602,49.0779285],[37.9266501,49.0781896],[37.9288992,49.0738305],[37.9295978,49.0716591],[37.9320128,49.0687567],[37.928665,49.0664525],[37.9171776,49.0632646],[37.9056763,49.0648955],[37.8825274,49.0659438],[37.8791933,49.064916],[37.8650017,49.0659683],[37.8651733,49.056309],[37.8481574,49.0583056],[37.8491264,49.0424068],[37.8316169,49.0419567],[37.821403,49.0482014],[37.8181167,49.0571526],[37.7970676,49.0589293],[37.7947502,49.0577482],[37.7910595,49.0571858],[37.7826481,49.0562296],[37.777584,49.0542609],[37.7752237,49.0479044],[37.7721767,49.044754],[37.7586155,49.0408157],[37.7515773,49.045626],[37.7453072,49.0522228],[37.741359,49.0553727],[37.7395565,49.0558789],[37.7372391,49.0553446],[37.732733,49.0534321],[37.7256789,49.0545621],[37.7221598,49.0514121],[37.7118605,49.0527343],[37.7044358,49.0556308],[37.6990714,49.0593992],[37.6981277,49.0585839],[37.6917554,49.0604681],[37.6775281,49.0661477],[37.6742665,49.071068],[37.691714,49.0814926],[37.6781957,49.0883788],[37.6822297,49.0940276],[37.6902549,49.0930721],[37.7002971,49.0970625],[37.7039492,49.0982452],[37.7015626,49.100057],[37.6960859,49.099003],[37.6931183,49.0982616],[37.6897218,49.0967895],[37.6832779,49.0998691],[37.6731268,49.1014116],[37.6729647,49.1057791],[37.6743476,49.1073932],[37.6699645,49.1126694],[37.6691864,49.1137126],[37.6685613,49.1191217],[37.6659527,49.1197056],[37.6662623,49.1206265],[37.6578833,49.1218624],[37.6583499,49.1232666],[37.653967,49.1243338],[37.646371,49.1256678],[37.6475081,49.1288621],[37.6492034,49.1327866],[37.6533233,49.1326181],[37.6593314,49.1335728],[37.661563,49.1318318],[37.674266,49.1267771],[37.6794158,49.1259908],[37.6836974,49.1268815],[37.6847274,49.1295213],[37.6889241,49.132234],[37.6995244,49.1353545],[37.7089733,49.1350678],[37.7094369,49.1377811],[37.7108448,49.1401013],[37.7127854,49.1442721],[37.7080511,49.1457961],[37.71116,49.1515623],[37.713987,49.1529741],[37.7141588,49.1594295],[37.7190087,49.1602433],[37.7210043,49.1569735],[37.7213153,49.1531213],[37.7258316,49.1510092],[37.7366879,49.1497521],[37.7414086,49.1484468],[37.7604958,49.1611998],[37.7620311,49.1631327],[37.7637907,49.1680434],[37.7601858,49.1706248],[37.7588554,49.1727572],[37.7540807,49.1754384],[37.7472571,49.1779073],[37.7457022,49.1765705],[37.7436423,49.1750134],[37.741003,49.1745084],[37.7397799,49.1757288],[37.7402734,49.1767388],[37.7417969,49.177875],[37.7426735,49.179091],[37.7429739,49.1802412],[37.7424804,49.1831727],[37.7459805,49.1866564],[37.7567266,49.1874807],[37.7648373,49.1943912],[37.7709502,49.1915163],[37.7753734,49.1906641],[37.7797441,49.1859863],[37.7976919,49.1812298],[37.8061892,49.1798131],[37.8076053,49.1837825],[37.8050641,49.1864631],[37.8078965,49.1903899],[37.8027896,49.1933347],[37.8064803,49.2012149],[37.8148754,49.2007548],[37.8261192,49.194978],[37.8335006,49.1943049],[37.8389405,49.1935444],[37.8398418,49.1982908],[37.8440709,49.1987262],[37.8583327,49.1978747],[37.8734319,49.1959009],[37.8758832,49.1955728],[37.8779055,49.1989464],[37.8782813,49.2016216],[37.8737954,49.2034446],[37.8767388,49.2108883],[37.8771251,49.2120938],[37.8747236,49.2147915],[37.8764329,49.2175198],[37.8734717,49.2220608],[37.8735147,49.2253401],[37.8719166,49.234673],[37.8694275,49.2382597],[37.870908,49.239679],[37.8741788,49.2413333],[37.8779649,49.2424832],[37.883134,49.243606],[37.8925691,49.2300484],[37.8996929,49.2291323],[37.9114509,49.2301732],[37.9117511,49.2306093],[37.9159995,49.2312416],[37.9194785,49.2312442],[37.9198862,49.2323405],[37.9190707,49.2354965],[37.9170537,49.2404001],[37.9163525,49.2408811],[37.9131193,49.2419365],[37.9106302,49.2461951],[37.9078758,49.2492743],[37.9108799,49.2512912],[37.9162521,49.2512096],[37.918355,49.2527503],[37.9218311,49.2542349],[37.9331608,49.2477079],[37.935092,49.2463912],[37.9367227,49.2462231],[37.9401524,49.248505],[37.9442722,49.2519086],[37.9460532,49.2569926],[37.9540784,49.258057],[37.9621465,49.2597095],[37.971402,49.259928],[37.9779683,49.2578019],[37.9850175,49.2599976],[37.9888053,49.2583279],[37.9912309,49.2583493],[37.9975395,49.2610661],[38.0003719,49.2596937],[38.0022601,49.2598898],[38.0032472,49.2633066],[38.0065088,49.2643988],[38.0071525,49.265407],[37.9995565,49.2686834],[37.9968957,49.2705596],[37.9977592,49.2771959],[38.0017932,49.27672],[38.0039819,49.2793517],[38.004411,49.2820953],[38.0028232,49.2821513],[38.0027373,49.2804716],[37.9972871,49.2807235],[37.9933698,49.2790322],[37.9837816,49.2794802],[37.9823096,49.2796317],[37.9716237,49.27392],[37.9593028,49.285373],[37.952562,49.2927903],[37.9581092,49.2941541],[37.9633994,49.2961894],[37.9632496,49.2998403],[37.959159,49.3013243],[37.9593092,49.3038708],[37.9551893,49.3040002],[37.9546478,49.307121],[37.9540104,49.3108748],[37.9539548,49.3118151],[37.9530107,49.3124866],[37.9524756,49.3132726],[37.9525614,49.3142937],[37.9529906,49.3155527],[37.9561448,49.3166158],[37.9568959,49.3178327],[37.9597906,49.319413],[37.9619363,49.3220985],[37.9598609,49.3229323],[37.9531079,49.322773],[37.9417783,49.3229828],[37.9412633,49.3286608],[37.940775,49.3356188],[37.9334449,49.3370499],[37.9315728,49.3389611],[37.9326105,49.3405597],[37.9341632,49.3416549],[37.9430415,49.343476],[37.9435994,49.3444546],[37.9414321,49.3451675],[37.9361531,49.3446142],[37.9357239,49.3467111],[37.9350617,49.3496917],[37.9402115,49.3512293],[37.9414132,49.35204],[37.9421427,49.3535775],[37.9478076,49.3572954],[37.9491379,49.3587209],[37.9507705,49.3597906],[37.9501697,49.3607829],[37.94885,49.3608318],[37.947627,49.3603846],[37.947078,49.3597831],[37.9431269,49.3601764],[37.9369714,49.3589306],[37.9353632,49.3619009],[37.9373094,49.3668296],[37.9387965,49.3695586],[37.9330029,49.3715427],[37.9339041,49.372884],[37.9320588,49.3744488],[37.9306428,49.3745582],[37.930004,49.3759917],[37.923891,49.3750598],[37.9210939,49.3737782],[37.9054727,49.3708441],[37.9020404,49.3722962],[37.9028476,49.3764669],[37.8913463,49.3750698],[37.8776992,49.3708643],[37.8781665,49.3693013],[37.8606571,49.367401],[37.8612,49.3731],[37.8440489,49.3720672],[37.843679,49.3791519],[37.8386417,49.3800368],[37.8351156,49.381843],[37.8223269,49.381843],[37.8120701,49.3825694],[37.8041741,49.3843368],[37.7937882,49.3872628],[37.7767079,49.3960337],[37.7717726,49.3985195],[37.7642961,49.3914179],[37.7436772,49.4003846],[37.7304359,49.4029809],[37.7222969,49.3985763],[37.7127008,49.3912663],[37.7110701,49.3854559],[37.6829176,49.3816005],[37.6748495,49.3868527],[37.6763945,49.3988636],[37.6761076,49.4076011],[37.6763357,49.4097483],[37.6654352,49.4191852],[37.6686968,49.426834],[37.6728381,49.4383419],[37.6638158,49.4394499],[37.6511137,49.4403625],[37.6546328,49.4438785],[37.6670782,49.4519139],[37.6822232,49.4642592],[37.6841759,49.4637293],[37.6852917,49.464315],[37.6890897,49.467118],[37.6909136,49.4662674],[37.7143427,49.4483684],[37.72441,49.4546013],[37.7275289,49.4522245],[37.7281544,49.4514471],[37.7305898,49.450645],[37.7334866,49.4507985],[37.7341947,49.4511751],[37.7339158,49.4547042],[37.7396925,49.4578624],[37.7411672,49.4582868],[37.7426853,49.4593851],[37.7419289,49.4601627],[37.7389332,49.4615916],[37.7366074,49.4622547],[37.7369078,49.4629799],[37.7398475,49.4648905],[37.7407356,49.4662216],[37.7517202,49.4626845],[37.7551964,49.4672168],[37.7680221,49.4674123],[37.7772884,49.481057],[37.779854,49.4804692],[37.7941721,49.4771422],[37.7970046,49.4812968],[37.8025432,49.490283],[37.8038736,49.4905757],[37.8056546,49.4935724],[37.7895184,49.4966525],[37.7899412,49.499972],[37.7885679,49.4998326],[37.7877955,49.4974914],[37.7711014,49.5002786],[37.768902,49.4962196],[37.7532121,49.4994698],[37.7484299,49.5005167],[37.7429797,49.4904681],[37.7144404,49.4983054],[37.7105876,49.4996162],[37.7105017,49.5006475],[37.7109309,49.502891],[37.7176686,49.5031837],[37.7196761,49.5063598],[37.7240008,49.5089005],[37.7246875,49.5108789],[37.7233571,49.5119099],[37.7206963,49.5117427],[37.717692,49.5117157],[37.7141301,49.5120501],[37.7130786,49.5092496],[37.711641,49.5083022],[37.7111401,49.5065469],[37.7047076,49.5028493],[37.6995823,49.5023154],[37.6949545,49.5034676],[37.6932555,49.5005656],[37.6909166,49.5005518],[37.6867753,49.5001894],[37.6583335,49.5116345],[37.6656291,49.515814],[37.6776326,49.5170383],[37.6839799,49.5215221],[37.688128,49.5253052],[37.6895513,49.5281425],[37.6898338,49.5310931],[37.6901179,49.5331279],[37.6896458,49.5347433],[37.688843,49.5365721],[37.6850346,49.5448896],[37.6801607,49.5615232],[37.6902885,49.5585285],[37.6982351,49.5573607],[37.7033079,49.5564732],[37.7081144,49.559424],[37.711288,49.5645322],[37.713023,49.5643205],[37.7209301,49.5631932],[37.7429886,49.5647798],[37.7423878,49.5586002],[37.7446623,49.5584888],[37.7459498,49.5636664],[37.7486582,49.5661998],[37.7484885,49.572024],[37.7611942,49.572727],[37.762932,49.5722456],[37.7711288,49.5738319],[37.7710576,49.5746261],[37.7709343,49.5915604],[37.7815633,49.5916407],[37.7849213,49.5896139],[37.7921311,49.5907823],[37.8057937,49.5919583],[37.8057352,49.5933695],[37.7943249,49.5942347],[37.7878876,49.5950136],[37.776156,49.597677],[37.7725511,49.5997353],[37.7732377,49.6051867],[37.780898,49.6093005],[37.7873468,49.6082591],[37.7914892,49.6076806],[37.7925602,49.6077988],[37.7997923,49.6091212],[37.8063684,49.6114716],[37.8212171,49.6164768],[37.8275686,49.6184787],[37.8358941,49.6186455],[37.8391765,49.6209637],[37.8445191,49.6222253],[37.8476948,49.6231706],[37.8475231,49.6248942],[37.8539604,49.6272294],[37.8566212,49.6321217],[37.8556168,49.6346141],[37.8430855,49.6376158],[37.8519867,49.6447968],[37.8499284,49.6460868],[37.8495958,49.6468024],[37.8490164,49.6498867],[37.8468278,49.650491],[37.8449395,49.6521859],[37.8429186,49.6524785],[37.8157081,49.6634584],[37.8191413,49.6694025],[37.8211154,49.6707634],[37.8267803,49.6706523],[37.8287115,49.6751237],[37.810687,49.6785672],[37.8100922,49.6826663],[37.8078713,49.6840547],[37.8044649,49.6834126],[37.7980714,49.684134],[37.7968268,49.6901311],[37.7983222,49.6923025],[37.7989445,49.695148],[37.7870355,49.6972577],[37.7925552,49.7019312],[37.7782725,49.7200932],[37.7788358,49.7227298],[37.7718217,49.723965],[37.7649946,49.7318605],[37.753288,49.7402597],[37.7507203,49.7411643],[37.7418368,49.7412198],[37.731623,49.7379748],[37.721967,49.7354231],[37.7114957,49.7345355],[37.7015822,49.732899],[37.6970254,49.7347594],[37.6951371,49.7412495],[37.6943475,49.7518397],[37.6969283,49.7518722],[37.7052991,49.7544966],[37.7061847,49.7596221],[37.7051819,49.7609634],[37.7028754,49.7611399],[37.6989381,49.7611222],[37.6965995,49.761392],[37.6947329,49.761135],[37.6781118,49.7596802],[37.6627754,49.7655844],[37.6597591,49.7667802],[37.6491317,49.762293],[37.6510852,49.7553135],[37.647482,49.749782],[37.6455367,49.7469703],[37.641198,49.7385965],[37.6372469,49.7322195],[37.6324925,49.731044],[37.6245103,49.7247745],[37.6246298,49.7184591],[37.6252827,49.7055725],[37.6218321,49.7042754],[37.6171505,49.7025013],[37.6141464,49.7014605],[37.6105844,49.7011552],[37.6092221,49.7002827],[37.6067276,49.6994188],[37.6041473,49.6988324],[37.6033869,49.6991264],[37.6015966,49.6992782],[37.6011379,49.6990857],[37.6002206,49.6997206],[37.599652,49.7008517],[37.594898,49.7028179],[37.5947981,49.7045676],[37.5938684,49.7058727],[37.5952651,49.7063971],[37.5960494,49.7069924],[37.596144,49.7076939],[37.5964532,49.7083399],[37.5961274,49.7087716],[37.5968291,49.7099974],[37.5969808,49.7110258],[37.5979707,49.7118338],[37.5960333,49.7129303],[37.5932621,49.7150602],[37.5921875,49.7172975],[37.5963489,49.7217822],[37.5963918,49.7232388],[37.6029403,49.7261369],[37.6077257,49.7273508],[37.6098719,49.7265949],[37.6164386,49.7251104],[37.6212451,49.726553],[37.624335,49.7287169],[37.624335,49.7304923],[37.6218459,49.7317683],[37.6215885,49.7390354],[37.6276395,49.7419752],[37.6272533,49.7445266],[37.6260518,49.746883],[37.623434,49.748935],[37.6258372,49.7505987],[37.6241206,49.7536765],[37.6239331,49.7572781],[37.6246412,49.7604386],[37.6243906,49.7650469],[37.6256566,49.769371],[37.6248442,49.771653],[37.6246725,49.773316],[37.6242648,49.7741613],[37.6230203,49.7743137],[37.6161109,49.7739396],[37.609974,49.777002],[37.6078497,49.7785123],[37.6030065,49.7805464],[37.6021431,49.7827226],[37.5919026,49.792144],[37.5951213,49.7972968],[37.5928601,49.8042321],[37.5913449,49.8173742],[37.5916977,49.8192966],[37.5949217,49.8254732],[37.5965525,49.8264699],[37.6017383,49.8263896],[37.6121222,49.8292143],[37.6146261,49.8308518],[37.6175594,49.8314927],[37.6210078,49.8326594],[37.6232118,49.8342135],[37.626413,49.8374909],[37.6227074,49.8421287],[37.6256151,49.8443989],[37.6285775,49.8447156],[37.6296513,49.8492945],[37.6331588,49.8557846],[37.6339312,49.8616222],[37.6385661,49.8634757],[37.6414414,49.867874],[37.6371728,49.8691913],[37.6371514,49.8697164],[37.6380204,49.8717463],[37.6344692,49.8724136],[37.6377199,49.8758086],[37.637838,49.8762096],[37.6367222,49.876538],[37.6375591,49.8779467],[37.6374947,49.8792448],[37.6366579,49.8812497],[37.6443244,49.8841741],[37.6454402,49.8899254],[37.6482726,49.8929666],[37.6553965,49.8914184],[37.6643444,49.8878793],[37.6661897,49.8853217],[37.6678099,49.8849476],[37.6786365,49.8947839],[37.6799669,49.8948392],[37.6833572,49.8957515],[37.6884641,49.8959726],[37.6930131,49.8957791],[37.6961245,49.8952745],[37.697055,49.8988848],[37.6976061,49.9018233],[37.6971273,49.9051488],[37.7022604,49.9069849],[37.7183966,49.9065703],[37.7380987,49.9032435],[37.7428258,49.9073151],[37.7427829,49.910604],[37.7423538,49.9165731],[37.7444995,49.9217126],[37.7416462,49.9254503],[37.7441143,49.9338294],[37.7460026,49.946424],[37.743895,49.949619],[37.7306771,49.9498399],[37.727673,49.9507236],[37.7199483,49.9508893],[37.7205491,49.9646941],[37.7265143,49.9655223],[37.731235,49.9655223],[37.7315783,49.9666541],[37.7359128,49.9675098],[37.7359663,49.9698492],[37.742114,49.9703253],[37.7431625,49.9712948],[37.7444577,49.9736029],[37.7464772,49.973834],[37.7475097,49.9751968],[37.749451,49.9757901],[37.7522081,49.9767976],[37.7528317,49.9786346],[37.7536744,49.9826532],[37.7537448,49.991087],[37.758521,49.9912883],[37.7559354,49.9982135],[37.7612473,50.0051384],[37.76037,50.0109339],[37.7409292,50.0164906],[37.740197,50.0223774],[37.7415371,50.03487],[37.7411607,50.0403607],[37.6965291,50.05057],[37.6894303,50.0585163],[37.6849363,50.0695966],[37.6764708,50.0729527],[37.6760723,50.0813766],[37.6745574,50.0869911],[37.6752741,50.0920548],[37.6693251,50.0997039],[37.6719588,50.1031686],[37.6722881,50.1098427],[37.6553795,50.1099804],[37.6480958,50.1096391],[37.6469917,50.1125452],[37.643377,50.1119971],[37.637364,50.1129478],[37.632724,50.114834],[37.6262005,50.1164617],[37.619418,50.1261792],[37.6138237,50.1317634],[37.6101892,50.1306503],[37.5891178,50.1266337],[37.5759013,50.1321494],[37.5710075,50.1421208],[37.5766723,50.1518012],[37.585465,50.1543931],[37.5891085,50.1570947],[37.5847421,50.1584915],[37.5882078,50.1617855],[37.5938838,50.1657872],[37.5963842,50.1645654],[37.6014079,50.1648468],[37.6205578,50.1734353],[37.6202152,50.1891286],[37.6053738,50.2123882],[37.6003762,50.2347669],[37.5847228,50.271857],[37.5877028,50.28823],[37.5565621,50.3163815],[37.4963135,50.3427271],[37.4791674,50.3518202],[37.465791,50.3644162],[37.4544675,50.3815001],[37.460133,50.3905341],[37.4555848,50.4026865],[37.4505603,50.4259651],[37.4416924,50.4294007],[37.4221808,50.4284604],[37.3847291,50.4257329],[37.354094,50.4249989],[37.3441847,50.4256949],[37.3182269,50.420537],[37.3056378,50.4037313],[37.2911116,50.3968057],[37.2843603,50.3957011],[37.2581282,50.3893953],[37.2567075,50.3800766],[37.2460185,50.3775442],[37.2267049,50.3713835],[37.2159962,50.3719032],[37.200858,50.365099],[37.1992202,50.3610156],[37.1804178,50.3580264],[37.1571542,50.3512022],[37.1467673,50.3518236],[37.1328067,50.346463],[37.1177336,50.339896],[37.0988725,50.3372958],[37.0843671,50.338008],[37.0689176,50.3429929],[37.0550409,50.3442188],[37.0473938,50.3426343],[37.0449047,50.3447979],[37.0367937,50.3435929],[37.037652,50.3354854],[37.0400124,50.3326913],[37.0470076,50.3298696],[37.0530155,50.3257759],[37.0562551,50.3247017],[37.0577246,50.322918],[37.0561256,50.3170102],[37.0538238,50.3141097],[37.0520097,50.3133785],[37.04418,50.3128346],[37.0450623,50.3072207],[37.0413958,50.3034158],[37.0356452,50.2936565],[37.0169341,50.2889406],[37.0097675,50.2910792],[37.0074069,50.2947531],[36.9949188,50.2963964],[36.9862896,50.3055025],[36.9833923,50.3049849],[36.9814072,50.3049725],[36.9787841,50.3042264],[36.9770194,50.3030416],[36.9770827,50.3017364],[36.9762019,50.3013358],[36.9730242,50.2976288],[36.9683427,50.2961908],[36.9614995,50.2952715],[36.9584525,50.2941783],[36.9592741,50.2923057],[36.9581153,50.2896324],[36.9598609,50.283442],[36.9658262,50.278396],[36.9676715,50.2760647],[36.9599039,50.2722797],[36.9657904,50.2650582],[36.9622714,50.2533154],[36.9524866,50.2451925],[36.9479568,50.2342582],[36.9300182,50.2361797],[36.925555,50.2460057],[36.9266516,50.2481565],[36.9304282,50.2603944],[36.9378025,50.266245],[36.9318127,50.2690398],[36.928518,50.2725403],[36.926501,50.2744328],[36.9241835,50.2735825],[36.9191624,50.2764624],[36.9164588,50.2823039],[36.9147977,50.2816192],[36.9120082,50.28443],[36.9099912,50.2842244],[36.9071814,50.2840872],[36.903598,50.2814272],[36.9010096,50.2802159],[36.9016533,50.2776517],[36.8998723,50.2748953],[36.8991651,50.2721007],[36.9034351,50.2681782],[36.905538,50.2675747],[36.9080839,50.2674141],[36.9088135,50.2645337],[36.9060134,50.2627562],[36.9041895,50.2628248],[36.9033956,50.2620154],[36.8987178,50.2632226],[36.8961429,50.2614942],[36.8954133,50.2595463],[36.8938898,50.2561715],[36.8990397,50.2546349],[36.9013571,50.2531257],[36.9039747,50.2522801],[36.9043503,50.2507297],[36.9042108,50.2490969],[36.901958,50.2445205],[36.9004989,50.2361766],[36.8850494,50.2329923],[36.8727756,50.2377686],[36.8682266,50.2460849],[36.8669817,50.2542558],[36.8591711,50.2542558],[36.8539354,50.2537619],[36.8492148,50.2551887],[36.84252,50.253268],[36.8378851,50.249536],[36.8371126,50.2427848],[36.8301664,50.2350629],[36.814374,50.2396197],[36.8041174,50.2395643],[36.7890112,50.2346784],[36.7626612,50.2446145],[36.7602274,50.2508819],[36.7574807,50.2525146],[36.7376532,50.2627459],[36.7309686,50.2650173],[36.7243694,50.2658068],[36.7058031,50.2575873],[36.6976126,50.2598396],[36.6940136,50.2614879],[36.6913314,50.2608569],[36.6883488,50.2595948],[36.6865892,50.2595262],[36.684658,50.2581818],[36.683671,50.2553832],[36.6857738,50.2539289],[36.6860313,50.2530783],[36.68719,50.2519807],[36.6851614,50.2485179],[36.6848261,50.2465163],[36.6857069,50.2460396],[36.6871027,50.2437105],[36.6865468,50.2431895],[36.6830512,50.2448709],[36.6822164,50.2448988],[36.6807719,50.2404307],[36.6843338,50.2385643],[36.6827031,50.2354899],[36.682231,50.2328272],[36.6835184,50.2321135],[36.6696315,50.2182751],[36.6576984,50.2142306],[36.6377857,50.2152193],[36.6202297,50.2167881],[36.5872202,50.2211226],[36.5910611,50.2241841],[36.583744,50.2268061],[36.5785942,50.2253785],[36.5701398,50.2271082],[36.5592823,50.2277396],[36.5570831,50.22443],[36.5380099,50.2263719],[36.5035148,50.2185898],[36.47347,50.2017466],[36.4499552,50.2064309],[36.4402563,50.2106057],[36.4371461,50.2120507],[36.4325315,50.2140661],[36.4297639,50.2169131],[36.4317165,50.2192884],[36.4333473,50.2191648],[36.4352999,50.2206888],[36.4386473,50.2208536],[36.4430462,50.2213478],[36.4441405,50.2218146],[36.447166,50.2224049],[36.4486252,50.2212105],[36.4517371,50.2222735],[36.4551276,50.2265767],[36.4597539,50.2281865],[36.465247,50.2286807],[36.4666633,50.2303279],[36.4670215,50.230932],[36.4660493,50.2341853],[36.4682658,50.2360503],[36.4685662,50.237958],[36.4653905,50.2432553],[36.4626868,50.244408],[36.4586528,50.2451216],[36.4579232,50.2459998],[36.4516147,50.2467957],[36.4499327,50.245789],[36.4486964,50.2448746],[36.4466423,50.2435772],[36.429562,50.2496972],[36.4285632,50.2494998],[36.4204175,50.2506179],[36.4149326,50.2506919],[36.4069932,50.2503901],[36.4064353,50.2537378],[36.3974446,50.2527089],[36.3835229,50.2633661],[36.3603487,50.269072],[36.3454141,50.2764503],[36.3413593,50.28005],[36.3292779,50.2847872],[36.3285477,50.2894418],[36.3099514,50.2914776],[36.3054594,50.2919198],[36.3030128,50.2920577],[36.2997886,50.2920512],[36.2974523,50.2919588],[36.297239,50.2919777],[36.2970794,50.2920446],[36.2970447,50.2925941],[36.2974356,50.2939224],[36.2979756,50.2949943],[36.2992162,50.2990735],[36.2903201,50.2990501],[36.2862775,50.2986669],[36.2856252,50.2999285],[36.2853726,50.3041605],[36.284562,50.3062271],[36.2817315,50.3098962],[36.2799735,50.3119345],[36.2787572,50.312722],[36.2781918,50.3137222],[36.276664,50.31588],[36.2759805,50.3175721],[36.2766441,50.3176594],[36.2770521,50.3180571],[36.2779515,50.3189797],[36.2791764,50.3211261],[36.2803628,50.3230795],[36.2736019,50.3240231],[36.2672771,50.3309146],[36.2510651,50.3384695],[36.2477611,50.3426845],[36.2494553,50.3508171],[36.2422332,50.3539529],[36.2313254,50.3642268],[36.2268999,50.3673921],[36.2143628,50.3713232],[36.2085854,50.3738559],[36.2058541,50.3749105],[36.2110346,50.3793738],[36.2109243,50.3809111],[36.2084714,50.3840407],[36.2013309,50.3963208],[36.187061,50.4007733],[36.180269,50.3973634],[36.1593165,50.4025419],[36.1513257,50.4082188],[36.1573718,50.4199998],[36.1560372,50.4233038],[36.1481196,50.432317],[36.1493193,50.4342142],[36.1469804,50.4348155],[36.1440192,50.4352939],[36.1426889,50.4347062],[36.1402641,50.4356083],[36.136074,50.434652],[36.1230849,50.4276911],[36.0778457,50.4400114],[36.0695686,50.4437522],[36.0617206,50.4403864],[36.050058,50.4427277],[35.9598711,50.4262351],[35.9344652,50.4190168],[35.9068278,50.4235557],[35.8864859,50.4180324],[35.8723986,50.4227048],[35.874871,50.4259772],[35.8889334,50.438763],[35.9013083,50.4382268],[35.9023806,50.4335617],[35.9127232,50.4310194],[35.9255549,50.430336],[35.9334481,50.4304087],[35.9377616,50.4333117]],[[36.9423896,50.2926443],[36.9424735,50.292464],[36.9416668,50.2923222],[36.9419162,50.2917447],[36.9406878,50.2915082],[36.9408326,50.2912066],[36.9440231,50.2917969],[36.9444094,50.2918586],[36.9448378,50.2920236],[36.9450249,50.2920548],[36.94498,50.2921495],[36.9451443,50.2921842],[36.9450118,50.2924899],[36.9452737,50.2925471],[36.9452073,50.2926786],[36.9447849,50.2925835],[36.9435571,50.2925],[36.9433941,50.2927643],[36.9427839,50.292628],[36.9427424,50.2927171],[36.9423896,50.2926443]]],[[[35.3931333,50.9248107],[35.3871554,50.9237027],[35.3804861,50.9298736],[35.3776766,50.9364351],[35.3643299,50.9400048],[35.36124,50.9439799],[35.3584291,50.9434661],[35.3573613,50.9459994],[35.3604675,50.9474274],[35.3601202,50.9482174],[35.3513226,50.9502182],[35.3472027,50.9499749],[35.341495,50.9507319],[35.3366455,50.9520837],[35.3361622,50.9544037],[35.3388453,50.9577563],[35.3413877,50.9615316],[35.3448853,50.9627884],[35.3409734,50.9638678],[35.3420524,50.9689248],[35.3512014,50.9749548],[35.3587201,50.9750096],[35.3619655,50.9628352],[35.3598195,50.960078],[35.3639399,50.954888],[35.3693673,50.9513591],[35.3715131,50.9494125],[35.369142,50.9464452],[35.3698776,50.9445835],[35.3712246,50.9438508],[35.3806541,50.9418686],[35.3855893,50.9394619],[35.3899238,50.9387858],[35.3901219,50.9346175],[35.387917,50.9289347],[35.387678,50.9282913],[35.3931333,50.9248107]]],[[[35.348975,50.976876],[35.34366,50.987875],[35.340746,50.98785],[35.335513,50.990485],[35.3382284,50.9922464],[35.3398592,50.9931513],[35.3416617,50.9945964],[35.3420908,50.9954743],[35.3432281,50.9965277],[35.3413398,50.9981482],[35.337911,50.99878],[35.33117,51.003202],[35.327799,51.00968],[35.323569,51.01281],[35.325955,51.013867],[35.329547,51.010982],[35.335376,51.008675],[35.349619,51.006171],[35.3494974,51.0084351],[35.3511629,51.0066352],[35.353193,51.0061585],[35.358369,51.005394],[35.3635566,51.0023903],[35.3670327,51.0017151],[35.3700797,51.0022552],[35.3735129,51.0029574],[35.3781907,51.0042536],[35.3777616,51.0070081],[35.384678,51.0114649],[35.3922096,51.0144079],[35.3873763,51.0172057],[35.40908640950794,51.02604675953251],[35.3858833,51.0383977],[35.3642373,51.0546809],[35.3621987,51.0573109],[35.3656694,51.0587792],[35.36678,51.0615556],[35.3624349,51.0620648],[35.3578429,51.0603994],[35.3433457,51.059643],[35.3332177,51.0585101],[35.320858,51.0566759],[35.3064385,51.0481511],[35.3055689,51.0461748],[35.2973178,51.0453586],[35.2770198,51.0455168],[35.2661193,51.0426838],[35.246507,51.0471357],[35.2462174,51.0523965],[35.2402784,51.0525071],[35.2216951,51.0469497],[35.2193358,51.04328],[35.2124264,51.0428753],[35.198187,51.0437656],[35.1945656,51.0443167],[35.1922315,51.0459469],[35.1896804,51.045683],[35.1862708,51.0475774],[35.1840865,51.0489918],[35.1737679,51.0531427],[35.1673635,51.0632023],[35.1555569,51.0791251],[35.1538402,51.0824143],[35.1535827,51.083924],[35.1519237,51.0846725],[35.1543425,51.0895808],[35.1581463,51.0906305],[35.1606354,51.0923556],[35.1487049,51.0962637],[35.1441643,51.096325],[35.1424906,51.0986967],[35.1449368,51.1047062],[35.1484129,51.1091252],[35.1492893,51.1119725],[35.1476837,51.1161394],[35.1441077,51.1182324],[35.139437,51.1185396],[35.1224246,51.1182888],[35.1171281,51.1189528],[35.113478,51.1186909],[35.1119105,51.1194892],[35.1083687,51.1207184],[35.1024842,51.1216217],[35.0976087,51.1210197],[35.0910791,51.1202428],[35.0895112,51.1200956],[35.0876858,51.1196925],[35.0867303,51.1191778],[35.0862847,51.1181122],[35.085842,51.1175256],[35.0857426,51.1168985],[35.085305,51.1167498],[35.0850487,51.1169515],[35.0841272,51.1170051],[35.0809775,51.116721],[35.0801864,51.1162285],[35.0798674,51.115251],[35.0793807,51.1151698],[35.0782503,51.1152097],[35.0777548,51.1150277],[35.0771949,51.1145762],[35.0761396,51.1143467],[35.0754985,51.1133953],[35.0749647,51.1120398],[35.0756651,51.1100107],[35.0677029,51.0992598],[35.0546952,51.103609],[35.0456937,51.0988998],[35.028769,51.1057046],[35.018137,51.1087325],[35.0147999,51.1105745],[34.9981917,51.1017902],[34.9778069,51.1091869],[34.9754895,51.1123123],[34.9671639,51.1161379],[34.9671904,51.1207784],[34.9651304,51.1265696],[34.9625857,51.1285265],[34.9568878,51.131999],[34.9490301,51.1214916],[34.9306624,51.1263938],[34.9358155,51.1350367],[34.9391889,51.1391552],[34.9382948,51.1488177],[34.9248194,51.1534478],[34.9176954,51.1505406],[34.908206,51.140594],[34.9035917,51.1362691],[34.8986135,51.1313679],[34.8892421,51.1207096],[34.8745809,51.116769],[34.8686542,51.1176848],[34.8647871,51.1184144],[34.8584618,51.119281],[34.8504534,51.1205156],[34.8425355,51.1206839],[34.8350896,51.1273841],[34.8300706,51.1307332],[34.8278765,51.1303663],[34.8268429,51.1308184],[34.8249439,51.1331277],[34.824712,51.1339663],[34.8188011,51.1344666],[34.8174219,51.134055],[34.8106279,51.130212],[34.8045267,51.1317228],[34.7943528,51.138455],[34.7892476,51.148147],[34.7834222,51.1508458],[34.7795705,51.1523364],[34.7531347,51.148783],[34.7527869,51.1506644],[34.7499974,51.1605698],[34.7465343,51.1653549],[34.7392237,51.1643731],[34.7225578,51.1678797],[34.7173221,51.1681892],[34.7170244,51.171773],[34.7129341,51.173147],[34.7127946,51.1738062],[34.7122689,51.173934],[34.7116144,51.1734631],[34.7060418,51.1756764],[34.6969866,51.1787166],[34.6900825,51.1808001],[34.6867564,51.177235],[34.6637393,51.1936226],[34.652958,51.2033118],[34.6533947,51.2080732],[34.6584668,51.2104685],[34.6564227,51.2128932],[34.646261,51.2207976],[34.6424475,51.2351523],[34.6363632,51.2379542],[34.6376307,51.2443433],[34.6364092,51.2475623],[34.6200599,51.2473912],[34.6111772,51.2462791],[34.6045266,51.2443605],[34.5834329,51.2324511],[34.580257,51.230987],[34.576738,51.2310139],[34.5660521,51.2359313],[34.556439,51.2383764],[34.5448519,51.2434006],[34.5357538,51.2466781],[34.5273958,51.2483102],[34.5207869,51.2386923],[34.5013033,51.2363279],[34.4793306,51.2420776],[34.4736658,51.2469133],[34.4678543,51.2488403],[34.4482849,51.2515265],[34.433007,51.2539439],[34.4221065,51.2584561],[34.4180725,51.2604434],[34.4114635,51.2600674],[34.4052781,51.2579563],[34.3990554,51.2573923],[34.3930901,51.2597557],[34.3813743,51.2599168],[34.3693618,51.2544224],[34.3658428,51.2542344],[34.3594055,51.2501248],[34.3545548,51.2466786],[34.3399636,51.2403384],[34.3307797,51.2354751],[34.3105237,51.2334867],[34.2999665,51.2339166],[34.2865769,51.2385651],[34.2714707,51.2438847],[34.2603986,51.2464369],[34.2600981,51.2474308],[34.2571689,51.2526429],[34.2571432,51.256624],[34.2542422,51.2586576],[34.2475928,51.2602332],[34.2381545,51.2626705],[34.2308116,51.265027],[34.2321056,51.268165],[34.2337576,51.269121],[34.2340156,51.269537],[34.2338956,51.269951],[34.2335616,51.270136],[34.2318296,51.270598],[34.2313206,51.270834],[34.2310076,51.271617],[34.2309976,51.272201],[34.2314716,51.272736],[34.2342646,51.274263],[34.2356016,51.274727],[34.2402946,51.275271],[34.2427676,51.27572],[34.2470466,51.276224],[34.2476457,51.276214],[34.2483346,51.27614],[34.2508896,51.275583],[34.2573713,51.275404],[34.262607,51.2780349],[34.2641519,51.2765852],[34.2679285,51.2778738],[34.2712759,51.2796993],[34.2721342,51.2832963],[34.2741941,51.2864636],[34.2771124,51.288235],[34.2824339,51.2886644],[34.2868971,51.2895233],[34.2907594,51.2916703],[34.2933344,51.2933879],[34.2994283,51.2951054],[34.3034624,51.2980035],[34.3063806,51.3004185],[34.3062948,51.302565],[34.3037199,51.3046041],[34.3021749,51.3077162],[34.3023466,51.3112574],[34.3063806,51.3132961],[34.3086122,51.3131352],[34.3113588,51.3158176],[34.309213,51.3177488],[34.3039774,51.32027],[34.3063806,51.322362],[34.3094705,51.3222547],[34.3113588,51.3217183],[34.3137621,51.3234348],[34.3111871,51.327511],[34.3123029,51.3302462],[34.3132106,51.334447],[34.3385116,51.356244],[34.34169,51.3515094],[34.3437499,51.3454517],[34.3459815,51.3438969],[34.3419475,51.3411089],[34.3481273,51.3323149],[34.3415183,51.3228219],[34.342205,51.3174578],[34.3463248,51.310698],[34.3454665,51.3069422],[34.3379134,51.3009322],[34.330532,51.2965316],[34.3243814,51.2931554],[34.3192316,51.2942288],[34.3163992,51.2969123],[34.3134809,51.3016886],[34.3008638,51.2935848],[34.2935682,51.2905253],[34.28859,51.2875194],[34.2770029,51.2848353],[34.2738272,51.2807552],[34.27198,51.2771552],[34.266073,51.2726537],[34.2572118,51.2704645],[34.2483201,51.2692072],[34.2440536,51.2684795],[34.2392731,51.2643021],[34.2460109,51.2638859],[34.2557999,51.2606769],[34.2635204,51.2574943],[34.2777253,51.2540295],[34.2807688,51.2589677],[34.2859616,51.2629322],[34.3010124,51.2585411],[34.2972638,51.2423758],[34.305227,51.238324],[34.330866,51.239895],[34.3480758,51.2511455],[34.3595429,51.258726],[34.3705205,51.2655945],[34.3740031,51.2677248],[34.3796606,51.270575],[34.3842026,51.273765],[34.4003888,51.270763],[34.4173005,51.2802722],[34.4431355,51.2754937],[34.4668248,51.2710369],[34.4784978,51.2634111],[34.4820168,51.2582011],[34.467887,51.251216],[34.471445,51.250324],[34.473865,51.249419],[34.476522,51.24791],[34.479403,51.247373],[34.481125,51.246864],[34.4830905,51.245159],[34.4849446,51.245008],[34.4862836,51.244535],[34.5048597,51.2428469],[34.5126654,51.2418961],[34.5229896,51.2528109],[34.5336398,51.2532973],[34.5440651,51.254979],[34.5591954,51.2574919],[34.5652465,51.2450822],[34.5808956,51.2343189],[34.5947606,51.2442799],[34.5974674,51.2459559],[34.6020635,51.2462077],[34.6009356,51.2472606],[34.6010796,51.2519373],[34.6016529,51.2540621],[34.605083,51.2544622],[34.6098212,51.2514936],[34.6214251,51.2503375],[34.6238428,51.2509034],[34.6268906,51.2505299],[34.6300776,51.2508819],[34.6317196,51.2508949],[34.6338986,51.2506319],[34.6345206,51.2506519],[34.6354436,51.2508059],[34.6360346,51.2507919],[34.6365466,51.2506879],[34.6387116,51.2498049],[34.6448216,51.249127],[34.6490376,51.2480529],[34.6572766,51.2469259],[34.6598925,51.2475589],[34.6622515,51.2473329],[34.6630256,51.2431495],[34.6663221,51.2106351],[34.667736,51.198599],[34.688052,51.18105],[34.692071,51.1809046],[34.6968132,51.1828819],[34.705525,51.181752],[34.7123271,51.1793174],[34.7224336,51.1868496],[34.731622,51.182512],[34.736956,51.179382],[34.7437177,51.1695878],[34.748862,51.1691977],[34.7497174,51.1678724],[34.7501436,51.1663856],[34.7535649,51.1649592],[34.7577799,51.1652144],[34.7679815,51.1621108],[34.7859809,51.1518446],[34.795075,51.1513034],[34.7998815,51.14495],[34.800139,51.143173],[34.8143869,51.1346642],[34.8167297,51.1351377],[34.8203092,51.1403729],[34.8262787,51.1399737],[34.8283386,51.1399333],[34.8439985,51.1375725],[34.8476033,51.1272312],[34.8661223,51.122753],[34.8689118,51.1253657],[34.8756461,51.1283066],[34.8781137,51.1294781],[34.8802414,51.1319372],[34.8810997,51.1351419],[34.8779669,51.1451044],[34.8852196,51.1485774],[34.894146,51.1425198],[34.8955622,51.1433544],[34.8873654,51.1491696],[34.8875659,51.1547266],[34.8948912,51.158776],[34.9004445,51.159715],[34.9073796,51.1660542],[34.9224536,51.1621317],[34.9347273,51.1627238],[34.9604652,51.1541135],[34.9655706,51.153395],[34.9644548,51.1510262],[34.9631674,51.1500301],[34.9626524,51.1488456],[34.9602491,51.1471227],[34.9599487,51.145992],[34.9586183,51.144915],[34.9576742,51.143892],[34.9570734,51.1423573],[34.9561722,51.1410918],[34.9575025,51.1389916],[34.9608499,51.1381299],[34.9641544,51.135868],[34.9682743,51.1340638],[34.9677898,51.1308991],[34.9793639,51.1280304],[34.9755866,51.1243404],[34.9690213,51.1213034],[34.9692427,51.1209736],[34.9709017,51.1210075],[34.9931876,51.1183331],[34.9967533,51.1162321],[34.9983056,51.1177139],[35.00762,51.116623],[35.0190891,51.1128041],[35.0234497,51.1099777],[35.0318096,51.1103694],[35.0376205,51.1087327],[35.039717,51.1108695],[35.0389382,51.114569],[35.0462646,51.1146666],[35.0459213,51.1129694],[35.0508566,51.1127538],[35.0584097,51.115421],[35.0685905,51.1218526],[35.0691591,51.1246202],[35.0716681,51.1298279],[35.0817962,51.1312284],[35.0954436,51.128293],[35.0975031,51.1267576],[35.1070309,51.127236],[35.110035,51.1222194],[35.1114939,51.1214516],[35.1138968,51.1222864],[35.1160426,51.12331],[35.1182742,51.1269731],[35.1404185,51.1311206],[35.1448896,51.1353338],[35.1635478,51.1273891],[35.1637795,51.12139],[35.1552458,51.1103192],[35.1481246,51.1046035],[35.1480456,51.1015663],[35.1550473,51.100092],[35.1645872,51.100808],[35.1683936,51.1004963],[35.1767915,51.0973008],[35.1737304,51.0872565],[35.1673023,51.081368],[35.1662104,51.0804565],[35.1662962,51.077329],[35.174418,51.0712624],[35.1813273,51.0652486],[35.1829235,51.0629173],[35.1827518,51.0617576],[35.1906053,51.0579544],[35.1951973,51.0576847],[35.2010338,51.0553109],[35.2016346,51.0528561],[35.2047674,51.051858],[35.2102606,51.0498346],[35.2139942,51.0494839],[35.2152388,51.0508328],[35.2200881,51.0524899],[35.2229205,51.0561046],[35.2264931,51.0601321],[35.2275445,51.0606851],[35.2284243,51.0614673],[35.2287462,51.0620606],[35.2297131,51.0628529],[35.2312366,51.063217],[35.2331463,51.0637294],[35.2425633,51.0653733],[35.2479278,51.0675577],[35.2500735,51.0676386],[35.2559297,51.0675772],[35.2646844,51.0681166],[35.265555,51.0653262],[35.2730015,51.0612739],[35.2797392,51.0604377],[35.2889317,51.0601079],[35.3063553,51.0615104],[35.3159923,51.0663237],[35.3281615,51.0711616],[35.3387022,51.0667604],[35.346384,51.069619],[35.3552247,51.0722078],[35.3676701,51.0797575],[35.3818044,51.0660758],[35.3898588,51.060474],[35.398649,51.0529788],[35.4069922,51.0520901],[35.4168809,51.0550863],[35.4268554,51.051219],[35.4191414,51.0429523],[35.4181071,51.0277334],[35.415891,51.0276636],[35.4129884,51.0264061],[35.4135423,51.0248217],[35.4129335,51.0217608],[35.4115442,51.0215777],[35.4085242,51.0220426],[35.4055901,51.0215895],[35.4041209,51.0205754],[35.3995991,51.0199198],[35.3980814,51.0189672],[35.3992616,51.0148635],[35.4017078,51.0108405],[35.3944551,51.0080863],[35.3862812,51.0056017],[35.3821184,51.0032523],[35.3809168,51.0037654],[35.3788998,51.001983],[35.3796078,51.0014428],[35.3786315,51.0005043],[35.3775264,50.9977023],[35.3694154,50.9975538],[35.3673984,50.9964329],[35.3634503,50.9962573],[35.3626993,50.9953356],[35.3598026,50.9957643],[35.3550175,50.9987421],[35.3584292,51.0024826],[35.3559126,51.0038881],[35.3547614,51.0038684],[35.3525765,51.0025487],[35.3470061,50.9984129],[35.3450382,50.9967238],[35.3446949,50.9947791],[35.3519452,50.988126],[35.3587201,50.9750096],[35.3512,50.974956],[35.350431,50.976241],[35.348975,50.976876]],[[34.238455,51.2678136],[34.2331997,51.2681409],[34.2321056,51.268165],[34.238455,51.2678136]],[[34.282973,51.249844],[34.274587,51.25146],[34.2628505,51.2557214],[34.2745886,51.251459],[34.282973,51.249844]]],[[[34.32711,51.715692],[34.30957,51.720079],[34.292352,51.705347],[34.253135,51.702745],[34.2517045,51.7214329],[34.2671013,51.7256562],[34.2981574,51.7361823],[34.3295715,51.7369265],[34.3541912,51.7274636],[34.361983,51.712894],[34.32711,51.715692]]]]},"properties":{"name":"GRAY"}}]}