<?xml version='1.0' encoding='utf-8'?>
<kml xmlns="http://www.opengis.net/kml/2.2">
  <Document>
    <name>Russian invasion of Ukraine Control Map</name>
    <Folder>
      <name>Confirmed Russian controlled territory</name>
      <Placemark>
        <name>Russian-controlled Kharkiv Raion, Kharkiv Oblast.</name>
        <Polygon>
          <outerBoundaryIs>
            <LinearRing>
              <tessellate>1</tessellate>
              <coordinates>36.3726131,50.2921657 36.3829128,50.2826783 36.3901215,50.2634129 36.3963862,50.2594458 36.3988418,50.2593836 36.4047211,50.258972 36.4064735,50.2587463 36.4103646,50.2574778 36.4178617,50.2548781 36.4225125,50.2536982 36.4261329,50.2527649 36.4275213,50.2493208 36.4362549,50.2462112 36.4431422,50.2495505 36.4498349,50.2454171 36.4633102,50.2304851 36.4650268,50.2267513 36.4736207,50.2229587 36.4814313,50.2213662 36.5009149,50.2300422 36.5137947,50.2412944 36.5176396,50.2420345 36.5224289,50.2431312 36.5450163,50.2374093 36.571538,50.2327977 36.5775895,50.2397134 36.57641,50.2417994 36.569211,50.2444892 36.5599461,50.2508288 36.5687056,50.2581563 36.5748854,50.256071 36.5778037,50.2585953 36.5747138,50.2605707 36.5803786,50.262546 36.5736838,50.2748351 36.5929099,50.2757127 36.5929099,50.2776874 36.58982,50.279333 36.5874167,50.2820754 36.5889616,50.283282 36.5853568,50.2863532 36.5712805,50.2860241 36.5589209,50.2840498 36.5587492,50.281856 36.556346,50.2814172 36.5378066,50.2833917 36.5261939,50.2850946 36.5229115,50.2911823 36.5258672,50.2929236 36.512343,50.295542 36.5003992,50.2992427 36.4970676,50.3024735 36.4905445,50.3062013 36.4888279,50.311354 36.4726917,50.3129984 36.4404194,50.3111348 36.4332096,50.3308634 36.4251415,50.3282334 36.4110653,50.313985 36.4005939,50.3071881 36.3734714,50.3007191 36.3786213,50.293701 36.3726131,50.2921657</coordinates>
            </LinearRing>
          </outerBoundaryIs>
        </Polygon>
      </Placemark>
      <Placemark>
        <name>Russian-controlled Chuhuiv Raion, Kharkiv Oblast.</name>
        <Polygon>
          <outerBoundaryIs>
            <LinearRing>
              <tessellate>1</tessellate>
              <coordinates>36.8316189,50.3132043 36.8202896,50.3134779 36.8156558,50.312683 36.8036354,50.3101271 36.8000305,50.3060707 36.7844093,50.3048646 36.7802894,50.3030007 36.7734229,50.3030007 36.7682731,50.3017946 36.7665565,50.2960926 36.76347,50.2929619 36.771878,50.2911576 36.7720531,50.2891782 36.7629416,50.2907182 36.76036,50.2900072 36.7545202,50.2906387 36.7531454,50.2894189 36.7478664,50.2884011 36.7480806,50.2873832 36.7502258,50.2862249 36.7508875,50.2825028 36.7491218,50.2802139 36.7461055,50.2806817 36.7395578,50.2830422 36.7290405,50.2772312 36.7389539,50.2653955 36.743975,50.2614038 36.745992,50.2603064 36.746507,50.2595656 36.7523469,50.2572277 36.7542352,50.2557186 36.7569389,50.2545113 36.7609729,50.2515204 36.7598891,50.2501322 36.7585158,50.2468391 36.7600608,50.2464274 36.7669273,50.2464549 36.7691137,50.2444677 36.7726542,50.2421623 36.7761733,50.2413526 36.7764952,50.2430543 36.7810035,50.2508182 36.7928249,50.2474129 36.7951416,50.2467418 36.7995976,50.2488424 36.8036101,50.2483621 36.8085757,50.2464596 36.8111506,50.2437151 36.8169692,50.2445411 36.8184498,50.2444725 36.8231337,50.2452369 36.8293993,50.2457584 36.831073,50.2510274 36.8329613,50.2527287 36.8337338,50.2555001 36.8366091,50.2564604 36.8384859,50.2575256 36.8469576,50.2536445 36.8517448,50.2466531 36.8515946,50.2445124 36.850747,50.2433734 36.8498082,50.2424746 36.8499853,50.2413562 36.8520131,50.2391397 36.8520667,50.2378015 36.8507256,50.2352007 36.8502052,50.2337631 36.8516589,50.2322705 36.8565942,50.2309527 36.8628197,50.2287005 36.8694715,50.2279318 36.873633,50.2269852 36.8774388,50.2264781 36.8809726,50.2266913 36.8900743,50.2265662 36.8938938,50.2275347 36.8946407,50.2276138 36.8948726,50.2283518 36.894564,50.2299926 36.8965086,50.2338667 36.9044618,50.2354347 36.9049456,50.2375896 36.9094946,50.2374799 36.9459701,50.2336917 36.9510061,50.2328658 36.9528657,50.2329611 36.9564424,50.2434873 36.9637933,50.2425595 36.9635038,50.2518086 36.9663656,50.2639076 36.9820583,50.2633167 36.9921158,50.2705363 37.0008705,50.2683967 37.0077217,50.2754136 37.0115411,50.2761816 37.0154464,50.2760719 37.0180643,50.2785677 37.0239474,50.2872955 37.0336533,50.2932311 37.0356583,50.2936495 37.0350146,50.2960621 37.0343708,50.2975973 37.0335984,50.2989406 37.033019,50.3001742 37.0328688,50.3011336 37.0316891,50.3075901 37.0364564,50.3080098 37.0469974,50.3101419 37.05467,50.3113493 37.0578979,50.3117863 37.0673393,50.3139239 37.0723175,50.3160615 37.07206,50.3205554 37.0701717,50.3223639 37.0655369,50.3220351 37.0618461,50.3220899 37.0606445,50.3244462 37.0584129,50.327186 37.0383447,50.3321778 37.0342248,50.3424222 37.0370572,50.3486664 37.0284742,50.3484473 36.9559543,50.3492865 36.9375865,50.350108 36.9157855,50.3468766 36.8807666,50.3360853 36.8717877,50.3358905 36.8530766,50.3276722 36.8316189,50.3132043</coordinates>
            </LinearRing>
          </outerBoundaryIs>
        </Polygon>
      </Placemark>
      <Placemark>
        <name>Russian-controlled Sumy Raion, Sumy Oblast.</name>
        <Polygon>
          <outerBoundaryIs>
            <LinearRing>
              <tessellate>1</tessellate>
              <coordinates>35.0396225,51.2045216 35.0387639,51.2042875 35.0385275,51.204766 35.0380696,51.2177441 35.0310745,51.2197871 35.028366,51.2193143 35.0226438,51.2209061 35.0221093,51.2225625 35.0208685,51.224155 35.0137508,51.2280923 35.0120461,51.2309142 35.0096219,51.2317749 35.0056976,51.2321488 35.0027175,51.2305877 35.0001907,51.2294541 34.9972829,51.2293365 34.9946651,51.228799 34.991146,51.2292827 34.9874123,51.2306802 34.9863399,51.2310388 34.9844082,51.2315132 34.9823054,51.2318894 34.981962,51.2323731 34.9824341,51.2330449 34.9826487,51.2336898 34.9805458,51.234496 34.9801167,51.2355977 34.976898,51.2341198 34.9737652,51.2333136 34.9720486,51.2330718 34.9716623,51.2327225 34.9685295,51.2319163 34.9656542,51.2316745 34.9648608,51.2312739 34.9639741,51.2308849 34.9590803,51.2290658 34.9582803,51.2289451 34.9568688,51.2283876 34.9557227,51.2283791 34.9545102,51.2284611 34.9531261,51.2281672 34.9525896,51.2275793 34.9509159,51.2274786 34.9501724,51.2266932 34.9498683,51.2257395 34.9501078,51.2250349 34.9505866,51.2247546 34.9508577,51.2240326 34.9518025,51.2234405 34.9523976,51.2221198 34.9521619,51.221827 34.9527205,51.2212416 34.9528074,51.2198021 34.9520372,51.2195035 34.951441,51.2189601 34.9470733,51.219056 34.9460626,51.2187641 34.9451572,51.2189867 34.9424883,51.2187868 34.9413564,51.2182258 34.9402944,51.2181251 34.9397583,51.2173995 34.9394125,51.2161797 34.9391571,51.214671 34.9395728,51.2124851 34.9390578,51.2112081 34.9379849,51.2103612 34.9380064,51.2099042 34.93497,51.2078945 34.9329209,51.2068526 34.9301314,51.2057637 34.9247026,51.2053469 34.9220848,51.2055082 34.9193168,51.2059453 34.913845,51.2062208 34.9121499,51.2067719 34.9106049,51.2060594 34.9100899,51.2056023 34.9089741,51.2052394 34.9081158,51.2054813 34.907279,51.2048764 34.9049401,51.2041235 34.9038458,51.2030479 34.9040818,51.2025908 34.9041676,51.2019724 34.9053263,51.2016094 34.9050045,51.1988665 34.9043822,51.1982076 34.9041405,51.1980085 34.9032664,51.1975084 34.9016141,51.1969303 34.9007034,51.1960256 34.9000188,51.194941 34.8985639,51.1933635 34.8932772,51.1943401 34.8875266,51.1950393 34.883043,51.1950946 34.8770552,51.1919733 34.8766189,51.19123 34.8724519,51.1919461 34.8637401,51.1982393 34.8621093,51.199046 34.8458873,51.1912737 34.8468743,51.1889875 34.8460095,51.1888295 34.8363643,51.1830932 34.8335748,51.1830663 34.8335974,51.1802502 34.8349143,51.1780738 34.8349002,51.1693329 34.8160775,51.1692321 34.8144639,51.1706379 34.8137944,51.1715593 34.8091427,51.1724462 34.8087653,51.1738969 34.8093834,51.175399 34.8085596,51.1763582 34.8058161,51.1761243 34.8032873,51.1760248 34.802355,51.1756403 34.8005216,51.1756325 34.7983139,51.1758858 34.7963017,51.1771996 34.7946805,51.1784817 34.7940129,51.1785709 34.7901024,51.1803631 34.7896626,51.1824411 34.7864328,51.1836248 34.7844045,51.1848756 34.7807456,51.1813513 34.7798658,51.1794547 34.7793616,51.1773159 34.7788466,51.1770604 34.7775809,51.1768319 34.7762498,51.1762219 34.7745325,51.175908 34.7737588,51.1752264 34.7722116,51.1747243 34.7698041,51.1747423 34.7693663,51.1750474 34.7667122,51.1755926 34.7643369,51.1760704 34.762123,51.1764117 34.7604417,51.1771479 34.7593967,51.1771135 34.7585941,51.1775829 34.7583923,51.1779984 34.7581904,51.1783063 34.7572971,51.1785692 34.7567122,51.179095 34.7557138,51.1794469 34.7553477,51.1801508 34.7534139,51.1805898 34.7517754,51.1802741 34.7495913,51.1799252 34.7474853,51.1799061 34.74396,51.1795989 34.7427524,51.1794542 34.7410295,51.1793072 34.7392882,51.1797997 34.73677,51.1792269 34.7459897,51.1643029 34.7537574,51.1643837 34.7608385,51.1536716 34.7692928,51.151868 34.7737131,51.1532678 34.7816095,51.1531601 34.7913038,51.1550583 34.7931814,51.1542306 34.7952306,51.1528376 34.796797,51.1508389 34.7984342,51.1478961 34.7997492,51.1468109 34.8007914,51.145475 34.8009021,51.1436218 34.8030479,51.1402831 34.8040779,51.1361902 34.8032625,51.1304811 34.8100329,51.1302778 34.8129082,51.1285542 34.816599,51.128231 34.8217488,51.1262379 34.8229578,51.124643 34.8284939,51.1218687 34.833084,51.1180247 34.8331698,51.1141453 34.8360022,51.1120708 34.8398646,51.1115859 34.8453577,51.1097537 34.8498209,51.1074365 34.8523959,51.1064126 34.8538235,51.1074734 34.8605183,51.1100331 34.8626641,51.1096559 34.8665694,51.1110839 34.8688868,51.1124041 34.8813752,51.1097637 34.8910407,51.1150245 34.9114215,51.1224231 34.9151908,51.1281459 34.9257051,51.1265837 34.9411117,51.1229745 34.9442663,51.1249468 34.9653806,51.1194518 34.9649429,51.1151211 34.9643366,51.1038667 34.9713373,51.1049096 34.9933529,51.0983881 34.9977303,51.1006788 35.0080277,51.1039269 35.0236911,51.0990023 35.0291408,51.1055305 35.0312008,51.1093028 35.0331954,51.1099427 35.0342254,51.111236 35.0333671,51.1136338 35.036761,51.118454 35.0407736,51.1172555 35.0463311,51.116649 35.0501162,51.1207353 35.057326,51.1200619 35.0672175,51.1218112 35.0951196,51.126933 35.105655,51.1267047 35.1129828,51.1281254 35.1204825,51.1287914 35.1488936,51.1204964 35.1563943,51.1106156 35.1563,51.1097377 35.1513987,51.1069739 35.1473484,51.0986976 35.1456152,51.0940848 35.1439844,51.0925215 35.1420103,51.0911738 35.1404654,51.0897722 35.1474246,51.0821805 35.152825,51.0789888 35.1554858,51.078881 35.1660916,51.0776903 35.1662269,51.0806857 35.1637107,51.0833406 35.1593368,51.0807909 35.157967,51.0819617 35.1543732,51.0802511 35.1540411,51.080967 35.1530335,51.0816978 35.1519624,51.0820809 35.1502492,51.082793 35.1477742,51.0826223 35.155698,51.0908001 35.156287,51.0906811 35.1736017,51.0875845 35.1750571,51.0915581 35.1777142,51.1004249 35.1736151,51.1001299 35.1715757,51.1015865 35.1698796,51.103326 35.16952,51.1028851 35.1694121,51.101865 35.1683602,51.1004676 35.1672434,51.100664 35.1645807,51.1008144 35.164319,51.1052111 35.1671003,51.1057048 35.1645138,51.1072417 35.1639449,51.1080469 35.1631885,51.1087459 35.1636257,51.1101732 35.1638913,51.1121393 35.1641917,51.1130823 35.1655425,51.1155923 35.1676232,51.1181831 35.1681589,51.1187399 35.1684697,51.1193147 35.1691541,51.1198242 35.1744736,51.1215728 35.1684445,51.1261113 35.1635731,51.1274715 35.1533164,51.1314306 35.1416989,51.133931 35.1423548,51.1357309 35.143924,51.137015 35.1437147,51.1388292 35.1430385,51.1393341 35.1436604,51.1396976 35.143081,51.1407477 35.1416541,51.1413401 35.1411552,51.141717 35.1406563,51.1424171 35.1394333,51.1426324 35.1387789,51.1428746 35.138229,51.1434333 35.1381083,51.1442074 35.1376443,51.1444699 35.1364069,51.1444392 35.1363028,51.144708 35.1364808,51.1451649 35.1363369,51.1470755 35.1353638,51.1477212 35.1358282,51.148865 35.1371157,51.1492117 35.1375878,51.1495919 35.1391971,51.1500495 35.1401842,51.1504668 35.1407206,51.150884 35.1408387,51.1512676 35.1396961,51.1523612 35.137502,51.1537644 35.1338971,51.1552588 35.1326568,51.1555172 35.131747,51.1562588 35.1310716,51.1565939 35.1297524,51.1571174 35.127733,51.1582018 35.1263572,51.1593939 35.1256081,51.1604122 35.1246391,51.1620236 35.1232623,51.165317 35.1269373,51.1672983 35.1343247,51.1709611 35.1306557,51.1738806 35.1308274,51.175495 35.1302514,51.1944739 35.1319251,51.1953883 35.1337705,51.1957918 35.1357446,51.1981852 35.1367394,51.1986457 35.1389241,51.2005802 35.1413743,51.2021953 35.1435055,51.2030653 35.1437266,51.2054269 35.1428437,51.2064977 35.1392506,51.2079892 35.1371776,51.2095297 35.1370654,51.2102985 35.1380001,51.213337 35.1382412,51.2149338 35.1376868,51.215117 35.1374757,51.2155153 35.1386915,51.2161408 35.1389772,51.2170693 35.139377,51.2176897 35.1403483,51.2183394 35.1414329,51.218456 35.1430482,51.2189109 35.1445465,51.2193883 35.1455383,51.2201239 35.1503552,51.2211652 35.1507219,51.2233305 35.1274059,51.2296419 35.1198099,51.231523 35.1174925,51.2297225 35.1140592,51.2310931 35.1053903,51.2327323 35.0848339,51.2303137 35.0747059,51.231953 35.0690839,51.2303137 35.0660798,51.2279488 35.0653931,51.2262288 35.0626895,51.2242131 35.0617453,51.2228961 35.0611445,51.2219016 35.0618312,51.2207459 35.0635478,51.2184342 35.0628182,51.217574 35.0628611,51.2165795 35.0613162,51.2152623 35.0575826,51.21373 35.0558659,51.211875 35.0544068,51.2107727 35.0526044,51.2103695 35.0526044,51.2097511 35.050759,51.209079 35.047712,51.2086219 35.0469395,51.2079229 35.0450084,51.2072776 35.043163,51.2055837 35.0396225,51.2045216</coordinates>
            </LinearRing>
          </outerBoundaryIs>
        </Polygon>
      </Placemark>
      <Placemark>
        <name>Russian-controlled Mykolaiv Raion, Mykolaiv Oblast.</name>
        <Polygon>
          <outerBoundaryIs>
            <LinearRing>
              <tessellate>1</tessellate>
              <coordinates>31.8076586,46.4790814 31.8088676,46.4848407 31.8073909,46.4852234 31.8056655,46.4854887 31.8056998,46.4877633 31.8060461,46.4892267 31.8124154,46.4905863 31.8141646,46.4925435 31.8150872,46.493223 31.8161172,46.4936218 31.8162041,46.494501 31.8185634,46.4957785 31.8273861,46.4988971 31.8286056,46.4989691 31.8354519,46.4987366 31.8410941,46.4975999 31.8412329,46.4978808 31.843142,46.4975118 31.8451064,46.4974522 31.8455075,46.4977587 31.8457073,46.4981272 31.8467538,46.4984121 31.8503851,46.4984226 31.8509333,46.4984782 31.8518013,46.5020709 31.8541871,46.5063273 31.8602127,46.5110207 31.8600536,46.5125623 31.8541793,46.5130109 31.8573599,46.5178599 31.8501435,46.5184136 31.8464099,46.5201854 31.8403803,46.5209975 31.8347584,46.521529 31.8264757,46.5231826 31.8238579,46.5239356 31.817485,46.5265635 31.8095825,46.5270716 31.8033598,46.5285183 31.7993258,46.5306146 31.7932747,46.5324451 31.7855929,46.5346002 31.7788552,46.5368144 31.7752932,46.5402387 31.7719887,46.5418032 31.7599842,46.5452937 31.7424747,46.5463563 31.7239353,46.5452937 31.7059108,46.5448214 31.6925213,46.5434046 31.6770717,46.5412793 31.667287,46.5382093 31.658189,46.5376189 31.6433832,46.5387702 31.6371605,46.539272 31.6294786,46.5390949 31.6223118,46.5391539 31.6141578,46.5390359 31.6085788,46.5389473 31.6006395,46.5382683 31.5944168,46.5372646 31.5862629,46.5369694 31.5827438,46.5364971 31.5775296,46.5372499 31.5729591,46.5386669 31.5647408,46.540866 31.5591089,46.5428938 31.5488411,46.5472379 31.5386702,46.551606 31.5316321,46.5563868 31.5258814,46.5609903 31.5221478,46.5648556 31.5202595,46.5682487 31.5175773,46.5716415 31.51644,46.5734706 31.5144445,46.5755652 31.5132858,46.5768484 31.5130926,46.5776744 31.5135814,46.5785284 31.5139032,46.5792253 31.5139247,46.579712 31.5134902,46.5789488 31.5127445,46.5776988 31.5123905,46.5773411 31.5123368,46.5771826 31.5120525,46.5770498 31.5122426,46.5767204 31.5128649,46.5760566 31.513573,46.5750758 31.514957,46.5734311 31.5161157,46.5718675 31.5171242,46.570953 31.5183473,46.5696696 31.5187764,46.5686075 31.5194631,46.5670143 31.5201927,46.5655685 31.5208149,46.5644916 31.5215659,46.5635474 31.5225097,46.5624039 31.5232875,46.5615186 31.5255363,46.5595692 31.5278323,46.5573561 31.5290768,46.556397 31.5302355,46.5551428 31.5315659,46.5537853 31.5339477,46.5516013 31.5364797,46.5494026 31.5392478,46.5473218 31.5491183,46.5399425 31.5531523,46.5371676 31.5567358,46.5349683 31.5600617,46.5329607 31.5690739,46.527602 31.5739234,46.5246346 31.5800173,46.5213126 31.5916903,46.5152883 31.6009171,46.5101937 31.611603,46.5036364 31.6208668,46.4976881 31.6286345,46.4929611 31.6345139,46.4885883 31.6443415,46.4807578 31.6528817,46.4743447 31.6624089,46.4668668 31.6714211,46.4590036 31.6779013,46.4540367 31.6829224,46.4504296 31.6905733,46.4438633 31.6980406,46.4377712 31.704392,46.4320334 31.7102714,46.4266499 31.7138334,46.4241059 31.7184253,46.4217097 31.7199488,46.4210885 31.7282959,46.4212512 31.7313214,46.4180856 31.7341967,46.413618 31.7355057,46.4115912 31.7359992,46.4095348 31.7377587,46.4071083 31.7396684,46.4049333 31.7421146,46.4008642 31.745462,46.3944417 31.7462345,46.3923698 31.7480369,46.3904458 31.7488952,46.3889658 31.750054,46.3873081 31.7513414,46.3856651 31.7535516,46.3837409 31.7556544,46.3817574 31.7574139,46.3800403 31.7588731,46.3786192 31.760418,46.3771684 31.762714,46.3749626 31.7646881,46.3737042 31.7661472,46.3729344 31.767263,46.372964 31.7694088,46.3730824 31.7711469,46.3734525 31.7741295,46.3727271 31.7762109,46.372964 31.7758246,46.374178 31.7746445,46.376295 31.7736359,46.377879 31.7719408,46.3794037 31.7698808,46.3802623 31.7687007,46.3805584 31.7693873,46.3828232 31.768293,46.3855763 31.7667695,46.3875893 31.7648168,46.3896762 31.7566788,46.3993634 31.7519581,46.4022637 31.7463791,46.406525 31.7432034,46.4090107 31.7401135,46.4112003 31.7360794,46.4138633 31.7339337,46.4186563 31.7329037,46.4213781 31.7311012,46.4239222 31.728698,46.427117 31.7251437,46.4273955 31.7219894,46.4292443 31.7088706,46.4387217 31.7050511,46.4415312 31.7031199,46.44369 31.6993005,46.4458486 31.6960389,46.4473271 31.6944939,46.4503136 31.6953952,46.4541573 31.6976268,46.4611344 31.699558,46.4662484 31.7017466,46.4703865 31.7047936,46.473283 31.7088706,46.476534 31.7124755,46.4799031 31.7260093,46.484221 31.739313,46.4874713 31.7482641,46.4883928 31.76204,46.4877723 31.7698935,46.4868267 31.7788199,46.484847 31.7937115,46.481626 31.8026808,46.4797052 31.8076586,46.4790814</coordinates>
            </LinearRing>
          </outerBoundaryIs>
        </Polygon>
      </Placemark>
      <Placemark>
        <name>Russian-controlled Crimea (Pre-invasion)</name>
        <Polygon>
          <outerBoundaryIs>
            <LinearRing>
              <tessellate>1</tessellate>
              <coordinates>33.6142896,46.1340263 33.618641,46.1178482 33.641987,46.0849967 33.6330606,46.0759472 33.6213876,46.0697546 33.6172677,46.0502194 33.620701,46.0120822 33.6330606,45.980122 33.630314,45.9605552 33.6179544,45.9471885 33.6234475,45.9433689 33.641987,45.9443238 33.6461068,45.9510079 33.6605264,45.9553044 33.684559,45.954827 33.7072183,45.9529175 33.7298776,45.9500531 33.7463571,45.9514853 33.7587167,45.9390714 33.7621499,45.9290428 33.7573434,45.9199678 33.7477304,45.9190124 33.7394906,45.92761 33.7223245,45.9280876 33.7085916,45.9161463 33.696232,45.9085024 33.6859323,45.91328 33.674946,45.9065913 33.6742593,45.8956011 33.6804391,45.8779166 33.6790658,45.8678769 33.6859323,45.8583137 33.6818124,45.8473139 33.6618997,45.8678769 33.6529733,45.872658 33.6330606,45.8817407 33.6193277,45.8898662 33.5966684,45.8850867 33.5705758,45.8659644 33.5472299,45.8463573 33.5135843,45.8602265 33.5376169,45.8688332 33.5383035,45.8817407 33.5231973,45.8736141 33.4977914,45.8592701 33.4552194,45.8434874 33.4215738,45.8324847 33.3844949,45.8004209 33.3584024,45.7889309 33.3309366,45.7750439 33.2760049,45.7597164 33.2382394,45.7506137 33.2100869,45.7597164 33.1901742,45.7683386 33.1757547,45.779354 33.1716348,45.7851003 33.1839944,45.8080796 33.1757547,45.803293 33.1682016,45.7851003 33.1640817,45.7649857 33.1640817,45.7448638 33.155842,45.7367172 33.1393625,45.7180234 33.1270028,45.7204204 33.1187631,45.7146674 33.1070901,45.7137085 33.0940439,45.7165851 33.0775644,45.7079549 33.0638315,45.7031597 33.0487253,45.6954866 33.035679,45.6897311 33.0198861,45.6882921 33.0068399,45.6801372 32.9972268,45.6801372 32.9903604,45.6734205 32.9786874,45.6715013 32.9649545,45.6604647 32.9546548,45.6609446 32.9429818,45.6561454 32.9381753,45.6499058 32.9196359,45.6431855 32.9072763,45.6374246 32.8557779,45.6090915 32.8214456,45.588433 32.8207589,45.5826664 32.8296853,45.5841081 32.8434182,45.5855498 32.8441049,45.5783412 32.8434182,45.5653633 32.830372,45.5567097 32.8200723,45.5581521 32.8083993,45.5538249 32.7994729,45.5571905 32.7980996,45.5619982 32.7884866,45.5619982 32.7706338,45.5552673 32.7404214,45.5437269 32.7253152,45.531222 32.7067758,45.5264117 32.7136422,45.5182333 32.7060891,45.5143842 32.6978494,45.5167899 32.6902963,45.5235253 32.6552774,45.5095724 32.6120187,45.4888773 32.56876,45.4715452 32.5392343,45.4561345 32.5255014,45.4445737 32.5117685,45.4291556 32.4959756,45.4137333 32.4815561,45.4036101 32.4781228,45.3930029 32.4904825,45.3843228 32.504902,45.3814292 32.5124551,45.3741944 32.5124551,45.3635817 32.4946023,45.3500717 32.5097085,45.3442808 32.5255014,45.3394545 32.5467874,45.3365585 32.5715066,45.3312489 32.5989724,45.3230421 32.6195718,45.3191797 32.6532174,45.3095225 32.6841165,45.3317316 32.7232553,45.3505543 32.7459146,45.3635817 32.7658273,45.3655114 32.8241922,45.3674411 32.8386117,45.3674411 32.8578378,45.3679235 32.8743173,45.3635817 32.9024698,45.3611694 32.9347421,45.3534495 32.958088,45.3433155 32.9896737,45.327387 33.0171396,45.3037274 33.0384256,45.2921354 33.068638,45.2723269 33.0789377,45.2592785 33.0885507,45.2563784 33.099537,45.2457436 33.1139566,45.2264025 33.1283761,45.2235008 33.142109,45.214311 33.155842,45.1997978 33.1833078,45.1862488 33.2011606,45.184313 33.2169534,45.1804411 33.2361795,45.1688239 33.2512857,45.1504252 33.271885,45.1470353 33.2876779,45.1504252 33.2959176,45.1634986 33.3000375,45.1712443 33.3137704,45.177537 33.3336831,45.1717284 33.349476,45.1736647 33.3666421,45.1867327 33.3879281,45.199314 33.401661,45.1964109 33.4236337,45.1872167 33.4435464,45.177053 33.4758188,45.1620461 33.4991647,45.1426766 33.5300638,45.1174863 33.5637094,45.0811346 33.5781289,45.0559172 33.5932351,45.0238944 33.6069681,44.9767981 33.5980417,44.9729122 33.6083413,44.941815 33.6131479,44.8878409 33.6001016,44.8557242 33.576069,44.8406329 33.5686017,44.8359161 33.5694601,44.8322945 33.5848237,44.8082462 33.6081697,44.8097077 33.6652726,44.7957055 33.6765359,44.786328 33.6818894,44.7702524 33.6596426,44.7622319 33.6336984,44.7532632 33.6125542,44.7508372 33.6150993,44.7398777 33.6109,44.7392903 33.6111641,44.7328497 33.6146105,44.7291141 33.6171201,44.7121586 33.6512947,44.7165448 33.6605707,44.7141019 33.6705322,44.7094624 33.6705562,44.7135929 33.6747206,44.7130703 33.6775516,44.7061743 33.6883526,44.7021431 33.6907278,44.705546 33.6889584,44.7091765 33.6871395,44.7137501 33.6937968,44.7148432 33.7022986,44.7155627 33.7041929,44.7126122 33.7083208,44.7115901 33.7073041,44.7054032 33.7145346,44.7059586 33.7187001,44.7170623 33.7283957,44.7153571 33.7371297,44.706582 33.7508042,44.701229 33.7520582,44.6997963 33.762112,44.7015605 33.7764136,44.6912462 33.7655076,44.6833733 33.7548791,44.6750758 33.749905,44.663616 33.7408989,44.6586265 33.7282472,44.6486611 33.722845,44.6427925 33.7258974,44.6406491 33.7196726,44.6388928 33.7163676,44.6348767 33.7219451,44.632586 33.7161075,44.6245843 33.7167927,44.6174999 33.7217672,44.6134733 33.7293108,44.6049332 33.7358126,44.6015413 33.7434921,44.6064885 33.7615915,44.6062372 33.7725527,44.6076878 33.7817713,44.612663 33.7854425,44.60856 33.781125,44.6000596 33.786176,44.5884139 33.7931139,44.5861809 33.8276552,44.5744168 33.8264279,44.5675103 33.8301499,44.5594414 33.8353624,44.5581007 33.8308507,44.5551755 33.8340131,44.5504243 33.8375905,44.5482604 33.8339283,44.5443002 33.8418793,44.5398029 33.8397539,44.5346014 33.83962,44.5295822 33.8400328,44.5190545 33.8461908,44.5125634 33.8536894,44.5122863 33.8560428,44.5168113 33.8592547,44.515216 33.8595842,44.5127596 33.8569817,44.5057045 33.8606227,44.5007916 33.8740779,44.4919267 33.866638,44.4839935 33.8617102,44.4830713 33.8621473,44.4787745 33.8672379,44.4800719 33.8821428,44.4803836 33.8870626,44.4841828 33.895116,44.4826367 33.8873764,44.4709249 33.8818544,44.4706511 33.8887019,44.4667722 33.8931553,44.4645264 33.8945184,44.4606879 33.8972031,44.4285558 33.8960235,44.4273052 33.8934064,44.4246819 33.8902324,44.4250748 33.8549629,44.4224905 33.8447736,44.4195709 33.827657,44.4123224 33.8161702,44.410516 33.8110504,44.406842 33.8077635,44.4067902 33.8069406,44.4055831 33.8027206,44.4058051 33.8006898,44.4024708 33.8000324,44.4025704 33.7971726,44.4036582 33.7962868,44.4051752 33.7897206,44.406361 33.7854181,44.4056815 33.7839643,44.4061617 33.7821028,44.4059062 33.7854311,44.4021301 33.7859367,44.4001808 33.7855887,44.3977958 33.7836983,44.3966799 33.7792127,44.3963979 33.7773132,44.3954289 33.7706502,44.3949196 33.7676446,44.3935541 33.7653257,44.3932925 33.7592746,44.3916366 33.7594034,44.3909619 33.7779428,44.3885085 33.8129617,44.3943965 33.8267739,44.3997048 33.8384469,44.4014218 33.8429101,44.4051011 33.8693459,44.4053463 33.9077981,44.4021577 33.9445336,44.3911188 33.9754327,44.3911188 33.9836724,44.3987236 34.0004952,44.4009313 34.0169747,44.4063274 34.0265878,44.4053463 34.0350416,44.4066035 34.0427239,44.4122136 34.0633233,44.4207964 34.0773995,44.4227581 34.0945657,44.4286426 34.1031487,44.4269263 34.1089852,44.4293781 34.1179116,44.4269263 34.1264947,44.4291329 34.1333611,44.4391841 34.1426309,44.4538901 34.1553338,44.476677 34.1652902,44.4911287 34.1752465,44.497496 34.1872628,44.4992102 34.2040856,44.4999448 34.2161019,44.5036178 34.2312081,44.5041076 34.2507775,44.5058215 34.2627938,44.5141459 34.2710336,44.5241825 34.2724069,44.5305462 34.2758401,44.5427823 34.2954095,44.5474313 34.310859,44.5537925 34.323562,44.550612 34.3324883,44.5464526 34.3451913,44.547676 34.3479379,44.5540372 34.3458779,44.5628438 34.3475945,44.5709154 34.3503411,44.5811868 34.3558343,44.5892558 34.3688806,44.5904783 34.3730004,44.595368 34.3709405,44.6046573 34.375747,44.6075904 34.374717,44.6132119 34.3822701,44.6173665 34.3822701,44.6222539 34.3857034,44.6290956 34.4038995,44.6386238 34.4025262,44.6474177 34.4063027,44.6588965 34.4114526,44.664513 34.4172891,44.6747678 34.4378884,44.6903907 34.4464715,44.702105 34.4646676,44.7165007 34.4814904,44.7208919 34.4907601,44.7262584 34.5110162,44.7347951 34.5292123,44.7374778 34.5391686,44.7421113 34.5401986,44.745769 34.5573647,44.755278 34.5752175,44.7574721 34.5844872,44.7596662 34.5975335,44.7684417 34.6133264,44.7750225 34.636329,44.7813588 34.6548684,44.788669 34.6689446,44.787207 34.6854241,44.7959783 34.7073968,44.8052355 34.7314294,44.8120556 34.7496255,44.8098635 34.7575219,44.8164395 34.7750314,44.8188749 34.7877343,44.8183878 34.8021539,44.8213102 34.8162301,44.8191184 34.8337396,44.8200925 34.8450692,44.8147347 34.8646386,44.8217972 34.8845513,44.8220407 34.8855813,44.8176572 34.8931344,44.8149782 34.9034341,44.8196055 34.9188836,44.8227713 34.9147637,44.8259369 34.9175103,44.8303198 34.9339898,44.8327545 34.9477227,44.8373804 34.959739,44.8390845 34.9655755,44.8410321 34.9779351,44.8395714 34.9861749,44.8351892 34.9875482,44.8303198 34.9933846,44.8305632 35.0026544,44.8361631 35.0084908,44.8317806 35.013984,44.8347023 35.0232537,44.832998 35.0318368,44.8303198 35.0417932,44.8210666 35.0503762,44.8135169 35.0493463,44.8023123 35.0606759,44.7979273 35.0702889,44.7976837 35.0774987,44.7945165 35.0823052,44.7932984 35.088485,44.8010943 35.0974114,44.8032867 35.1008447,44.8079149 35.1097711,44.8081585 35.1090844,44.8110813 35.1221307,44.8222842 35.1327737,44.8242323 35.1283105,44.8288588 35.1300271,44.8354327 35.1324304,44.8446835 35.134147,44.8512556 35.1375802,44.8607472 35.1420434,44.868534 35.1430734,44.8748601 35.155433,44.8901856 35.165046,44.9008868 35.1750024,44.9018595 35.186332,44.9091545 35.2031548,44.9123154 35.2120812,44.911586 35.2237542,44.9128016 35.2395471,44.9193659 35.2443536,44.9252002 35.2529366,44.9378391 35.2474435,44.9487744 35.2484734,44.9558204 35.2580865,44.964809 35.2742227,44.9696671 35.2907021,44.9667523 35.2944787,44.9618939 35.296882,44.9657806 35.3099282,44.96991 35.3250344,44.9701529 35.327781,44.9652948 35.3391107,44.9672381 35.3521569,44.9633515 35.3528436,44.958007 35.3652032,44.9548486 35.3758462,44.9514471 35.3806527,44.9473164 35.3864892,44.9458585 35.3844293,44.9497463 35.3906091,44.9550916 35.3837426,44.9558204 35.3758462,44.9546057 35.3693231,44.9567922 35.3648599,44.9652948 35.36177,44.9701529 35.3521569,44.975982 35.3573068,44.9849674 35.3627999,44.9937086 35.3741296,44.9980787 35.3882058,45.0000208 35.4019387,45.0034195 35.4242547,45.0131287 35.4170449,45.0201668 35.4094918,45.0238069 35.4009088,45.0247776 35.3906091,45.0250203 35.383056,45.0303585 35.3827126,45.0386076 35.3868325,45.0480683 35.3995355,45.0628627 35.4228814,45.0827442 35.4465707,45.0975296 35.4839929,45.1137648 35.5186685,45.1222441 35.5499108,45.1283 35.5828698,45.1312066 35.6199487,45.1258777 35.6693871,45.1144917 35.7050927,45.103588 35.7256921,45.0938942 35.772384,45.0713495 35.7823403,45.0631052 35.7888635,45.0570424 35.803283,45.0485534 35.8091195,45.0434594 35.8170159,45.0325422 35.8128961,45.0201668 35.8177026,45.0225936 35.825599,45.0174973 35.8369286,45.0104588 35.8307488,45.0051187 35.8338387,45.0005064 35.8424218,44.9992925 35.8623345,45.0014774 35.8791573,45.0119151 35.8963235,45.0148276 35.9028466,45.0189534 35.9251626,45.0230789 35.9406121,45.0165265 35.9557183,45.0114297 35.9646447,45.0172546 35.9835275,45.0240496 35.9917672,45.0342406 36.0055001,45.0446723 36.0226663,45.0480683 36.0353692,45.0502513 36.0858376,45.0478257 36.1177667,45.0429743 36.1534722,45.0376372 36.2046273,45.0330275 36.2204202,45.0289027 36.2314065,45.0318143 36.2465127,45.040791 36.2465127,45.0490385 36.2592156,45.0521917 36.2791284,45.0546171 36.3055642,45.0589825 36.3344033,45.0597101 36.356376,45.0584975 36.3728555,45.0584975 36.3821252,45.0645601 36.3958581,45.0677124 36.4044412,45.071107 36.4140542,45.0752288 36.4236672,45.0781381 36.4456399,45.0909857 36.4549096,45.0989837 36.4525063,45.1060113 36.4439233,45.1108574 36.4384301,45.1161876 36.430877,45.1205484 36.4243539,45.1273311 36.421264,45.1367771 36.4168008,45.1532434 36.4143975,45.162443 36.4089044,45.1668002 36.4030679,45.1752716 36.4047845,45.190396 36.4054711,45.1995897 36.4027245,45.206363 36.4020379,45.2136192 36.4075311,45.2228091 36.4198907,45.2363494 36.419204,45.2436018 36.4356835,45.2619705 36.4253838,45.2701861 36.4178307,45.2764678 36.4185174,45.2837151 36.4363702,45.2957918 36.4672692,45.3025537 36.4830621,45.3069002 36.4913018,45.318972 36.4796288,45.3238 36.4727624,45.3305585 36.4707025,45.3411774 36.4748223,45.3503467 36.4768823,45.358067 36.4974816,45.3633741 36.5201409,45.356137 36.5386804,45.3513118 36.55104,45.3484164 36.6025384,45.3474513 36.6121514,45.3566195 36.6293176,45.3653039 36.6300042,45.3754339 36.6471703,45.3831508 36.6409905,45.3874911 36.6197045,45.3990636 36.6073449,45.4111158 36.6128381,45.4226835 36.5977319,45.4356942 36.5812524,45.4409941 36.5688928,45.4371397 36.5688928,45.4279845 36.5579064,45.4250931 36.529754,45.4279845 36.5105279,45.4385851 36.4892419,45.448702 36.4761956,45.454964 36.4446099,45.4540006 36.430877,45.4477386 36.4130242,45.4467751 36.3814385,45.4621884 36.3628991,45.469412 36.3525994,45.4742271 36.343673,45.4828934 36.3326867,45.4732641 36.3162072,45.4684489 36.3024743,45.477116 36.2901147,45.4795233 36.2660821,45.4785604 36.2358697,45.4742271 36.1548455,45.4660411 36.11708,45.4607436 36.0813745,45.4467751 36.0710748,45.4390669 36.0731347,45.4217196 36.074508,45.4111158 36.0600884,45.3937599 36.0429223,45.381704 36.0182031,45.3725398 35.9907372,45.3681984 35.9509118,45.3754339 35.9255059,45.3865266 35.8939202,45.4029206 35.8705743,45.4164179 35.8465417,45.4458117 35.8520349,45.4544823 35.8733209,45.460262 35.8705743,45.4698935 35.8547814,45.4732641 35.8424218,45.4718196 35.8280023,45.4684489 35.8218224,45.4592988 35.8231957,45.4506289 35.8328088,45.4400305 35.8211358,45.4289483 35.8060296,45.4246112 35.79161,45.4173819 35.7751306,45.4067773 35.7483514,45.3899023 35.751098,45.3836331 35.7662042,45.3831508 35.7579644,45.3754339 35.7538445,45.3638566 35.7332452,45.3546895 35.7236321,45.3503467 35.7291253,45.3411774 35.7195123,45.3329721 35.6975396,45.3334548 35.6728204,45.3281449 35.6371148,45.3218688 35.6041558,45.3131778 35.5739434,45.3006218 35.5272515,45.2822657 35.5039056,45.2870968 35.491546,45.2919276 35.4524072,45.3097976 35.3720696,45.3575845 35.2491601,45.46267 35.199035,45.5204318 35.1008447,45.605042 35.0177606,45.699117 34.975221,45.7635462 34.9580548,45.7597139 34.9010633,45.7822248 34.863952,45.7944702 34.800813,45.8047266 34.802873,45.9003773 34.7554944,45.9085 34.6573041,45.975825 34.6394513,45.9820281 34.623626,45.988982 34.605119,45.9934783 34.5755933,45.9963405 34.5632337,45.9920471 34.5378278,45.965803 34.5055554,45.9433664 34.4705365,45.9443213 34.4361718,45.963691 34.411485,45.9920471 34.4032453,46.0135103 34.3840192,46.0354419 34.3661664,46.046881 34.3414472,46.0578413 34.3126081,46.0621295 34.2542432,46.0521231 34.203399,46.0619269 34.1457532,46.0830892 34.1382001,46.0973754 34.121034,46.1049931 34.0743421,46.1183217 34.055116,46.1078495 34.0331433,46.1088016 34.0070508,46.1211774 33.9885114,46.1335504 33.9102338,46.1625685 33.8532422,46.199176 33.8271497,46.2039285 33.7783979,46.2006018 33.7385724,46.1849162 33.6973737,46.2034532 33.6891339,46.2020275 33.6616681,46.221984 33.6479352,46.2291095 33.6142896,46.2262594 33.6390088,46.1402117 33.6142896,46.1340263</coordinates>
            </LinearRing>
          </outerBoundaryIs>
        </Polygon>
      </Placemark>
      <Placemark>
        <name>Russian-controlled Sevastopol (Pre-invasion)</name>
        <Polygon>
          <outerBoundaryIs>
            <LinearRing>
              <tessellate>1</tessellate>
              <coordinates>33.7592746,44.3916366 33.7653257,44.3932925 33.7676446,44.3935541 33.7706502,44.3949196 33.7773132,44.3954289 33.7786949,44.3965062 33.7832869,44.3966902 33.7854326,44.3973955 33.7859367,44.4001808 33.785261,44.4018414 33.7843168,44.4034665 33.7821028,44.4059062 33.784231,44.4062871 33.7854181,44.4056815 33.7899816,44.4065017 33.7962902,44.4053673 33.7971726,44.4036582 33.8006676,44.4022094 33.8024271,44.4058885 33.8069406,44.4055831 33.8077635,44.4067902 33.8110504,44.406842 33.8161702,44.410516 33.827657,44.4123224 33.8447845,44.4197753 33.854698,44.4226871 33.8902324,44.4250748 33.8934064,44.4246819 33.8972031,44.4285558 33.894223,44.4612014 33.8931553,44.4645264 33.8818544,44.4706511 33.8872707,44.4711246 33.8948238,44.4826995 33.8868845,44.4838937 33.8821428,44.4803836 33.867358,44.4798826 33.8621223,44.4790252 33.8617102,44.4830713 33.866638,44.4839935 33.8737524,44.4917313 33.8608778,44.5003637 33.8569817,44.5057045 33.8597191,44.5122695 33.8592547,44.515216 33.8560428,44.5168113 33.8530746,44.5124095 33.8461908,44.5125634 33.8400328,44.5190545 33.8397539,44.5346014 33.8418793,44.5398029 33.8340202,44.5438608 33.8367668,44.5487544 33.8334194,44.5506506 33.8308507,44.5551755 33.8347927,44.5582958 33.8301499,44.5594414 33.8264279,44.5675103 33.8276552,44.5744168 33.8145367,44.5784743 33.786176,44.5884139 33.781125,44.6000596 33.7821785,44.6018236 33.7854425,44.60856 33.7817713,44.612663 33.7725527,44.6076878 33.7615915,44.6062372 33.7434921,44.6064885 33.7358126,44.6015413 33.7293926,44.6044514 33.7217672,44.6134733 33.7167927,44.6174999 33.7161075,44.6245843 33.7213245,44.6323715 33.7163676,44.6348767 33.7202087,44.6392731 33.7258974,44.6406491 33.722845,44.6427925 33.7281052,44.649166 33.7408989,44.6586265 33.749905,44.663616 33.7548791,44.6750758 33.7764136,44.6912462 33.762112,44.7015605 33.7520582,44.6997963 33.7508042,44.701229 33.7371297,44.706582 33.7283957,44.7153571 33.7187001,44.7170623 33.7145346,44.7059586 33.7073041,44.7054032 33.7083208,44.7115901 33.7043301,44.7122086 33.7022986,44.7155627 33.6943737,44.7146484 33.6871395,44.7137501 33.6897388,44.7060478 33.6883526,44.7021431 33.6775516,44.7061743 33.673946,44.7130016 33.6705562,44.7135929 33.6705322,44.7094624 33.6605707,44.7141019 33.6506859,44.7163562 33.6167828,44.7126356 33.6146105,44.7291141 33.6106029,44.7330654 33.6109,44.7392903 33.6150993,44.7398777 33.6125542,44.7508372 33.6330906,44.753305 33.6818894,44.7702524 33.6765359,44.786328 33.6652726,44.7957055 33.6081697,44.8097077 33.5848237,44.8082462 33.570005,44.8306625 33.5686017,44.8359161 33.5701767,44.8371144 33.5651985,44.8393055 33.5615078,44.8410096 33.5570446,44.8405836 33.5519806,44.8396098 33.5517231,44.8369318 33.550264,44.8344364 33.5503498,44.8308451 33.5504356,44.8175739 33.5496632,44.8122158 33.5486332,44.8066745 33.5429684,44.8030206 33.5382477,44.7974785 33.5349003,44.7923013 33.5357586,44.7879155 33.537561,44.780727 33.5397926,44.7718925 33.5399643,44.7617158 33.5427109,44.7528784 33.5424534,44.7411133 33.5447708,44.7347726 33.5480324,44.7306873 33.5480324,44.7231868 33.5471741,44.7122086 33.5486867,44.6912778 33.5466267,44.6776692 33.5442235,44.6642407 33.5403611,44.6548998 33.5379578,44.6487329 33.5315205,44.6409774 33.5249116,44.6379849 33.5175301,44.6354808 33.5097195,44.6319383 33.5114361,44.6287009 33.5091187,44.6257689 33.5081746,44.6161775 33.5020806,44.6160553 33.5024239,44.6112284 33.4977891,44.6089065 33.4946992,44.6136725 33.489206,44.6131837 33.4807946,44.6104952 33.4748723,44.6123894 33.46792,44.6113506 33.4625127,44.6117173 33.456247,44.6095787 33.4476639,44.6106174 33.4474923,44.605729 33.4499814,44.6024902 33.4486081,44.5986401 33.445089,44.5977234 33.4391667,44.5999846 33.4408833,44.6031624 33.4392525,44.6058512 33.4337594,44.6031624 33.4329011,44.5972955 33.430412,44.599679 33.4241463,44.5974789 33.4207989,44.594423 33.4171082,44.5883718 33.4139325,44.5878217 33.4149624,44.5840929 33.4129025,44.5801804 33.413675,44.5763899 33.4098984,44.576879 33.4069802,44.5765733 33.4018304,44.5775516 33.402002,44.580914 33.4006287,44.5859268 33.4014012,44.5909391 33.396938,44.5914281 33.3947064,44.5880051 33.3909299,44.5873938 33.3859517,44.5869048 33.3775403,44.5844597 33.3835484,44.5804249 33.387325,44.5748003 33.3935048,44.5683191 33.3983113,44.5648948 33.4022595,44.5602471 33.4104993,44.553275 33.4185673,44.5504614 33.4281804,44.5460573 33.4367634,44.5410411 33.4475781,44.5341891 33.4597661,44.5272138 33.4721257,44.5165657 33.4784088,44.5112045 33.4814129,44.508144 33.4843311,44.5031246 33.4869919,44.4987781 33.4906826,44.4979823 33.4938583,44.5003698 33.4977207,44.5030022 33.5019264,44.5036755 33.508192,44.5039204 33.5141144,44.5019615 33.5241566,44.4990842 33.5327396,44.4960232 33.5420093,44.4924721 33.5484466,44.4899005 33.5556564,44.4883698 33.5611496,44.4886147 33.567501,44.4905741 33.574625,44.4922884 33.580204,44.4919211 33.5858688,44.4904516 33.602005,44.4930844 33.6088714,44.4906965 33.6137638,44.4892882 33.6183986,44.4867165 33.6248359,44.4826138 33.6307583,44.4790007 33.6331615,44.4734888 33.6361656,44.4728763 33.6374531,44.4680988 33.6413154,44.4578075 33.6429462,44.4529675 33.6424312,44.4474531 33.6434612,44.4373421 33.6473236,44.432623 33.6498985,44.4264324 33.6559067,44.4235514 33.6608848,44.4209155 33.6707554,44.4182795 33.6828575,44.4161338 33.6950455,44.4171147 33.7005386,44.4204864 33.7063751,44.421222 33.7086067,44.4190764 33.70895,44.4149076 33.715044,44.4109838 33.7197647,44.4073049 33.7233696,44.4023995 33.7260303,44.3959604 33.7304935,44.3921579 33.73633,44.3881099 33.741909,44.3876805 33.749033,44.3895206 33.7592746,44.3916366</coordinates>
            </LinearRing>
          </outerBoundaryIs>
        </Polygon>
      </Placemark>
      <Placemark>
        <name>Russian-controlled Sumy Raion, Sumy Oblast.</name>
        <Polygon>
          <outerBoundaryIs>
            <LinearRing>
              <tessellate>1</tessellate>
              <coordinates>35.2915806,51.0694202 35.2882705,51.0693566 35.2880812,51.0686229 35.2866306,51.0674862 35.2862894,51.0673925 35.2859053,51.0673224 35.2854375,51.0674821 35.2848967,51.0676088 35.2838012,51.0673 35.2831626,51.0670206 35.282481,51.0669838 35.2822766,51.0673958 35.2817595,51.0675872 35.2811972,51.0676734 35.2803582,51.0670491 35.2791372,51.0661631 35.2776781,51.0647338 35.2773563,51.0641236 35.2771068,51.0640351 35.2768252,51.0640544 35.2768413,51.0642685 35.2766053,51.06499 35.2760474,51.066271 35.2751919,51.0664246 35.2739695,51.065957 35.2737603,51.0642489 35.2739991,51.0637725 35.2750114,51.0630814 35.2762597,51.0624038 35.275644,51.0607579 35.2757521,51.0596072 35.2756809,51.0589355 35.2750947,51.0588032 35.2739345,51.059379 35.273579,51.0595637 35.2725354,51.0595688 35.2725444,51.0589626 35.2733213,51.0580661 35.2667169,51.0578708 35.264675,51.0596253 35.2659984,51.0618395 35.2657523,51.0629003 35.2615582,51.0615875 35.2575271,51.0588182 35.2576158,51.0613895 35.2559909,51.0621624 35.2537636,51.0615775 35.2480651,51.064509 35.2441745,51.0639668 35.2437172,51.0635324 35.2422579,51.0602285 35.2268727,51.0547599 35.2259985,51.0539235 35.2257145,51.0536301 35.22566,51.0534662 35.2257209,51.0533732 35.2258916,51.0533224 35.2263431,51.053007 35.2264348,51.0527312 35.2262071,51.0524922 35.2260136,51.0524067 35.224919,51.0523954 35.2243498,51.0523592 35.2233423,51.0524119 35.2227518,51.0524322 35.2224735,51.0523028 35.2222521,51.05183 35.2223536,51.0514821 35.2221977,51.0507092 35.2220096,51.0504658 35.2217357,51.0503438 35.2214194,51.0503659 35.221238,51.0507208 35.2185127,51.0505661 35.2142526,51.0491683 35.2202662,51.0466041 35.2289494,51.0410661 35.242454,51.0467082 35.2593951,51.0486254 35.2626137,51.0537511 35.2716809,51.0564349 35.2760582,51.058431 35.2815514,51.0657132 35.2893211,51.0675466 35.2913274,51.0686995 35.2937199,51.0688007 35.2983119,51.0689489 35.3033115,51.0669668 35.3074957,51.0662926 35.3098891,51.0665214 35.3121422,51.0657798 35.3148673,51.0658202 35.3183434,51.0658068 35.3235576,51.0663461 35.3270445,51.0670945 35.3282139,51.0688609 35.3292761,51.0693733 35.3304455,51.0696025 35.3305421,51.0699935 35.3280181,51.070991 35.3258027,51.0741095 35.328042,51.0770975 35.3126173,51.077176 35.3117279,51.0786868 35.3042664,51.0787277 35.3041836,51.0782897 35.3036701,51.0778685 35.3036923,51.0774827 35.3038432,51.0772316 35.3049826,51.0765322 35.3050426,51.0761243 35.3049525,51.0756248 35.3038969,51.0741273 35.3032295,51.0740009 35.3021459,51.0740077 35.3016841,51.073946 35.301313,51.0738175 35.3011136,51.0736216 35.3010983,51.0729811 35.3013897,51.072455 35.3012983,51.0721269 35.3012214,51.0719826 35.3009442,51.0719516 35.2983312,51.0724389 35.2979878,51.0720076 35.298262,51.071237 35.2983311,51.0708209 35.2969209,51.0701853 35.2960566,51.0697963 35.2945284,51.0694774 35.2942972,51.0694187 35.2922539,51.0694168 35.2915806,51.0694202</coordinates>
            </LinearRing>
          </outerBoundaryIs>
        </Polygon>
      </Placemark>
      <Placemark>
        <name>Russian-controlled Krasnopillya Raion, Sumy Oblast.</name>
        <Polygon>
          <outerBoundaryIs>
            <LinearRing>
              <tessellate>1</tessellate>
              <coordinates>35.3967534,50.9169686 35.3961517,50.9173099 35.395013,50.9183032 35.3927077,50.9189873 35.392932,50.9247656 35.3876437,50.9234782 35.3808845,50.9234782 35.3738035,50.9233429 35.3733194,50.9235043 35.3690381,50.9177502 35.3715272,50.9152069 35.377707,50.9123388 35.3862704,50.9134408 35.3967534,50.9169686</coordinates>
            </LinearRing>
          </outerBoundaryIs>
        </Polygon>
      </Placemark>
      <Placemark>
        <name>Russian-controlled Bryansk Oblast</name>
        <Polygon>
          <outerBoundaryIs>
            <LinearRing>
              <tessellate>1</tessellate>
              <coordinates>34.9231057,52.3705968 34.9015927,52.3793166 34.8864865,52.3730289 34.8710369,52.3679981 34.8638272,52.3721905 34.8617672,52.3868606 34.8545574,52.3853939 34.8494076,52.3994312 34.8521542,52.4029922 34.8617672,52.4032017 34.858334,52.4086473 34.8627972,52.4172334 34.8686337,52.4182803 34.8669171,52.4245616 34.8720669,52.4320979 34.8672604,52.4408886 34.8545574,52.4551176 34.8627972,52.4546991 34.8899197,52.4733155 34.9053692,52.4756158 34.9094891,52.4869067 34.9173855,52.5078082 34.9300884,52.5124051 34.9544644,52.5142856 34.9716305,52.5048826 34.9887966,52.5065544 34.9960064,52.5303705 35.0045895,52.5274464 35.0049769,52.5582106 35.0042903,52.582416 35.0255763,52.608276 35.0077235,52.6307867 34.9960505,52.6495369 35.0097834,52.6595337 35.0406825,52.6578677 35.0674616,52.6695281 35.0969874,52.6882617 35.1162135,52.7015784 35.0921809,52.7165548 35.0372492,52.6978335 35.0159632,52.7115633 35.0228297,52.7257046 35.0448023,52.7406728 35.0434291,52.7543891 35.0132167,52.7589602 35.0090968,52.7639464 34.9878108,52.7514799 34.9871241,52.7610379 34.9713313,52.7681011 34.9768244,52.7809781 34.9624049,52.7809781 34.9383723,52.7963425 34.9191462,52.7996638 34.9081599,52.77724 34.8889338,52.7921905 34.8834406,52.8013244 34.8635279,52.8058906 34.8635279,52.8121165 34.8346888,52.8457209 34.828509,52.8623061 34.8058497,52.8635497 34.79761,52.8602333 34.7948634,52.8643788 34.8037898,52.8693529 34.8250758,52.8685239 34.8388087,52.8618915 34.8490911,52.8672044 34.8641973,52.8690696 34.8525243,52.8757009 34.8528677,52.8844029 34.8693472,52.8823311 34.8806768,52.8860602 34.8767617,52.888941 34.8745301,52.8906887 34.8720292,52.8976966 34.8668793,52.9016315 34.8534897,52.8983179 34.8682526,52.9103283 34.8751191,52.9169532 34.8885086,52.9161251 34.9132279,52.9194373 34.9043015,52.9285444 34.9379471,52.9291653 34.9571732,52.9239911 34.963353,52.9134338 34.963353,52.9299931 34.9626664,52.9488216 34.9781159,52.9515107 34.997342,52.9498559 34.9839524,52.965781 34.9945954,52.9697096 35.0110749,52.9653674 35.0124482,52.956268 35.0423172,52.9506833 35.038884,52.9587498 35.0347641,52.9632995 35.0509003,52.9678487 35.0649765,52.9649538 35.0756195,52.9539929 35.0896958,52.9566817 35.0896958,52.9508902 35.1137284,52.9622655 35.1109818,52.9655742 35.1363877,52.965781 35.1374176,52.9595771 35.1470307,52.9573021 35.1556137,52.9597839 35.1508072,52.965781 35.1460007,52.9719839 35.1549271,52.9765322 35.1521805,52.9879008 35.1648835,52.9901742 35.1755716,53.0119753 35.2208902,53.0053649 35.2373697,52.9929677 35.2524759,53.0045385 35.2524759,53.0161063 35.2627756,53.0231281 35.2895548,53.0189978 35.2799417,53.0318005 35.2909281,53.0404711 35.2710154,53.0470761 35.2765085,53.0561564 35.2909281,53.0582198 35.3060343,53.0697732 35.3293802,53.0809111 35.2881815,53.0825609 35.2730753,53.0825609 35.2662088,53.0879223 35.2758219,53.0949324 35.262089,53.1089491 35.271702,53.1081247 35.2380564,53.1258456 35.2243235,53.1192526 35.2160837,53.1258456 35.1741983,53.1176042 35.1611521,53.143971 35.1426126,53.1386166 35.1254465,53.1373808 35.1254465,53.150972 35.1178934,53.1616771 35.130253,53.1653821 35.1329996,53.1806104 35.1151468,53.1801989 35.1124002,53.1851367 35.1343729,53.1999467 35.1165201,53.2168074 35.1055338,53.2279071 35.1062204,53.2558493 35.1233866,53.2587247 35.130253,53.2640642 35.1316263,53.2804891 35.1100662,53.2893871 35.0908401,53.2951331 35.073674,53.3074435 35.0887802,53.3271326 35.0695541,53.3238517 35.0695541,53.3336936 35.0214889,53.3353337 35.019429,53.3443532 35.0283554,53.3595179 35.0139358,53.364435 34.9940231,53.3722193 34.9590042,53.3746772 34.9425404,53.3732376 34.9300091,53.372111 34.9212544,53.3722134 34.9161045,53.3748762 34.9061482,53.3726231 34.9018566,53.3728279 34.9071781,53.3466019 34.879369,53.3441423 34.8730175,53.3475241 34.8680393,53.3455771 34.8632328,53.3425026 34.858598,53.3435274 34.8707859,53.3533648 34.8810856,53.3588973 34.8862355,53.3601267 34.890012,53.3611511 34.890012,53.3631999 34.9009983,53.3730328 34.8955052,53.3725207 34.8948274,53.3697177 34.8883042,53.3640329 34.8844419,53.3669522 34.8688207,53.3623939 34.8680482,53.3607548 34.8604093,53.3615744 34.865935,53.370337 34.8587252,53.3756625 34.8697115,53.3777106 34.8618151,53.3885639 34.8432757,53.3822161 34.8384692,53.3770962 34.8161532,53.3805778 34.8123766,53.3875401 34.7828509,53.3811922 34.7612215,53.3818065 34.7416522,53.3801682 34.7292925,53.3842639 34.7032,53.3787346 34.6788241,53.3801682 34.6365954,53.3826257 34.639342,53.3977768 34.6256091,53.4051456 34.6029498,53.4131271 34.6060397,53.42704 34.5730807,53.4280628 34.5675875,53.4472873 34.5552279,53.4517854 34.5631243,53.4589405 34.5703341,53.4705905 34.5566012,53.4712036 34.5555712,53.4777424 34.5438982,53.4812158 34.5483614,53.4861189 34.5363451,53.4979656 34.5246722,53.4959233 34.5164324,53.5106258 34.5312989,53.543604 34.5024598,53.5411558 34.49422,53.5876463 34.5148194,53.5957973 34.4983399,53.6169825 34.4708741,53.638157 34.4928467,53.6430419 34.4887269,53.6755936 34.4502747,53.6821009 34.4228089,53.7016168 34.4145691,53.724374 34.3953431,53.7300613 34.366504,53.7288427 34.3500245,53.749555 34.3582642,53.7674163 34.3369782,53.7832416 34.3253052,53.7824301 34.3198121,53.7954108 34.298526,53.7945996 34.2978394,53.8083873 34.2909729,53.8246024 34.2799866,53.8278447 34.2600739,53.8270341 34.2490876,53.8237918 34.2298615,53.8270341 34.2271149,53.8391906 34.2332947,53.8630881 34.2209351,53.8987065 34.2072022,53.9144822 34.1721833,53.9007293 34.1412842,53.8877813 34.1138184,53.8873766 34.0849793,53.8772581 34.0904725,53.8715907 34.0575135,53.8667323 34.0479004,53.870781 34.0479004,53.8659225 34.0300477,53.8594436 33.998462,53.8594436 34.0108216,53.8691616 33.9991486,53.8845437 33.9627564,53.8796868 33.9586365,53.8724004 33.9243042,53.8732101 33.9194977,53.8691616 33.8975251,53.8683518 33.8817322,53.875639 33.8858521,53.8809011 33.8283912,53.8813311 33.8036719,53.897518 33.7968055,53.9355324 33.8119117,53.9419995 33.8338843,53.9363409 33.8352576,53.9492738 33.8174048,53.9492738 33.7981788,53.946041 33.7992003,53.9676749 33.8160232,53.9763581 33.8167098,53.9910953 33.8029769,53.990086 33.7621215,53.9995718 33.765898,54.0056254 33.7535384,54.000379 33.7442687,54.0040112 33.7404921,54.0134938 33.7157729,54.023781 33.6951735,54.023176 33.6656478,54.0270079 33.6429885,54.0207556 33.6292556,54.0205539 33.6230758,54.0304361 33.6134627,54.0213607 33.5986999,54.0221675 33.5990432,54.0296295 33.5150873,54.0030237 33.4587823,54.0078662 33.4368097,53.9763795 33.3818781,53.9335516 33.3365594,53.9303175 33.3324396,53.9497182 33.2706415,53.9278918 33.3090936,53.9109078 33.2830011,53.8987721 33.2486688,53.8858235 33.2418024,53.8704419 33.2706415,53.8635588 33.2575952,53.8526244 33.2665216,53.8437129 33.2905542,53.8445231 33.2905542,53.8343942 33.3036005,53.8250735 33.2933008,53.8145345 33.2802545,53.8056149 33.2582819,53.8023709 33.2431757,53.8007488 33.2335626,53.7958822 33.221203,53.7983155 33.2163965,53.8064258 33.1944238,53.8064258 33.1937372,53.8003433 33.2067834,53.7948682 33.2153665,53.7960849 33.2191431,53.792029 33.20953,53.7774244 33.2229196,53.768091 33.2236063,53.751042 33.2301294,53.7477938 33.2256662,53.742921 33.232876,53.7356108 33.2109033,53.723018 33.1947672,53.7278931 33.1751978,53.7244399 33.1452222,53.7243797 33.1235929,53.7164567 33.1318326,53.707313 33.1222196,53.7001998 33.1132932,53.7056872 33.0892606,53.6926788 33.0614515,53.6861731 33.0696912,53.6766161 33.0686612,53.6686841 33.0858274,53.6699045 33.088574,53.6654296 33.0803342,53.6619713 33.0573316,53.661361 33.0398221,53.662785 33.0350156,53.6605472 33.0477185,53.6528157 33.0276929,53.6443049 33.0239163,53.6359598 33.0156766,53.6265949 32.9998837,53.620079 32.990614,53.617228 32.979971,53.6188572 32.970358,53.6141731 32.9511319,53.6041923 32.9566251,53.596043 32.9511319,53.5872807 32.9380856,53.5880959 32.9229794,53.5870769 32.9106198,53.5797396 32.9064999,53.5728087 32.9064999,53.5675079 32.8968869,53.5603711 32.8972302,53.5560885 32.9082166,53.5489498 32.9099332,53.5422179 32.9099332,53.5365051 32.9068433,53.5303835 32.8972302,53.524465 32.882124,53.5267101 32.8711377,53.5211993 32.861868,53.4950647 32.8738843,53.4917967 32.8783475,53.4966986 32.8920804,53.4993535 32.903925,53.4966986 32.9018651,53.494452 32.8972302,53.4955753 32.8888188,53.487405 32.8798924,53.4883242 32.868615,53.481908 32.8698166,53.4732242 32.8821762,53.473122 32.8832062,53.4713851 32.8722199,53.47021 32.8650101,53.4716916 32.8705891,53.4689838 32.8873261,53.4662759 32.8870686,53.4692393 32.8926476,53.4695458 32.9029888,53.4609726 32.8933758,53.4532045 32.8827328,53.4487066 32.8875393,53.4409363 32.8820461,53.4343917 32.8655666,53.4350053 32.8580135,53.4278462 32.8429073,53.4300964 32.8298611,53.4356189 32.798962,53.4393002 32.7900356,53.4380732 32.799992,53.4251868 32.7835125,53.4163891 32.7697796,53.4131151 32.7653164,53.4245731 32.7577633,53.4217089 32.7529568,53.4262097 32.7399105,53.4219135 32.7460903,53.4159799 32.7405971,53.4098408 32.7491802,53.4006306 32.7598232,53.3991977 32.7666897,53.4024728 32.7793926,53.3938751 32.776646,53.3893709 32.7708095,53.3897804 32.7656597,53.3955129 32.7519268,53.3955129 32.7405971,53.3928515 32.744717,53.3862995 32.7275509,53.3766746 32.7241177,53.371554 32.7289242,53.363155 32.7275509,53.3582377 32.7529568,53.3395879 32.7515835,53.3361029 32.735104,53.3307725 32.7213711,53.3311825 32.7124447,53.3324127 32.7052349,53.3307725 32.6901287,53.3332327 32.6901287,53.3410227 32.6705593,53.3338478 32.6599163,53.3207248 32.6527065,53.3158026 32.6444668,53.3223654 32.6324505,53.3250312 32.6242107,53.3315926 32.626614,53.3363079 32.6218075,53.3371279 32.6132244,53.3361029 32.6200909,53.3149822 32.5994915,53.312726 32.592625,53.3082131 32.5902218,53.296929 32.5847286,53.290978 32.5709957,53.2983653 32.5555462,53.3020585 32.5449032,53.3012379 32.5387234,53.2987757 32.5253338,53.2942614 32.5243038,53.3090337 32.4881902,53.3036785 32.4895635,53.2981388 32.5153127,53.2938296 32.5129095,53.2847995 32.5043264,53.276794 32.4947134,53.25893 32.4806371,53.2433187 32.4689642,53.2307843 32.4545446,53.2207131 32.4480215,53.208789 32.4332586,53.2075553 32.4284521,53.198507 32.4157027,53.1867783 32.3854903,53.1921267 32.3593978,53.1843095 32.3374251,53.1723753 32.3456648,53.1563206 32.3305586,53.1456141 32.2955397,53.1262534 32.2646407,53.1262534 32.2515944,53.1328453 32.2399214,53.1229571 32.233055,53.1007003 32.1911696,53.1085327 32.17675,53.1007003 32.1698836,53.0883304 32.0943526,53.076782 32.0710066,53.0788445 32.0504073,53.0870932 32.0195082,53.0908047 32.0140151,53.1007003 31.992729,53.0924541 31.992729,53.0854436 31.9426039,53.0821442 31.9123915,53.0883304 31.9233779,53.105235 31.8856124,53.1163637 31.8753127,53.1068839 31.8272475,53.1097692 31.8162612,53.1233691 31.7997817,53.146026 31.7915419,53.1789601 31.7668227,53.1822521 31.7489699,53.2007651 31.7338637,53.1954177 31.6857985,53.2122802 31.6631392,53.211869 31.659706,53.2209145 31.6473464,53.2188589 31.6322402,53.229136 31.6130141,53.211869 31.5979079,53.2057005 31.5786818,53.1937722 31.5443495,53.1859554 31.5340499,53.2007651 31.508644,53.1978858 31.5031508,53.2073455 31.4784316,53.2069343 31.4605788,53.2106354 31.4468459,53.2106354 31.4070204,53.2094017 31.4083937,53.1962404 31.4186934,53.1863668 31.4186934,53.1748447 31.3967207,53.1711406 31.3974074,53.1575558 31.367195,53.143143 31.3637618,53.1262534 31.3829878,53.1233691 31.4022139,53.1134787 31.3939742,53.0969897 31.3411025,53.0932788 31.3308028,53.0693564 31.3335494,53.042531 31.3053969,53.0359253 31.2614516,53.0433567 31.239544,53.0288017 31.2869225,53.0110409 31.3253746,52.9924461 31.3466607,52.9858327 31.3652001,52.9622642 31.3796196,52.9527505 31.3768731,52.9382691 31.3734398,52.9283362 31.3830529,52.921299 31.3933525,52.9076353 31.4105187,52.9113621 31.4232216,52.9001805 31.4359246,52.8819524 31.4548073,52.8759437 31.4805565,52.8608147 31.5114556,52.8550105 31.5368615,52.8601929 31.5423546,52.8537666 31.539608,52.8444364 31.5358315,52.8388373 31.5220986,52.83303 31.5320549,52.818716 31.5526543,52.8081331 31.561924,52.8083406 31.5674172,52.7967173 31.5808068,52.7933957 31.5876732,52.7948489 31.593853,52.7850908 31.593853,52.7676452 31.5893898,52.7591275 31.5965996,52.7572576 31.6058693,52.7441657 31.5935097,52.7422951 31.5904198,52.7333567 31.5756569,52.72608 31.5718804,52.7181781 31.5643273,52.7090267 31.5026492,52.6984668 31.4978427,52.6943054 31.5136356,52.684941 31.5150088,52.6768235 31.543848,52.6645403 31.543848,52.6570438 31.5575809,52.6518371 31.5596408,52.6416303 31.5713138,52.63538 31.5658206,52.6178745 31.5658206,52.5945229 31.5798969,52.5953571 31.5922565,52.5845112 31.6186923,52.5765837 31.6293353,52.5640637 31.6743106,52.5623941 31.6537112,52.5502875 31.6482181,52.5425626 31.6334552,52.5425626 31.6241855,52.5536276 31.6111392,52.5481999 31.6128558,52.5394305 31.6022128,52.5358806 31.5912265,52.5197976 31.596033,52.5141568 31.5754337,52.5183352 31.5620441,52.5181263 31.5610141,52.5072614 31.5706271,52.5051717 31.5720004,52.4989019 31.5836734,52.4955577 31.5950031,52.5049627 31.6049594,52.5047537 31.6138858,52.4938854 31.6269321,52.4922132 31.6131992,52.4763234 31.6074157,52.4636686 31.5947127,52.4594849 31.5806365,52.4594849 31.5809798,52.4550916 31.597116,52.4534178 31.6084457,52.4550916 31.6101623,52.4404441 31.5974593,52.4391884 31.6019225,52.4245356 31.5936828,52.4218138 31.5933395,52.4157416 31.6221786,52.4186731 31.6245818,52.4000336 31.6331649,52.3985673 31.6221308,52.3759474 31.6272806,52.3650473 31.6180109,52.3413514 31.6252207,52.3304428 31.6176676,52.3272955 31.604278,52.3289741 31.5963816,52.3266661 31.5877985,52.327925 31.5812754,52.3275054 31.5833353,52.3205807 31.626594,52.2886715 31.6289972,52.2953911 31.6482233,52.2872014 31.6482233,52.2796404 31.6602396,52.2754392 31.6835855,52.2771197 31.7141413,52.2651447 31.7086481,52.2592611 31.6973185,52.2561088 31.7131113,52.2161606 31.7041849,52.2136363 31.6986917,52.2026962 31.6883921,52.2018546 31.6877054,52.1940685 31.7083048,52.1856496 31.7237543,52.1923848 31.7357706,52.1925953 31.745727,52.1879649 31.7594599,52.1896488 31.7701029,52.1864915 31.7769693,52.1873335 31.7831491,52.1864915 31.7828058,52.1494301 31.787269,52.1374206 31.7838358,52.1351026 31.7941355,52.1247755 31.8016886,52.1205597 31.7905809,52.1178294 31.7880918,52.1155631 31.7888214,52.1129541 31.7895939,52.1114387 31.793821,52.1109643 31.7997304,52.1067726 31.8047086,52.1049275 31.8165532,52.1048747 31.824793,52.10614 31.8359509,52.1072997 31.8425599,52.1112533 31.8542329,52.1120439 31.8687383,52.1133089 31.8795529,52.110568 31.8837586,52.1084595 31.8974057,52.1078269 31.9071046,52.104084 31.9135419,52.1004989 31.9264165,52.0971244 31.932768,52.0939606 31.9391194,52.0908493 31.9402352,52.0887926 31.957058,52.0825691 31.9619504,52.0785076 31.964182,52.0718078 31.9640103,52.0679563 31.9578305,52.0658458 31.9523374,52.0617827 31.9473592,52.058722 31.946458,52.0568749 31.940836,52.055793 31.9302789,52.0560832 31.9284764,52.0534443 31.9310084,52.0494857 31.9349566,52.0492218 31.9391194,52.0519929 31.9424668,52.0539193 31.957573,52.0550805 31.9642844,52.057968 31.9729533,52.0596568 31.9983592,52.0615038 32.0180145,52.0640367 32.0330348,52.0636673 32.0623031,52.0618732 32.0926013,52.0622425 32.1077075,52.0669915 32.1288219,52.0712124 32.1471896,52.0729006 32.1574893,52.0742723 32.1700206,52.0780705 32.1763721,52.0820793 32.178947,52.0886193 32.2031513,52.0909397 32.2172275,52.0953693 32.24332,52.0997984 32.2652927,52.109077 32.2791972,52.1099204 32.2862354,52.1125559 32.286922,52.1191969 32.2894969,52.1247829 32.29911,52.1274176 32.3082938,52.1327919 32.3172202,52.137428 32.3240867,52.1400619 32.3295799,52.1394298 32.3332706,52.1422743 32.3422828,52.1430117 32.352325,52.1440652 32.3567024,52.1464354 32.3577323,52.1498588 32.356359,52.1527553 32.3464885,52.1509121 32.3318973,52.1489108 32.3222842,52.1489634 32.3154178,52.1514387 32.3212543,52.1590216 32.3207393,52.1674982 32.3278797,52.1750602 32.3335445,52.1830601 32.3368061,52.1902167 32.3229015,52.2029484 32.3201549,52.2112589 32.3162067,52.2178851 32.3149629,52.2262864 32.3206277,52.2313334 32.342772,52.2493084 32.3647447,52.2484676 32.3789926,52.2481523 32.3865457,52.2462605 32.3872323,52.2534069 32.3815675,52.2607623 32.3729844,52.2702175 32.3644014,52.2748393 32.3530717,52.2891217 32.3499818,52.3006704 32.3446603,52.3136853 32.342772,52.3236537 32.3529,52.3302632 32.3631997,52.3358227 32.3741861,52.3400181 32.387404,52.3436888 32.3995919,52.3449473 32.40869,52.3421157 32.4124665,52.3363472 32.4224229,52.3313122 32.4306626,52.3282699 32.4538369,52.330473 32.4711747,52.3327808 32.4776979,52.3282699 32.4921174,52.3264865 32.4996705,52.3309975 32.515635,52.3311024 32.5310846,52.3314171 32.5628419,52.3292141 32.5676484,52.3189321 32.5758882,52.310222 32.5827546,52.3036096 32.5944276,52.3072833 32.6121087,52.3086477 32.6282449,52.2990958 32.6385446,52.2944765 32.6471276,52.2888067 32.6886497,52.2718486 32.699636,52.2626039 32.7198921,52.2622887 32.7382598,52.270588 32.7526794,52.272899 32.7669273,52.2716385 32.7854667,52.2684871 32.8012596,52.2694325 32.8165374,52.266386 32.8318153,52.2838218 32.8460632,52.2823516 32.8658042,52.2790959 32.8822837,52.2787808 32.8985916,52.2715334 32.8913818,52.2635495 32.8930984,52.2547234 32.9032264,52.2517809 32.9140411,52.2571402 32.9231391,52.2648102 32.9346404,52.2698527 32.9521499,52.2741594 32.9675994,52.2789909 32.9856239,52.2785708 32.9904304,52.2842418 32.9892288,52.2920121 33.0048499,52.293797 33.0153213,52.2985213 33.0201278,52.3041898 33.0304275,52.308808 33.035749,52.3161543 33.0414138,52.3232894 33.0522285,52.3321018 33.0652748,52.3362976 33.0781494,52.3307381 33.0929122,52.3270664 33.1063018,52.3336753 33.1196914,52.3381856 33.1231246,52.3429052 33.1365142,52.3490923 33.1439817,52.348252 33.155998,52.3477277 33.1608046,52.3590514 33.1590879,52.3754027 33.180374,52.3845191 33.2066381,52.3857764 33.2253492,52.3790705 33.2342756,52.373726 33.245262,52.3700578 33.2540167,52.3675423 33.2837141,52.3650266 33.3050001,52.3620915 33.3130682,52.3616722 33.3228529,52.3586321 33.3343542,52.3582127 33.3424223,52.3599949 33.3461988,52.367123 33.3482588,52.3729923 33.3556402,52.3773938 33.3721197,52.3796992 33.3925474,52.3805375 33.4066237,52.3745644 33.4145201,52.3691145 33.4407843,52.3736212 33.4557188,52.3723635 33.4627569,52.3723635 33.4725416,52.3696385 33.4807814,52.3677519 33.4854162,52.3629302 33.4938276,52.3618819 33.5151136,52.3602046 33.5257566,52.3566401 33.5261,52.3511881 33.5278166,52.3436379 33.5202635,52.3333592 33.5097921,52.3291632 33.5015524,52.3268552 33.4939993,52.3221339 33.494171,52.3172022 33.502239,52.3137393 33.5101355,52.3111156 33.525585,52.3111156 33.5410345,52.3088067 33.5540808,52.3074422 33.5582006,52.3096463 33.5551107,52.3132145 33.5413778,52.3182516 33.536228,52.323393 33.5389746,52.3267503 33.546871,52.3283239 33.557514,52.3268552 33.5680161,52.3226698 33.5846673,52.3281254 33.592907,52.3349439 33.6073266,52.3410273 33.6332474,52.3435443 33.6498986,52.344593 33.6613999,52.3473195 33.669983,52.3508848 33.6737595,52.356232 33.6837159,52.3616835 33.6988221,52.3632559 33.7116967,52.3657716 33.7240563,52.3651427 33.7273179,52.3592724 33.7400208,52.3611593 33.7589036,52.366715 33.7781297,52.3720604 33.7925492,52.3725844 33.8097153,52.3708027 33.8364945,52.3653524 33.8462792,52.3590627 33.8468759,52.3503283 33.8604372,52.3397366 33.8739984,52.3272539 33.8801782,52.3213785 33.8939111,52.3119343 33.9055841,52.3107798 33.9268701,52.3078411 33.9423196,52.2999687 33.9553659,52.2903099 33.9594375,52.2713478 33.9712821,52.2508596 33.9930831,52.2415055 34.0038977,52.2298362 34.018489,52.217533 34.0141974,52.2095392 34.0246688,52.2044898 34.03926,52.2062782 34.0471564,52.2125896 34.061061,52.2104859 34.0747939,52.2064886 34.0814887,52.1951259 34.0837203,52.1851285 34.1304027,52.1510244 34.1331493,52.145863 34.1240512,52.1311129 34.1185581,52.1214173 34.1152965,52.109084 34.1091167,52.0917905 34.1034519,52.0851455 34.0902339,52.077761 34.0972721,52.0706918 34.1039669,52.0473662 34.1055118,52.0393419 34.1013919,52.0323722 34.1043102,52.0213876 34.1080867,52.0121964 34.1254245,52.0131473 34.1496288,52.0034261 34.1534053,51.9961337 34.1472255,51.9886288 34.1446506,51.9835543 34.1467105,51.9759415 34.1482555,51.9725577 34.173318,51.9763645 34.1935741,51.9736152 34.2162334,51.9632507 34.2126285,51.9514027 34.21795,51.9449484 34.2237865,51.9367999 34.2351161,51.9284382 34.2663585,51.9236745 34.2715084,51.9149927 34.2783748,51.9059915 34.292451,51.8949758 34.3079006,51.8897848 34.3206511,51.8860244 34.332839,51.8780242 34.3393622,51.8796667 34.3415938,51.878607 34.3442545,51.8795078 34.3487177,51.8773883 34.3635664,51.8637685 34.3709478,51.8603762 34.3913122,51.8543791 34.3834024,51.8794866 34.4424539,51.8955911 34.4520669,51.9193136 34.4156747,51.9091483 34.3339639,51.9341337 34.3422036,51.9459863 34.3682962,51.9430234 34.3998818,51.9667208 34.4040939,51.994613 34.4259744,52.0115423 34.4651132,52.0237969 34.5413308,52.0770023 34.5852761,52.051252 34.577723,52.0377378 34.6189218,52.0394273 34.6271615,52.0525188 34.6573739,52.0664507 34.6923928,52.0601186 34.7445779,52.0871295 34.7500711,52.1132807 34.7212319,52.1255075 34.7315316,52.1360451 34.7239785,52.1524788 34.6910195,52.1579554 34.6841531,52.1840651 34.6951394,52.1996394 34.728785,52.2143668 34.7569375,52.2126839 34.7699838,52.2013228 34.7596841,52.197956 34.7596841,52.1895378 34.8091226,52.187433 34.872294,52.2013228 34.8777871,52.2282482 34.9011331,52.2337154 34.9066262,52.2450683 34.860621,52.2530556 34.8766456,52.2601576 34.89152,52.2736479 34.9162393,52.2749083 34.9200158,52.2807899 34.9011331,52.2831003 34.9182992,52.2921307 34.9196725,52.3009493 34.9337487,52.3043084 34.9395852,52.3139641 34.9364953,52.3236178 34.958468,52.3420798 34.9402719,52.3483719 34.9107461,52.3469038 34.9231057,52.3705968</coordinates>
            </LinearRing>
          </outerBoundaryIs>
        </Polygon>
      </Placemark>
      <Placemark>
        <name>Russian-controlled Henichesk Raion, Kherson Oblast.</name>
        <Polygon>
          <outerBoundaryIs>
            <LinearRing>
              <tessellate>1</tessellate>
              <coordinates>35.2781395,46.2642027 35.2773638,46.2643512 35.2747128,46.2649214 35.2731155,46.2639609 35.2701007,46.2642798 35.2679549,46.264443 35.2673005,46.2637976 35.2676653,46.2633526 35.271356,46.2619136 35.2680086,46.2603114 35.2671503,46.2575223 35.2656053,46.2548517 35.2628587,46.2507566 35.260713,46.2495695 35.2560781,46.2471953 35.2541898,46.2436932 35.2507566,46.239894 35.2457784,46.2344916 35.2422594,46.2328293 35.2375387,46.2314637 35.2329038,46.2312856 35.2296422,46.2295637 35.2281831,46.2260011 35.2257799,46.2254073 35.2241491,46.2230915 35.2213647,46.222305 35.2219655,46.2183262 35.2211072,46.2155349 35.2216222,46.2114962 35.2228238,46.2065068 35.222223,46.2018734 35.2200772,46.1981308 35.2175023,46.1934372 35.2135541,46.1889216 35.2096059,46.18601 35.1997353,46.1836924 35.1886632,46.1800674 35.1605518,46.172724 35.1496513,46.1685038 35.142699,46.1650561 35.1321419,46.1620244 35.1218422,46.1598247 35.1099976,46.1578628 35.1018436,46.1552468 35.0879774,46.1552493 35.0784502,46.153644 35.0697813,46.1534061 35.0623998,46.1516224 35.0533018,46.1488277 35.0435171,46.1491845 35.0358781,46.1472817 35.0294408,46.1450815 35.031151,46.1406253 35.0301639,46.1380977 35.0307647,46.1348563 35.0300748,46.1288322 35.0268132,46.1256795 35.0232083,46.1242518 35.0191743,46.1215747 35.0151403,46.118838 35.0119645,46.1155062 35.0073297,46.1129477 35.0022656,46.1103891 34.9964292,46.1080089 34.990936,46.1059261 34.989391,46.1043789 34.9917943,46.102415 34.9945409,46.0999154 34.9929489,46.096046 34.9881424,46.0911651 34.9882282,46.0878912 34.9880565,46.0832478 34.9830784,46.0792589 34.9799026,46.0786635 34.9774994,46.0779491 34.9787868,46.0767583 34.9861683,46.0769965 34.9974121,46.0796757 35.006596,46.081938 35.0215305,46.0851528 35.053271,46.0973932 35.0671756,46.1013213 35.0860583,46.1064392 35.1078593,46.1098906 35.1397883,46.1219092 35.1700007,46.1392779 35.1900851,46.1566413 35.2058069,46.1740053 35.2273832,46.2043225 35.2436927,46.2261925 35.2513316,46.2352767 35.2560523,46.2398479 35.2618363,46.2455689 35.2644112,46.2497831 35.2660849,46.2522462 35.2685311,46.2549466 35.2704194,46.2564303 35.2781395,46.2642027</coordinates>
            </LinearRing>
          </outerBoundaryIs>
        </Polygon>
      </Placemark>
      <Placemark>
        <name>Russian-controlled Sumy Raion, Sumy Oblast.</name>
        <Polygon>
          <outerBoundaryIs>
            <LinearRing>
              <tessellate>1</tessellate>
              <coordinates>34.3605022,51.2595865 34.3450538,51.2490683 34.355217,51.2453982 34.3636633,51.2471538 34.3764402,51.2544345 34.3817536,51.2573644 34.3766467,51.2619298 34.3733555,51.2676504 34.3666309,51.2640256 34.3645359,51.2622653 34.3605022,51.2595865</coordinates>
            </LinearRing>
          </outerBoundaryIs>
        </Polygon>
      </Placemark>
      <Placemark>
        <name>Russian-controlled Chuhuiv Raion, Kharkiv Oblast.</name>
        <Polygon>
          <outerBoundaryIs>
            <LinearRing>
              <tessellate>1</tessellate>
              <coordinates>37.4642465,50.4142224 37.4640442,50.4149412 37.461929,50.4185431 37.4652014,50.4308826 37.4838716,50.4311556 37.4845566,50.4452851 37.4908453,50.4574194 37.4770909,50.4595505 37.4738595,50.4560996 37.4690105,50.4535688 37.4486027,50.4481577 37.4421021,50.4467543 37.4381539,50.4453878 37.4321561,50.44349 37.4311038,50.4418668 37.4262862,50.438486 37.4287984,50.4345643 37.4326608,50.4321587 37.4372098,50.4296983 37.4417588,50.426527 37.4457929,50.4231367 37.4492261,50.4217149 37.4542901,50.4209493 37.4565217,50.4195821 37.4608132,50.4160273 37.4642465,50.4142224</coordinates>
            </LinearRing>
          </outerBoundaryIs>
        </Polygon>
      </Placemark>
      <Placemark>
        <name>Russian-controlled Kharkiv Raion, Kharkiv Oblast.</name>
        <Polygon>
          <outerBoundaryIs>
            <LinearRing>
              <tessellate>1</tessellate>
              <coordinates>36.2806565,50.3374375 36.2756354,50.3318768 36.2739188,50.3302057 36.2769565,50.3283202 36.2836942,50.3356893 36.2813338,50.336785 36.2806565,50.3374375</coordinates>
            </LinearRing>
          </outerBoundaryIs>
        </Polygon>
      </Placemark>
      <Placemark>
        <name>Russian-controlled Okhtyrka Raion, Sumy Oblast.</name>
        <Polygon>
          <outerBoundaryIs>
            <LinearRing>
              <tessellate>1</tessellate>
              <coordinates>35.5873404,50.4326766 35.5870973,50.4368248 35.5865393,50.4475929 35.5808173,50.4446757 35.5774699,50.4424073 35.5746804,50.4379795 35.5753241,50.4358748 35.5772124,50.4347541 35.5793153,50.4344807 35.5818902,50.4344534 35.5873404,50.4326766</coordinates>
            </LinearRing>
          </outerBoundaryIs>
        </Polygon>
      </Placemark>
      <Placemark>
        <name>Russian-controlled Synelnykove Raion, Dnipropetrovsk Oblast.</name>
        <Polygon>
          <outerBoundaryIs>
            <LinearRing>
              <tessellate>1</tessellate>
              <coordinates>36.4910393,47.8259614 36.5218749,47.8286127 36.5229663,47.8286868 36.5211465,47.8340571 36.521964,47.83474 36.5208596,47.8366129 36.5854036,47.8474403 36.5799206,47.8675254 36.5773459,47.880266 36.5642846,47.8785253 36.5493422,47.8775397 36.5415109,47.9059909 36.5723187,47.9089441 36.5763471,47.9090777 36.5807217,47.9090294 36.5814498,47.9093217 36.5818347,47.9100742 36.5917676,47.9110104 36.5895767,47.9218563 36.5934748,47.9216938 36.6174421,47.9174086 36.639758,47.9201984 36.6286849,47.9616827 36.6093169,47.959614 36.5932496,47.9574322 36.5920047,47.9569391 36.5874125,47.9564459 36.5850081,47.9625868 36.5838039,47.965672 36.5798503,47.9654055 36.5537491,47.9629116 36.5485588,47.9723853 36.5459409,47.9723278 36.5353084,47.9722921 36.533002,47.969038 36.5321663,47.96519 36.5316513,47.9609083 36.5322521,47.9573734 36.5314922,47.9562455 36.5308055,47.954636 36.5291748,47.9529978 36.5248403,47.9504109 36.5220315,47.9504731 36.5181927,47.9503053 36.5149782,47.9508894 36.5069366,47.9535674 36.5064548,47.9556999 36.5069698,47.9574817 36.506884,47.9588612 36.5068555,47.9616828 36.5056968,47.9648438 36.5054822,47.9672576 36.5052677,47.9688667 36.5059543,47.9699872 36.5051389,47.9708205 36.5039373,47.9715101 36.5017915,47.9720847 36.4970064,47.9717257 36.4946676,47.9709929 36.4926505,47.9701022 36.4900353,47.9665663 36.4889195,47.9656467 36.4874174,47.9648709 36.4850571,47.9620835 36.4829972,47.9606179 36.4812136,47.9572942 36.4750338,47.9562021 36.4741465,47.9494408 36.4606711,47.9474286 36.4358661,47.944329 36.4266309,47.9487892 36.4059277,47.9436213 36.4043827,47.9437076 36.4004084,47.9425308 36.3966319,47.9441981 36.3940569,47.9458079 36.3828649,47.9567299 36.3737363,47.9558523 36.3737062,47.9508358 36.3595346,47.9473998 36.3500838,47.9458036 36.3510891,47.9350606 36.3314227,47.932816 36.3235636,47.9327002 36.3246311,47.9279837 36.299168,47.9274825 36.2941792,47.9242429 36.2634963,47.9075739 36.252957,47.9074722 36.2467342,47.9119022 36.2384125,47.91282 36.2368637,47.9056886 36.2227006,47.8982975 36.2198234,47.8972342 36.2163223,47.8995485 36.2125191,47.9056905 36.2102442,47.9060646 36.1954276,47.9055544 36.1894515,47.9065967 36.1851764,47.9042917 36.1879393,47.9026482 36.1887519,47.9021864 36.192376,47.9022707 36.1932705,47.901644 36.1931728,47.9009945 36.1938363,47.8994267 36.1934218,47.8981239 36.1924047,47.8977579 36.1894304,47.8972318 36.1853108,47.8896352 36.1857399,47.8804832 36.1867478,47.8764537 36.1687884,47.8714448 36.1686167,47.8701205 36.1705479,47.8654566 36.1741528,47.8659749 36.1752257,47.8613106 36.1870703,47.8617425 36.1899456,47.861944 36.1922631,47.8610802 36.1937222,47.8600149 36.1960396,47.8588343 36.1966404,47.8579417 36.1961141,47.8539409 36.2123765,47.8529492 36.2362312,47.8509031 36.252953,47.8520464 36.2628585,47.8524455 36.274564,47.8525571 36.2751689,47.8370236 36.286243,47.8376188 36.3020114,47.8387222 36.3020715,47.8279568 36.3068252,47.8283217 36.3133728,47.8278191 36.3144265,47.8176352 36.3311736,47.8199 36.3323283,47.8208369 36.331427,47.8214132 36.3309549,47.8218743 36.3305324,47.822501 36.3305786,47.8230017 36.3308378,47.8234826 36.3320402,47.8244866 36.3324913,47.8255072 36.3323068,47.8259082 36.3322447,47.8262913 36.3316762,47.8267439 36.3305523,47.8271475 36.3297633,47.8278392 36.3297304,47.8287616 36.3300077,47.8293963 36.3304764,47.8300319 36.3305985,47.8306982 36.3305422,47.8309935 36.329712,47.8314544 36.3284313,47.832117 36.3278183,47.8328012 36.3277633,47.8332838 36.3271998,47.83386 36.3238026,47.835197 36.3231089,47.8356121 36.3229231,47.8367449 36.3233889,47.8386295 36.3243614,47.8391647 36.3275942,47.8395439 36.3506711,47.8387465 36.3745855,47.837537 36.376286,47.8300612 36.3783081,47.8305799 36.3804779,47.8305263 36.3810478,47.8308019 36.3814236,47.8309482 36.3821105,47.8310466 36.3829044,47.8314817 36.3832317,47.8315401 36.3835026,47.831526 36.3844065,47.8310958 36.3847928,47.830828 36.385265,47.8307349 36.3863379,47.8308435 36.3876041,47.8308302 36.3889025,47.8314939 36.3890306,47.8316974 36.3889229,47.8317992 36.3896736,47.8319009 36.390359,47.8318903 36.3920944,47.8312639 36.393111,47.8311921 36.3935697,47.8310915 36.394274,47.8312078 36.3949373,47.8314893 36.3962872,47.8312233 36.3976568,47.8313684 36.3989807,47.8311424 36.4002029,47.8307394 36.4036888,47.8301922 36.4049395,47.8304121 36.4076891,47.8296577 36.408785,47.8288771 36.4111568,47.828458 36.4124986,47.8283846 36.4139678,47.8278942 36.4153139,47.8277139 36.4165234,47.8279334 36.4174111,47.828225 36.4191761,47.828289 36.419651,47.8284723 36.4201615,47.8288198 36.420634,47.829079 36.4212597,47.829213 36.4218746,47.8291742 36.4235164,47.8287916 36.4246162,47.8288884 36.4256731,47.8288411 36.4311669,47.8267483 36.4320255,47.8265086 36.4327124,47.826557 36.4351393,47.8270239 36.4378773,47.8268929 36.4413288,47.8258945 36.4502917,47.8243768 36.4538014,47.8240887 36.4559378,47.8240887 36.4578667,47.8243192 36.4674297,47.8241459 36.4831702,47.8249359 36.4910393,47.8259614</coordinates>
            </LinearRing>
          </outerBoundaryIs>
        </Polygon>
      </Placemark>
      <Placemark>
        <name>Russian-controlled Synelnykove Raion, Dnipropetrovsk Oblast.</name>
        <Polygon>
          <outerBoundaryIs>
            <LinearRing>
              <tessellate>1</tessellate>
              <coordinates>36.6928225,48.0863712 36.6977578,48.0846797 36.6992598,48.0827876 36.7038089,48.0824148 36.7107182,48.0801212 36.713379,48.0804366 36.7138081,48.0816407 36.7147952,48.0823862 36.7144519,48.0843644 36.7150956,48.0849664 36.7163401,48.0851098 36.7181591,48.084666 36.7210175,48.0833704 36.7216228,48.0818884 36.7234297,48.0800623 36.7249067,48.0797535 36.7253072,48.0797668 36.7257363,48.0793367 36.7244776,48.0767113 36.7249415,48.0759812 36.7259652,48.0752946 36.7260815,48.0747816 36.7254127,48.0736123 36.7260064,48.0727073 36.7261636,48.0717288 36.7264066,48.0712952 36.7287373,48.070016 36.7298365,48.0690752 36.7337266,48.0685832 36.735543,48.0683655 36.7375325,48.0681163 36.7386303,48.0678313 36.7391208,48.0670095 36.7388388,48.0659582 36.7403212,48.0652608 36.7407419,48.0653244 36.7410595,48.065686 36.7417763,48.0657091 36.7427998,48.0654912 36.744038,48.0650008 36.7446648,48.0640668 36.7467507,48.0645381 36.7471824,48.0637772 36.7464769,48.0629875 36.747252,48.0624989 36.7488302,48.0619418 36.7476299,48.0605629 36.7440749,48.0599731 36.7431378,48.0593977 36.7422548,48.0584625 36.7428468,48.0575461 36.7431996,48.057272 36.7417903,48.0546301 36.7410381,48.0535484 36.7417992,48.0526919 36.7438828,48.0523723 36.7440799,48.0520896 36.7438351,48.0512884 36.7441267,48.0505589 36.7450401,48.0503604 36.7457362,48.050523 36.7471618,48.0503126 36.7487806,48.0505612 36.7493693,48.049734 36.7515313,48.0492796 36.7532586,48.0493032 36.755941,48.0508706 36.7568532,48.0522607 36.7579799,48.052245 36.7601475,48.0529022 36.7622777,48.0554714 36.7672898,48.0527449 36.7707037,48.0505892 36.7721744,48.0504079 36.7727274,48.0498654 36.7725318,48.0492642 36.772434,48.0488489 36.7724864,48.0483188 36.7729771,48.0476919 36.7739184,48.0473806 36.7747256,48.0474013 36.7766374,48.0478943 36.7782488,48.0488464 36.7797337,48.0486992 36.7814203,48.0475784 36.7828644,48.0470323 36.784595,48.0478781 36.7845376,48.0492908 36.7847271,48.0498017 36.7856033,48.0502553 36.7853208,48.0513257 36.7864115,48.0515641 36.7877584,48.0510201 36.7897634,48.0497049 36.7920958,48.0490125 36.7936053,48.0482645 36.795905,48.0489233 36.7976986,48.0500847 36.7997113,48.0516981 36.801724,48.0526803 36.802878,48.0525335 36.8049464,48.0525678 36.8052992,48.0518139 36.8047294,48.0505796 36.8041796,48.0487556 36.8043489,48.0476039 36.8058187,48.0470946 36.8066824,48.0469799 36.8077392,48.0465926 36.8082863,48.0459184 36.8089348,48.0435925 36.8110591,48.0416272 36.81225,48.0408596 36.8139452,48.0402714 36.8157155,48.0404364 36.8178827,48.0403431 36.820479,48.0393675 36.8222493,48.0385076 36.8255962,48.0365949 36.8264438,48.0358416 36.8270982,48.0356479 36.8291587,48.035925 36.8306066,48.0360784 36.8324169,48.0355084 36.8336761,48.0352378 36.8358507,48.0357481 36.8371955,48.0361898 36.8387549,48.0374349 36.8394523,48.037894 36.8410938,48.0382814 36.8428855,48.0381953 36.8450224,48.0372962 36.8449258,48.0369949 36.8454991,48.0364734 36.8473344,48.0349719 36.8498646,48.0339817 36.8504844,48.0336743 36.8510155,48.0335524 36.8514447,48.0333013 36.8517397,48.0332367 36.852777,48.0327387 36.853467,48.0325838 36.8538265,48.0325444 36.8540518,48.0330071 36.8547169,48.0331829 36.8548242,48.0333874 36.8558113,48.0336743 36.8565146,48.0340532 36.8583781,48.0522277 36.8738705,48.0515392 36.8770844,48.0516426 36.8785501,48.0619135 36.8802435,48.0617603 36.8816741,48.0617641 36.8818746,48.0619438 36.8817424,48.0627473 36.8822111,48.0629055 36.8946926,48.0774062 36.8944636,48.0905136 36.8933065,48.0971279 36.8917075,48.0985932 36.8780425,48.1597317 36.8774788,48.1597208 36.879925,48.1470088 36.8744835,48.1461214 36.8746337,48.1451907 36.8720803,48.1347952 36.8737003,48.1273533 36.8663133,48.1260385 36.8666726,48.1232452 36.8435841,48.1209534 36.8418675,48.127714 36.8302803,48.1272557 36.8267613,48.1264536 36.8286496,48.1176873 36.8062477,48.1152234 36.8038514,48.1220859 36.7907622,48.1245496 36.7824795,48.1282735 36.7774585,48.1291328 36.7715361,48.1269845 36.7679312,48.1252371 36.765528,48.1244636 36.7622353,48.1231243 36.7482865,48.1161515 36.7437804,48.1144897 36.7285586,48.1131856 36.7274857,48.1088875 36.7278665,48.1034696 36.728412,48.0998307 36.7276395,48.0989136 36.7229989,48.0983412 36.7185227,48.0975703 36.7135596,48.0965637 36.7092465,48.0963491 36.7042468,48.0964782 36.6971659,48.0930668 36.6956492,48.0906893 36.6915722,48.0916352 36.6852636,48.0917785 36.6774128,48.0929571 36.6737623,48.094215 36.6694279,48.0940144 36.6635914,48.0877366 36.665265,48.0886501 36.6686768,48.0909986 36.6762568,48.0908105 36.6792367,48.0892693 36.6815848,48.0871226 36.684113,48.0859963 36.6885378,48.0867963 36.6905593,48.0867935 36.6928225,48.0863712</coordinates>
            </LinearRing>
          </outerBoundaryIs>
        </Polygon>
      </Placemark>
      <Placemark>
        <name>Russian-controlled Kramatorsk Raion, Donetsk Oblast.</name>
        <Polygon>
          <outerBoundaryIs>
            <LinearRing>
              <tessellate>1</tessellate>
              <coordinates>38.0849506,48.9920388 38.0978262,48.9919248 38.0991995,48.9925443 38.0988133,48.9962049 38.0982554,48.9995273 38.091053,49.0108442 38.0898942,49.0125894 38.0896797,49.0142782 38.0879631,49.0170365 38.0853881,49.0186408 38.0844011,49.0195977 38.0732505,49.0394748 38.055226,49.0563515 38.0526511,49.0584326 38.0530802,49.0600636 38.0595175,49.0623695 38.06235,49.0634943 38.0635516,49.0730539 38.0680148,49.0962703 38.0685298,49.0970571 38.0777137,49.1191389 38.0838076,49.1350339 38.0829151,49.141486 38.0821426,49.1430582 38.0805118,49.1480551 38.0679805,49.1464831 38.0627449,49.147606 38.0580242,49.1487288 38.0533035,49.1482235 38.0442913,49.1492341 38.0401714,49.1364884 38.0400856,49.133119 38.0391414,49.1263794 38.0375965,49.1254807 38.0189712,49.1271096 37.9944236,49.1298616 37.9827507,49.1300863 37.9776867,49.132782 37.9736526,49.1343545 37.9647262,49.1355338 37.9594047,49.135983 37.9579456,49.1366007 37.9545982,49.1404753 37.9533108,49.1416545 37.9446419,49.1382292 37.928334,49.1432266 37.9236992,49.1444619 37.9191501,49.1454725 37.9176052,49.1481674 37.9132278,49.1501885 37.9106529,49.1516481 37.9081243,49.1520123 37.9028157,49.154942 37.9008414,49.1575803 37.8963783,49.159629 37.8925426,49.1604049 37.9038694,49.166173 37.8937414,49.1755445 37.9055002,49.1794159 37.9076459,49.1838482 37.9111904,49.1850839 37.9136065,49.1862628 37.9353508,49.1920395 37.923947,49.2052133 37.916866,49.2025496 37.9158341,49.2027792 37.9087622,49.2141254 37.899657,49.2129551 37.8971408,49.2120656 37.89654,49.2119675 37.8896466,49.2110637 37.8897637,49.2184234 37.8834251,49.2194781 37.8827874,49.2194793 37.8812933,49.2207985 37.8787968,49.2214011 37.8716529,49.2157818 37.869593,49.2116889 37.8674063,49.2040869 37.8627537,49.2019746 37.8586312,49.2005939 37.853181,49.1996405 37.8428903,49.1985348 37.8395908,49.1982618 37.8265179,49.1989277 37.8234259,49.1992684 37.821278,49.2005064 37.8163859,49.2029738 37.808446,49.2045719 37.8069103,49.2048622 37.8022767,49.1945511 37.7986765,49.1871644 37.7925541,49.1790242 37.7828351,49.1821714 37.7781028,49.1846835 37.7741085,49.1857643 37.7704183,49.1869146 37.7654834,49.1881255 37.7624364,49.1884341 37.7603336,49.1891072 37.7585311,49.1870597 37.7555271,49.1848999 37.753038,49.1837498 37.7486606,49.182796 37.7459998,49.1814776 37.7429099,49.1791773 37.7374232,49.1756209 37.732712,49.173586 37.7299439,49.1719587 37.7285921,49.1706078 37.7279698,49.1700325 37.7253091,49.1689101 37.7237731,49.1674714 37.7194275,49.1664306 37.7073468,49.1699031 37.6999654,49.1628912 37.6821985,49.1660622 37.6827993,49.1753214 37.6740447,49.1769488 37.6605156,49.1805505 37.6555688,49.1814584 37.6533158,49.1778042 37.6558267,49.1749355 37.6539602,49.1694855 37.6523294,49.165978 37.6523294,49.1653606 37.6606411,49.1552936 37.6627578,49.1491946 37.6642889,49.1464798 37.6625294,49.1447112 37.6595253,49.1428584 37.6514976,49.1419904 37.6455324,49.1391267 37.6415784,49.1405545 37.6388747,49.1420706 37.6318366,49.1395719 37.6270726,49.1362027 37.6199061,49.1328332 37.619477,49.1302217 37.6196057,49.1277785 37.627524,49.1238609 37.6118909,49.1139101 37.6065997,49.1169623 37.6036626,49.1158802 37.6022705,49.1148261 37.6029692,49.1134634 37.6029812,49.1122131 37.602018,49.1101619 37.5965678,49.1099933 37.5936066,49.1097686 37.5931775,49.1084763 37.5931345,49.1005533 37.5890243,49.0995508 37.5878227,49.095392 37.5876939,49.0940432 37.5859773,49.0939027 37.5832307,49.0939027 37.5828016,49.0932563 37.5828016,49.0922165 37.5831449,49.0907833 37.5818285,49.0873104 37.5799403,49.0851463 37.5782022,49.0839517 37.5780091,49.081183 37.5753547,49.0789124 37.5731231,49.077788 37.5697328,49.0771415 37.5687458,49.0737399 37.5695612,49.0697757 37.5741102,49.0691572 37.5815774,49.0687636 37.5825216,49.0678638 37.5841524,49.0666548 37.5855595,49.0635656 37.5879198,49.0625533 37.5883061,49.0616816 37.5957993,49.0599504 37.5992066,49.0593194 37.6020819,49.0590382 37.6033694,49.0593194 37.6052147,49.0606692 37.6083046,49.0621596 37.6105791,49.063425 37.6126176,49.065084 37.6143128,49.0661806 37.6149656,49.0689816 37.6156522,49.0690378 37.6236345,49.0676181 37.6307842,49.0700939 37.6369211,49.0700095 37.6389457,49.0697892 37.6410915,49.0653468 37.6414348,49.0637159 37.6463701,49.0623381 37.6478891,49.0612199 37.6476224,49.0597574 37.646755,49.0590824 37.6455872,49.0558482 37.6523009,49.0528947 37.6621413,49.0553687 37.6716256,49.0501093 37.6746939,49.0520781 37.6765714,49.0544124 37.6777625,49.0562968 37.6808936,49.0575581 37.6842823,49.0583975 37.6881862,49.0582245 37.6971222,49.0527014 37.6996387,49.050761 37.7009492,49.0499237 37.7031356,49.0493199 37.70685,49.0494174 37.7101116,49.0498815 37.7142315,49.0517097 37.7198089,49.0542767 37.7240788,49.0565406 37.7268042,49.055036 37.7317823,49.0544455 37.7331721,49.0540638 37.7355209,49.0524999 37.7361646,49.0507561 37.7383533,49.0499123 37.7413574,49.049406 37.7455184,49.048578 37.7487347,49.0494127 37.7504513,49.0476969 37.7514733,49.0437024 37.7538874,49.0407715 37.7554001,49.0411372 37.7607967,49.0435635 37.772256,49.0447778 37.7727273,49.0442969 37.7749159,49.0422152 37.7805591,49.0425951 37.787576,49.0453377 37.794935,49.0414344 37.8015654,49.0438255 37.8077667,49.0445147 37.8143724,49.0473183 37.818554,49.0487009 37.8184869,49.0503587 37.8260374,49.0524523 37.8279459,49.0528874 37.8301119,49.052338 37.8311619,49.0516621 37.8300776,49.0496365 37.8317828,49.0484548 37.8295831,49.0436378 37.8310209,49.042822 37.8324518,49.0436749 37.8364859,49.0436608 37.8360405,49.0475525 37.8359237,49.0494725 37.8357628,49.052264 37.8360848,49.0571716 37.8477362,49.0577311 37.8618546,49.0555927 37.8651361,49.0551613 37.8657369,49.0480173 37.8759508,49.0440793 37.8759958,49.0432797 37.8761246,49.039285 37.875294,49.0367524 37.8708309,49.0342203 37.8668826,49.0336857 37.8668397,49.0295777 37.8588777,49.0230846 37.8536674,49.0224258 37.8499338,49.0224539 37.8401062,49.0218911 37.8373596,49.0210186 37.8368446,49.0204276 37.8368875,49.0168533 37.8280899,49.0167688 37.8190736,49.017165 37.8125782,49.0111335 37.8102608,49.0119216 37.8063126,49.009163 37.8103037,49.0064606 37.8100033,49.0050248 37.810132,49.0042647 37.8100891,49.0032512 37.8108616,49.0024629 37.8149815,49.0017591 37.818758,49.0016746 37.8210754,49.0048277 37.8256975,49.0094548 37.8374423,49.0093949 37.8502117,49.0096251 37.854117,49.0089777 37.8548036,49.0089354 37.8570467,49.0103622 37.8631836,49.010503 37.8647285,49.0098274 37.8688928,49.0085565 37.871339,49.0075149 37.8729268,49.0069237 37.8741528,48.9922386 37.8693463,48.9920133 37.8707946,48.9771851 37.8712848,48.975228 37.8714523,48.9736852 37.8652496,48.9733738 37.8617076,48.9736255 37.8569151,48.9729966 37.858131,48.9663955 37.8523951,48.9658932 37.8425393,48.9655305 37.8424824,48.9636167 37.8424105,48.9629948 37.8455434,48.959839 37.8483329,48.9550486 37.8509252,48.952552 37.8501558,48.950005 37.8544024,48.9466195 37.8559243,48.9447567 37.8556239,48.9434883 37.8534781,48.9406131 37.8488003,48.9386681 37.8421914,48.9386399 37.8381431,48.9441378 37.8383577,48.9474637 37.8293884,48.9471678 37.8276289,48.9446734 37.8208911,48.9445607 37.8205907,48.9468437 37.8185737,48.9466464 37.8162134,48.9461109 37.8130376,48.9451526 37.8117073,48.9445325 37.8111494,48.9435741 37.812351,48.941601 37.8129518,48.9393459 37.8142393,48.936837 37.8211057,48.9366115 37.8209173,48.931954 37.827583,48.9320336 37.8278622,48.9270994 37.8282697,48.9261126 37.8289993,48.9250975 37.8302438,48.924449 37.8311879,48.9242234 37.8328616,48.9242798 37.8344066,48.9248155 37.8361232,48.9250129 37.8371532,48.9250693 37.838741,48.9248719 37.8392737,48.9229131 37.8400639,48.9216311 37.8409827,48.9206029 37.8420732,48.9198002 37.8497767,48.9195749 37.857652,48.9200259 37.8587892,48.9180517 37.858038,48.915852 37.8581236,48.9129189 37.8609784,48.9121581 37.8630813,48.9124119 37.8688042,48.9120552 37.8728382,48.9099116 37.8757565,48.9072038 37.8749491,48.904502 37.8761507,48.9041917 37.8778244,48.9043046 37.8808722,48.904126 37.8818799,48.9037686 37.8825397,48.9038038 37.8833712,48.904234 37.8873945,48.9038532 37.8933208,48.9022788 37.8959497,48.9016512 37.8993821,48.9003255 37.9006481,48.9000152 37.9021501,48.899846 37.9031372,48.9005371 37.9052142,48.9005922 37.9073922,48.899894 37.9111736,48.8990909 37.9113882,48.8978778 37.9117315,48.8970314 37.9138773,48.8967493 37.9176109,48.8968903 37.91907,48.8968057 37.9201,48.89737 37.9214852,48.8989533 37.9246596,48.9001985 37.9298946,48.904631 37.9327162,48.9073318 37.9406207,48.9099901 37.9431527,48.9103286 37.9449122,48.9108363 37.945556,48.9104414 37.950154,48.9116544 37.9535811,48.9121337 37.9562848,48.9096375 37.9564955,48.9078974 37.9616648,48.9022318 37.9650651,48.9021915 37.9672885,48.9020121 37.9672563,48.9013024 37.9693403,48.9022842 37.974974,48.9035289 37.9745219,48.9049099 37.9759581,48.9076449 37.9791969,48.9107747 37.9823613,48.9109292 37.9836375,48.9104068 37.9868132,48.9111684 37.9890448,48.910576 37.9910189,48.9082067 37.991963,48.9063168 37.9939371,48.9057244 37.9952675,48.9072194 37.9954127,48.9096466 37.9971163,48.9109729 38.000028,48.9109591 38.0037154,48.9089777 38.0050439,48.9074228 38.0056858,48.9047397 38.0066804,48.9046281 38.0079502,48.9058699 38.0091001,48.9083525 38.0103747,48.9090296 38.011527,48.9090296 38.0126793,48.9082398 38.0150568,48.9081271 38.0167389,48.9097076 38.0169793,48.9114004 38.0185414,48.9121057 38.0207903,48.9128109 38.0217517,48.9149262 38.0211767,48.9165832 38.0228634,48.9170168 38.0260167,48.9170882 38.0281807,48.9138051 38.0294081,48.9137698 38.0305132,48.9146441 38.0316504,48.9170342 38.0324444,48.9184231 38.0338318,48.9201726 38.0347545,48.92178 38.0362136,48.9233732 38.0364496,48.9243742 38.0386168,48.9257277 38.0388063,48.9263582 38.0419176,48.9287689 38.0422824,48.9295866 38.0422661,48.9314976 38.0444977,48.9342323 38.0447719,48.9347646 38.0401589,48.9379284 38.0401193,48.9386474 38.0397053,48.9428127 38.0387933,48.943616 38.0164691,48.943258 38.0088882,48.9434227 38.0081509,48.9442973 38.0070634,48.9448051 38.0053426,48.9460367 38.0051633,48.9462534 38.0057613,48.9467504 38.0107938,48.9525708 38.0164902,48.9589865 38.0210824,48.9644487 38.0298817,48.9738534 38.0541359,48.9645836 38.053153,48.9692448 38.0534554,48.97066 38.0575763,48.9742128 38.0578773,48.9750738 38.0576416,48.9756874 38.0523416,48.9791178 38.0516307,48.9808256 38.0513838,48.9818602 38.0516313,48.9838243 38.0529142,48.9846656 38.0620101,48.9880151 38.0714942,48.990365 38.0764083,48.9913143 38.0806679,48.9919858 38.0849506,48.9920388</coordinates>
            </LinearRing>
          </outerBoundaryIs>
        </Polygon>
      </Placemark>
      <Placemark>
        <name>Russian-controlled Sumy Raion, Sumy Oblast. </name>
        <Polygon>
          <outerBoundaryIs>
            <LinearRing>
              <tessellate>1</tessellate>
              <coordinates>34.4037472,51.2695196 34.4030131,51.2699031 34.4007283,51.2710441 34.3983466,51.271301 34.3837228,51.2737856 34.3812765,51.2722122 34.3797596,51.2710133 34.389551,51.2674113 34.3950442,51.2662298 34.3988636,51.2665789 34.4001163,51.2684263 34.4031977,51.2691609 34.4049101,51.2685884 34.4064282,51.2679897 34.4077451,51.267838 34.408897,51.2671579 34.410333,51.266847 34.411561,51.2659032 34.4141211,51.2649691 34.4146128,51.2655405 34.4133879,51.265709 34.4126975,51.2659924 34.4115742,51.266774 34.4108579,51.2672419 34.4096232,51.2676369 34.4080749,51.2680353 34.4037472,51.2695196</coordinates>
            </LinearRing>
          </outerBoundaryIs>
        </Polygon>
      </Placemark>
      <Placemark>
        <name>Russian-controlled Synelnykove Raion, Dnipropetrovsk Oblast.</name>
        <Polygon>
          <outerBoundaryIs>
            <LinearRing>
              <tessellate>1</tessellate>
              <coordinates>36.9273755,48.2358014 36.9271188,48.2369577 36.9244377,48.2368473 36.924074,48.239195 36.9184547,48.2391013 36.9169955,48.2463037 36.9146362,48.2464662 36.9118186,48.2457335 36.9069624,48.2448449 36.9062476,48.2442419 36.9032867,48.2438298 36.9039411,48.24025 36.9069452,48.2404644 36.9077282,48.2359031 36.9117971,48.2359157 36.9178699,48.233472 36.9281479,48.2330286 36.9273755,48.2358014</coordinates>
            </LinearRing>
          </outerBoundaryIs>
        </Polygon>
      </Placemark>
      <Placemark>
        <name>DPR control pre-invasion</name>
        <Polygon>
          <outerBoundaryIs>
            <LinearRing>
              <tessellate>1</tessellate>
              <coordinates>37.8409018,47.101265 37.8490906,47.1031618 37.8973273,47.1114572 37.9423026,47.1001237 37.9714849,47.0900734 37.9860782,47.0866717 37.9843595,47.0945144 37.9871061,47.0980203 37.9996374,47.0994226 38.0295064,47.090424 38.0380894,47.0914758 38.040836,47.0980203 38.0569722,47.1105226 38.0636455,47.1117932 38.0679155,47.1108439 38.0868806,47.1074683 38.1082988,47.0960337 38.1328463,47.0676286 38.1362795,47.0575722 38.1294132,47.0510228 38.1043506,47.0395594 38.0880428,47.0249342 38.1266666,47.046929 38.143661,47.0547654 38.164947,47.0716039 38.185718,47.0952156 38.2054781,47.1073182 38.2294915,47.1203354 38.2288897,47.1223458 38.2290179,47.1273805 38.2320646,47.1298458 38.2342958,47.1355351 38.2365273,47.1386553 38.2356714,47.2025052 38.2338687,47.2037588 38.2369155,47.2063682 38.2376344,47.2081867 38.2395549,47.2087224 38.2413362,47.2108434 38.2418511,47.2126215 38.2413791,47.2138822 38.2422803,47.2150264 38.2432245,47.2171981 38.2427617,47.2182275 38.2404779,47.2187722 38.2399629,47.220696 38.2330964,47.2285069 38.2451126,47.2342185 38.2526657,47.2345682 38.2603905,47.2365496 38.2890579,47.2388807 38.2881996,47.2569425 38.3247634,47.2571756 38.3314582,47.2634666 38.3281966,47.2663789 38.3331748,47.269291 38.3324882,47.2738336 38.3254501,47.2769782 38.3245894,47.2797902 38.3233901,47.2816366 38.3311149,47.2900206 38.3328315,47.2951435 38.3300849,47.2975884 38.3268234,47.298054 38.3336898,47.3025941 38.3352348,47.3060863 38.2209085,47.3056207 38.2215951,47.3271505 38.226745,47.3298266 38.2222818,47.3336659 38.2306906,47.3396159 38.2306932,47.3439028 38.2435677,47.346927 38.2499192,47.3580916 38.2452843,47.3639055 38.2573006,47.3726253 38.2881996,47.373439 38.2871697,47.3918036 38.3022172,47.3923719 38.3048334,47.4750826 38.2936839,47.4750096 38.2885341,47.476634 38.2869891,47.4868431 38.2919673,47.491019 38.2902507,47.4972822 38.2933406,47.5018052 38.2902507,47.5070235 38.2844142,47.508415 38.2856158,47.5448119 38.3074265,47.5447336 38.31085,47.5522273 38.3115366,47.5750461 38.3513621,47.57632 38.3499984,47.6160628 38.4564186,47.61753 38.4567619,47.6440214 38.6174265,47.6448574 38.6267822,47.6537041 38.6294428,47.6532994 38.6300436,47.66937 38.6662641,47.6692543 38.6655775,47.6987813 38.7333837,47.6997056 38.7364736,47.6988969 38.7357868,47.6954308 38.7323536,47.6925422 38.7290063,47.6913867 38.7316671,47.6893068 38.7338749,47.6876394 38.7375035,47.6876313 38.7388767,47.6854934 38.7373319,47.6830665 38.7351861,47.6816797 38.7366215,47.6792031 38.740336,47.6809285 38.7427391,47.6806396 38.7460866,47.6860134 38.7502064,47.6846845 38.7526956,47.6849156 38.7540688,47.6865334 38.7569012,47.6848 38.7720074,47.6852622 38.7723507,47.7199195 38.7708059,47.721594 38.7722649,47.7275988 38.7761274,47.730139 38.7767282,47.7345264 38.7799038,47.7367777 38.7894311,47.7375282 38.7894312,47.7685165 38.7936126,47.7686483 38.7932935,47.7720932 38.7944952,47.7738237 38.7965551,47.774862 38.7953534,47.7771692 38.7902036,47.7775152 38.7884012,47.7784957 38.7932078,47.7844363 38.7857404,47.7849553 38.7835087,47.7904337 38.7896887,47.7952773 38.790032,47.8003511 38.7888304,47.8161459 38.8287415,47.8158578 38.8287415,47.8237534 38.8327756,47.8263466 38.8320031,47.8277296 38.8280058,47.8306683 38.8280548,47.8329154 38.8256517,47.8347592 38.82548,47.8429399 38.8282266,47.8479515 38.8387837,47.851177 38.8428178,47.8511194 38.8435043,47.8644803 38.8772359,47.8671865 38.8780395,47.8708506 38.8796392,47.8734623 38.8780083,47.8757076 38.8881364,47.8753622 38.9009251,47.8729442 38.9077056,47.8725412 38.9131988,47.8755926 38.9414373,47.87352 38.9525953,47.8700655 39.0743921,47.8697507 39.0669157,47.8986696 39.0909151,47.9378187 39.0811305,47.9431085 39.0738127,47.9526059 39.0580199,47.9470296 39.0511534,47.954158 39.0381072,47.9566871 39.043772,47.9865107 39.0395663,48.0073023 39.0108099,48.0080756 38.9987188,48.0098434 38.8402896,48.0159611 38.8210973,48.0650499 38.805991,48.0751442 38.8197238,48.1182518 38.7826265,48.1282974 38.6523599,48.1516663 38.6513298,48.1567052 38.6044903,48.1716737 38.6047478,48.17631 38.5981152,48.1789162 38.6111613,48.191048 38.6128752,48.2020022 38.5895319,48.2260539 38.5895318,48.2571501 38.5751123,48.2676637 38.5589763,48.2747476 38.5438702,48.27132 38.4292008,48.277261 38.4302308,48.2932527 38.4346938,48.2966789 38.4285142,48.3071843 38.4408443,48.3165345 38.4361986,48.3428683 38.4524843,48.346816 38.4628462,48.3462182 38.4656164,48.3497252 38.4631272,48.3510942 38.4697125,48.3585385 38.4741757,48.3701716 38.4703992,48.3786096 38.456323,48.3806619 38.4494566,48.3761011 38.4414979,48.3909496 38.4364103,48.3945696 38.4413486,48.4192569 38.4333439,48.432824 38.4336014,48.4469452 38.4013915,48.4403698 38.4037947,48.4346755 38.3893473,48.4309525 38.3893473,48.4233775 38.3904631,48.4200738 38.3888323,48.4162571 38.3836608,48.414577 38.3780818,48.4136655 38.3736186,48.4118425 38.3719878,48.4083101 38.3631465,48.4013898 38.3601853,48.3981131 38.3564517,48.396318 38.3554646,48.3945798 38.353748,48.3905902 38.3392152,48.3853092 38.335782,48.382915 38.3341512,48.3792096 38.3345804,48.375675 38.3292589,48.3712848 38.3255682,48.3710567 38.3198175,48.3694602 38.3196458,48.3673505 38.3132944,48.3650125 38.3049688,48.3656398 38.2979307,48.3657538 38.2937507,48.3638929 38.2892875,48.361954 38.2838801,48.3608704 38.2737521,48.3601861 38.2663707,48.3602431 38.2614783,48.3609275 38.2609634,48.3634367 38.2610492,48.3669722 38.2571868,48.3699372 38.251522,48.3721609 38.2478313,48.3744415 38.2455997,48.376551 38.2421664,48.3782043 38.2387332,48.3807697 38.2352141,48.3829359 38.2318668,48.383905 38.2257728,48.38476 38.2212633,48.3893125 38.2182592,48.3927892 38.2161135,48.3947269 38.2122511,48.3966076 38.2065863,48.4019643 38.2028097,48.4033889 38.2005781,48.4051552 38.1988615,48.4075483 38.1949133,48.4119923 38.1928534,48.412619 38.1883043,48.4125051 38.1849569,48.4114226 38.1822962,48.4101692 38.1804079,48.4089158 38.1785196,48.4076053 38.1743139,48.405953 38.1708807,48.4041296 38.1701941,48.4013945 38.1640142,48.4027051 38.1578344,48.4070355 38.1557745,48.4089158 38.1501097,48.4134166 38.1451315,48.4156384 38.1353384,48.4189807 38.1204897,48.4202339 38.1196314,48.4167021 38.1170565,48.4129422 38.117829,48.4075297 38.1032378,48.4077006 38.0927664,48.406846 38.0875308,48.4073018 38.0804926,48.4084413 38.0656439,48.4086122 38.062039,48.4088971 38.0559451,48.4092959 38.0507094,48.4100366 38.0465895,48.4095238 38.0437571,48.4058203 38.0384356,48.400863 38.0343157,48.3981846 38.0271918,48.3981846 38.0156334,48.3969582 38.0118569,48.3959324 38.0058487,48.3935958 38.001128,48.3940517 37.9956349,48.3930259 37.9885109,48.391943 37.9838761,48.391658 37.9799278,48.39143 37.9787262,48.3893782 37.9790695,48.3866992 37.9785546,48.3806569 37.9720314,48.3808279 37.9676541,48.3805428 37.9624184,48.3726182 37.96259,48.3682563 37.9604872,48.3621833 37.9590281,48.3603013 37.9558094,48.359731 37.9519108,48.3606206 37.9474047,48.3619608 37.9451302,48.3631584 37.9453877,48.3650117 37.9435144,48.3689289 37.941669,48.3689289 37.9395233,48.3686723 37.9377208,48.3675604 37.936605,48.3661349 37.9345451,48.3643101 37.9318414,48.3622286 37.931069,48.3605178 37.9286228,48.3589494 37.9257045,48.3567822 37.9245029,48.3551852 37.9221426,48.3530178 37.9213272,48.3501659 37.9197393,48.3476275 37.917379,48.3459732 37.9106413,48.3431493 37.9055772,48.341666 37.9032598,48.3397263 37.9058154,48.332328 37.9039271,48.3297317 37.9024251,48.3265645 37.9031117,48.3236825 37.9041417,48.3217706 37.9047854,48.3197445 37.9063794,48.3136357 37.9036758,48.3075276 37.9014325,48.2980869 37.9021191,48.2898639 37.8933372,48.2885172 37.8955551,48.2687455 37.892551,48.2650889 37.8946968,48.2591464 37.890981,48.252141 37.8872045,48.2506551 37.8919469,48.2348671 37.8934489,48.2308936 37.8956805,48.2309508 37.9002724,48.2317513 37.902504,48.2290354 37.9029332,48.2275202 37.9042636,48.2251759 37.9058866,48.2222814 37.9045133,48.2212235 37.902625,48.2198796 37.9030113,48.2186501 37.9030542,48.2173347 37.904685,48.2155618 37.9042558,48.2131025 37.9008226,48.2115011 37.8967886,48.2103571 37.8942136,48.2088986 37.8922824,48.2056381 37.8906946,48.2044655 37.8888921,48.2017482 37.8866176,48.2012333 37.8832273,48.2006899 37.8790645,48.2002036 37.8662104,48.1969021 37.8625626,48.1957865 37.8602022,48.1939842 37.8560394,48.1916669 37.8511471,48.1888345 37.8469843,48.1882051 37.8456968,48.1873181 37.8469843,48.1860878 37.847628,48.1844855 37.846641,48.1819103 37.8462101,48.1795636 37.8463388,48.1777608 37.8449226,48.1766161 37.8412748,48.1757004 37.8358675,48.174756 37.8302417,48.1735018 37.829083,48.1727005 37.8284393,48.1714985 37.8289972,48.1707543 37.8298126,48.1691229 37.8303537,48.1646983 37.8300962,48.1630953 37.8273926,48.1608912 37.8251181,48.1579139 37.823144,48.1565398 37.8193674,48.156139 37.8176937,48.1539345 37.8157625,48.1488381 37.8168274,48.145023 37.8187157,48.1402121 37.8196901,48.1380463 37.8196043,48.1370869 37.8189177,48.1358984 37.8194326,48.1352969 37.8200978,48.1346382 37.8203982,48.1333207 37.8211063,48.1322896 37.8214068,48.1311725 37.8217715,48.1301986 37.8190869,48.1274682 37.8167051,48.1267521 37.8153747,48.1276974 37.8141517,48.1280554 37.81295,48.1276687 37.811684,48.126838 37.8113836,48.1263797 37.8119415,48.125463 37.8122205,48.1243458 37.8108043,48.1229707 37.8090447,48.1214811 37.8063411,48.1191318 37.805869,48.1186018 37.8044957,48.1175274 37.8035945,48.1167395 37.8018564,48.1155648 37.8010839,48.1147196 37.8002685,48.113201 37.7976261,48.1124576 37.7965103,48.1111968 37.7959953,48.1095922 37.7954803,48.1085319 37.7947508,48.1076723 37.7926908,48.1058956 37.7909742,48.104434 37.7903734,48.1027432 37.7870689,48.1003645 37.7851806,48.0990461 37.7838073,48.0969252 37.7766521,48.094218 37.7744635,48.0935587 37.7718027,48.0921255 37.7685411,48.0910362 37.7665241,48.0894596 37.7653654,48.0877396 37.7633913,48.0869369 37.7582415,48.0857615 37.7499163,48.0864357 37.7436935,48.0862063 37.7421057,48.0848876 37.7406036,48.0814759 37.7300894,48.0793542 37.7276861,48.0792395 37.7279403,48.0766171 37.7264382,48.0754415 37.7244212,48.0721152 37.7202155,48.0722873 37.6980712,48.0720292 37.6925526,48.0691996 37.6934109,48.067651 37.6937972,48.0654714 37.6880036,48.0644676 37.6877032,48.0615995 37.6915656,48.0604523 37.6934631,48.0565825 37.6906307,48.0536279 37.6872833,48.0544598 37.6580454,48.0354894 37.654183,48.0307256 37.6452566,48.0275687 37.633412,48.0225171 37.6226832,48.0197615 37.6204516,48.0194171 37.6149584,48.0180966 37.5891478,48.0159259 37.5740416,48.0140599 37.5736983,48.0078012 37.5615103,48.0080021 37.5576129,48.0085227 37.5568404,48.0075752 37.554008,48.0053644 37.5495019,48.0037564 37.5490298,48.0017751 37.5495448,47.9985877 37.5499739,47.9967785 37.5512185,47.996118 37.5549092,47.9946533 37.5565061,47.991225 37.5572786,47.9847911 37.5565919,47.9805397 37.5508413,47.9784139 37.5480947,47.9763454 37.5439748,47.9742769 37.5375076,47.9701043 37.5350185,47.9676332 37.5321003,47.966139 37.5278087,47.9622884 37.5301562,47.955701 37.5271522,47.9533443 37.5241481,47.9509299 37.5240623,47.9483429 37.5264655,47.944491 37.5269805,47.9421912 37.5328111,47.9387838 37.5354719,47.9373175 37.5381326,47.936455 37.5421667,47.9351612 37.5434486,47.9320424 37.5395562,47.9246935 37.5356938,47.9180212 37.5704182,47.9086927 37.5949437,47.9088332 37.5976902,47.9066469 37.6026684,47.9042303 37.6103932,47.9010656 37.6188909,47.8919945 37.6269758,47.8746005 37.6365187,47.8772892 37.6372912,47.8742956 37.6411371,47.8661757 37.6408796,47.861569 37.640758,47.8564675 37.6405864,47.8531847 37.6387839,47.8484616 37.6353437,47.8408715 37.6369745,47.8315956 37.6368028,47.8289451 37.6350862,47.8260639 37.6352579,47.8205315 37.6352579,47.8180533 37.6335413,47.812866 37.6301117,47.8038589 37.6283951,47.7961909 37.626421,47.7897328 37.6267643,47.7838506 37.6235885,47.7780253 37.622972,47.7750163 37.6250319,47.7698246 37.6289801,47.7634786 37.6324133,47.7556315 37.6426002,47.7447478 37.6481791,47.7428431 37.6563331,47.7406498 37.6641437,47.7362052 37.667751,47.7288819 37.6719567,47.7254755 37.6755616,47.7231082 37.6764199,47.7203367 37.6782224,47.7165255 37.6806256,47.7145621 37.6836297,47.7151396 37.7113854,47.7096678 37.7285557,47.7021026 37.7382545,47.6969037 37.7426319,47.6937841 37.746151,47.6919932 37.7572231,47.686331 37.7619691,47.6848131 37.769093,47.6800747 37.7847142,47.6720417 37.789595,47.6719608 37.8012442,47.6663641 37.8043341,47.6641676 37.8070807,47.6616819 37.8103423,47.6598321 37.8186678,47.6588493 37.825191,47.6571149 37.8315854,47.6542531 37.8424602,47.6459242 37.8564854,47.6413825 37.8556271,47.6381439 37.853653,47.6336038 37.8498158,47.6310633 37.8484854,47.6288942 37.8462109,47.626349 37.8452907,47.6208986 37.8444753,47.619163 37.8427158,47.6173695 37.8414283,47.6150841 37.8371797,47.6110338 37.8338752,47.6104841 37.8319223,47.6062286 37.8311499,47.6035955 37.8287472,47.5987149 37.8236403,47.5955605 37.8223528,47.5937373 37.8182759,47.5922902 37.8162589,47.5844752 37.817787,47.5721576 37.819289,47.5703625 37.8205336,47.5643397 37.8208452,47.550891 37.8208023,47.5476758 37.8223044,47.5436202 37.8247496,47.5415939 37.8283974,47.5402323 37.8327748,47.539508 37.8364655,47.5386388 37.8392121,47.535278 37.8387341,47.5262238 37.843369,47.5251806 37.8537304,47.5174757 37.8561337,47.5141714 37.8587944,47.5101133 37.8617127,47.5029239 37.8682851,47.4948287 37.8732204,47.4879271 37.8813991,47.4797146 37.885004,47.4768141 37.8878364,47.4748707 37.8907547,47.4730722 37.8915271,47.4713897 37.891613,47.469272 37.8900251,47.4676764 37.8868923,47.4663999 37.8832762,47.4631751 37.8826754,47.4618695 37.8815596,47.4602446 37.8804009,47.4596353 37.8795426,47.4588229 37.878856,47.4579524 37.8762381,47.4565886 37.8716891,47.4531355 37.866988,47.4486353 37.8661297,47.446981 37.8662585,47.4455009 37.8668164,47.4429177 37.8689266,47.437761 37.8696991,47.4363096 37.8693987,47.4345679 37.869227,47.4319552 37.8672958,47.4296907 37.8648067,47.4271359 37.8630472,47.4253358 37.8618456,47.4228678 37.8639568,47.4217233 37.8636564,47.4197778 37.8626264,47.4175999 37.8616823,47.4162061 37.8599227,47.4138248 37.8607627,47.4115196 37.861664,47.4093705 37.8613636,47.4076278 37.8605053,47.40513 37.8600332,47.4034163 37.858102,47.400163 37.8576366,47.3946702 37.8587095,47.3924913 37.8595249,47.3910386 37.8593962,47.3887143 37.8582804,47.3874068 37.85592,47.3857797 37.8524439,47.3841525 37.8495256,47.3830193 37.8460924,47.3811305 37.8419324,47.3787127 37.841589,47.3767947 37.8428336,47.3732782 37.8472539,47.3690929 37.8499575,47.3675234 37.8523179,47.3667967 37.8548499,47.3659828 37.8553649,47.364326 37.8540774,47.3629598 37.8520175,47.3617098 37.8493138,47.3609249 37.8438635,47.3594133 37.8413876,47.3579313 37.8403576,47.3564777 37.8407439,47.3541228 37.8419026,47.3528435 37.8440055,47.3515933 37.8478249,47.3506629 37.852331,47.3515933 37.8551205,47.3532215 37.8570088,47.3551694 37.8603133,47.3562742 37.8631028,47.3560997 37.8652485,47.353425 37.8657635,47.3509537 37.8658923,47.34729 37.8624161,47.3432481 37.85894,47.3414742 37.8555926,47.3401947 37.8517302,47.3404273 37.8476962,47.3407472 37.8425034,47.341765 37.8359803,47.3419686 37.8343924,47.3412125 37.8330191,47.339264 37.8324612,47.3375191 37.8334483,47.3343781 37.8333839,47.3316321 37.8328689,47.3297997 37.8322681,47.3272109 37.8311093,47.3247674 37.8296073,47.3227601 37.8278907,47.3207528 37.8283628,47.3188036 37.8305514,47.3181636 37.8332551,47.3168834 37.8386688,47.3138073 37.8398275,47.3127308 37.8421879,47.3104612 37.8430032,47.3085407 37.8420162,47.306591 37.8411579,47.3040593 37.8393554,47.3007126 37.8421879,47.2966671 37.8427427,47.2912735 37.8425281,47.2881006 37.8426568,47.2832681 37.8417556,47.278901 37.8385274,47.2732045 37.8372829,47.2680795 37.8349655,47.2629539 37.8339403,47.2503612 37.8275435,47.2370027 37.8248827,47.2268616 37.8200168,47.2159212 37.8130645,47.1994199 37.8024215,47.1804342 37.8014202,47.1757543 37.8005619,47.1714075 37.8037963,47.1608404 37.8048263,47.1592063 37.8091561,47.1489893 37.8098856,47.1475007 37.8108256,47.1454961 37.8148965,47.131528 37.8159265,47.1296886 37.8176431,47.128404 37.8187589,47.1268273 37.8191022,47.1242869 37.8197889,47.1218049 37.8203897,47.1194687 37.8220205,47.1180961 37.826561,47.1172916 37.8273405,47.1121164 37.8278126,47.10645 37.8371896,47.1070634 37.8409018,47.101265</coordinates>
            </LinearRing>
          </outerBoundaryIs>
        </Polygon>
      </Placemark>
      <Placemark>
        <name>LPR control pre-invasion</name>
        <Polygon>
          <outerBoundaryIs>
            <LinearRing>
              <tessellate>1</tessellate>
              <coordinates>38.3890233,48.4302567 38.4037947,48.4346755 38.4013915,48.4403698 38.4336014,48.4469452 38.4328855,48.4312678 38.4413486,48.4192569 38.4364103,48.3945696 38.4414979,48.3909496 38.4494566,48.3761011 38.456323,48.3806619 38.4703992,48.3786096 38.4741757,48.3701716 38.4697125,48.3585385 38.4631272,48.3510942 38.4656164,48.3497252 38.4628462,48.3462182 38.4524843,48.346816 38.4361986,48.3428683 38.4431852,48.3167831 38.4285142,48.3071843 38.4346938,48.2966789 38.4302308,48.2932527 38.4292008,48.277261 38.5438702,48.27132 38.5589763,48.2747476 38.5751123,48.2676637 38.5895318,48.2571501 38.5895319,48.2260539 38.61198,48.2043934 38.6111613,48.191048 38.5981152,48.1789162 38.6047478,48.17631 38.6044903,48.1716737 38.6513298,48.1567052 38.6523599,48.1516663 38.7784915,48.131349 38.8197238,48.1182518 38.805991,48.0751442 38.8210973,48.0650499 38.8402896,48.0159611 38.9958785,48.0095992 39.0076599,48.0063716 39.0395663,48.0073023 39.043772,47.9865107 39.0381072,47.9566871 39.0511534,47.954158 39.0580199,47.9470296 39.0738127,47.9526059 39.0811305,47.9431085 39.0909151,47.9378187 39.0667114,47.897149 39.0743921,47.8697507 39.0831905,47.8695774 39.0835338,47.8518406 39.109798,47.851495 39.1094547,47.8428548 39.1485935,47.8420483 39.1485935,47.8518406 39.1607814,47.8516102 39.1719394,47.846311 39.1827541,47.8541444 39.2363124,47.8541445 39.2327075,47.8597885 39.2376857,47.8616312 39.2366557,47.8643953 39.2423206,47.867044 39.3513255,47.8671592 39.3484073,47.871535 39.3556171,47.8728017 39.3875461,47.870729 39.4115198,47.8285167 39.4218784,47.8323693 39.4279993,47.8363527 39.4381862,47.839283 39.4320064,47.8443525 39.4402461,47.8558722 39.4469409,47.8556419 39.4464259,47.852647 39.4512325,47.8525318 39.4601589,47.8555267 39.4663387,47.8593276 39.4721751,47.858291 39.477325,47.8600187 39.5210986,47.8255699 39.5343166,47.8328302 39.5415263,47.8248784 39.5624204,47.8370163 39.6323352,47.8381308 39.6436649,47.8354806 39.6520763,47.8324845 39.7382503,47.8269529 39.7561031,47.8461958 39.7629695,47.845159 39.7629695,47.8714198 39.7948985,47.8695774 39.7936969,47.9193 39.80125,47.9264322 39.8009067,47.9349436 39.8067432,47.9350586 39.8058849,47.9502374 39.8204761,47.9509273 39.8231053,47.9578878 39.8165279,47.9646073 39.8161845,47.9723079 39.8232228,47.9823054 39.8165279,47.9835693 39.8148113,47.9929903 39.8175578,48.001261 39.7919803,48.0117123 39.7744708,48.040299 39.8838191,48.0420206 39.8838191,48.0486769 39.8457104,48.0594628 39.8338657,48.0666902 39.8691207,48.0817553 39.8739272,48.1078961 39.8699146,48.1170257 39.8793559,48.1206929 39.888454,48.1307763 39.8965221,48.1326094 39.9061995,48.1509765 39.9068862,48.1688396 39.9092251,48.1795609 39.9222714,48.1819646 39.9370343,48.1804766 39.9437148,48.228719 40.0024371,48.223496 40.0101619,48.2245252 40.0063854,48.2415625 40.0209766,48.2535652 40.0132518,48.2669364 40.0156552,48.2681933 40.0135951,48.27025 40.0091319,48.2699073 39.9936824,48.3017763 39.9938541,48.3122808 39.9909358,48.3163906 39.9861293,48.3170756 39.9729114,48.3131942 39.9720532,48.307714 39.9653583,48.3050878 39.9602084,48.301548 39.9521404,48.3032609 39.9497371,48.2975512 39.9430423,48.2930972 39.9351317,48.292717 39.9351459,48.2838454 39.9293094,48.2829315 39.9329143,48.2805326 39.9245029,48.2734494 39.90974,48.27105 39.9105983,48.2750489 39.9160916,48.2828173 39.9105983,48.2867011 39.91077,48.2911556 39.9007994,48.2940875 39.8870808,48.3056587 39.8867375,48.3095408 39.8695712,48.3095408 39.8400455,48.3106824 39.8424345,48.3180654 39.8393588,48.3291747 39.8455386,48.329403 39.8455386,48.333055 39.8613315,48.3353374 39.8781543,48.3335115 39.9179797,48.341271 39.919353,48.3474321 39.9348026,48.3483448 39.9409825,48.3451503 39.9457889,48.3533644 39.9341159,48.3565584 39.9324827,48.3633672 39.9447589,48.3850674 39.9361758,48.3866634 39.9289661,48.3764023 39.9220996,48.3764023 39.9169498,48.3823312 39.9052768,48.3903113 39.9170331,48.3980274 39.9075084,48.4046723 39.9105983,48.4104839 39.9105983,48.4213077 39.8975142,48.4284479 39.8899989,48.4428345 39.8984103,48.4440871 39.9002608,48.4478083 39.8872145,48.4514518 39.8511656,48.4664785 39.8460536,48.4773268 39.8495757,48.502772 39.8622787,48.5002697 39.859532,48.5152819 39.8605621,48.5330178 39.8526656,48.5489294 39.8554122,48.5655176 39.8385893,48.575059 39.807347,48.5882323 39.7785079,48.5945906 39.7561919,48.5839172 39.7461189,48.5874917 39.7232329,48.5861884 39.7028603,48.5877188 39.6942772,48.5860155 39.6818753,48.5869609 39.6761246,48.5883235 39.6690007,48.5879829 39.6578427,48.5862229 39.6524354,48.583895 39.6478005,48.5828729 39.6403332,48.5813399 39.6343251,48.5809992 39.6288319,48.5826458 39.6244546,48.5865067 39.6210213,48.5866771 39.6189614,48.5829297 39.6179314,48.5788414 39.6137257,48.5761157 39.6121808,48.5739577 39.6084901,48.5732194 39.605486,48.5742984 39.6010228,48.5750935 39.5966103,48.5753133 39.5969536,48.5790044 39.5983269,48.5819003 39.5990994,48.5847961 39.6025326,48.5856478 39.6046784,48.5882027 39.6019318,48.5914387 39.5969536,48.5927444 39.5907738,48.5917793 39.586654,48.5887704 39.5814183,48.5854774 39.5787575,48.5822978 39.573436,48.5812757 39.5663979,48.5825817 39.5627072,48.58508 39.5651105,48.5882027 39.5668271,48.5899626 39.567857,48.5924605 39.5664837,48.5944474 39.5640805,48.5972289 39.559274,48.5993292 39.5556691,48.598421 39.5517209,48.5965478 39.5494893,48.5934256 39.548631,48.5893949 39.548631,48.5874078 39.5470002,48.5845122 39.5422795,48.5834334 39.5342972,48.584058 39.530349,48.5863291 39.5282891,48.5892814 39.5291474,48.5917793 39.5319798,48.5926309 39.5343831,48.5939365 39.5329239,48.5960369 39.5300915,48.5972289 39.5283749,48.5975695 39.5245125,48.6016563 39.5235864,48.6033568 39.525303,48.6052298 39.5265046,48.6065919 39.5283929,48.6082945 39.5289079,48.6093727 39.5248738,48.614026 39.5215264,48.6162958 39.5187799,48.6186222 39.5153466,48.6204946 39.5128575,48.6235016 39.5154325,48.6250901 39.5170632,48.627019 39.5175782,48.6302525 39.5171491,48.6330888 39.5126963,48.6347932 39.5117093,48.6349634 39.5075465,48.634935 39.5037699,48.6339707 39.5005942,48.6331766 39.4966889,48.6329781 39.4944144,48.6324108 39.4917107,48.6311629 39.4892216,48.630624 39.4857026,48.6295178 39.4826127,48.6287803 39.4793082,48.6288938 39.475875,48.6291207 39.4722272,48.6286385 39.4695235,48.6279861 39.466219,48.6285534 39.4651461,48.6297447 39.4640732,48.6317869 39.4648028,48.6339707 39.4656182,48.6347648 39.4675065,48.6360978 39.468321,48.6379839 39.464802,48.6388914 39.4599096,48.6393451 39.4555322,48.6394585 39.4530432,48.6406496 39.4517557,48.6428047 39.4508116,48.6452433 39.4490949,48.6485324 39.4514124,48.6501201 39.4539873,48.6529553 39.4528715,48.6552233 39.4472925,48.6564139 39.4436876,48.6561871 39.4399111,48.6553367 39.4376795,48.6555635 39.4333879,48.6570376 39.4296114,48.6575479 39.4258348,48.6577179 39.4218008,48.6590219 39.4203417,48.6588519 39.4172518,48.6578313 39.415106,48.6570943 39.4117586,48.6576046 39.4094923,48.6597138 39.409664,48.6605075 39.4108656,48.6618681 39.4130114,48.663909 39.4138697,48.665723 39.4142989,48.6681038 39.4132689,48.6699743 39.4090632,48.6721849 39.4046858,48.674282 39.4011668,48.6747921 39.3979052,48.6753022 39.3956736,48.6764357 39.3907812,48.6793827 39.3902663,48.6811961 39.3919829,48.6828395 39.3902663,48.6851629 39.386418,48.6849829 39.3826844,48.6858045 39.3768908,48.6872211 39.3738438,48.6892609 39.3705823,48.6915273 39.3664195,48.6926604 39.3628146,48.6946151 39.3606259,48.6961447 39.3571927,48.6973344 39.3558144,48.6994591 39.3527244,48.7045006 39.352467,48.7070495 39.3504928,48.7097682 39.3474888,48.7126 39.3504928,48.7129964 39.3541836,48.7129398 39.357531,48.7131663 39.3618225,48.7151484 39.3663715,48.7157148 39.3709206,48.7149219 39.3729805,48.7153183 39.3745254,48.7175835 39.3734955,48.7195089 39.3698048,48.720245 39.3655991,48.7213209 39.3608784,48.7234159 39.3571758,48.7246989 39.354,48.7279262 39.355545,48.7305305 39.3588924,48.7330215 39.3608665,48.7355689 39.360094,48.7373237 39.354,48.7405502 39.3520259,48.7423614 39.3479919,48.7467761 39.3477733,48.7501445 39.3466575,48.7524081 39.3451125,48.7553507 39.3450267,48.7571614 39.3457992,48.7604432 39.3477733,48.7615182 39.350434,48.7625366 39.3524081,48.7640076 39.3544681,48.766214 39.3529231,48.7684769 39.3482024,48.7685901 39.3450677,48.7684186 39.3423211,48.7675135 39.3386304,48.7664952 39.3335664,48.7666083 39.3266999,48.7684752 39.3266999,48.770342 39.3287598,48.7734532 39.3269574,48.7761117 39.32464,48.7765077 39.319576,48.7761117 39.3151986,48.7756027 39.3109071,48.7745845 39.306358,48.7706249 39.3027531,48.7675135 39.3003499,48.7654768 39.2974316,48.7633835 39.2928826,48.7610072 39.2914235,48.7590269 39.2889344,48.7557451 39.2895352,48.7519537 39.2857587,48.7496334 39.281038,48.7489543 39.2776906,48.7510482 39.2761456,48.7537645 39.2732274,48.7547265 39.2699658,48.7524064 39.2708241,48.7487279 39.2707383,48.745785 39.2695367,48.7434079 39.2662751,48.7416533 39.2600953,48.7428419 39.2563187,48.7430117 39.2540871,48.7406344 39.2555463,48.7386533 39.2575204,48.7359928 39.257692,48.7332755 39.2551925,48.7278785 39.2523601,48.723632 39.2521026,48.7213671 39.2513301,48.7163273 39.249356,48.7142885 39.2473819,48.7114568 39.2428329,48.7094179 39.2382838,48.7106639 39.2349365,48.7116268 39.2304733,48.7111737 39.2261817,48.7089648 39.2239501,48.7072656 39.2221477,48.7061895 39.2163112,48.7041503 39.2081437,48.6989921 39.2053113,48.6984256 39.2017922,48.6996719 39.2000756,48.7013713 39.199389,48.7035805 39.1995606,48.7059595 39.1981015,48.7071489 39.1961274,48.7064126 39.1947541,48.7044868 39.1916642,48.7018245 39.1890893,48.6994453 39.1853127,48.6955363 39.1839394,48.692477 39.1835103,48.6892474 39.1811928,48.685451 39.175528,48.6822777 39.170979,48.6804076 39.1658292,48.6786508 39.1628251,48.6764405 39.1592202,48.6763272 39.1560445,48.6770073 39.1524396,48.6771206 39.1489205,48.6762705 39.1453156,48.6730399 39.1411469,48.6676091 39.140589,48.6659936 39.1408036,48.6644063 39.1417048,48.662649 39.1414473,48.6614868 39.1401599,48.6605797 39.1378424,48.6604096 39.1341088,48.6606931 39.129431,48.6611183 39.1244958,48.6609199 39.1211913,48.6600978 39.1188309,48.6584537 39.1134774,48.6556122 39.1097867,48.6528623 39.1061818,48.6510761 39.1028773,48.6505375 39.1001736,48.6509344 39.0972983,48.6512179 39.0945946,48.6508777 39.0888011,48.6507359 39.0846812,48.6511328 39.0793168,48.6520401 39.0760123,48.651955 39.0745103,48.651303 39.0722358,48.6505658 39.068588,48.6505091 39.0621629,48.6490624 39.0601888,48.6484953 39.0569701,48.6476731 39.0529361,48.6473328 39.0497603,48.6473328 39.044868,48.6465956 39.0425505,48.6470493 39.0409198,48.6475597 39.0376582,48.64807 39.0364566,48.6484103 39.0355983,48.6495727 39.0347829,48.6510754 39.0335383,48.6524363 39.0314355,48.65306 39.0280452,48.6531734 39.0256419,48.6545342 39.0231023,48.6551185 39.0209565,48.6563659 39.0190253,48.6573298 39.0163646,48.6571313 39.0142188,48.6581235 39.0130172,48.6590306 39.0124163,48.6597676 39.0118584,48.6605613 39.010571,48.662007 39.0111718,48.6633392 39.0129313,48.6638494 39.0178237,48.6634526 39.019669,48.6628857 39.0214715,48.6620353 39.0236172,48.6615535 39.0255914,48.6617519 39.0274796,48.6624889 39.0281234,48.6634242 39.0276084,48.6643313 39.0269646,48.6659752 39.0266077,48.6675919 39.0256635,48.6690374 39.0242903,48.6702277 39.0228311,48.671503 39.0221445,48.6726366 39.0211145,48.6746204 39.020857,48.6757539 39.0206854,48.6769157 39.0205995,48.6784459 39.0197412,48.6799477 39.0183679,48.6805994 39.0166513,48.6814495 39.0154452,48.6825866 39.0153594,48.6840883 39.016046,48.6856749 39.0166469,48.6870632 39.0164323,48.6908595 39.0162606,48.6935507 39.0154703,48.6950776 39.0149982,48.6955308 39.0116508,48.6957291 39.0090759,48.6958424 39.0070589,48.6961257 39.0042694,48.6968338 39.0016515,48.6989016 39.000533,48.7009929 39.0001038,48.7022391 38.9996747,48.7036553 38.9996747,48.7054678 38.9991849,48.7079128 38.9997857,48.7096402 38.9987987,48.7116792 38.9970391,48.7119623 38.99558,48.7116792 38.993048,48.7105464 38.9901298,48.7100933 38.9869111,48.7107163 38.9852374,48.7116508 38.9848083,48.7129817 38.9863532,48.7140295 38.9884561,48.7148789 38.9906447,48.7153603 38.9953225,48.7154736 38.9983735,48.7165646 38.9994893,48.7199057 38.9994035,48.7218875 38.9985452,48.7242091 38.9972577,48.7255679 38.9950261,48.727493 38.9915071,48.7321354 38.9902484,48.7340455 38.9891755,48.7353758 38.9876735,48.7367061 38.9867722,48.7374136 38.9846265,48.7384326 38.9834248,48.7396778 38.9826953,48.7411778 38.9826953,48.7424231 38.9819657,48.744121 38.9802491,48.7448285 38.9770305,48.7451964 38.975228,48.7449983 38.9738118,48.7444323 38.9710223,48.7438946 38.9694344,48.7442342 38.9676813,48.7455827 38.9662221,48.7463185 38.9644197,48.7467429 38.9618448,48.7467712 38.9597848,48.7460638 38.9593986,48.7451016 38.9589265,48.7432339 38.9590553,48.7419038 38.9597848,48.7391019 38.9597419,48.7376585 38.9597419,48.7363282 38.9587549,48.7355074 38.9564374,48.7345451 38.9539913,48.7345451 38.9503005,48.7348564 38.9463094,48.734913 38.9443353,48.7346866 38.941975,48.7344035 38.939443,48.7349696 38.9372114,48.7354508 38.9348939,48.7362433 38.9332631,48.7373755 38.9327053,48.7385076 38.9336923,48.739668 38.9344417,48.7422228 38.9357292,48.7429303 38.9377462,48.743468 38.9390337,48.746213 38.9372312,48.7472317 38.934828,48.7471468 38.932811,48.7462696 38.9305365,48.7453924 38.9280044,48.7452509 38.9236271,48.7451094 38.921138,48.7446 38.9198076,48.7437227 38.9172327,48.7434397 38.9154732,48.7443453 38.914057,48.7460715 38.9124691,48.7474298 38.9091217,48.7494672 38.9054739,48.7504293 38.9022123,48.7509103 38.8982212,48.7507971 38.8929855,48.7504859 38.8873207,48.7503727 38.8835441,48.750882 38.88157,48.7522402 38.8779652,48.7528626 38.8752186,48.7526363 38.8731586,48.7521836 38.8695537,48.7517874 38.8667213,48.7517309 38.8630306,48.7517874 38.8603699,48.7513913 38.8591682,48.7496936 38.853044,48.7503903 38.8516707,48.7478153 38.8500399,48.7450704 38.8448146,48.7411955 38.843613,48.7400351 38.843098,48.7382804 38.8443854,48.7372049 38.8422477,48.7330243 38.8406169,48.7303635 38.8386428,48.727193 38.8369262,48.7245319 38.832463,48.7215875 38.8275706,48.7163778 38.8224208,48.7158115 38.815726,48.7161513 38.8055122,48.7145656 38.7907728,48.7138684 38.7847647,48.7142082 38.7797865,48.7140383 38.7664827,48.7149445 38.7597879,48.7170398 38.7378593,48.7219939 38.7330528,48.7234661 38.7296195,48.7233529 38.7240405,48.7232963 38.719234,48.7243155 38.7106509,48.7255611 38.7069602,48.725731 38.702497,48.727656 38.6981197,48.7294677 38.6908241,48.729864 38.6861034,48.7300339 38.6815543,48.729864 38.6759754,48.729128 38.6758895,48.7278258 38.6722846,48.7238625 38.6628433,48.7237492 38.6570068,48.7235794 38.650312,48.7221638 38.5819561,48.7146727 38.5788662,48.7117844 38.5746639,48.7087863 38.5764664,48.6945114 38.5743568,48.6913255 38.5712239,48.6890308 38.5672757,48.6887758 38.5640142,48.6873309 38.5590724,48.6852881 38.5574845,48.6835882 38.5549525,48.6810381 38.5538796,48.6784879 38.5500977,48.675212 38.5473511,48.6745036 38.5429737,48.6733984 38.5386757,48.6739832 38.5338692,48.67489 38.5305218,48.6748333 38.5271744,48.6742665 38.5242562,48.6730196 38.5202221,48.6719427 38.5179047,48.6705257 38.5128407,48.6670113 38.5067467,48.665254 38.5008244,48.6646305 38.4960179,48.6629298 38.4900097,48.6618527 38.4823708,48.6609456 38.471642,48.6614558 38.465548,48.6612858 38.4553716,48.6599282 38.4503934,48.6586809 38.4434412,48.6571501 38.4363172,48.6544853 38.4336565,48.6521606 38.4337423,48.6487583 38.4301374,48.644732 38.4291074,48.6402517 38.4286783,48.6380397 38.432884,48.635771 38.437948,48.6332752 38.4445736,48.6272798 38.4447453,48.6257765 38.4456036,48.6242447 38.4435866,48.6226561 38.4425137,48.6212945 38.4416983,48.6187696 38.4402067,48.6127859 38.4396917,48.6102322 38.4348852,48.609835 38.4289629,48.6083595 38.4183199,48.6061461 38.4117109,48.6052948 38.4080202,48.6021732 38.4058744,48.598654 38.402979,48.5900953 38.4003182,48.5866321 38.3991166,48.5831686 38.3998891,48.5781718 38.4042665,48.5719818 38.4037515,48.5634622 38.407013,48.553805 38.4091643,48.5443225 38.4122542,48.5376169 38.4100226,48.5309104 38.4064055,48.5235101 38.4082938,48.5188484 38.4082079,48.5127649 38.4083796,48.5065669 38.4055472,48.4997994 38.4021882,48.493628 38.4020165,48.4833885 38.399323,48.4709037 38.3991513,48.4665787 38.3974347,48.457586 38.3965764,48.4498442 38.3890233,48.4302567</coordinates>
            </LinearRing>
          </outerBoundaryIs>
        </Polygon>
      </Placemark>
      <Placemark>
        <name>Russian-controlled Luhansk Oblast - South</name>
        <Polygon>
          <outerBoundaryIs>
            <LinearRing>
              <tessellate>1</tessellate>
              <coordinates>39.6897853,48.5864752 39.6868854,48.5877071 39.6873146,48.5892968 39.6848255,48.5901484 39.6832805,48.5913974 39.6822506,48.5927031 39.6791607,48.5921921 39.6792465,48.5905458 39.6769291,48.5906593 39.6753841,48.5922489 39.6752983,48.5940087 39.6766716,48.595655 39.6807915,48.5964497 39.6796757,48.5979255 39.6765858,48.5980958 39.6745258,48.5966767 39.6709209,48.5954279 39.668346,48.5969038 39.6679169,48.6007069 39.6712643,48.6041691 39.6670585,48.6051907 39.6639686,48.6052475 39.6611362,48.6064961 39.6613079,48.6099012 39.6692901,48.6221009 39.6731525,48.6249376 39.6790748,48.6278309 39.6855121,48.6314047 39.6897178,48.6341842 39.6927219,48.6361694 39.694181,48.6385516 39.6924644,48.6435992 39.6901431,48.6452404 39.6923747,48.6475087 39.7004428,48.6527255 39.7064509,48.657148 39.7093692,48.6541997 39.7131457,48.6554471 39.7098842,48.6614568 39.7116008,48.6674658 39.7031894,48.6664454 39.7021594,48.6713202 39.7098842,48.6743809 39.7126308,48.6774413 39.716064,48.6801616 39.7219005,48.6820884 39.7191539,48.6854884 39.7172656,48.6874149 39.716064,48.6911545 39.7177806,48.6950072 39.7210422,48.6970467 39.7167506,48.7023716 39.7119441,48.699426 39.7069659,48.7018052 39.7052493,48.7103014 39.7119441,48.7123403 39.7121158,48.7153985 39.7050777,48.7197022 39.7086825,48.7221937 39.7122874,48.7258175 39.7186389,48.7292145 39.7225871,48.7323849 39.7232738,48.7347626 39.7237887,48.7380458 39.7263637,48.7400836 39.7299686,48.7430268 39.7347751,48.7451776 39.7395816,48.7430268 39.7359767,48.750837 39.7327151,48.7529874 39.7294327,48.7499067 39.7243037,48.7518557 39.7279086,48.7567222 39.7303119,48.7598908 39.7387233,48.7654354 39.7440448,48.7692824 39.7500529,48.7732421 39.7526279,48.7712057 39.7512546,48.7679246 39.7598376,48.763625 39.7668758,48.7643039 39.7680774,48.7701875 39.7623252,48.7743489 39.7642135,48.7787608 39.7721099,48.7830591 39.7803497,48.7880357 39.7849845,48.7954996 39.7832679,48.802171 39.7779464,48.8100851 39.7803497,48.8133634 39.7839546,48.8170936 39.7829246,48.8219538 39.7872161,48.8250053 39.7935676,48.8239881 39.7976875,48.8252313 39.7973441,48.8287346 39.7937393,48.8325767 39.7932243,48.8364185 39.7978591,48.8413898 39.8045539,48.8421806 39.8079871,48.8393561 39.8252964,48.83518 39.8870945,48.8209409 39.9500942,48.7962956 39.9614239,48.7961825 39.9768734,48.7931292 40.080652,48.870868 40.0725615,48.8748953 40.0574553,48.9030002 40.0622618,48.908529 40.0574553,48.9103342 40.0426924,48.9121393 40.0378859,48.9136059 40.0288104,48.9153355 40.0268995,48.9120265 40.0198614,48.9093188 40.0191972,48.9065354 40.0172865,48.9028873 40.0033819,48.9017589 39.9929106,48.8685724 39.9532568,48.8751211 39.9453604,48.8804273 39.9395239,48.8861843 39.9340307,48.8909249 39.9256193,48.8956651 39.8524916,48.8903606 39.8518049,48.8935208 39.8483717,48.898825 39.8439085,48.9022103 39.8403036,48.9022103 39.8360121,48.900969 39.8342955,48.8990507 39.8349821,48.8943108 39.8351538,48.8913764 39.8330939,48.887426 39.8291456,48.8866358 39.8253691,48.8884418 39.8217642,48.8928436 39.8185026,48.8964551 39.8203909,48.8993892 39.8203909,48.9034515 39.816786,48.9079649 39.8092329,48.911688 39.7956717,48.9142828 39.7900068,48.9134931 39.7824537,48.9177799 39.775759,48.9239839 39.7759306,48.9280442 39.7798788,48.9397722 39.773699,48.9450715 39.7755873,48.9471008 39.7767889,48.9519484 39.7673475,48.9556683 39.765283,48.9607172 39.7666563,48.9649999 39.7606482,48.9680427 39.7577299,48.9710853 39.7567,48.9751418 39.7515501,48.9772826 39.7501768,48.981226 39.7524084,48.9835918 39.7529234,48.9871967 39.746057,48.9877599 39.7397055,48.9842677 39.7336974,48.980888 39.7283758,48.9770573 39.723226,48.9768319 39.7192778,48.9806626 39.7168745,48.9849437 39.7142996,48.9892243 39.7094931,48.9942931 39.7026266,48.9995865 39.6961035,49.0004875 39.6892371,48.997672 39.677591,48.9899609 39.6635146,49.0009986 37.8760511,49.4467289 37.8748495,49.4364042 37.8794481,49.4349691 37.8778154,49.4217158 37.8773326,49.4203828 37.8772146,49.4191196 37.8759379,49.4187915 37.8753049,49.4175143 37.8770859,49.4174375 37.8805513,49.416914 37.8809161,49.4166209 37.8807755,49.4159887 37.8786094,49.4136684 37.8793577,49.4135177 37.8810744,49.4148021 37.8960089,49.4038563 37.8946356,49.3926287 37.8919748,49.3795546 37.9364724,49.3791013 37.9382749,49.369433 37.934241,49.3621108 37.9385324,49.3557937 37.9362676,49.3540026 37.9338643,49.349362 37.9255281,49.346203 37.9223524,49.3454481 37.9221378,49.3430715 37.9210649,49.3394086 37.9234682,49.3372834 37.9272447,49.3373952 37.9322749,49.3386858 37.9391842,49.3395247 37.9407307,49.3378423 37.9487988,49.3376746 37.9559279,49.3354662 37.9577253,49.3309069 37.9610778,49.3281948 37.9652783,49.3226278 37.963991,49.3161938 37.9690549,49.3120532 37.9698273,49.3029315 37.9692266,49.3000211 37.9670542,49.2949908 37.9672259,49.2937594 37.969715,49.2872656 37.9728087,49.2850359 37.9541834,49.2751812 37.948347,49.2771411 37.9448279,49.2771971 37.9390343,49.2776731 37.9380044,49.2766932 37.9407939,49.2734173 37.9439696,49.2720732 37.9520006,49.2667459 37.953164,49.2600743 37.9525419,49.2580997 37.9537932,49.253099 37.9504052,49.2475096 37.9507171,49.2469248 37.9551487,49.2451633 37.9556319,49.2430656 37.9552568,49.237886 37.9535883,49.2367098 37.948064,49.237074 37.9477638,49.2357012 37.9384299,49.2372845 37.9320995,49.2394276 37.9234008,49.2411771 37.9209674,49.2424781 37.9160157,49.2416616 37.9128827,49.2426003 37.9048852,49.2423091 37.8997783,49.2429535 37.8952292,49.2478282 37.894554,49.2487088 37.8910462,49.2494492 37.8886429,49.2496173 37.884051,49.2481606 37.8800598,49.2472641 37.8776995,49.2464237 37.8788356,49.2434858 37.8793507,49.2398154 37.8861312,49.2286065 37.877258,49.2258755 37.8776327,49.2242044 37.8788163,49.2214152 37.8813127,49.2208126 37.8827653,49.2194951 37.8840774,49.2196172 37.8897417,49.2184391 37.8896245,49.2110794 37.8978961,49.2121044 37.8996349,49.2129708 37.9087402,49.2141411 37.9158119,49.2027949 37.9176372,49.2026838 37.923947,49.2052133 37.9353287,49.1920552 37.9142836,49.1865036 37.9111683,49.1850996 37.9080045,49.1833986 37.9054782,49.1794316 37.8937193,49.1755602 37.9038473,49.1661887 37.8945358,49.1607792 37.8925205,49.1604206 37.8957386,49.159626 37.9008193,49.157596 37.9027936,49.1549577 37.9081022,49.152028 37.9106308,49.1516638 37.9132056,49.1502042 37.9175831,49.1481831 37.9191281,49.1454882 37.9446199,49.1382449 37.9532887,49.1416702 37.9593827,49.1359987 37.9736306,49.1343702 37.9783078,49.1327889 37.9827285,49.130102 37.992744,49.1302523 38.0375965,49.1254807 38.0391414,49.1263794 38.0401494,49.1365042 38.0442693,49.1492499 38.0526371,49.1483988 38.0580022,49.1487446 38.0679585,49.1464989 38.0804899,49.1480709 38.0815725,49.1436867 38.0829458,49.142283 38.0845767,49.1352639 38.0679928,49.0962861 38.0623279,49.0635101 38.0530582,49.0600794 38.0526291,49.0584484 38.0732284,49.0394906 38.0847482,49.0190516 38.0876664,49.0175318 38.0902676,49.0144594 38.0898721,49.0126052 38.0989365,48.9997646 38.0991774,48.99256 38.0978043,48.9919405 38.0806888,48.9920016 38.0715151,48.9903808 38.0620309,48.9880309 38.0537726,48.9848816 38.0516522,48.9838401 38.0514047,48.981876 38.0514551,48.9814456 38.0523625,48.9791336 38.0575062,48.9758403 38.0578981,48.9750896 38.0575972,48.9742286 38.0534763,48.9706758 38.0531739,48.9692606 38.0541568,48.9645994 38.0299027,48.9738692 38.0053821,48.9463908 38.0070829,48.9448191 38.0081704,48.9443113 38.0089077,48.9434367 38.0195042,48.9431264 38.0388128,48.9436301 38.0397248,48.9428268 38.0401784,48.9379425 38.044502,48.9348383 38.0458235,48.9362682 38.04944,48.9378946 38.0549501,48.9397103 38.0580947,48.9390406 38.0636695,48.936678 38.0708002,48.938467 38.0761953,48.9386018 38.0812582,48.9398434 38.0921587,48.939773 38.0941116,48.9379476 38.0952057,48.9349947 38.1075357,48.9329979 38.110969,48.9331671 38.1150516,48.9319725 38.116258,48.9308127 38.1163667,48.9288201 38.1179435,48.9272004 38.1200139,48.9266488 38.1252446,48.9266559 38.1280501,48.9263879 38.1309675,48.9252161 38.1323894,48.9235956 38.1367154,48.9254655 38.1381773,48.9271335 38.139497,48.9298517 38.1400656,48.9310244 38.1414937,48.9323663 38.142836,48.9328738 38.1445354,48.9327224 38.1472412,48.9325973 38.1529402,48.9309116 38.1556868,48.9307425 38.1640123,48.9303477 38.167829,48.9311539 38.1709646,48.9307425 38.1804918,48.9287124 38.1852696,48.9292795 38.187158,48.9287156 38.1914782,48.927923 38.1952689,48.927898 38.1974133,48.927694 38.2055248,48.9293573 38.2162416,48.9320155 38.2178282,48.9332799 38.2238068,48.9345172 38.223379,48.9323634 38.2249239,48.929544 38.2262972,48.9233408 38.227723,48.8998904 38.2272246,48.8983208 38.2279124,48.8684206 38.2294134,48.8673621 38.2289976,48.8592471 38.2256085,48.8588353 38.2264521,48.8560971 38.2216658,48.838927 38.2432076,48.8404664 38.2432776,48.8416354 38.253248,48.8416117 38.2583312,48.842088 38.27215,48.8326536 38.2730319,48.824038 38.2919969,48.8274342 38.3134582,48.8284454 38.3169534,48.8140057 38.2887389,48.8122828 38.2816149,48.8025601 38.2772598,48.8019833 38.2811822,48.7929544 38.2828988,48.7845853 38.2825591,48.7738331 38.2766132,48.7721636 38.2663223,48.7533899 38.2644111,48.751562 38.282044,48.7380711 38.3063478,48.7383227 38.3196853,48.735023 38.3260117,48.7295681 38.32588,48.7136393 38.3045939,48.7104678 38.3150654,48.7037843 38.3100871,48.6890547 38.3147221,48.6855416 38.3006059,48.6815356 38.291891,48.6833883 38.2855397,48.6815749 38.2892762,48.6726944 38.2591086,48.6667935 38.2597759,48.6572957 38.2476027,48.6577683 38.2385046,48.6558406 38.238333,48.651985 38.2307801,48.6526654 38.2330117,48.6398493 38.2627322,48.6423167 38.2786967,48.5466642 38.2760987,48.5418628 38.2882463,48.5339801 38.3210738,48.5087793 38.3196955,48.5085734 38.3126624,48.5065047 38.3119758,48.5008179 38.3093861,48.4981947 38.2972079,48.4929904 38.3118041,48.4671385 38.3202156,48.4642929 38.3121476,48.4552998 38.3459649,48.4370811 38.3518012,48.4412947 38.3574662,48.4409531 38.363474,48.4433445 38.3770353,48.4403837 38.3823569,48.4291084 38.3892033,48.4309922 38.396596,48.4498582 38.3994483,48.4655345 38.3997916,48.4721359 38.4015082,48.4845395 38.4022079,48.493642 38.4083992,48.5065809 38.4083135,48.5188624 38.4064251,48.5235241 38.4122738,48.5376309 38.409184,48.5443365 38.4096544,48.5495808 38.4037712,48.5634762 38.4042862,48.5719958 38.3999088,48.5781858 38.3991363,48.5831826 38.4003379,48.5866461 38.4029986,48.5901093 38.4080398,48.6021872 38.4117306,48.6053088 38.4183395,48.6061601 38.4349048,48.609849 38.4397113,48.6102462 38.4425334,48.6213085 38.4436063,48.6226701 38.4466868,48.6243531 38.4447649,48.6257905 38.4445933,48.6272938 38.4379677,48.6332892 38.428698,48.6380537 38.430157,48.644746 38.433762,48.6487723 38.4336762,48.6521746 38.4363368,48.6544993 38.4434608,48.6571641 38.4533816,48.659629 38.4655677,48.6612998 38.4716617,48.6614698 38.4823905,48.6609596 38.4960376,48.6629439 38.5000735,48.6639376 38.5067664,48.6652681 38.5128604,48.6670254 38.5202417,48.6719568 38.5242759,48.6730337 38.5292559,48.6744806 38.5338889,48.6749041 38.5429934,48.6734125 38.5505419,48.6759542 38.5538796,48.6784879 38.5549525,48.6810381 38.5590724,48.6852881 38.5672757,48.6887758 38.5712239,48.6890308 38.5743568,48.6913255 38.5764664,48.6945114 38.5746639,48.7087863 38.5788662,48.7117844 38.5819561,48.7146727 38.6490253,48.7214707 38.6570068,48.7235794 38.6722846,48.7238625 38.6758895,48.7278258 38.6759754,48.729128 38.6837009,48.7299636 38.6981197,48.7294677 38.7069602,48.725731 38.7106509,48.7255611 38.725243,48.7230562 38.7330528,48.7234661 38.7367443,48.722037 38.7591924,48.7174142 38.7658014,48.7148092 38.7797865,48.7140383 38.7847647,48.7142082 38.7900057,48.7141296 38.8055122,48.7145656 38.815726,48.7161513 38.8224208,48.7158115 38.8275706,48.7163778 38.832463,48.7215875 38.836955,48.7241525 38.8443854,48.7372049 38.843098,48.7382804 38.843613,48.7400351 38.8459673,48.7418719 38.8500399,48.7450704 38.853044,48.7503903 38.8591682,48.7496936 38.8603699,48.7513913 38.8630306,48.7517874 38.8689178,48.7515527 38.8731586,48.7521836 38.8752186,48.7526363 38.8779652,48.7528626 38.88157,48.7522402 38.8835441,48.750882 38.8873207,48.7503727 38.8929855,48.7504859 38.9022123,48.7509103 38.9054739,48.7504293 38.9091217,48.7494672 38.9118331,48.7478176 38.914057,48.7460715 38.9154732,48.7443453 38.9172327,48.7434397 38.9198076,48.7437227 38.921138,48.7446 38.9236271,48.7451094 38.9305365,48.7453924 38.934828,48.7471468 38.9372312,48.7472317 38.9390337,48.746213 38.9377462,48.743468 38.9357292,48.7429303 38.9344417,48.7422228 38.9336923,48.739668 38.9327053,48.7385076 38.9332631,48.7373755 38.9348939,48.7362433 38.9372114,48.7354508 38.941975,48.7344035 38.9463094,48.734913 38.9495986,48.7347426 38.9539913,48.7345451 38.9564374,48.7345451 38.9587549,48.7355074 38.9597419,48.7363282 38.9597266,48.7394975 38.95904,48.7413654 38.9586108,48.7437426 38.9597848,48.7460638 38.9618448,48.7467712 38.9644197,48.7467429 38.9662221,48.7463185 38.9676813,48.7455827 38.9694344,48.7442342 38.9710223,48.7438946 38.9736312,48.7440822 38.975228,48.7449983 38.9770305,48.7451964 38.9802491,48.7448285 38.9819657,48.744121 38.9826953,48.7424231 38.9828151,48.7407994 38.9834248,48.7396778 38.9846265,48.7384326 38.9867722,48.7374136 38.989939,48.734969 38.9950261,48.727493 38.9990674,48.7237031 38.9999257,48.7218345 38.9994893,48.7199057 38.9983735,48.7165646 38.9953225,48.7154736 38.9913427,48.7155489 38.9884561,48.7148789 38.9858495,48.7136234 38.9848083,48.7129817 38.9852374,48.7116508 38.9862787,48.7108483 38.9901298,48.7100933 38.993048,48.7105464 38.99558,48.7116792 38.9970391,48.7119623 38.9987987,48.7116792 38.9997857,48.7096402 38.9991849,48.7079128 38.9996747,48.7054678 38.9996747,48.7036553 39.0004407,48.7015591 39.0016515,48.6989016 39.0042694,48.6968338 39.0065347,48.6963473 39.0090759,48.6958424 39.0149982,48.6955308 39.0165769,48.6941378 39.0173494,48.6869421 39.0154611,48.6844489 39.0154452,48.6825866 39.0166513,48.6814495 39.0197412,48.6799477 39.0212117,48.6784986 39.0211145,48.6746204 39.0235292,48.671074 39.0256635,48.6690374 39.0266077,48.6675919 39.0268766,48.6649521 39.0281234,48.6634242 39.0274796,48.6624889 39.0255914,48.6617519 39.0236172,48.6615535 39.0214715,48.6620353 39.019669,48.6628857 39.0178237,48.6634526 39.0129313,48.6638494 39.0111718,48.6633392 39.010571,48.662007 39.0130172,48.6590306 39.0163646,48.6571313 39.0190253,48.6573298 39.0198489,48.6565535 39.0231023,48.6551185 39.0256419,48.6545342 39.0280452,48.6531734 39.0314355,48.65306 39.0335383,48.6524363 39.0364566,48.6484103 39.0409198,48.6475597 39.044868,48.6465956 39.0490239,48.647377 39.0529361,48.6473328 39.0569701,48.6476731 39.068588,48.6505091 39.0722358,48.6505658 39.0760123,48.651955 39.0793168,48.6520401 39.0888011,48.6507359 39.0951096,48.6508636 39.0972983,48.6512179 39.1028773,48.6505375 39.1061818,48.6510761 39.1104861,48.6537186 39.1139743,48.6560057 39.1188309,48.6584537 39.1212111,48.6601118 39.1244958,48.6609199 39.129431,48.6611183 39.1310855,48.6609757 39.1362353,48.6598419 39.1401599,48.6605797 39.1417048,48.662649 39.140589,48.6659936 39.1412135,48.6683452 39.1453156,48.6730399 39.1489205,48.6762705 39.1524396,48.6771206 39.1560445,48.6770073 39.1592202,48.6763272 39.1628251,48.6764405 39.1646866,48.6787342 39.175528,48.6822777 39.1811928,48.685451 39.1835103,48.6892474 39.1830544,48.6916538 39.1853127,48.6955363 39.1897492,48.7003784 39.1947541,48.7044868 39.1961274,48.7064126 39.1981015,48.7071489 39.1995606,48.7059595 39.199389,48.7035805 39.2000756,48.7013713 39.2017922,48.6996719 39.2053113,48.6984256 39.2081437,48.6989921 39.2163112,48.7041503 39.2221477,48.7061895 39.2261817,48.7089648 39.2304733,48.7111737 39.2349365,48.7116268 39.2428329,48.7094179 39.2473819,48.7114568 39.2482857,48.7140853 39.2513301,48.7163273 39.2523601,48.723632 39.2551522,48.7266562 39.257692,48.7332755 39.2575204,48.7359928 39.2540871,48.7406344 39.2563187,48.7430117 39.2600953,48.7428419 39.2662751,48.7416533 39.2695367,48.7434079 39.2707383,48.745785 39.2708241,48.7487279 39.2699658,48.7524064 39.2732274,48.7547265 39.2761456,48.7537645 39.2776906,48.7510482 39.2821779,48.7486461 39.2857587,48.7496334 39.2895352,48.7519537 39.2889344,48.7557451 39.2928826,48.7610072 39.2948808,48.7622268 39.3003499,48.7654768 39.3109071,48.7745845 39.3151986,48.7756027 39.3244066,48.7772744 39.3269574,48.7761117 39.3287598,48.7734532 39.3277481,48.7705828 39.3266999,48.7684752 39.3335664,48.7666083 39.3386304,48.7664952 39.3464591,48.7682069 39.3529231,48.7684769 39.3544681,48.766214 39.3524081,48.7640076 39.350434,48.7625366 39.3457992,48.7604432 39.3451125,48.7553507 39.3477733,48.7501445 39.3479919,48.7467761 39.354,48.7405502 39.360094,48.7373237 39.3608665,48.7355689 39.3588924,48.7330215 39.355545,48.7305305 39.354,48.7279262 39.3571758,48.7246989 39.3608784,48.7234159 39.3655991,48.7213209 39.3734955,48.7195089 39.3745254,48.7175835 39.3729805,48.7153183 39.3709206,48.7149219 39.3674018,48.7160208 39.3618225,48.7151484 39.357531,48.7131663 39.3553855,48.7126228 39.3504928,48.7129964 39.3474888,48.7126 39.352467,48.7070495 39.3527244,48.7045006 39.3571927,48.6973344 39.3606259,48.6961447 39.3628146,48.6946151 39.3664195,48.6926604 39.3705823,48.6915273 39.3769107,48.6872352 39.386418,48.6849829 39.3902663,48.6851629 39.3919829,48.6828395 39.3902663,48.6811961 39.3907812,48.6793827 39.3979052,48.6753022 39.4046858,48.674282 39.4132689,48.6699743 39.4142989,48.6681038 39.4138697,48.665723 39.4127453,48.6642855 39.409664,48.6605075 39.4094923,48.6597138 39.4117586,48.6576046 39.415106,48.6570943 39.4203417,48.6588519 39.4218008,48.6590219 39.4258348,48.6577179 39.4296114,48.6575479 39.4339455,48.6570288 39.4376795,48.6555635 39.4396108,48.6554788 39.4436876,48.6561871 39.4472925,48.6564139 39.4528715,48.6552233 39.4539873,48.6529553 39.4514124,48.6501201 39.4490949,48.6485324 39.4514451,48.6440413 39.4530432,48.6406496 39.4555322,48.6394585 39.4599096,48.6393451 39.464802,48.6388914 39.468321,48.6379839 39.4675065,48.6360978 39.4648028,48.6339707 39.4640732,48.6317869 39.466219,48.6285534 39.4695235,48.6279861 39.475875,48.6291207 39.4826127,48.6287803 39.4857026,48.6295178 39.4892216,48.630624 39.4917107,48.6311629 39.4966889,48.6329781 39.5005942,48.6331766 39.5075465,48.634935 39.5141015,48.6347397 39.5175347,48.6322439 39.5170831,48.6270331 39.5154525,48.6251042 39.5128774,48.6235157 39.5153666,48.6205087 39.5187799,48.6186222 39.5248938,48.6140401 39.5302377,48.609549 39.5236063,48.6033709 39.5283948,48.5975836 39.5301115,48.597243 39.5329438,48.596051 39.534403,48.5939506 39.5331559,48.5921804 39.5291673,48.5917934 39.5283494,48.5900231 39.530369,48.5863432 39.5343171,48.5840721 39.5422995,48.5834475 39.5470202,48.5845263 39.5486509,48.5874219 39.5485651,48.5900334 39.5495092,48.5934397 39.5517409,48.5965619 39.5556891,48.5984351 39.5592939,48.5993433 39.5641004,48.597243 39.567877,48.5924746 39.5681748,48.5904773 39.5627272,48.5850941 39.5664179,48.5825958 39.573436,48.5812757 39.5776162,48.5824151 39.5814383,48.5854915 39.5907937,48.5917934 39.5969736,48.5927585 39.6019518,48.5914528 39.6046984,48.5882168 39.6025526,48.5856619 39.5991194,48.5848102 39.5969536,48.5790044 39.5966103,48.5753133 39.6010228,48.5750935 39.605486,48.5742984 39.6084901,48.5732194 39.6121808,48.5739577 39.6137257,48.5761157 39.6179514,48.5788555 39.6189814,48.5829438 39.6210413,48.5866912 39.6244746,48.5865208 39.6288319,48.5826458 39.6343251,48.5809992 39.6403332,48.5813399 39.6524354,48.583895 39.6578427,48.5862229 39.6690007,48.5879829 39.6761446,48.5883376 39.6818953,48.586975 39.6897853,48.5864752</coordinates>
            </LinearRing>
          </outerBoundaryIs>
        </Polygon>
      </Placemark>
      <Placemark>
        <name>Russian-controlled Luhansk Oblast - North</name>
        <Polygon>
          <outerBoundaryIs>
            <LinearRing>
              <tessellate>1</tessellate>
              <coordinates>37.8760511,49.4467289 39.6635146,49.0009986 39.6713273,49.0034062 39.6790521,49.0132025 39.6713273,49.0156794 39.6711556,49.0168052 39.6764772,49.021646 39.6761338,49.0265989 39.682657,49.030876 39.6809403,49.0330144 39.6840303,49.0334646 39.6819703,49.0385288 39.6780221,49.0366157 39.6713273,49.0399917 39.6926973,49.0505258 39.7134622,49.0469161 39.7299416,49.0439906 39.7412713,49.0428654 39.7773202,49.0446657 39.8087403,49.0611002 39.8149202,49.0563758 39.8787781,49.0637998 39.9094994,49.0570413 39.939203,49.0552509 39.9429796,49.0687485 39.9395463,49.0835916 39.997262,49.1449753 40.0309076,49.1773048 40.0782488,49.1864713 40.0954149,49.2041954 40.1151714,49.2101511 40.1239107,49.2324511 40.1376435,49.2398488 40.1749096,49.2375067 40.2087116,49.2407454 40.2214144,49.2492623 40.2279375,49.2604666 40.184866,49.2843347 40.1810894,49.3020237 40.1900158,49.3094109 40.1876125,49.319035 40.1920757,49.3317896 40.1967338,49.3387723 40.2005104,49.3456507 40.1807693,49.3518572 40.1762203,49.3561063 40.1696113,49.3564417 40.1594833,49.3667273 40.16239,49.3678656 40.1586563,49.3714147 40.1569826,49.3701572 40.1540215,49.3714706 40.1556952,49.372784 40.1470588,49.3770022 40.1226829,49.3839311 40.0794243,49.4089566 40.0514043,49.4466445 40.0321782,49.4533405 40.0424779,49.4990716 40.0380146,49.5211411 40.1676174,49.5687013 40.1401516,49.5951903 40.1370617,49.6172164 40.063764,49.5986398 40.0574108,49.6060933 39.9538604,49.5972972 39.9346343,49.5737037 39.8893559,49.557679 39.8687164,49.5603438 39.8440373,49.562801 39.8073017,49.5574562 39.7506535,49.5984174 39.7204009,49.6061974 39.6950352,49.6048701 39.6837055,49.6135465 39.6586429,49.6148812 39.6373569,49.6351196 39.612981,49.6933415 39.590665,49.7195409 39.6081744,49.7344105 39.5336334,49.7364 39.4773284,49.7563661 39.447116,49.7599147 39.4114105,49.754148 39.380208,49.7388484 39.359952,49.741067 39.3125735,49.7517156 39.2886835,49.7554246 39.272748,49.7683494 39.2624483,49.7696798 39.2511187,49.7778835 39.2481714,49.7891272 39.229146,49.8055883 39.2260561,49.8399202 39.2040835,49.8691385 39.1948138,49.8737852 39.1903506,49.8828561 39.1834841,49.8879438 39.1680346,49.8835197 39.1334885,49.862209 39.1220293,49.850547 39.1089831,49.8377059 39.0736208,49.821982 39.067441,49.8155581 39.0392884,49.8230895 39.020749,49.8213175 38.9833269,49.8080255 38.9755601,49.8068485 38.9489946,49.7960596 38.9433298,49.7997162 38.9222154,49.8069177 38.9182673,49.8140074 38.9089974,49.8196562 38.9067659,49.8266333 38.9144906,49.8343844 38.9041856,49.8468257 38.9160356,49.858737 38.9124253,49.8625415 38.9034989,49.8671889 38.8933763,49.8694704 38.8815263,49.8702869 38.8726052,49.8669256 38.8645372,49.8658191 38.8568124,49.8684746 38.8505679,49.8679448 38.8415344,49.8653765 38.8337451,49.8699364 38.8317498,49.8772146 38.795186,49.8839621 38.7896927,49.8787633 38.7770969,49.8825477 38.7694368,49.8966803 38.747464,49.8971227 38.7317783,49.906876 38.7201699,49.927743 38.6896141,49.941223 38.6854942,49.9617673 38.6999138,49.9741338 38.7225732,49.9816405 38.7136153,49.9930303 38.6985091,49.9972237 38.6820609,50.009008 38.6793144,50.0032709 38.6762245,49.9884838 38.6775979,49.9736922 38.6662682,49.9717049 38.6473855,49.9555828 38.6133966,49.9767835 38.5800628,49.9764738 38.5292824,49.9569083 38.5114295,49.9628717 38.4887702,49.9648593 38.4825904,49.9712633 38.4839636,49.9776666 38.4788139,49.979212 38.4784706,49.9838481 38.4640511,49.9842897 38.4685143,49.9957676 38.4331467,50.0022095 38.4180457,49.9814198 38.3977898,49.9917948 38.3490379,50.0056982 38.3521277,50.0321698 38.3466347,50.0376829 38.335617,50.0552318 38.333557,50.0600811 38.3274084,50.08551 38.3174522,50.0885939 38.3050613,50.0893863 38.2924511,50.0818662 38.2820899,50.0744942 38.2480697,50.0717612 38.1773765,50.0795616 38.1842428,50.0570839 38.1825262,50.046282 38.1866462,50.0423134 38.1880195,50.0242299 38.1835562,50.023127 38.2175452,49.9880424 38.2223517,49.9781081 38.2154853,49.9776665 38.1944807,49.9693927 38.1990674,49.9622003 38.163527,49.9519094 38.1646118,49.947968 38.1709632,49.9417818 38.155342,49.9357053 38.1270178,49.9221132 38.1303304,49.9310199 38.1253014,49.9428865 38.0568085,49.9239921 38.0456505,49.9152605 38.0342825,49.9006987 38.0549248,49.8787733 38.0544098,49.8782479 38.0559977,49.8772523 38.0700346,49.863738 38.0950936,49.8460188 38.0935349,49.8446272 38.0757817,49.836415 38.0703606,49.8355491 38.0546244,49.8372454 38.0488738,49.8389891 38.0385695,49.8387992 38.0176314,49.8372177 38.0197772,49.8345605 38.0107083,49.8126803 38.0293044,49.8034656 38.0352267,49.7996708 38.039604,49.795294 38.0560835,49.792108 38.0536803,49.7834357 38.0367287,49.7834634 38.033553,49.7776441 38.0244412,49.7746154 38.0246266,49.772711 38.0111374,49.7646926 38.0098208,49.7572709 37.9991211,49.7534369 37.9940571,49.7525496 37.9895838,49.75262 37.9892727,49.7536667 37.9892297,49.7547757 37.9881325,49.755036 37.9867615,49.755045 37.9861155,49.7548142 37.985858,49.7556459 37.984313,49.7571708 37.9796376,49.7663004 37.976376,49.7674091 37.9679194,49.7593056 37.951118,49.7314218 37.9518476,49.731186 37.9610981,49.7180448 37.9746571,49.7087257 37.9913549,49.7160418 37.9925994,49.7153481 37.9984788,49.7130172 38.0093364,49.7140023 38.0173616,49.7131421 38.0177049,49.7052883 38.0002985,49.7006614 38.0004146,49.6999119 38.0079787,49.6951328 38.0139869,49.6946332 38.0132615,49.6867223 38.0144643,49.6857176 38.0133473,49.6853895 38.0116748,49.6853566 38.0121254,49.6832048 38.015151,49.6824828 38.0155372,49.6790535 38.015151,49.6784842 38.0140352,49.6782759 38.0127477,49.6783176 38.0117392,49.6781232 38.0121886,49.6778367 38.0130052,49.6775261 38.0158364,49.6775313 38.0187988,49.6766652 38.0197858,49.6750268 38.0213737,49.6749851 38.0213725,49.6738377 38.024485,49.6709025 38.0266094,49.6696388 38.0291199,49.6690833 38.0315446,49.6678751 38.0320167,49.6672223 38.029592,49.6639863 38.0276179,49.6627641 38.0287766,49.6616807 38.0325746,49.6593889 38.0343127,49.6596389 38.0363726,49.6627224 38.0390198,49.6611368 38.0469083,49.6575554 38.0458862,49.6567475 37.9979307,49.648265 37.9857856,49.6435688 37.9856998,49.6420404 37.9877597,49.6400395 37.9889184,49.6398171 37.98813,49.6375623 37.9894763,49.63487 37.9950124,49.6330633 37.9966861,49.6316179 37.9964715,49.6295054 37.997244,49.6289494 37.9962839,49.6274447 37.9936231,49.6271111 37.9869873,49.6264197 37.9844123,49.6264475 37.9835111,49.6259471 37.9816657,49.6255302 37.9779321,49.6229169 37.9757863,49.6200811 37.976988,49.6187187 37.9767305,49.6168837 37.9754859,49.615549 37.9736835,49.6122401 37.9442865,49.6108497 37.9417974,49.5943567 37.9358905,49.5944023 37.9333002,49.5941342 37.9338304,49.5887273 37.9362613,49.5839797 37.9518825,49.5723481 37.9510109,49.5687365 37.9439002,49.569565 37.9267208,49.5698498 37.9233009,49.5704278 37.9224426,49.5676167 37.9079372,49.5707061 37.9042465,49.5705391 37.9011566,49.5729882 37.8943484,49.5632925 37.8916294,49.5609364 37.8925127,49.5605309 37.8853637,49.550079 37.8851062,49.5490209 37.9277641,49.5482691 37.9270774,49.5425608 37.9253859,49.5420438 37.9179365,49.5337882 37.8952593,49.5253325 37.8852171,49.5187022 37.847212,49.5204453 37.8461973,49.5158383 37.842148,49.5081298 37.8454524,49.5025283 37.8400451,49.4946683 37.8390581,49.4940551 37.8372985,49.4924383 37.8378993,49.4919644 37.8405172,49.4917972 37.8433496,49.4914069 37.8504735,49.4887307 37.8439504,49.4453617 37.8451672,49.4451285 37.8760511,49.4467289</coordinates>
            </LinearRing>
          </outerBoundaryIs>
        </Polygon>
      </Placemark>
      <Placemark>
        <name>Russian-controlled Bakhmut Raion, Donetsk Oblast.</name>
        <Polygon>
          <outerBoundaryIs>
            <LinearRing>
              <tessellate>1</tessellate>
              <coordinates>37.8933372,48.2885172 37.9021191,48.2898639 37.9014325,48.2980869 37.9036758,48.3075276 37.9063794,48.3136357 37.9048156,48.3207053 37.902584,48.3229882 37.9024251,48.3265645 37.9040343,48.3303022 37.9058154,48.332328 37.9032598,48.3397263 37.9055772,48.341666 37.9106413,48.3431493 37.917379,48.3459732 37.9197393,48.3476275 37.9213272,48.3501659 37.9221426,48.3530178 37.9240646,48.3541488 37.9257045,48.3567822 37.9286228,48.3589494 37.931069,48.3605178 37.9318414,48.3622286 37.936605,48.3661349 37.9377208,48.3675604 37.9395233,48.3686723 37.9435144,48.3689289 37.9453877,48.3650117 37.9451302,48.3631584 37.9474047,48.3619608 37.9506721,48.3605365 37.9558094,48.359731 37.9590281,48.3603013 37.9604872,48.3621833 37.96259,48.3682563 37.9624184,48.3726182 37.9676541,48.3805428 37.9720314,48.3808279 37.9785546,48.3806569 37.9787262,48.3893782 37.9799278,48.39143 37.9885109,48.391943 38.001128,48.3940517 38.0040449,48.3933141 38.0098814,48.3952519 38.0156334,48.3969582 38.0271918,48.3981846 38.0343157,48.3981846 38.0384356,48.400863 38.043527,48.4048254 38.0505455,48.4100622 38.0642981,48.4086999 38.0804926,48.4084413 38.0922789,48.405965 38.1018919,48.4076743 38.117829,48.4075297 38.1170565,48.4129422 38.119573,48.4159922 38.1203258,48.4202596 38.1351745,48.4190064 38.142919,48.4165619 38.1499458,48.4134423 38.1547636,48.4104091 38.1576705,48.4070612 38.1638504,48.4027308 38.1700303,48.4014202 38.1707168,48.4041553 38.1743139,48.405953 38.1783557,48.407631 38.1821324,48.4101949 38.1881404,48.4125308 38.1947495,48.412018 38.1995373,48.405895 38.2015972,48.4031599 38.2064224,48.40199 38.2120873,48.3966333 38.2159496,48.3947526 38.2258015,48.3840105 38.230608,48.3842385 38.2350503,48.3829616 38.2387332,48.3807697 38.2420026,48.37823 38.2454359,48.3765767 38.2496624,48.3739769 38.257023,48.3699629 38.2608854,48.3669979 38.2609634,48.3634367 38.2613146,48.3609532 38.266207,48.3602688 38.2737521,48.3601861 38.2837164,48.3608961 38.2891238,48.3619797 38.2977669,48.3657795 38.3049688,48.3656398 38.3132944,48.3650125 38.3196458,48.3673505 38.3198175,48.3694602 38.3255682,48.3710567 38.3292589,48.3712848 38.3345804,48.375675 38.3341512,48.3792096 38.335782,48.382915 38.3392152,48.3853092 38.353748,48.3905902 38.3564517,48.396318 38.3601853,48.3981131 38.3634739,48.4024761 38.3719878,48.4083101 38.3736186,48.4118425 38.3780818,48.4136655 38.3836608,48.414577 38.3888323,48.4162571 38.3904631,48.4200738 38.3893473,48.4233775 38.3891836,48.4309782 38.3821707,48.4290895 38.3768491,48.4403648 38.363288,48.4433256 38.3572799,48.4409342 38.3516151,48.4412758 38.3457786,48.4370622 38.3119615,48.4552808 38.3200295,48.4642739 38.3128357,48.4668989 38.2985878,48.4931846 38.3092001,48.4981757 38.3117897,48.5007989 38.3124763,48.5064857 38.3208878,48.5087603 38.2906716,48.5324443 38.2759125,48.5418438 38.2785106,48.5466452 38.2625458,48.6422977 38.2328255,48.6398304 38.2305938,48.6526465 38.2381469,48.6519661 38.2383185,48.6558217 38.2476027,48.6577683 38.2597759,48.6572957 38.2591086,48.6667935 38.2892762,48.6726944 38.2855397,48.6815749 38.2917048,48.6833693 38.3006059,48.6815356 38.3147221,48.6855416 38.3099009,48.6890357 38.314879,48.7037653 38.3044075,48.7104488 38.3256936,48.7136203 38.3260117,48.7295681 38.3196853,48.735023 38.3063478,48.7383227 38.2984715,48.7381669 38.2818577,48.7380521 38.2642248,48.751543 38.2663223,48.7533899 38.2764267,48.7721446 38.2823727,48.7738141 38.2820293,48.7827506 38.2789395,48.8033325 38.2814285,48.8025411 38.2887389,48.8122828 38.3167669,48.8139867 38.3132717,48.8284264 38.2919969,48.8274342 38.2728453,48.824019 38.2719635,48.8326346 38.2581446,48.842069 38.245692,48.8417591 38.2430912,48.8416165 38.2430211,48.8404475 38.2214794,48.8389082 38.2261965,48.8564119 38.2254222,48.8588165 38.2288112,48.8592283 38.2294134,48.8673621 38.2277259,48.8684018 38.2272246,48.8983208 38.2277449,48.8996742 38.2262972,48.9233408 38.2249239,48.929544 38.2235964,48.9327677 38.2236204,48.934527 38.2181461,48.9333598 38.2162416,48.9320155 38.2055248,48.9293573 38.1974133,48.927694 38.1950826,48.9279077 38.1920965,48.9278619 38.1876762,48.9287642 38.1850832,48.9292892 38.1803626,48.9290782 38.167829,48.9311539 38.1670769,48.9309633 38.1642874,48.9305122 38.157378,48.9307942 38.1529402,48.9309116 38.1470548,48.932607 38.1456192,48.9327113 38.1426497,48.9328835 38.1413074,48.932376 38.1409091,48.9318544 38.1401768,48.9314033 38.1394754,48.930583 38.1393105,48.9298614 38.1380661,48.9278337 38.1373081,48.9264347 38.1365719,48.9255316 38.1322038,48.9236057 38.1309675,48.9252161 38.1278661,48.9263996 38.1252446,48.9266559 38.1195547,48.9267168 38.1177595,48.9272121 38.1165077,48.9286059 38.116074,48.9308244 38.1150516,48.9319725 38.1101757,48.9332053 38.1083758,48.9331046 38.0952057,48.9349947 38.0939274,48.9379592 38.0919747,48.9397846 38.0810742,48.9398549 38.0761953,48.9386018 38.0708002,48.938467 38.0633356,48.9368665 38.0579105,48.9390521 38.0549501,48.9397103 38.04944,48.9378946 38.0458235,48.9362682 38.044318,48.9348498 38.0422661,48.9314976 38.0422824,48.9295866 38.0419176,48.9287689 38.0388063,48.9263582 38.0383921,48.9255422 38.0364496,48.9243742 38.0362136,48.9233732 38.0338318,48.9201726 38.0324444,48.9184231 38.0305132,48.9146441 38.0294081,48.9137698 38.0281807,48.9138051 38.0260167,48.9170882 38.0228634,48.9170168 38.0211767,48.9165832 38.0217517,48.9149262 38.0207903,48.9128109 38.0185414,48.9121057 38.0169793,48.9114004 38.0167389,48.9097076 38.0150568,48.9081271 38.0126793,48.9082398 38.011527,48.9090296 38.0103747,48.9090296 38.0091001,48.9083525 38.0079502,48.9058699 38.0064201,48.9045874 38.0056858,48.9047397 38.0050439,48.9074228 38.0037154,48.9089777 38.000028,48.9109591 37.9971163,48.9109729 37.9954127,48.9096466 37.9952675,48.9072194 37.9939371,48.9057244 37.991963,48.9063168 37.9904612,48.908926 37.9890448,48.910576 37.9868132,48.9111684 37.9836375,48.9104068 37.9823613,48.9109292 37.9791969,48.9107747 37.9759581,48.9076449 37.9753887,48.9063609 37.9745219,48.9049099 37.974974,48.9035289 37.9693403,48.9022842 37.9672563,48.9013024 37.9675758,48.896089 37.9679571,48.8945771 37.9813036,48.8932649 37.9825053,48.8927288 37.9833206,48.8919669 37.9839644,48.8915719 37.9852583,48.8906286 37.9856355,48.8892924 37.989308,48.8856043 37.9904474,48.8811912 37.9876119,48.8758182 37.9927188,48.8747174 38.0104938,48.8740094 38.0121489,48.8636338 38.0019896,48.8611001 38.0025098,48.8603835 38.0098415,48.8462749 38.006859,48.8404003 37.9998483,48.8398644 37.9987602,48.8378313 38.0106218,48.8357973 38.0083044,48.8320685 38.0133684,48.8256554 38.0173595,48.8246947 38.0146608,48.8212958 38.0130059,48.8175507 38.0079746,48.8128626 37.9992199,48.8024616 37.9993057,48.7991261 37.9900263,48.794259 37.9840395,48.7887178 37.9695557,48.7839957 37.960178,48.7827903 37.9580104,48.7819807 37.9556092,48.7809203 37.9531651,48.7805385 37.9496187,48.7806226 37.9469043,48.7800711 37.9431011,48.7782399 37.9438469,48.7751078 37.9469154,48.7735239 37.9503698,48.7706154 37.9513998,48.762582 37.9556913,48.759074 37.9565496,48.7540946 37.9559934,48.7427041 37.9490417,48.7427424 37.9424113,48.7435065 37.9381195,48.7441101 37.9332699,48.7447135 37.9323258,48.7423929 37.9333987,48.7414873 37.9379048,48.7392797 37.9404157,48.7373227 37.9457381,48.7301638 37.9436567,48.7293853 37.9379919,48.7261723 37.9248169,48.719873 37.9155042,48.713927 37.9067495,48.7093395 37.89669,48.7071771 37.8954025,48.7079135 37.8913472,48.7086355 37.8889652,48.7082816 37.8855448,48.7061688 37.8726402,48.7137907 37.8720608,48.7129165 37.8778545,48.7091292 37.8632523,48.6988697 37.8604628,48.6964337 37.8565897,48.6994008 37.8513433,48.6957963 37.8475024,48.6940542 37.837594,48.6796258 37.8304373,48.6799501 37.8237109,48.6803038 37.8194555,48.6788003 37.821337,48.6776085 37.8239843,48.6770384 37.8296219,48.6768047 37.8363167,48.6763798 37.8396969,48.675687 37.8408127,48.6746951 37.8412847,48.6737033 37.8414673,48.6721924 37.8409523,48.6705203 37.8343494,48.6593555 37.8215899,48.6517166 37.8162469,48.6486687 37.8127073,48.646248 37.8121494,48.6455675 37.8123845,48.6440469 37.8142599,48.6401343 37.81544,48.6355401 37.8168777,48.6342213 37.8187445,48.6334698 37.8229019,48.6321612 37.8307563,48.600428 37.8302628,48.6003713 37.8289109,48.6003287 37.8284818,48.6001868 37.8274303,48.5999739 37.8261,48.5999597 37.8241259,48.6000023 37.822774,48.6001442 37.8216582,48.601095 37.8212076,48.6014497 37.8203064,48.6021734 37.819491,48.602443 37.8188044,48.601847 37.8190189,48.6011375 37.81977,48.5997895 37.8102859,48.5987877 37.809256,48.5978512 37.8034624,48.5976241 37.8033766,48.5966875 37.803162,48.5962618 37.8002437,48.5960063 37.7996,48.5926003 37.7999862,48.5908404 37.8084486,48.5913463 37.8086739,48.5884581 37.8084742,48.5879605 37.8090214,48.5864284 37.8093331,48.5810605 37.8135947,48.5793713 37.814303,48.5772402 37.8145605,48.5760477 37.8156763,48.5739181 37.8169637,48.5714761 37.8182512,48.569829 37.8179508,48.5677276 37.818363,48.5662869 37.8199938,48.5657757 37.8242897,48.5631784 37.8272434,48.5605203 37.8278044,48.5583345 37.8274809,48.556897 37.826483,48.5552055 37.8242497,48.5547673 37.8227603,48.5540565 37.8213498,48.5510077 37.8209205,48.5496583 37.8211724,48.5486874 37.8267299,48.5491135 37.8286611,48.5494402 37.8381136,48.5503183 37.8388002,48.5494945 37.8430488,48.5493808 37.8457525,48.5491535 37.8478983,48.5494945 37.8507736,48.5502331 37.8531768,48.5508865 37.8602048,48.5497896 37.8623506,48.5484827 37.8643676,48.5467781 37.8645822,48.5449599 37.8664276,48.5435393 37.8684017,48.5431131 37.8703758,48.5430847 37.8723499,48.5433972 37.8764268,48.5434824 37.8772563,48.5431307 37.8779428,48.5420937 37.8827512,48.530345 37.8832232,48.5296772 37.8852617,48.5287677 37.8888881,48.5272188 37.8910124,48.5265367 37.8933512,48.5268209 37.8956043,48.5276308 37.897278,48.5274178 37.8984152,48.5260108 37.8998099,48.5232965 37.9030039,48.5191931 37.9063085,48.5157818 37.9130573,48.5101793 37.9184315,48.5051451 37.9202769,48.5036452 37.9209206,48.5028846 37.920427,48.5024012 37.9171011,48.5002117 37.913291,48.4979585 37.9118856,48.4966504 37.9108342,48.4957617 37.9107483,48.4949369 37.911156,48.4940767 37.912583,48.4926475 37.9169359,48.4894846 37.9312456,48.4800116 37.9408163,48.4742792 37.9458797,48.4711636 37.9493549,48.4653451 37.9518439,48.4608774 37.9519512,48.4602513 37.9516007,48.4595393 37.9414941,48.4550425 37.9381038,48.4536194 37.9369881,48.4526089 37.936709,48.4516982 37.9369451,48.4506734 37.9377176,48.4485671 37.9450781,48.4362225 37.9489405,48.4310686 37.949713,48.4295879 37.9492838,48.4291608 37.946666,48.4279648 37.9411941,48.425772 37.9383404,48.42506 37.9367955,48.42375 37.9365808,48.4226678 37.9376108,48.4198767 37.9304011,48.4192216 37.922848,48.4217849 37.918299,48.4229811 37.9119475,48.4237215 37.9018195,48.4240063 37.8973563,48.4273668 37.8861124,48.4272528 37.8815634,48.4281072 37.8755553,48.4326063 37.8722079,48.4347703 37.867058,48.4379592 37.8629382,48.4379592 37.8577883,48.4383578 37.8511794,48.4382439 37.8520377,48.4351689 37.8566725,48.4310687 37.8643973,48.4254303 37.8704054,48.420133 37.8681525,48.4172927 37.8613719,48.4179763 37.8556212,48.4175206 37.8480681,48.4172358 37.8296145,48.4216789 37.8278979,48.4208245 37.8225764,48.4194004 37.8184565,48.4165522 37.8133179,48.4116576 37.8103997,48.4092077 37.8057219,48.4067863 37.7974392,48.4030256 37.7905299,48.3988657 37.7877404,48.4001764 37.7846505,48.4023703 37.7836205,48.4055897 37.7844788,48.4071851 37.7860667,48.4082961 37.787912,48.4099769 37.7890278,48.4123982 37.7898861,48.4140504 37.7899291,48.4168418 37.7884998,48.4196709 37.7875986,48.4206677 37.785882,48.4223481 37.7845945,48.4234303 37.7831783,48.4247973 37.7818479,48.4263351 37.7816763,48.4287842 37.7835009,48.4302789 37.7819989,48.4309624 37.7801106,48.4309908 37.778909,48.4294247 37.7787802,48.4268333 37.7807488,48.4222392 37.7818646,48.4209861 37.7836671,48.4185082 37.7845683,48.417141 37.7850404,48.415375 37.7843966,48.4142356 37.7829375,48.4128399 37.7807488,48.4117004 37.7777018,48.4108174 37.7720399,48.4094697 37.7705808,48.4083872 37.7683921,48.4069913 37.7663751,48.4058517 37.7632852,48.4039429 37.7616115,48.4019485 37.7603241,48.3990708 37.7611394,48.3912916 37.7727691,48.3791509 37.7749578,48.3765284 37.7786056,48.3759583 37.7826396,48.3746755 37.7862874,48.3739628 37.7926389,48.3698576 37.7956859,48.3678049 37.7977555,48.3691725 37.7996438,48.3683172 37.8034203,48.3667776 37.8061669,48.3669202 37.8078406,48.3663214 37.8110593,48.3644966 37.8135913,48.3621586 37.8153508,48.3592216 37.8166812,48.3563699 37.8193848,48.3521492 37.813036,48.3500852 37.8138943,48.3452079 37.8159543,48.3392177 37.8114482,48.337449 37.8031655,48.336422 37.7771573,48.3343123 37.7508931,48.3312881 37.7522664,48.3287202 37.7564721,48.3238695 37.7454,48.322728 37.7469836,48.3216186 37.7483569,48.3198493 37.7499019,48.3176804 37.7512752,48.3152831 37.752391,48.3127715 37.7538501,48.3116298 37.7556525,48.309746 37.75797,48.3093464 37.7616607,48.3068345 37.7628623,48.3067774 37.7662955,48.3076338 37.7661239,48.309746 37.7671946,48.3129269 37.7686537,48.3153243 37.7732027,48.3173221 37.7757776,48.3185778 37.7747477,48.3215457 37.7717436,48.3246846 37.7995527,48.3274809 37.8074492,48.3297636 37.8105391,48.3218311 37.8121698,48.3200618 37.8353441,48.3226871 37.8418673,48.321774 37.8438414,48.3170367 37.8440989,48.3158951 37.8448713,48.3127557 37.8446997,48.3086455 37.845558,48.3056198 37.8461588,48.3025368 37.8470171,48.299682 37.8472746,48.2965416 37.8488195,48.2904885 37.8503447,48.2872035 37.8827028,48.2890881 37.8933372,48.2885172</coordinates>
            </LinearRing>
          </outerBoundaryIs>
        </Polygon>
      </Placemark>
      <Placemark>
        <name>Russian-controlled Kramatorsk Raion, Donetsk Oblast.</name>
        <Polygon>
          <outerBoundaryIs>
            <LinearRing>
              <tessellate>1</tessellate>
              <coordinates>37.8371635,48.6643004 37.8409523,48.6705203 37.8414673,48.6721924 37.8412847,48.6737033 37.8408127,48.6746951 37.8396969,48.675687 37.8363167,48.6763798 37.8358125,48.6764573 37.8296219,48.6768047 37.8239843,48.6770384 37.821337,48.6776085 37.8194555,48.6788003 37.8185181,48.6784619 37.8140978,48.6757132 37.8155595,48.6674767 37.819244,48.6505265 37.8328544,48.6584346 37.8343494,48.6593555 37.8371635,48.6643004</coordinates>
            </LinearRing>
          </outerBoundaryIs>
        </Polygon>
      </Placemark>
      <Placemark>
        <name>Russian-controlled Kramatorsk Raion, Donetsk Oblast.</name>
        <Polygon>
          <outerBoundaryIs>
            <LinearRing>
              <tessellate>1</tessellate>
              <coordinates>37.8121494,48.6455675 37.794148,48.6436052 37.7924599,48.6425742 37.7810567,48.6418617 37.7793401,48.6412662 37.7678388,48.640614 37.7615139,48.6395112 37.7557633,48.6431126 37.7517721,48.64402 37.7487681,48.6437648 37.7429316,48.6400784 37.7483552,48.6326165 37.747785,48.6239405 37.7490241,48.6160784 37.7416805,48.61616 37.7346778,48.6151136 37.7333403,48.6106623 37.7284466,48.604094 37.7397333,48.6008587 37.7424624,48.6029926 37.7475479,48.5998424 37.7514562,48.5979754 37.7592798,48.5982679 37.7606193,48.5981855 37.7672824,48.5955866 37.7740041,48.59599 37.7746317,48.5944632 37.7759621,48.5869694 37.7786417,48.5859531 37.7794328,48.583716 37.7842486,48.5838751 37.7902231,48.5843747 37.7926311,48.584667 37.7937947,48.5894163 37.7986256,48.5899727 37.7990813,48.5907503 37.7999862,48.5908404 37.7996,48.5926003 37.8002437,48.5960063 37.803162,48.5962618 37.8034624,48.5976241 37.809256,48.5978512 37.8102859,48.5987877 37.81977,48.5997895 37.8188044,48.601847 37.819491,48.602443 37.8203064,48.6021734 37.822774,48.6001442 37.8250756,48.5999647 37.8284818,48.6001868 37.8292813,48.6007026 37.8307563,48.600428 37.8229019,48.6321612 37.817265,48.6338396 37.81544,48.6355401 37.8142599,48.6401343 37.8123845,48.6440469 37.8121494,48.6455675</coordinates>
            </LinearRing>
          </outerBoundaryIs>
        </Polygon>
      </Placemark>
      <Placemark>
        <name>Russian-controlled Kramatorsk Raion, Donetsk Oblast.</name>
        <Polygon>
          <outerBoundaryIs>
            <LinearRing>
              <tessellate>1</tessellate>
              <coordinates>37.3668471,48.4820062 37.3766747,48.4808683 37.4330262,48.4751005 37.429078,48.4563197 37.432394,48.4422413 37.4419212,48.4432662 37.4454831,48.4259829 37.4235534,48.4237047 37.4270155,48.4102049 37.4481299,48.412142 37.4525931,48.3852442 37.4440529,48.3836767 37.4521944,48.3470846 37.4551985,48.3476551 37.4702189,48.3531025 37.481806,48.3441182 37.4846796,48.3420419 37.4835884,48.340934 37.477945,48.3371542 37.4762928,48.3359417 37.4735033,48.334444 37.4805946,48.3264972 37.4850148,48.3284802 37.4944991,48.3176937 37.5394959,48.3400346 37.5474651,48.3385747 37.5538595,48.3368345 37.5566919,48.3358931 37.5586231,48.3349231 37.5620992,48.3334111 37.5651033,48.3318704 37.5678928,48.3302156 37.5711114,48.3280757 37.5733001,48.326221 37.5782682,48.31876 37.5820019,48.3139654 37.5831177,48.3116821 37.5850059,48.3100551 37.5868513,48.3088849 37.5887396,48.3076575 37.5912287,48.3061731 37.5927307,48.3054595 37.5973226,48.310626 37.6074507,48.3081142 37.6071204,48.3044393 37.6047172,48.2925913 37.5993957,48.2787128 37.6148452,48.276685 37.6157035,48.2788842 37.6208533,48.2795411 37.6226129,48.2802265 37.6248874,48.2807977 37.6262607,48.2813974 37.6281489,48.2821114 37.6293935,48.2823113 37.6306809,48.2824255 37.6318397,48.2823113 37.6363887,48.28214 37.638749,48.2817401 37.6409377,48.2808548 37.6450576,48.2781987 37.6432981,48.2772848 37.6425256,48.2759424 37.6427402,48.2747428 37.6423968,48.273743 37.6750554,48.269944 37.6838101,48.2690299 37.6861705,48.2685586 37.6869859,48.2673445 37.6872863,48.2667446 37.6868571,48.2656876 37.6861705,48.2646877 37.6858272,48.2638021 37.6851834,48.2630593 37.685398,48.262345 37.686664,48.2617594 37.6873077,48.2608737 37.6943244,48.2619879 37.7112974,48.2636449 37.7161898,48.2638735 37.7174925,48.2632518 37.7189516,48.262309 37.720754,48.2618233 37.7211832,48.2620518 37.710064,48.3093648 37.7402311,48.3233876 37.7454,48.322728 37.7564721,48.3238695 37.7522664,48.3287202 37.7508931,48.3312881 37.7771573,48.3343123 37.8031655,48.336422 37.8114482,48.337449 37.8159543,48.3392177 37.8133086,48.3451935 37.813036,48.3500852 37.8187159,48.3520956 37.8166812,48.3563699 37.8152936,48.3598474 37.8135913,48.3621586 37.8110879,48.3648658 37.8078406,48.3663214 37.8061669,48.3669202 37.8034203,48.3667776 37.7977555,48.3691725 37.7956859,48.3678049 37.7862874,48.3739628 37.7826396,48.3746755 37.7786056,48.3759583 37.7749578,48.3765284 37.7611394,48.3912916 37.7603241,48.3990708 37.7616115,48.4019485 37.7632852,48.4039429 37.7683921,48.4069913 37.7708405,48.4084875 37.7720399,48.4094697 37.7807488,48.4117004 37.7829375,48.4128399 37.7843966,48.4142356 37.7850404,48.415375 37.7845683,48.417141 37.7818646,48.4209861 37.7807488,48.4222392 37.7789359,48.4266427 37.778909,48.4294247 37.7801106,48.4309908 37.7819989,48.4309624 37.7835009,48.4302789 37.7816763,48.4287842 37.7818479,48.4263351 37.7847294,48.4231113 37.7862744,48.4222569 37.7882485,48.4200354 37.7898693,48.4171596 37.7898861,48.4140504 37.7877665,48.409782 37.7860928,48.4081012 37.7844788,48.4071851 37.7833462,48.4053378 37.7846505,48.4023703 37.7880669,48.4001524 37.7905299,48.3988657 37.7974392,48.4030256 37.8057219,48.4067863 37.8103997,48.4092077 37.8142023,48.4125167 37.8181935,48.4165899 37.8225764,48.4194004 37.8275061,48.4207483 37.8296145,48.4216789 37.8480681,48.4172358 37.8571381,48.4175645 37.8613719,48.4179763 37.8681525,48.4172927 37.8704054,48.420133 37.8643973,48.4254303 37.8566725,48.4310687 37.8520377,48.4351689 37.8511794,48.4382439 37.8577883,48.4383578 37.8629382,48.4379592 37.867058,48.4379592 37.8751625,48.4334554 37.8815634,48.4281072 37.8851189,48.4273616 37.8973563,48.4273668 37.9018195,48.4240063 37.9119475,48.4237215 37.919022,48.4229759 37.9236568,48.4215519 37.9304011,48.4192216 37.9376108,48.4198767 37.9365808,48.4226678 37.9367955,48.42375 37.9383404,48.42506 37.941853,48.4259377 37.9473461,48.4283868 37.9492838,48.4291608 37.949713,48.4295879 37.9489405,48.4310686 37.9447551,48.4367559 37.937717,48.448115 37.936709,48.4516982 37.9369881,48.4526089 37.9381038,48.4536194 37.9516007,48.4595393 37.9519512,48.4602513 37.9518439,48.4608774 37.9458797,48.4711636 37.930679,48.4802432 37.912583,48.4926475 37.911156,48.4940767 37.9107483,48.4949369 37.9108342,48.4957617 37.9118856,48.4966504 37.9138868,48.4981704 37.9197662,48.501924 37.920427,48.5024012 37.9209206,48.5028846 37.9204528,48.5038576 37.9127104,48.5103676 37.9063085,48.5157818 37.9030039,48.5191931 37.8998099,48.5232965 37.8984152,48.5260108 37.8974019,48.5271958 37.8956043,48.5276308 37.8933512,48.5268209 37.8910124,48.5265367 37.8888881,48.5272188 37.8835831,48.5295263 37.8827512,48.530345 37.8780041,48.5418023 37.8772563,48.5431307 37.8764268,48.5434824 37.8723499,48.5433972 37.8703758,48.5430847 37.8681336,48.5429956 37.8664276,48.5435393 37.8645822,48.5449599 37.8643676,48.5467781 37.8620396,48.5485357 37.8602048,48.5497896 37.8531768,48.5508865 37.8473096,48.5492051 37.8457525,48.5491535 37.8430488,48.5493808 37.8388002,48.5494945 37.8381136,48.5503183 37.8280406,48.5493188 37.8267299,48.5491135 37.8211724,48.5486874 37.8220219,48.5466067 37.8221615,48.5456548 37.8164967,48.5430909 37.8111965,48.5414215 37.8089433,48.5414205 37.8066978,48.5405927 37.8044598,48.5395565 37.8073038,48.5335263 37.81439,48.5350013 37.8217321,48.5228348 37.8209284,48.5215626 37.8191691,48.5199418 37.8158215,48.5184075 37.7974475,48.5149075 37.7943118,48.5123471 37.7905754,48.5114924 37.7872009,48.5137579 37.7835685,48.5174448 37.7803375,48.5175977 37.7770338,48.5186039 37.7741591,48.5177055 37.7691269,48.5164769 37.7637089,48.513912 37.7572615,48.519972 37.75297,48.518437 37.7473134,48.5165669 37.748865,48.5145984 37.7504099,48.5126511 37.7492941,48.5122673 37.7503639,48.5109771 37.7512651,48.5097546 37.7470195,48.5082513 37.746405,48.507672 37.7448353,48.5080556 37.7438339,48.5085437 37.7430701,48.5091547 37.7416276,48.5103963 37.7421641,48.5109365 37.7389025,48.5134525 37.7351474,48.5157766 37.733066,48.5143907 37.7363298,48.512199 37.7320678,48.5097775 37.7344655,48.5080742 37.7357529,48.5072354 37.733972,48.5056859 37.731703,48.503251 37.7359328,48.5001853 37.7380813,48.5014986 37.740668,48.5008869 37.7440099,48.4995777 37.7487599,48.4970889 37.7520172,48.4949475 37.7533021,48.4938222 37.7552548,48.4906864 37.7571863,48.4883968 37.7569717,48.4865764 37.7533732,48.4849132 37.7489964,48.4809777 37.7428166,48.4792423 37.7427737,48.4773647 37.7289013,48.4759088 37.719299,48.4757431 37.7134625,48.4751172 37.7098373,48.470814 37.7111677,48.4647816 37.7135709,48.4631881 37.7177068,48.4581996 37.72011,48.4514826 37.7176353,48.4456168 37.7046963,48.449602 37.7034517,48.4511106 37.6998898,48.4522492 37.6995464,48.4558639 37.6947399,48.4560062 37.6874443,48.4551239 37.6838937,48.4583211 37.6771989,48.457695 37.6756141,48.4663514 37.6727817,48.4697091 37.6678035,48.4691969 37.6620529,48.4657254 37.6668594,48.4600909 37.6700293,48.4523465 37.6703657,48.4500163 37.672762,48.449394 37.6734487,48.4456649 37.6733131,48.4438778 37.6717467,48.4411448 37.6706047,48.4399608 37.6680523,48.4374298 37.6668757,48.4353061 37.6663178,48.4342241 37.6658047,48.4336802 37.6582947,48.4322352 37.6438499,48.4356131 37.6365543,48.4368089 37.6334644,48.4429585 37.6376473,48.4478803 37.6493202,48.4507268 37.6533114,48.4532316 37.6516376,48.4560926 37.6420277,48.4550623 37.6314236,48.4538598 37.6243855,48.452949 37.6093834,48.4533916 37.6063275,48.4524659 37.6041826,48.4514589 37.597933,48.4498024 37.5957859,48.4598153 37.584585,48.4585916 37.5834603,48.4636573 37.5589437,48.461352 37.5558118,48.4701454 37.539933,48.4681536 37.5327888,48.4686527 37.5183691,48.4722378 37.5150729,48.474586 37.5130476,48.4759933 37.5020614,48.4770744 37.4997438,48.4820244 37.4956322,48.4824093 37.4943698,48.4965648 37.49128,48.49629 37.4896919,48.5046317 37.4611689,48.5033102 37.4337889,48.5010353 37.4280973,48.5024441 37.4201356,48.5014479 37.4184247,48.5021189 37.4126312,48.5027445 37.4128028,48.5031426 37.415086,48.5063341 37.4008382,48.5076988 37.3918903,48.5095185 37.3902381,48.507315 37.3898049,48.5046253 37.3890968,48.5023932 37.3872622,48.5016894 37.3865004,48.5014975 37.3852415,48.5013813 37.3845585,48.5014761 37.383153,48.5011634 37.3826917,48.5008648 37.3794194,48.500616 37.3780139,48.5000117 37.3774346,48.4994501 37.3733931,48.4940624 37.366355,48.490422 37.3657113,48.4897963 37.3658829,48.4888008 37.3662692,48.4877199 37.3660975,48.4867813 37.3650246,48.4849324 37.3630037,48.4850857 37.3641624,48.4831799 37.363862,48.4825256 37.3668471,48.4820062</coordinates>
            </LinearRing>
          </outerBoundaryIs>
        </Polygon>
      </Placemark>
      <Placemark>
        <name>Russian-controlled Pokrovsk Raion, Donetsk Oblast.</name>
        <Polygon>
          <outerBoundaryIs>
            <LinearRing>
              <tessellate>1</tessellate>
              <coordinates>37.8933372,48.2885172 37.8833518,48.2891803 37.8503447,48.2872035 37.8488195,48.2904885 37.8472746,48.2965416 37.8470171,48.299682 37.844728,48.3079087 37.8448713,48.3127557 37.8437838,48.3165284 37.8418673,48.321774 37.8359732,48.3226925 37.8121698,48.3200618 37.8105391,48.3218311 37.8074492,48.3297636 37.7995527,48.3274809 37.7717436,48.3246846 37.7747477,48.3215457 37.7757776,48.3185778 37.7686537,48.3153243 37.7671946,48.3129269 37.7661239,48.309746 37.7662955,48.3076338 37.7628623,48.3067774 37.7616607,48.3068345 37.75797,48.3093464 37.7556525,48.309746 37.7534899,48.3120189 37.752391,48.3127715 37.7512752,48.3152831 37.7493701,48.3188685 37.7469836,48.3216186 37.7454,48.322728 37.7402311,48.3233876 37.710064,48.3093648 37.7211832,48.2620518 37.7209601,48.2614748 37.7189516,48.262309 37.7161898,48.2638735 37.7106604,48.2638175 37.6943244,48.2619879 37.6873077,48.2608737 37.686664,48.2617594 37.685398,48.262345 37.6851834,48.2630593 37.6858272,48.2638021 37.6861987,48.2653031 37.6872863,48.2667446 37.6861705,48.2685586 37.6423968,48.273743 37.6427402,48.2747428 37.6425256,48.2759424 37.6432981,48.2772848 37.6450576,48.2781987 37.6409377,48.2808548 37.638749,48.2817401 37.6370634,48.2822214 37.6318397,48.2823113 37.6293935,48.2823113 37.6273646,48.2817074 37.6248874,48.2807977 37.6226129,48.2802265 37.6208533,48.2795411 37.6157035,48.2788842 37.6148452,48.276685 37.5993957,48.2787128 37.6047172,48.2925913 37.6068762,48.3027588 37.6074507,48.3081142 37.5973226,48.310626 37.5927307,48.3054595 37.5912287,48.3061731 37.5850059,48.3100551 37.5831177,48.3116821 37.5820019,48.3139654 37.5733001,48.326221 37.5696984,48.329217 37.5624028,48.3330401 37.5566919,48.3358931 37.5474651,48.3385747 37.5394959,48.3400346 37.4944991,48.3176937 37.4850148,48.3284802 37.4805946,48.3264972 37.4735033,48.334444 37.4762928,48.3359417 37.4846796,48.3420419 37.4702189,48.3531025 37.4551985,48.3476551 37.4521944,48.3470846 37.4440529,48.3836767 37.4525931,48.3852442 37.4481299,48.412142 37.4270155,48.4102049 37.4235534,48.4237047 37.4454831,48.4259829 37.4419212,48.4432662 37.432394,48.4422413 37.429078,48.4563197 37.4330262,48.4751005 37.3668471,48.4820062 37.363862,48.4825256 37.3641624,48.4831799 37.3630037,48.4850857 37.3562784,48.4855971 37.3527594,48.4900911 37.3511286,48.4900911 37.3480387,48.4892094 37.3460646,48.4892094 37.3444338,48.4891241 37.3431034,48.4888396 37.3417731,48.4870193 37.3400122,48.4866447 37.3368364,48.4853932 37.3347765,48.4841416 37.3327166,48.4832313 37.3301416,48.48289 37.3268801,48.4830038 37.3249918,48.4841416 37.3244768,48.4851656 37.3161512,48.4888064 37.303105,48.4875549 37.30259,48.4824348 37.3029333,48.4797608 37.2990924,48.4770155 37.2921186,48.4757779 37.2671451,48.473084 37.2695054,48.4615668 37.2511846,48.4592656 37.2423011,48.4639612 37.2322589,48.4634205 37.2335035,48.4545411 37.2340399,48.4542423 37.2377809,48.4531966 37.2414225,48.4471778 37.2417445,48.4418831 37.2435804,48.4344161 37.2415205,48.4328216 37.237229,48.4318535 37.2203553,48.4303402 37.2197116,48.4296852 37.2182096,48.4291442 37.2192045,48.4241647 37.2208797,48.4189172 37.2223066,48.4160761 37.2330371,48.417869 37.2351261,48.4116893 37.2366581,48.406675 37.2313925,48.4000372 37.2179766,48.3992103 37.2145623,48.3988166 37.2088649,48.3871877 37.2365453,48.3869597 37.2426629,48.3880088 37.2515894,48.3898756 37.2551407,48.3892663 37.2556019,48.3853797 37.2493148,48.3840472 37.247585,48.3787649 37.2380023,48.372357 37.2329812,48.367938 37.229505,48.3669687 37.2028376,48.3721011 37.2007991,48.372657 37.1993829,48.3701055 37.1997048,48.3688225 37.1995116,48.3669123 37.2021671,48.365844 37.2036208,48.3637207 37.2029583,48.3623414 37.2045703,48.3621881 37.2043612,48.3614539 37.2078052,48.3610761 37.207494,48.3597573 37.2073697,48.358953 37.20711,48.3571328 37.2069276,48.3560848 37.2065068,48.3541744 37.2022796,48.3538108 37.1991254,48.3534543 37.2000052,48.3493617 37.2048546,48.3498751 37.2052194,48.3494615 37.2057344,48.3481781 37.2059168,48.3445698 37.2058416,48.3434433 37.2173539,48.3393777 37.2208187,48.3252171 37.2161298,48.3245809 37.2018185,48.3237493 37.162551,48.3245062 37.1608774,48.3291891 37.1550837,48.3290784 37.1553412,48.3246339 37.143239,48.3246054 37.1445953,48.3197766 37.1317902,48.3180866 37.1099248,48.3168738 37.1095639,48.3174965 37.1066645,48.3188384 37.1021267,48.3204088 37.0992781,48.3188428 37.0958038,48.3159508 37.0890231,48.3185906 37.0865664,48.3197046 37.0855862,48.3198468 37.0806656,48.3214168 37.0785975,48.3173374 37.0723134,48.3082491 37.0715004,48.3057909 37.0604711,48.3072752 37.060821,48.3056327 37.0618444,48.3050772 37.0638185,48.2964271 37.0559197,48.2964876 37.048021,48.2961614 37.0412427,48.295003 37.0465697,48.2688867 37.0486439,48.2625606 37.0436714,48.26212 37.0434196,48.2600223 37.0328742,48.2592549 37.0124895,48.2573704 37.012046,48.2594934 37.0099003,48.2614933 37.0042784,48.2623504 37.0023901,48.2635218 37.0016605,48.2647788 36.9974119,48.264636 36.9945795,48.2649216 36.9914038,48.2671213 36.9881851,48.2690353 36.9843656,48.2684925 36.9799454,48.2629504 36.9790441,48.261979 36.9804946,48.2566843 36.9833379,48.2446245 36.9800014,48.2438815 36.976965,48.2428672 36.9756452,48.2418814 36.9700233,48.2404237 36.9694952,48.2356453 36.9695534,48.2339424 36.9349359,48.232896 36.9331334,48.2371265 36.9321407,48.2371994 36.9271188,48.2369577 36.9273755,48.2358014 36.9282828,48.231914 36.9333843,48.2070831 36.9330722,48.2048839 36.9315647,48.2013052 36.9324489,48.1999321 36.9345742,48.1977901 36.9358861,48.1953085 36.9369654,48.1951395 36.9469578,48.1926041 36.9502785,48.1884065 36.9427848,48.1801453 36.9370941,48.1796893 36.9079183,48.1751228 36.9017478,48.179616 36.8952003,48.1784795 36.8897749,48.1751593 36.8912521,48.1738148 36.8950825,48.1700275 36.8970929,48.1618653 36.8780443,48.1596148 36.8917075,48.0985932 36.8933083,48.097011 36.8944636,48.0905136 36.894065,48.0826013 36.8950399,48.0774143 36.8824228,48.0632193 36.932748,48.0679479 36.9326621,48.0689516 36.9576818,48.0713031 36.9578964,48.0691236 36.9923145,48.0721634 36.9913703,48.0776688 37.112976,48.0898448 37.1117743,48.0961509 37.1528872,48.1002781 37.1573675,48.0755278 37.1513593,48.074725 37.1621926,48.0265293 37.1738656,48.0276199 37.1737457,48.0249219 37.1764064,48.0187793 37.1746898,48.009765 37.173059,48.0043671 37.1637893,48.0054582 37.1582103,48.0080423 37.1459365,48.0051136 37.1404433,48.0061473 37.1351569,48.0023355 37.1276468,47.9961041 37.1699065,47.9937443 37.1685332,47.9802444 37.157461,47.980819 37.1542616,47.9590637 37.1472235,47.9609029 37.1420737,47.9618225 37.1285124,47.9652134 37.1274825,47.9606156 37.1086855,47.9669375 37.0963259,47.9666502 37.0969267,47.9682018 37.0961543,47.9698683 37.0933648,47.9757869 37.0899315,47.9787173 37.0839234,47.9788322 37.0804902,47.9788322 37.0796319,47.9775681 37.0783444,47.9767063 37.0762845,47.9773383 37.068903,47.9338249 37.1494371,47.9283195 37.1477205,47.9106604 37.2183858,47.9065254 37.2158109,47.8973189 37.2104893,47.8978943 37.2064553,47.8968585 37.2033654,47.8965708 37.1843968,47.897549 37.1828519,47.8883409 37.201048,47.8879955 37.201048,47.8865566 37.2081719,47.8862113 37.2133644,47.8842199 37.2118195,47.876391 37.2155102,47.8735701 37.2570442,47.8665525 37.2523235,47.8508307 37.2486329,47.8396325 37.2547476,47.8316476 37.2579233,47.8265769 37.273508,47.8182794 37.2697315,47.8051372 37.2759113,47.8037537 37.29179,47.8026006 37.2965107,47.8112476 37.2887859,47.8129192 37.292761,47.8227578 37.2961942,47.8320064 37.2995845,47.8302202 37.3013441,47.8289237 37.3064081,47.8270509 37.3106996,47.831315 37.3524317,47.8182628 37.3577103,47.8225275 37.3755201,47.8172254 37.4116121,47.8058735 37.4270187,47.8069112 37.427877,47.7997625 37.4682604,47.8020686 37.4672304,47.8098222 37.4895035,47.8111768 37.5100074,47.8124373 37.5088916,47.8244251 37.5116381,47.823676 37.5145564,47.823676 37.527431,47.8242523 37.5305209,47.8239065 37.5301776,47.8256353 37.5308642,47.8276522 37.534587,47.8421235 37.5411101,47.8395311 37.5435992,47.8388398 37.5480624,47.8559475 37.5416624,47.8566924 37.5438082,47.8671729 37.5468122,47.8671729 37.5459161,47.9089348 37.5411096,47.9108909 37.5421396,47.9165286 37.5356938,47.9180212 37.5434486,47.9320424 37.5421667,47.9351612 37.5347697,47.9375952 37.5269805,47.9421912 37.5266158,47.9448973 37.5241267,47.9478294 37.5241481,47.9509299 37.5301562,47.955701 37.5278087,47.9622884 37.5321003,47.966139 37.5350185,47.9676332 37.5375076,47.9701043 37.5442232,47.9746287 37.5480947,47.9763454 37.5508413,47.9784139 37.5565919,47.9805397 37.5572786,47.9847911 37.5565061,47.991225 37.5549092,47.9946533 37.5499739,47.9967785 37.5490407,48.001953 37.5495019,48.0037564 37.5490407,48.0069779 37.5470666,48.036715 37.5464657,48.0367724 37.5423459,48.0357394 37.5402922,48.0507478 37.6148791,48.0564851 37.6219172,48.0196984 37.633412,48.0225171 37.6446623,48.0274482 37.654183,48.0307256 37.6580454,48.0354894 37.6872833,48.0544598 37.6906307,48.0536279 37.6934631,48.0565825 37.6915656,48.0604523 37.6877032,48.0615995 37.6880036,48.0644676 37.6937972,48.0654714 37.6934109,48.067651 37.6925526,48.0691996 37.6964009,48.0710953 37.6961863,48.0718696 37.6870454,48.0719269 37.682153,48.0725004 37.6815718,48.076389 37.7048534,48.0773782 37.7031223,48.087782 37.6952356,48.0872688 37.6927118,48.1025598 37.7207141,48.1046519 37.7199577,48.1088277 37.7531571,48.1134908 37.7531142,48.1137773 37.7542515,48.1139062 37.7551312,48.1141928 37.755775,48.1134048 37.7562041,48.1130753 37.7573628,48.1127171 37.7582641,48.1125882 37.7594013,48.1124736 37.7619762,48.111657 37.7742963,48.1080522 37.7745968,48.1071782 37.7751547,48.1071209 37.7791029,48.1073358 37.7858406,48.1081382 37.7916341,48.1110036 37.7935284,48.1117101 37.7962099,48.1127154 37.7976261,48.1124576 37.8002685,48.113201 37.8010839,48.1147196 37.8018564,48.1155648 37.8035945,48.1167395 37.8057164,48.1183573 37.8063411,48.1191318 37.8079016,48.1204792 37.8074003,48.1217686 37.8001488,48.1424175 37.7983464,48.1424605 37.7970803,48.1424462 37.7958787,48.1423603 37.7940977,48.1420882 37.7917588,48.1420882 37.7890502,48.1418606 37.7833854,48.1416029 37.7835142,48.1431206 37.7824413,48.1432065 37.7821838,48.1416029 37.7796089,48.1424047 37.7770339,48.1432924 37.7752315,48.1446383 37.7757894,48.1498497 37.7770769,48.1514531 37.7790939,48.1529992 37.7826559,48.1547742 37.7846107,48.154701 37.7851042,48.155431 37.7853188,48.156204 37.7853617,48.156705 37.7853402,48.1572203 37.7850184,48.1575782 37.7850184,48.1578931 37.7850828,48.1585372 37.7856192,48.1597968 37.7861127,48.1600831 37.7877221,48.160398 37.7912411,48.1623016 37.7927431,48.1627739 37.7892926,48.1720737 37.7920464,48.1725472 37.7917997,48.1730266 37.7941493,48.1735417 37.7939561,48.1739782 37.7956942,48.1744146 37.7956513,48.1749584 37.8026143,48.1760888 37.8091764,48.1814342 37.8141545,48.1855117 37.8147124,48.1853114 37.8155064,48.1842527 37.8166007,48.1833371 37.8170942,48.1824787 37.8192615,48.1813627 37.8288316,48.1823356 37.8302417,48.1735018 37.8358615,48.1746439 37.8415049,48.175717 37.8449226,48.1766161 37.8463388,48.1777608 37.8462101,48.1795636 37.846641,48.1819103 37.8470572,48.1827232 37.847628,48.1844855 37.8469843,48.1860878 37.8456968,48.1873181 37.8469843,48.1882051 37.8511471,48.1888345 37.8602022,48.1939842 37.8625626,48.1957865 37.8790645,48.2002036 37.8854903,48.2011785 37.8888921,48.2017482 37.8906946,48.2044655 37.8922824,48.2056381 37.8942136,48.2088986 37.8967886,48.2103571 37.9008226,48.2115011 37.9042558,48.2131025 37.904685,48.2155618 37.9030542,48.2173347 37.9030113,48.2186501 37.902625,48.2198796 37.9058866,48.2222814 37.902504,48.2290354 37.9002724,48.2317513 37.8934489,48.2308936 37.8872045,48.2506551 37.890981,48.252141 37.8946968,48.2591464 37.892551,48.2650889 37.8955551,48.2687455 37.8933372,48.2885172</coordinates>
            </LinearRing>
          </outerBoundaryIs>
        </Polygon>
      </Placemark>
      <Placemark>
        <name>Russian-controlled Volnovakha Raion, Donetsk Oblast.</name>
        <Polygon>
          <outerBoundaryIs>
            <LinearRing>
              <tessellate>1</tessellate>
              <coordinates>37.8610227,47.4106327 37.8599227,47.4138248 37.8626264,47.4175999 37.8639568,47.4217233 37.8618456,47.4228678 37.8630472,47.4253358 37.869227,47.4319552 37.8705827,47.4363549 37.8674069,47.4424505 37.8660336,47.4465138 37.866988,47.4486353 37.8713551,47.4535369 37.8762381,47.4565886 37.878856,47.4579524 37.8792149,47.4584478 37.8804009,47.4596353 37.8815596,47.4602446 37.8826754,47.4618695 37.8835303,47.4627925 37.8868923,47.4663999 37.8900251,47.4676764 37.891613,47.469272 37.8927142,47.4710897 37.8907547,47.4730722 37.8878364,47.4748707 37.8813991,47.4797146 37.8746898,47.4866363 37.8617127,47.5029239 37.8599721,47.5092046 37.85373,47.5173588 37.843369,47.5251806 37.8387341,47.5262238 37.8392121,47.535278 37.8376561,47.5379529 37.8307896,47.5393436 37.8251248,47.5405024 37.8223044,47.5436202 37.8208023,47.5476758 37.8205336,47.5643397 37.819289,47.5703625 37.817787,47.5721576 37.8162589,47.5844752 37.8182759,47.5922902 37.8223528,47.5937373 37.8247557,47.5962895 37.8287472,47.5987149 37.8321372,47.604855 37.8338752,47.6104841 37.8371797,47.6110338 37.8414283,47.6150841 37.8427158,47.6173695 37.8458701,47.6198992 37.8462109,47.626349 37.8498154,47.6309464 37.853653,47.6336038 37.8556271,47.6381439 37.8564854,47.6413825 37.8424602,47.6459242 37.8315851,47.6541362 37.8239906,47.6575875 37.8186678,47.6588493 37.8103423,47.6598321 37.8070807,47.6616819 37.8012442,47.6663641 37.789595,47.6719608 37.7847142,47.6720417 37.7694023,47.6792048 37.7619691,47.6848131 37.7572231,47.686331 37.7426319,47.6937841 37.7382545,47.6969037 37.7113854,47.7096678 37.6836297,47.7151396 37.6806256,47.7145621 37.6782224,47.7165255 37.6767622,47.7186498 37.6755616,47.7231082 37.672814,47.7247704 37.667751,47.7288819 37.6641437,47.7362052 37.6563331,47.7406498 37.6496397,47.742666 37.6426002,47.7447478 37.6329022,47.7552779 37.6286106,47.763125 37.6252632,47.7702787 37.6224308,47.7748935 37.6240616,47.7787581 37.6267643,47.7838506 37.626421,47.7897328 37.6301117,47.8038589 37.6352579,47.8180533 37.6350862,47.8260639 37.6368028,47.8289451 37.6353437,47.8408715 37.6405864,47.8531847 37.6411371,47.8661757 37.6367062,47.8730579 37.6365187,47.8772892 37.6269758,47.8746005 37.61954,47.8910176 37.6103932,47.9010656 37.5976902,47.9066469 37.5949437,47.9088332 37.5704182,47.9086927 37.5421396,47.9165286 37.5411096,47.9108909 37.5459161,47.9089348 37.5468122,47.8671729 37.5438082,47.8671729 37.5416624,47.8566924 37.5480624,47.8559475 37.5435992,47.8388398 37.5411101,47.8395311 37.534587,47.8421235 37.5301776,47.8256353 37.5305209,47.8239065 37.527431,47.8242523 37.5128064,47.8234132 37.5088916,47.8244251 37.5100074,47.8124373 37.4672304,47.8098222 37.4682604,47.8020686 37.427877,47.7997625 37.4270187,47.8069112 37.4116121,47.8058735 37.3577103,47.8225275 37.3518669,47.8180964 37.3106996,47.831315 37.3064081,47.8270509 37.3019135,47.8288152 37.2995845,47.8302202 37.2961942,47.8320064 37.2887859,47.8129192 37.2965107,47.8112476 37.29179,47.8026006 37.2759113,47.8037537 37.2697315,47.8051372 37.2721302,47.8180388 37.2579233,47.8265769 37.2486329,47.8396325 37.2570442,47.8665525 37.2155102,47.8735701 37.2118195,47.876391 37.2133644,47.8842199 37.2081719,47.8862113 37.201048,47.8865566 37.201048,47.8879955 37.1822507,47.888069 37.1843968,47.897549 37.2028501,47.896414 37.2064553,47.8968585 37.2104893,47.8978943 37.2158109,47.8973189 37.2183858,47.9065254 37.1477205,47.9106604 37.1494371,47.9283195 37.068903,47.9338249 37.0762845,47.9773383 37.0783444,47.9767063 37.0796319,47.9775681 37.0804902,47.9788322 37.0899315,47.9787173 37.0933648,47.9757869 37.0969267,47.9682018 37.0963259,47.9666502 37.1086855,47.9669375 37.1274825,47.9606156 37.1285124,47.9652134 37.1472235,47.9609029 37.1542616,47.9590637 37.157461,47.980819 37.1685332,47.9802444 37.1699065,47.9937443 37.1276468,47.9961041 37.1404433,48.0061473 37.1459365,48.0051136 37.1582103,48.0080423 37.1637893,48.0054582 37.173059,48.0043671 37.1749347,48.0103782 37.1764064,48.0187793 37.1737457,48.0249219 37.1738656,48.0276199 37.1621926,48.0265293 37.1513593,48.074725 37.1574913,48.0759491 37.1528872,48.1002781 37.1118987,48.0957755 37.112976,48.0898448 36.9913703,48.0776688 36.9923145,48.0721634 36.9578964,48.0691236 36.9576818,48.0713031 36.9326621,48.0689516 36.932748,48.0679479 36.88264,48.0632154 36.8822111,48.0629055 36.8817424,48.0627473 36.8816741,48.0617641 36.8802435,48.0617603 36.8785501,48.0619135 36.8770844,48.0516426 36.8735848,48.0514693 36.8583781,48.0522277 36.8565146,48.0340532 36.8558113,48.0336743 36.8548242,48.0333874 36.8547169,48.0331829 36.8540518,48.0330071 36.8536109,48.0324964 36.8514447,48.0333013 36.8498344,48.0336156 36.8473344,48.0349719 36.8449258,48.0369949 36.8450224,48.0372962 36.8432683,48.0381496 36.8410938,48.0382814 36.8394523,48.037894 36.836831,48.0361409 36.8336761,48.0352378 36.8306066,48.0360784 36.8270982,48.0356479 36.8264438,48.0358416 36.825673,48.0368296 36.8218535,48.0388669 36.8178827,48.0403431 36.8157175,48.0403195 36.8144292,48.0401581 36.811983,48.0408755 36.8110591,48.0416272 36.8089348,48.0435925 36.8082863,48.0459184 36.8073911,48.0466712 36.8061465,48.0471589 36.8043489,48.0476039 36.8044728,48.0488229 36.8047294,48.0505796 36.8052992,48.0518139 36.8049464,48.0525678 36.802878,48.0525335 36.801724,48.0526803 36.7997113,48.0516981 36.7976986,48.0500847 36.795905,48.0489233 36.7936053,48.0482645 36.7920958,48.0490125 36.7897634,48.0497049 36.7877584,48.0510201 36.7864115,48.0515641 36.7853208,48.0513257 36.7856033,48.0502553 36.7847291,48.0496848 36.7846459,48.0487942 36.784595,48.0478781 36.7828644,48.0470323 36.7814203,48.0475784 36.7797107,48.0488803 36.7779512,48.0487942 36.7766374,48.0478943 36.77499,48.0474171 36.7739184,48.0473806 36.7729771,48.0476919 36.7724864,48.0483188 36.7725318,48.0492642 36.7727274,48.0498654 36.7721744,48.0504079 36.7707037,48.0505892 36.7622777,48.0554714 36.7601475,48.0529022 36.7579799,48.052245 36.7568532,48.0522607 36.755941,48.0508706 36.7532586,48.0493032 36.7515313,48.0492796 36.7493693,48.049734 36.7487806,48.0505612 36.7471618,48.0503126 36.7457362,48.050523 36.7450401,48.0503604 36.7441267,48.0505589 36.7438351,48.0512884 36.7438828,48.0523723 36.7417992,48.0526919 36.7410381,48.0535484 36.7417924,48.0545132 36.7431996,48.057272 36.7428468,48.0575461 36.7422548,48.0584625 36.7431378,48.0593977 36.7440749,48.0599731 36.7476299,48.0605629 36.7488302,48.0619418 36.7472541,48.062382 36.7464769,48.0629875 36.7471824,48.0637772 36.7467507,48.0645381 36.7446648,48.0640668 36.744038,48.0650008 36.7421494,48.0655227 36.7410595,48.065686 36.7407419,48.0653244 36.7403233,48.0651439 36.7388388,48.0659582 36.7391208,48.0670095 36.7386303,48.0678313 36.7375325,48.0681163 36.7330192,48.0684188 36.7298365,48.0690752 36.7287373,48.070016 36.7264088,48.0711783 36.7261636,48.0717288 36.7260064,48.0727073 36.7254127,48.0736123 36.7260837,48.0746647 36.7259652,48.0752946 36.7249415,48.0759812 36.7244776,48.0767113 36.7257363,48.0793367 36.7253094,48.0796499 36.7245662,48.0799698 36.7234297,48.0800623 36.7216228,48.0818884 36.7210197,48.0832535 36.7185151,48.0844996 36.7163401,48.0851098 36.7150956,48.0849664 36.7144519,48.0843644 36.7147952,48.0823862 36.7138103,48.0815238 36.713379,48.0804366 36.7110049,48.0801131 36.7038089,48.0824148 36.6992598,48.0827876 36.6981303,48.0844136 36.6970574,48.0847863 36.6928225,48.0863712 36.6905593,48.0867935 36.6888111,48.0867572 36.684113,48.0859963 36.6829029,48.0865813 36.6815848,48.0871226 36.6792367,48.0892693 36.6762568,48.0908105 36.6730436,48.0909115 36.6686768,48.0909986 36.665265,48.0886501 36.6635914,48.0877366 36.6502877,48.0924092 36.6502334,48.0921881 36.6512361,48.0896984 36.65148,48.0885682 36.6512089,48.0877247 36.6493364,48.0880221 36.6481449,48.0893338 36.6469962,48.0894415 36.6449582,48.0887138 36.6439893,48.0871774 36.6425565,48.0877268 36.6415528,48.0889068 36.6388897,48.0895849 36.637762,48.0893076 36.6369658,48.087979 36.6358262,48.0876251 36.634115,48.0880937 36.6311136,48.0892883 36.6291194,48.0891117 36.6286373,48.0882493 36.6280315,48.0870011 36.6285654,48.0864487 36.6304846,48.0868175 36.6320665,48.0868443 36.6328329,48.0865843 36.6331013,48.0856008 36.6319212,48.0840921 36.6301617,48.0834255 36.6294749,48.0837264 36.628791,48.0847728 36.6285791,48.0856759 36.6276832,48.0860199 36.6255052,48.0852458 36.6240245,48.0826082 36.6226941,48.0822354 36.6214911,48.0827702 36.6213955,48.0836807 36.620902,48.083953 36.6202819,48.0840123 36.6184324,48.0849727 36.6174021,48.0865265 36.6118658,48.0871314 36.6115454,48.0873653 36.6112249,48.0882299 36.6104123,48.0897297 36.6064266,48.0901493 36.6041789,48.0909129 36.6023602,48.0911031 36.6002358,48.0899147 36.600131,48.0886116 36.6043367,48.0869775 36.6045513,48.0864329 36.6044225,48.0857735 36.6013326,48.0847414 36.6004347,48.0846723 36.5989172,48.0844182 36.5983285,48.083996 36.5946807,48.0825339 36.5934791,48.0823619 36.5913333,48.0823332 36.592128,48.0805452 36.6009658,48.0706034 36.5986526,48.0576872 36.5939333,48.0504835 36.5904587,48.0476382 36.6001132,48.0390071 36.6191494,48.0340973 36.6214938,48.0280888 36.6309666,47.9900151 36.6148304,47.9876024 36.6205738,47.9664286 36.6083231,47.964632 36.5847115,47.9632355 36.5874125,47.9564459 36.5920047,47.9569391 36.5932496,47.9574322 36.6286849,47.9616827 36.639758,47.9201984 36.6174421,47.9174086 36.5934748,47.9216938 36.5895767,47.9218563 36.5917676,47.9110104 36.5818347,47.9100742 36.5814498,47.9093217 36.5807217,47.9090294 36.5723187,47.9089441 36.5415109,47.9059909 36.5493422,47.8775397 36.5642846,47.8785253 36.5773459,47.880266 36.5796952,47.8686266 36.5854036,47.8474403 36.6043472,47.8507051 36.6080008,47.8403866 36.5985566,47.8172678 36.5884797,47.815886 36.5870313,47.7855307 36.5940552,47.7835993 36.6120831,47.7859225 36.6163157,47.7857946 36.6222135,47.7869585 36.6222533,47.7876323 36.6713203,47.7934369 36.6800939,47.7598335 36.6788655,47.7576147 36.6792349,47.7569809 36.6859763,47.7309517 36.6887229,47.7309517 36.7002243,47.7319908 36.7139572,47.6788526 36.7898316,47.6841689 36.7918916,47.6810486 36.7833085,47.679315 36.7807336,47.6751541 36.7848198,47.6731019 36.7798753,47.6698369 36.7793603,47.6663688 36.7764304,47.6684854 36.7755837,47.6644035 36.768637,47.665272 36.7683403,47.6666284 36.7529245,47.6654439 36.7548128,47.6610506 36.7183872,47.6580731 36.7254587,47.6299405 36.7661089,47.6342494 36.7661089,47.6233747 36.7455318,47.6211839 36.7456508,47.606255 36.764298,47.608826 36.7644143,47.6004688 36.8329067,47.6237292 36.8931034,47.5454152 36.9454942,47.5764954 36.9669518,47.5533297 36.9810628,47.5605993 37.0023488,47.5393966 37.0220169,47.5526283 37.0375394,47.5371948 37.0370244,47.5355723 37.0732452,47.4946458 37.0780517,47.4917461 37.0845394,47.4958344 37.1369316,47.4645973 37.169719,47.4679626 37.1796596,47.4831988 37.1951092,47.4784422 37.1884301,47.469007 37.2052529,47.468659 37.2086861,47.4670344 37.2121193,47.4665702 37.2113452,47.4697375 37.2235761,47.4696505 37.2234474,47.4685771 37.2405706,47.4685771 37.2409997,47.4695054 37.244905,47.4693604 37.2442184,47.468345 37.248982,47.4686932 37.2651974,47.46655 37.2545544,47.447515 37.2590605,47.4420295 37.2632233,47.4411877 37.2896591,47.4344534 37.2816769,47.4257438 37.282621,47.4241179 37.2844234,47.4220564 37.2865263,47.4210982 37.289187,47.4200819 37.2918907,47.4206916 37.2948519,47.4206045 37.2972551,47.4203432 37.3006454,47.4186009 37.3037783,47.4177588 37.3062674,47.4185138 37.311031,47.4201109 37.3124901,47.4169167 37.3109451,47.4160746 37.3111597,47.4155519 37.3131338,47.4133157 37.3153225,47.4136061 37.3205582,47.412125 37.3183266,47.4094822 37.3220173,47.40803 37.3336044,47.4065197 37.3342911,47.4057936 37.3338619,47.4045156 37.3331753,47.4014366 37.3351494,47.3969922 37.3370377,47.3963821 37.3396984,47.396324 37.3375097,47.4008557 37.3407713,47.4005652 37.3435179,47.4022209 37.3568608,47.4156172 37.409683,47.4006617 37.4082239,47.3958976 37.4059917,47.3919851 37.4111415,47.3886729 37.4219197,47.3825013 37.4208039,47.3814843 37.4195164,47.3800314 37.4178856,47.3782296 37.4173398,47.3752078 37.4173827,47.3733187 37.4172539,47.3712552 37.4156661,47.3702961 37.4121899,47.3687847 37.4098296,47.3676511 37.4075121,47.3662268 37.4065251,47.3648607 37.4057526,47.3626224 37.4054951,47.3606457 37.4062238,47.3590327 37.4073181,47.3561401 37.4920461,47.3628258 37.5749481,47.3694637 37.5899685,47.3703065 37.590183,47.3687951 37.5888527,47.3688533 37.5868356,47.3679232 37.5850332,47.3667024 37.5830591,47.3645805 37.5829733,47.3630689 37.5960624,47.3626038 37.5956616,47.3581511 37.6209816,47.3544008 37.61978,47.3526563 37.6193925,47.3508152 37.6379748,47.3464828 37.6369449,47.3431096 37.6372024,47.3379332 37.6995369,47.3327853 37.7024818,47.3486485 37.6995635,47.3490846 37.6941562,47.3494917 37.6990822,47.3711906 37.7247241,47.368909 37.8331414,47.3591104 37.8355017,47.3581801 37.8367892,47.3581801 37.8394499,47.3588488 37.8416815,47.3579476 37.8435269,47.359372 37.8493138,47.3609249 37.8520175,47.3617098 37.8540774,47.3629598 37.8553649,47.364326 37.8548499,47.3659828 37.8499575,47.3675234 37.8472539,47.3690929 37.8428336,47.3732782 37.841589,47.3767947 37.8419324,47.3787127 37.8495256,47.3830193 37.8554144,47.3855583 37.8581502,47.3873444 37.8593303,47.3886228 37.8595449,47.3911941 37.8576366,47.3946702 37.858102,47.400163 37.8600332,47.4034163 37.8611411,47.4068022 37.861664,47.4093705 37.8610227,47.4106327</coordinates>
            </LinearRing>
          </outerBoundaryIs>
        </Polygon>
      </Placemark>
      <Placemark>
        <name>Russian-controlled Mariupol Raion, Donetsk Oblast.</name>
        <Polygon>
          <outerBoundaryIs>
            <LinearRing>
              <tessellate>1</tessellate>
              <coordinates>37.8409018,47.101265 37.8371896,47.1070634 37.8278126,47.10645 37.826824,47.1172241 37.8220205,47.1180961 37.8203897,47.1194687 37.8191022,47.1242869 37.8187586,47.1267104 37.8174256,47.1286124 37.8154944,47.1298387 37.8149365,47.1312109 37.8112382,47.1453879 37.8048263,47.1592063 37.8037963,47.1608404 37.8005616,47.1712906 37.8024215,47.1804342 37.8130645,47.1994199 37.8248827,47.2268616 37.8275435,47.2370027 37.8339403,47.2503612 37.8350332,47.2639743 37.8372829,47.2680795 37.8382948,47.2744577 37.8417997,47.2783273 37.8427438,47.2844412 37.8425281,47.2881006 37.8427427,47.2912735 37.8421879,47.2966671 37.8381948,47.3004504 37.8411579,47.3040593 37.8420162,47.306591 37.8430032,47.3085407 37.8421879,47.3104612 37.8386688,47.3138073 37.8323583,47.3169784 37.8290109,47.3185495 37.8284101,47.320586 37.8311093,47.3247674 37.8322681,47.3272109 37.8333839,47.3316321 37.8334483,47.3343781 37.8321985,47.3375646 37.8330191,47.339264 37.8343924,47.3412125 37.8362754,47.3418687 37.8428844,47.3416942 37.8474334,47.3409672 37.8555926,47.3401947 37.8596513,47.3416555 37.8620117,47.3430805 37.8658311,47.3470933 37.8657635,47.3509537 37.8652485,47.353425 37.8631028,47.3560997 37.8603133,47.3562742 37.8570088,47.3551694 37.8551205,47.3532215 37.8526561,47.3517455 37.8478249,47.3506629 37.844588,47.3513966 37.8422277,47.3527922 37.8407439,47.3541228 37.8403576,47.3564777 37.8413876,47.3579313 37.8394499,47.3588488 37.8367892,47.3581801 37.8355017,47.3581801 37.8331414,47.3591104 37.6990822,47.3711906 37.6941562,47.3494917 37.6995635,47.3490846 37.7024818,47.3486485 37.6995369,47.3327853 37.6372024,47.3379332 37.6367039,47.343502 37.6379748,47.3464828 37.6193925,47.3508152 37.61978,47.3526563 37.6209816,47.3544008 37.5956616,47.3581511 37.5960624,47.3626038 37.5829733,47.3630689 37.5830591,47.3645805 37.5857507,47.3666886 37.5888527,47.3688533 37.590183,47.3687951 37.5899685,47.3703065 37.5733911,47.3692464 37.4073181,47.3561401 37.4055098,47.3609188 37.4058531,47.3628084 37.4065251,47.3648607 37.4075121,47.3662268 37.4098296,47.3676511 37.4153374,47.3701913 37.4172539,47.3712552 37.4174403,47.3748415 37.4180411,47.3780382 37.4209593,47.3816997 37.4219197,47.3825013 37.4103682,47.3890506 37.4059917,47.3919851 37.4082239,47.3958976 37.409683,47.4006617 37.3568608,47.4156172 37.3433699,47.4019715 37.3407713,47.4005652 37.3375097,47.4008557 37.3397651,47.3961327 37.3370377,47.3963821 37.3351494,47.3969922 37.3331753,47.4014366 37.3345723,47.4058637 37.3336044,47.4065197 37.3216119,47.408013 37.3183266,47.4094822 37.3205582,47.412125 37.3153225,47.4136061 37.3125567,47.4132406 37.3107972,47.4157091 37.3124901,47.4169167 37.311031,47.4201109 37.3037783,47.4177588 37.3006454,47.4186009 37.2972551,47.4203432 37.2927508,47.4206478 37.2914633,47.4206188 37.2888884,47.4200381 37.2848114,47.4218093 37.2816769,47.4257438 37.2896591,47.4344534 37.2635072,47.4409202 37.2598165,47.4415298 37.2545544,47.447515 37.2651974,47.46655 37.248982,47.4686932 37.2442184,47.468345 37.244905,47.4693604 37.2409997,47.4695054 37.2405706,47.4685771 37.2234474,47.4685771 37.2235761,47.4696505 37.2113452,47.4697375 37.2121193,47.4665702 37.2150015,47.4425719 37.2318605,47.4374344 37.2007899,47.384345 37.1970133,47.3834152 37.1946102,47.3731859 37.2037083,47.3563266 37.1614796,47.3419046 37.1522098,47.3657452 37.1448283,47.3783007 37.1436299,47.3778378 37.1420818,47.3802768 37.1050029,47.3755107 37.1211392,47.3401597 37.0917852,47.329922 37.0960766,47.3255006 37.0941885,47.3238716 37.0833737,47.3210789 37.0811422,47.3171222 37.0830305,47.3125834 37.0385343,47.299809 37.0358237,47.3017582 37.0365359,47.3049182 37.0344503,47.3093244 37.0236356,47.3142126 36.9472463,47.3110701 36.9439847,47.3209623 36.9263036,47.3193331 36.9276769,47.3087423 36.9335135,47.2971015 36.9432983,47.2566883 36.9424254,47.2542806 36.9493065,47.2284856 36.9563446,47.2288353 36.9637687,47.2016767 36.9404027,47.2018469 36.9367754,47.1998013 36.9316255,47.2006177 36.9311106,47.2066823 36.8821871,47.2056326 36.8887101,47.1999178 36.8551747,47.1989507 36.8574677,47.1970019 36.8545496,47.1967686 36.8559229,47.1908196 36.8596994,47.1919861 36.8586695,47.190003 36.8665303,47.1844337 36.8737401,47.183967 36.8761789,47.1762359 36.8780672,47.1748356 36.885277,47.175069 36.89025,47.1707418 36.8996914,47.1736009 36.9062053,47.167757 36.9054792,47.1648394 36.9086049,47.1635251 36.9103216,47.1657426 36.9132397,47.1655092 36.9140981,47.1688936 36.9206211,47.1725113 36.9238681,47.1708007 36.9252561,47.1685436 36.9230244,47.1650424 36.9230244,47.1627082 36.9221662,47.1597902 36.9271658,47.1606593 36.9341824,47.164809 36.9367703,47.1639729 36.9359978,47.1611134 36.9371007,47.157339 36.9410489,47.1559382 36.9463704,47.1581561 36.950662,47.1569888 36.9499753,47.1553546 36.9542881,47.1538307 36.9551776,47.1492877 36.9614766,47.1479999 36.9628499,47.1458984 36.974232,47.1400057 36.9719481,47.1376083 36.9700598,47.1360903 36.9725154,47.134751 36.9758963,47.1335212 36.9767545,47.1317695 36.9795535,47.1303132 36.9792932,47.1258438 36.9911742,47.1246452 36.9983839,47.1309521 37.0026888,47.1242154 37.00359,47.1207405 36.9998926,47.1162656 37.0004439,47.1149501 37.0069307,47.1132283 37.0083403,47.1158846 37.0121169,47.1129641 37.0104002,47.1092255 37.0124602,47.1079404 37.0026756,47.1018645 37.0055938,47.0976578 37.0107436,47.0978915 37.0090127,47.0929287 37.0129753,47.0901783 37.0102572,47.0874355 37.0086837,47.0850356 36.9868828,47.0793077 37.08061,47.0470341 37.0982543,47.0591113 37.1245554,47.0395475 37.0897081,47.0071325 37.141035,46.9819594 37.102567,46.9596675 37.0929699,46.967904 37.0835285,46.9627494 37.0809536,46.9623979 37.0215588,46.9280604 37.0323364,46.9185953 37.0630584,46.8834084 37.0927569,46.8940817 37.1133562,46.9027615 37.1279475,46.9083909 37.1379038,46.9102673 37.1497484,46.9110882 37.158221,46.9127541 37.1639963,46.9143715 37.1772143,46.9222274 37.1828791,46.9251584 37.1866556,46.9283237 37.1907755,46.9324266 37.1935972,46.933821 37.2021802,46.9335866 37.2066434,46.9335279 37.2124799,46.9346415 37.2189172,46.9405606 37.2212347,46.9437836 37.2254468,46.9468264 37.2299894,46.9488228 37.2328218,46.9503461 37.2390016,46.950932 37.2462972,46.9498774 37.2561677,46.9471236 37.2644075,46.9447797 37.2711881,46.9423186 37.2752222,46.9406192 37.2810586,46.9376304 37.2906717,46.9331763 37.2958215,46.930363 37.3001989,46.9270219 37.3155083,46.9164652 37.3210015,46.9096639 37.3210015,46.9062629 37.3230614,46.9019235 37.3240055,46.8988739 37.3244347,46.8945925 37.324778,46.8900761 37.3210873,46.8842101 37.3180832,46.8815702 37.3130192,46.8786955 37.3082127,46.875938 37.3039212,46.8743538 37.2983422,46.8724762 37.2943081,46.8707746 37.2898449,46.8691903 37.2876992,46.8696597 37.2870125,46.8710093 37.2864117,46.873415 37.2849526,46.8743538 37.2841801,46.8723002 37.2852959,46.8694837 37.2855534,46.8677233 37.2887291,46.8674299 37.292334,46.8673125 37.2967114,46.867782 37.3022904,46.8691903 37.3081269,46.8707159 37.3131909,46.8724176 37.3187699,46.8755273 37.3331036,46.8874952 37.3400559,46.8929502 37.3441758,46.8968799 37.3483815,46.9020994 37.3515572,46.9056179 37.3549046,46.9097812 37.372414,46.9281308 37.3972125,46.9535375 37.4132628,46.9661323 37.4248499,46.9753861 37.4427722,46.9909102 37.4512695,47.000628 37.4557327,47.0065398 37.4728552,47.0272562 37.47852,47.032112 37.4832407,47.035505 37.4870172,47.0389562 37.4909654,47.0417639 37.4933687,47.0428752 37.4949995,47.0425827 37.4973169,47.040711 37.4986832,47.0415183 37.4970739,47.0434192 37.5014942,47.0479665 37.4991124,47.0493262 37.5047557,47.0548818 37.5067298,47.0541801 37.5110438,47.057806 37.5152066,47.0610804 37.5183824,47.0605834 37.5189403,47.0698501 37.5210765,47.072327 37.5282863,47.0769888 37.5331106,47.0792744 37.53369,47.0790552 37.5348701,47.0796397 37.5347092,47.0799977 37.5362649,47.0805895 37.5379815,47.080984 37.5402131,47.0814005 37.5436628,47.0817349 37.5473214,47.0826482 37.5488771,47.082787 37.5499285,47.082787 37.5506259,47.0828893 37.5555718,47.0835687 37.5579107,47.0838098 37.5591767,47.0839705 37.560035,47.0841896 37.5658179,47.0850736 37.5673843,47.0852489 37.5696803,47.0852928 37.5716329,47.0851613 37.5730062,47.0853658 37.5744224,47.0858188 37.5732916,47.0871605 37.5767249,47.0879202 37.5793427,47.0891475 37.5824326,47.0894689 37.5834197,47.0876865 37.5823468,47.0848521 37.5804585,47.0819006 37.5804585,47.0814038 37.5836557,47.0810166 37.5844165,47.0800034 37.5852104,47.0791778 37.5857147,47.0789001 37.5866695,47.0787321 37.5873347,47.0787175 37.5886544,47.0787905 37.5913902,47.0797111 37.592667,47.0800326 37.5935789,47.0803687 37.5942978,47.0806901 37.5948449,47.0812965 37.5951453,47.081786 37.5952955,47.0823486 37.595199,47.0827577 37.5936169,47.0859789 37.59587,47.0862857 37.6018996,47.0863442 37.604217,47.0863588 37.6070065,47.0857744 37.6071996,47.0846201 37.60853,47.0839626 37.6110835,47.0845471 37.6203098,47.0876157 37.6258888,47.092802 37.6267256,47.0936347 37.6268115,47.0943067 37.6294273,47.0948471 37.6304251,47.0948325 37.633334,47.0943385 37.6331301,47.0937688 37.63357,47.0934255 37.6349648,47.0930676 37.6362308,47.0928923 37.6367887,47.0933597 37.6383336,47.0931406 37.6415415,47.092359 37.6443632,47.0917455 37.6453288,47.0914241 37.6509615,47.0902298 37.6549741,47.0889734 37.6579781,47.0881699 37.6621195,47.0871326 37.6769319,47.0825845 37.6777043,47.07861 37.6812663,47.0773533 37.6845708,47.0781717 37.6868024,47.0795452 37.6938405,47.0808311 37.702724,47.0803927 37.7101483,47.0802758 37.7159848,47.0804512 37.7207484,47.0809772 37.7243104,47.0813279 37.7370534,47.0832635 37.7368818,47.0840087 37.7341137,47.0842133 37.7328692,47.0850022 37.7335558,47.0861127 37.7361307,47.0865656 37.7379117,47.087486 37.7404866,47.087749 37.7418814,47.0885233 37.7432118,47.0888301 37.7478252,47.0883772 37.7489195,47.0879389 37.7485333,47.0858497 37.7491126,47.084973 37.75349,47.0861419 37.7585755,47.0869016 37.7613006,47.0872669 37.7650136,47.0880568 37.7706355,47.0884074 37.7741117,47.0884951 37.7779311,47.0882029 37.7822227,47.0879107 37.7854842,47.0875016 37.7879733,47.0866834 37.7911061,47.0854854 37.794196,47.0849302 37.7979726,47.0860406 37.8014058,47.0866834 37.8063411,47.0878522 37.8138513,47.0895762 37.818057,47.0901606 37.8237218,47.0924688 37.8270692,47.0948062 37.831232,47.0969681 37.8335065,47.098312 37.8367252,47.0995682 37.8389568,47.1001817 37.8409018,47.101265</coordinates>
            </LinearRing>
          </outerBoundaryIs>
        </Polygon>
      </Placemark>
      <Placemark>
        <name>Russian-controlled Donetsk Raion, Donetsk Oblast.</name>
        <Polygon>
          <outerBoundaryIs>
            <LinearRing>
              <tessellate>1</tessellate>
              <coordinates>37.5496501,48.0038105 37.554008,48.0053644 37.5566453,48.0075001 37.5576129,48.0085227 37.5615103,48.0080021 37.5736983,48.0078012 37.5740416,48.0140599 37.5891478,48.0159259 37.6149584,48.0180966 37.6204516,48.0194171 37.6226832,48.0197615 37.6148791,48.0564851 37.5402922,48.0507478 37.5423459,48.0357394 37.5464657,48.0367724 37.5470666,48.036715 37.5492437,48.0064188 37.5496501,48.0038105</coordinates>
            </LinearRing>
          </outerBoundaryIs>
        </Polygon>
      </Placemark>
      <Placemark>
        <name>Russian-controlled Donetsk Raion, Donetsk Oblast.</name>
        <Polygon>
          <outerBoundaryIs>
            <LinearRing>
              <tessellate>1</tessellate>
              <coordinates>37.6980712,48.0720292 37.7202155,48.0722873 37.7244212,48.0721152 37.7267359,48.0755449 37.7279403,48.0766171 37.7276861,48.0792395 37.7300894,48.0793542 37.7406036,48.0814759 37.7421057,48.0848876 37.7434448,48.0864124 37.7499163,48.0864357 37.7585081,48.0855811 37.7633913,48.0869369 37.7653654,48.0877396 37.7664474,48.0891931 37.7685411,48.0910362 37.7716831,48.091859 37.7744635,48.0935587 37.7761463,48.0940662 37.7838001,48.0966111 37.7851806,48.0990461 37.7900658,48.1026298 37.7913962,48.1046072 37.795001,48.1078741 37.7954803,48.1085319 37.7959953,48.1095922 37.7965103,48.1111968 37.7976261,48.1124576 37.7962099,48.1127154 37.7918403,48.1111164 37.790982,48.1106866 37.7858406,48.1081382 37.7791029,48.1073358 37.7750065,48.1071183 37.7745968,48.1071782 37.7741482,48.1079779 37.7594005,48.1124174 37.7574908,48.1126108 37.7562041,48.1130753 37.755775,48.1134048 37.7550661,48.1141938 37.7543365,48.1138715 37.7531142,48.1137773 37.7531571,48.1134908 37.7199577,48.1088277 37.7213023,48.1045926 37.6927118,48.1025598 37.6952356,48.0872688 37.7031223,48.087782 37.7048534,48.0773782 37.6815718,48.076389 37.682153,48.0725004 37.6869057,48.0719268 37.6963256,48.0718695 37.6964009,48.0710953 37.6980712,48.0720292</coordinates>
            </LinearRing>
          </outerBoundaryIs>
        </Polygon>
      </Placemark>
      <Placemark>
        <name>Russian-controlled Donetsk Raion, Donetsk Oblast.</name>
        <Polygon>
          <outerBoundaryIs>
            <LinearRing>
              <tessellate>1</tessellate>
              <coordinates>37.8079016,48.1204792 37.8122205,48.1243458 37.8119415,48.125463 37.8113836,48.1263797 37.811684,48.126838 37.81295,48.1276687 37.8141517,48.1280554 37.8153747,48.1276974 37.8167914,48.1270095 37.8190869,48.1274682 37.8217715,48.1301986 37.8211063,48.1322896 37.8203982,48.1333207 37.8200978,48.1346382 37.8189177,48.1358984 37.8196043,48.1370869 37.8196901,48.1380463 37.8168274,48.145023 37.8157625,48.1488381 37.8176937,48.1539345 37.8193674,48.156139 37.823144,48.1565398 37.8251181,48.1579139 37.8273926,48.1608912 37.8300962,48.1630953 37.8303537,48.1646983 37.829791,48.1687966 37.8291473,48.1705711 37.8284393,48.1714985 37.829083,48.1727005 37.8302417,48.1735018 37.828542,48.1822806 37.8192908,48.1812913 37.8170806,48.1825217 37.8166007,48.1833371 37.8155786,48.1842171 37.8147124,48.1853114 37.8141545,48.1855117 37.8026143,48.1760888 37.7956513,48.1749584 37.7956942,48.1744146 37.7939561,48.1739782 37.7941493,48.1735417 37.7917997,48.1730266 37.7920464,48.1725472 37.7892926,48.1720737 37.7927431,48.1627739 37.7912411,48.1623016 37.7877221,48.160398 37.7861127,48.1600831 37.7856192,48.1597968 37.7853516,48.1592356 37.7850184,48.1575782 37.7853402,48.1572203 37.785137,48.1552563 37.7846107,48.154701 37.7826559,48.1547742 37.7790939,48.1529992 37.7770769,48.1514531 37.7757894,48.1498497 37.7755053,48.144704 37.776707,48.1433009 37.7821838,48.1416029 37.7824413,48.1432065 37.7835142,48.1431206 37.7836593,48.1417831 37.7890502,48.1418606 37.7923711,48.1421268 37.7936585,48.1420695 37.7958787,48.1423603 37.7976497,48.1425563 37.8001488,48.1424175 37.8079016,48.1204792</coordinates>
            </LinearRing>
          </outerBoundaryIs>
        </Polygon>
      </Placemark>
      <Placemark>
        <name>Russian-controlled Izyum Raion, Kharkiv Oblast.</name>
        <Polygon>
          <outerBoundaryIs>
            <LinearRing>
              <tessellate>1</tessellate>
              <coordinates>37.8449253,49.5033599 37.8439811,49.5029279 37.8434447,49.5021337 37.8433159,49.5012697 37.8432945,49.5006286 37.8426722,49.4998064 37.8416852,49.4990957 37.8411702,49.4984407 37.840239,49.4977874 37.8389945,49.4974808 37.8379645,49.4970627 37.8367843,49.4968537 37.835411,49.4964635 37.8345098,49.4962266 37.8180947,49.4977178 37.807177,49.4986791 37.8067908,49.4975224 37.8034863,49.4922402 37.7882484,49.4957097 37.7717064,49.4996378 37.7723931,49.5065494 37.7506391,49.5059359 37.7324001,49.5114813 37.7212833,49.5165435 37.7160906,49.5176301 37.7144421,49.5180125 37.7138842,49.5159507 37.7133693,49.5151984 37.712511,49.5147526 37.7105368,49.5145576 37.7080048,49.5146969 37.7057303,49.5146969 37.7004118,49.5152945 37.6997252,49.5128147 37.6985236,49.5108084 37.6969197,49.5079827 37.7060604,49.5076479 37.7199711,49.5051592 37.7306759,49.4994358 37.7242139,49.4900333 37.7404359,49.4862418 37.7429099,49.489525 37.7936583,49.4773114 37.7812101,49.4587101 37.7704419,49.4611481 37.7665379,49.4565573 37.7457711,49.459334 37.743282,49.4594177 37.7416941,49.4605335 37.7400204,49.4612587 37.736158,49.4601709 37.7313908,49.4561085 37.7281454,49.4540344 37.7267768,49.4520216 37.7270583,49.4444741 37.7221905,49.4421721 37.702501,49.4376212 37.6954525,49.4409556 37.6898642,49.4456855 37.6816244,49.4416674 37.6718827,49.4385979 37.6675642,49.430363 37.6659014,49.423879 37.6641386,49.4187389 37.6740186,49.4161587 37.6795976,49.4065536 37.694295,49.4019587 37.7054946,49.4002055 37.7224045,49.4051423 37.7315013,49.401937 37.7369098,49.4081684 37.7465657,49.4047616 37.7505568,49.4043427 37.7522268,49.4056389 37.7563922,49.406461 37.7677218,49.4046179 37.7867297,49.398247 37.8005092,49.3940609 37.8183583,49.389644 37.8226928,49.390929 37.8393869,49.3914318 37.845802,49.3875063 37.8464869,49.3791931 37.8480328,49.3775524 37.850122,49.3767284 37.8594148,49.3768583 37.8604227,49.3806371 37.8708072,49.3784048 37.8778463,49.3780107 37.8834253,49.3794636 37.8919748,49.3795546 37.8952364,49.3940812 37.8960089,49.4038563 37.8810087,49.4145861 37.8793577,49.4135177 37.8786094,49.4136684 37.8807755,49.4159887 37.8809161,49.4166209 37.8805513,49.416914 37.8780046,49.4173501 37.8770859,49.4174375 37.8753049,49.4175143 37.8759379,49.4187915 37.8772146,49.4191196 37.8773326,49.4203828 37.8778154,49.4217158 37.8795701,49.4353437 37.8748495,49.4364042 37.8760511,49.4467289 37.8451672,49.4451285 37.8439504,49.4453617 37.8477706,49.469063 37.8504735,49.4887307 37.8434459,49.4912381 37.8405172,49.4917972 37.8380386,49.4917956 37.8372985,49.4924383 37.8390581,49.4940551 37.8400451,49.4946683 37.8454524,49.5025283 37.8449253,49.5033599</coordinates>
            </LinearRing>
          </outerBoundaryIs>
        </Polygon>
      </Placemark>
      <Placemark>
        <name>Russian-controlled Vasylivka Raion, Zaporizhzhia Oblast.</name>
        <Polygon>
          <outerBoundaryIs>
            <LinearRing>
              <tessellate>1</tessellate>
              <coordinates>35.2837006,47.6031288 35.2858905,47.6000601 35.2964148,47.5847169 35.2989332,47.5820978 35.3010922,47.5805277 35.3047697,47.5792175 35.3087312,47.5779223 35.3122502,47.5761273 35.3174001,47.5743323 35.3207475,47.5724215 35.3228932,47.570858 35.325554,47.5680783 35.3278714,47.5639085 35.3299321,47.5550547 35.3316917,47.5476976 35.3374481,47.5301882 35.3373194,47.5281308 35.3358602,47.5259575 35.3331137,47.5236101 35.3304529,47.5208569 35.3279209,47.5190311 35.3234148,47.5172051 35.3172779,47.5138139 35.3113647,47.5126042 35.3053566,47.5118505 35.2976318,47.5098794 35.2917095,47.5075603 35.284843,47.5050672 35.2796932,47.5021101 35.2765174,47.4977611 35.2744575,47.4939917 35.2749725,47.490744 35.2781559,47.4827974 35.2803875,47.4784468 35.2830482,47.4725875 35.2829624,47.4687583 35.2784134,47.4636522 35.2738643,47.4601124 35.2715469,47.4577331 35.2671696,47.4565725 35.267427,47.459358 35.2680279,47.4623756 35.2680279,47.4651028 35.2694012,47.4700347 35.2695728,47.4724134 35.2667404,47.4728776 35.2616764,47.4721234 35.2581573,47.4699187 35.2530933,47.4674238 35.2396691,47.4625925 35.2360642,47.4598651 35.2271378,47.4547581 35.2220738,47.4519723 35.2134049,47.448664 35.2019894,47.4451813 35.1940071,47.4450652 35.1809609,47.4454715 35.1739228,47.4447169 35.1640522,47.4452974 35.1458527,47.4467658 35.1364113,47.4478106 35.1247383,47.4495519 35.1173569,47.4501323 35.1024784,47.4503586 35.0865437,47.451119 35.0774456,47.4508288 35.0695492,47.4502484 35.0628544,47.4488554 35.0596787,47.4462434 35.0560738,47.4444439 35.053413,47.4428766 35.0466324,47.4378841 35.0305994,47.4200509 35.0285395,47.4174374 35.023733,47.4140108 35.0164374,47.4109324 35.0114592,47.4079119 35.0045927,47.4048331 34.9843367,47.3954215 34.9778135,47.3924001 34.9742945,47.3906569 34.9683722,47.3893204 34.9632223,47.3892042 34.9524077,47.3889718 34.9433897,47.3895174 34.9385832,47.39097 34.9319742,47.3922484 34.9222754,47.3943982 34.9145506,47.3961413 34.9089716,47.3974195 34.9030493,47.3992205 34.892063,47.4023577 34.8869131,47.4043329 34.8797892,47.4071793 34.8757551,47.408922 34.8731802,47.4108388 34.869747,47.4142076 34.8669146,47.4175181 34.8647688,47.420538 34.8633955,47.4241385 34.864168,47.4261709 34.8656271,47.4290162 34.8680304,47.4314548 34.8724687,47.4380573 34.8739278,47.441018 34.874872,47.4446751 34.8731553,47.4471131 34.8669755,47.4494348 34.8636281,47.4493187 34.8592508,47.4491446 34.8561609,47.449667 34.851526,47.4514663 34.845432,47.4539619 34.8412263,47.4558191 34.8377073,47.4572119 34.83024,47.4606938 34.8250902,47.4628989 34.8209703,47.463189 34.8162496,47.4641755 34.8095548,47.465336 34.8008001,47.46551 34.7920453,47.4675409 34.781059,47.4714862 34.7748792,47.474155 34.7583997,47.4823925 34.7520482,47.4895847 34.7463834,47.4905126 34.7357404,47.4916726 34.7271573,47.4923685 34.7182309,47.4893527 34.7083437,47.4888832 34.6988332,47.4912086 34.6868169,47.4917886 34.6761739,47.4944563 34.6761739,47.5000233 34.6787799,47.5078114 34.6773208,47.5100145 34.670626,47.517145 34.6657336,47.5215503 34.6553481,47.5265349 34.6502841,47.5308235 34.6477092,47.5365605 34.6420444,47.5377194 34.6363795,47.5301281 34.6290839,47.5283895 34.6171535,47.5271724 34.6124328,47.5269406 34.6048797,47.5259553 34.6011889,47.5245643 34.5953525,47.5238688 34.5922626,47.5213764 34.5902026,47.5206809 34.5837653,47.5213764 34.5769847,47.5198114 34.5738948,47.5213764 34.5724357,47.5229994 34.565655,47.5250859 34.5581019,47.5266508 34.549948,47.5289111 34.5455707,47.5309394 34.53879,47.5308815 34.5329536,47.5293747 34.528662,47.5246223 34.5260013,47.5217242 34.5233405,47.5181304 34.5200789,47.5127972 34.51347,47.5083912 34.5103801,47.5045066 34.5074618,47.5006217 34.5011962,47.4987081 34.492184,47.4988241 34.4812835,47.4987081 34.4668639,47.4989401 34.454161,47.4980122 34.4321021,47.4964468 34.4243773,47.4974326 34.4162234,47.4985344 34.4089278,47.5001 34.4046363,47.5017236 34.3983706,47.5035211 34.3933066,47.5069419 34.3908175,47.5101887 34.3853244,47.5118119 34.3812903,47.5103626 34.3773421,47.5077536 34.3739947,47.5048547 34.3754538,47.5035791 34.380947,47.5032892 34.3816337,47.5005059 34.3810328,47.4983604 34.3765696,47.4936052 34.3727931,47.4898354 34.3722781,47.4875735 34.3701323,47.4858915 34.3661841,47.4839774 34.3625792,47.4823532 34.3593177,47.4829333 34.354348,47.4815546 34.351859,47.4799594 34.3499707,47.4781611 34.3470524,47.4755505 34.3452929,47.4729109 34.3425463,47.4695748 34.3410443,47.4676891 34.3397568,47.4641207 34.34344,47.4521218 34.342453,47.4499453 34.3393201,47.4476236 34.3359298,47.445621 34.3346853,47.4445762 34.3313808,47.4404256 34.3288059,47.4380454 34.325716,47.4363908 34.3230981,47.4352878 34.318592,47.4334008 34.3121118,47.4317461 34.3068207,47.4297423 34.3026579,47.4280584 34.2992676,47.4273616 34.2958773,47.426839 34.294032,47.4258809 34.2914999,47.4252421 34.2891825,47.4264906 34.2862214,47.428581 34.2825306,47.4315132 34.2789258,47.4339808 34.2728747,47.4355483 34.2687548,47.4355774 34.265622,47.4354612 34.2621029,47.4344452 34.2591847,47.4339517 34.2562235,47.4333421 34.2452372,47.4275648 34.2473259,47.4241629 34.2564668,47.3956137 34.2515316,47.3915174 34.261089,47.3596649 34.2725903,47.3611185 34.2929524,47.2758107 34.3050545,47.2694046 34.3090027,47.2727824 34.3290871,47.2899013 34.3577926,47.2934138 34.3699805,47.2833127 34.4017486,47.2868106 34.3991736,47.2985119 34.4194297,47.3008984 34.4140026,47.3234549 34.4744274,47.3301453 34.4746511,47.328906 34.4876976,47.2804821 34.5185965,47.2828113 34.5220298,47.2683693 34.5288963,47.2683693 34.5309562,47.2506608 34.4911308,47.2464659 34.5171809,47.118824 34.5497107,47.1211601 34.5448315,47.1434419 34.5985236,47.1479985 34.6014418,47.1344248 34.7121449,47.1440374 34.7156425,47.1447087 34.7174879,47.1453363 34.7184106,47.1467811 34.7183247,47.1483426 34.7181673,47.150245 34.7183175,47.1509454 34.7190685,47.1516313 34.7210212,47.1524338 34.7624589,47.1558647 34.8127557,47.159527 34.8147942,47.1601982 34.8300523,47.1715561 34.8569859,47.154415 34.8505057,47.1427112 34.8727179,47.1448867 34.8747135,47.1332537 34.9552434,47.1413707 34.962539,47.086084 34.9635261,47.0777262 35.0239733,47.0823849 35.0253037,47.0783812 35.065215,47.0822973 35.0620323,47.0945354 35.1034608,47.098663 35.1059499,47.0878819 35.1399389,47.090424 35.1472393,47.1157447 35.1655686,47.1181326 35.1741517,47.1188627 35.1722407,47.127908 35.1788497,47.128638 35.1725548,47.151491 35.2055138,47.1553433 35.2077454,47.1462958 35.2191281,47.1476837 35.2223897,47.1335844 35.2643291,47.1384727 35.2829903,47.1759831 35.2900238,47.176916 35.3204937,47.1741739 35.3224058,47.2028506 35.3811021,47.1791051 35.3917021,47.2021444 35.4054351,47.1968666 35.4464434,47.1852492 35.4412936,47.1742231 35.4904663,47.1614401 35.5000275,47.1816059 35.5071031,47.1974718 35.4884778,47.2009709 35.4999044,47.2186779 35.5097999,47.2337656 35.5018176,47.2369709 35.512694,47.2502194 35.5238949,47.2461118 35.5542706,47.2754543 35.5702351,47.2690773 35.5780028,47.2670388 35.5795907,47.2686696 35.5812644,47.2715234 35.5877446,47.2784824 35.5753143,47.2833319 35.5813869,47.2905222 35.5967453,47.3071324 35.5993202,47.3058811 35.6065299,47.3123409 35.6018951,47.3148723 35.599528,47.3164524 35.5788643,47.3340079 35.6062737,47.3640203 35.6292644,47.385895 35.6517193,47.4065932 35.6824939,47.4333914 35.6756704,47.4367588 35.6064921,47.4385592 35.5995398,47.4385592 35.587651,47.438095 35.5792178,47.4751613 35.5629212,47.54723 35.5602697,47.5472863 35.5511181,47.5467511 35.5397898,47.5450575 35.5204582,47.5434261 35.5190174,47.5451869 35.4991919,47.5441884 35.4885696,47.5445073 35.4873028,47.5501403 35.4863642,47.5569816 35.4837548,47.5671366 35.4968654,47.5677012 35.4983031,47.5684975 35.5007707,47.5706836 35.5006634,47.5741724 35.5010067,47.5761266 35.500363,47.5821192 35.4915224,47.5817573 35.4900633,47.5822205 35.4879524,47.5922484 35.4759361,47.5922484 35.4751636,47.5986153 35.4616438,47.5984273 35.4609142,47.6057194 35.455464,47.6056039 35.4551421,47.6138496 35.454472,47.6181957 35.4404976,47.6181441 35.4388134,47.61428 35.4290935,47.6142461 35.4139658,47.6137977 35.4146283,47.6068092 35.4124397,47.6055795 35.4095214,47.6052031 35.4088335,47.6044314 35.3781061,47.603737 35.3772908,47.6129667 35.3685789,47.6127931 35.3673773,47.6132849 35.361455,47.6131114 35.3462647,47.6150994 35.3465397,47.6199822 35.3332877,47.6270517 35.3367889,47.6315698 35.3368571,47.635625 35.3359347,47.6402231 35.3213646,47.6406566 35.3170343,47.6413822 35.3135969,47.6420734 35.3058293,47.6429119 35.3027823,47.6437215 35.3001644,47.6446179 35.2991345,47.6456298 35.3000786,47.6469309 35.3003361,47.6480584 35.3037693,47.6522793 35.309852,47.6574426 35.3031255,47.6616592 35.297332,47.6593615 35.2898647,47.6529731 35.2872898,47.6488968 35.2845474,47.6462976 35.2812151,47.6455601 35.2799062,47.6447505 35.2793054,47.6441578 35.2789835,47.6430302 35.2788548,47.6388953 35.2779015,47.6330522 35.2779444,47.6311145 35.2801331,47.6269787 35.2802619,47.6227558 35.282215,47.6162731 35.2810198,47.6096962 35.2800822,47.608385 35.2837006,47.6031288</coordinates>
            </LinearRing>
          </outerBoundaryIs>
        </Polygon>
      </Placemark>
      <Placemark>
        <name>Russian-controlled Berdyansk Raion, Zaporizhzhia Oblast.</name>
        <Polygon>
          <outerBoundaryIs>
            <LinearRing>
              <tessellate>1</tessellate>
              <coordinates>35.9170473,46.6585611 35.9244095,46.6606468 35.9285154,46.6611985 35.93428,46.6615304 35.9415756,46.6623551 35.9511887,46.6626496 35.9803711,46.663651 35.9955631,46.6650647 36.011871,46.6679508 36.029372,46.6700424 36.0455081,46.6695713 36.0559795,46.6682755 36.0648908,46.6670575 36.0760639,46.6645058 36.0976932,46.6588509 36.1122844,46.6588509 36.1232707,46.6616784 36.1332271,46.6656839 36.1452434,46.6686289 36.1696193,46.6707492 36.1929233,46.6699693 36.2126643,46.6652573 36.221419,46.6593668 36.2298304,46.6531221 36.2385852,46.6453447 36.2471682,46.6399234 36.2530047,46.6343838 36.2576396,46.628372 36.2609311,46.6197101 36.2616177,46.6095695 36.2607594,46.6036729 36.2590428,46.5976577 36.2537213,46.5922316 36.2487431,46.5876309 36.2429067,46.5801981 36.2396451,46.5752423 36.2362119,46.5724102 36.2307187,46.5678077 36.2279721,46.5639131 36.2250539,46.5613165 36.2132815,46.5488272 36.2073592,46.5448721 36.2030677,46.5421565 36.1996345,46.536902 36.1942271,46.5318242 36.1871032,46.528045 36.1822108,46.5269821 36.1756019,46.5252105 36.1695937,46.5243837 36.1640147,46.524738 36.161354,46.5262735 36.1609248,46.5293441 36.1616115,46.5324737 36.1586074,46.5374924 36.1556033,46.5414481 36.1522559,46.5422155 36.1528567,46.5367839 36.1532001,46.5318242 36.1524276,46.5273364 36.1518268,46.5224348 36.1513976,46.5184778 36.1514834,46.5135164 36.1465911,46.5066051 36.1429004,46.5048328 36.139553,46.5045965 36.1352614,46.5036513 36.1352614,46.5017608 36.142557,46.5016426 36.1479644,46.5025879 36.1544017,46.5028242 36.161354,46.4999883 36.1656455,46.4981568 36.1700229,46.4989839 36.1766318,46.5045965 36.1974029,46.5223758 36.2323359,46.5589792 36.2729069,46.6075147 36.2953087,46.635398 36.3248465,46.670214 36.3492224,46.6915893 36.3578913,46.6974763 36.3639853,46.7013026 36.3725684,46.7078359 36.3821254,46.7129841 36.3931117,46.7176919 36.4072738,46.7225169 36.416286,46.7261649 36.4272723,46.7291066 36.437057,46.7318128 36.4448676,46.7354013 36.4837292,46.7458476 36.5085342,46.7511406 36.5275887,46.7569035 36.5434673,46.7593144 36.5562561,46.7604903 36.5680149,46.7619015 36.5778854,46.7640769 36.5866402,46.766605 36.5936783,46.7701324 36.5990856,46.7725426 36.604493,46.7751879 36.6091278,46.7774804 36.6136768,46.7788911 36.6184834,46.7795376 36.6290399,46.7803283 36.6389105,46.7810924 36.6510126,46.781739 36.6551325,46.7816214 36.6584799,46.7816214 36.6653463,46.7813275 36.6717836,46.7802108 36.6780493,46.7793291 36.6849157,46.7791528 36.6943571,46.7799757 36.6994211,46.7808573 36.7054292,46.7816214 36.7118665,46.7808573 36.7172739,46.7798581 36.723282,46.7779772 36.7265436,46.7769192 36.7297193,46.7754497 36.7319509,46.7749794 36.7316934,46.7735686 36.7436239,46.7688657 36.7454263,46.7708057 36.7547819,46.7669844 36.7602751,46.763986 36.7715214,46.758018 36.7731522,46.7561951 36.7720364,46.7542546 36.7738388,46.7482561 36.7766712,46.7495499 36.7779587,46.7522552 36.7796753,46.7524316 36.7832802,46.7509614 36.7886017,46.7497852 36.793494,46.7468446 36.7984722,46.7431393 36.8030212,46.7389042 36.8060253,46.7359043 36.8100594,46.7326688 36.8134926,46.7279623 36.8187786,46.7221958 36.8209507,46.7181793 36.8239548,46.7134127 36.8260147,46.7094697 36.8278172,46.707292 36.8291271,46.7045061 36.8285038,46.7014061 36.8276455,46.6985806 36.8242123,46.695284 36.8219807,46.691634 36.8206932,46.6893379 36.8183758,46.6869828 36.8164875,46.6856285 36.8109943,46.6820367 36.8085052,46.6802113 36.8062736,46.6796225 36.8032696,46.6836855 36.8041279,46.6957549 36.8059303,46.7009352 36.8086769,46.704408 36.8088486,46.706468 36.8063595,46.7067034 36.8048145,46.7041725 36.8033554,46.7008763 36.8022396,46.6985217 36.8019821,46.69705 36.8018105,46.6928114 36.8018963,46.6875127 36.8014671,46.6835677 36.8006947,46.6799169 36.8011238,46.6783858 36.8036129,46.6763247 36.8036129,46.6728501 36.8023254,46.6699642 36.8012096,46.667785 36.7976047,46.667785 36.7967464,46.6701409 36.7982056,46.6729679 36.7946865,46.6744402 36.7923917,46.6722416 36.7908241,46.6697286 36.7912533,46.667785 36.7912533,46.6647221 36.7796399,46.6570978 36.7732885,46.653239 36.7692115,46.6507056 36.7658212,46.6496156 36.7623021,46.650794 36.7592552,46.6532979 36.7596843,46.6554483 36.7618301,46.65698 36.7647483,46.6580993 36.7671945,46.659572 36.7678382,46.6608091 36.7668512,46.6614571 36.7650916,46.6602789 36.7630317,46.6588946 36.7617013,46.6580109 36.7601135,46.6574218 36.7579677,46.6565087 36.7575815,46.6553305 36.7580535,46.653239 36.7593839,46.6482015 36.757324,46.6461687 36.7550065,46.6460804 36.7516591,46.6456679 36.7498567,46.644018 36.7489126,46.6414547 36.7485263,46.6390681 36.7486551,46.6368876 36.7487409,46.6352374 36.7498567,46.6325558 36.7546632,46.6312592 36.7615297,46.6306403 36.7686965,46.6328505 36.7726877,46.635208 36.7768504,46.6384788 36.7839744,46.6439591 36.8019393,46.6616966 36.8197062,46.6826042 36.8220236,46.6872558 36.8233969,46.6901996 36.8293193,46.6980883 36.8343479,46.7081851 36.8353779,46.7092445 36.8388111,46.7170127 36.8409568,46.7199549 36.8446476,46.7253681 36.8497974,46.7374871 36.8598476,46.7567838 36.8765846,46.7835323 36.8914333,46.8028651 36.8986213,46.8108248 36.9166457,46.8235118 36.9431674,46.8385445 36.9674575,46.8539838 36.9826021,46.8612468 36.9961633,46.8664111 37.0032015,46.8685823 37.011527,46.8700493 37.018136,46.8700493 37.0257749,46.8698146 37.0322122,46.8703427 37.0362463,46.871927 37.0398512,46.8743327 37.0444002,46.8763862 37.0491209,46.878381 37.0564165,46.8816078 37.0628538,46.8841303 37.0308896,46.9200516 37.0217916,46.9282876 37.0809536,46.9623979 37.0835285,46.9627494 37.0929699,46.967904 37.102567,46.9596675 37.141035,46.9819594 37.0897081,47.0071325 37.1245554,47.0395475 37.0982911,47.0593145 37.08061,47.0470341 36.9868828,47.0793077 37.0086837,47.0850356 37.0102572,47.0874355 37.0129753,47.0901783 37.009271,47.0927739 37.0107436,47.0978915 37.0055938,47.0976578 37.0027503,47.1016313 37.0125779,47.1077071 37.0104002,47.1092255 37.0121169,47.1129641 37.0083403,47.1158846 37.0069307,47.1132283 37.0007762,47.1149505 36.9998926,47.1162656 37.0037054,47.1204404 37.0026888,47.1242154 36.9983839,47.1309521 36.9915035,47.1246074 36.9793295,47.1260468 36.9795535,47.1303132 36.9763973,47.1319653 36.9758963,47.1335212 36.9725154,47.134751 36.9700598,47.1360903 36.9725062,47.13758 36.974232,47.1400057 36.9632794,47.1458701 36.9615199,47.1481759 36.9551776,47.1492877 36.9549967,47.1517658 36.9537519,47.1544207 36.9499753,47.1553546 36.950662,47.1569888 36.9467141,47.1582736 36.9410489,47.1559382 36.9371007,47.157339 36.936133,47.1609684 36.9369291,47.1643422 36.9341824,47.164809 36.926801,47.1604905 36.9221662,47.1597902 36.9231726,47.1625878 36.9230244,47.1650424 36.925254,47.1684233 36.9238681,47.1708007 36.9206211,47.1725113 36.9140981,47.1688936 36.9132397,47.1655092 36.9106208,47.1657232 36.9086049,47.1635251 36.905515,47.1650423 36.9068883,47.1662094 36.9056855,47.1679698 36.8996914,47.1736009 36.8903218,47.1709457 36.885277,47.175069 36.8780672,47.1748356 36.8758594,47.176226 36.8737401,47.183967 36.8665303,47.1844337 36.8638193,47.1861532 36.8586695,47.190003 36.8596994,47.1919861 36.8559229,47.1908196 36.8545496,47.1967686 36.8574677,47.1970019 36.8548929,47.1988681 36.8493178,47.1968768 36.8451979,47.196731 36.8413785,47.1968477 36.834512,47.1969352 36.8282035,47.1967894 36.8236974,47.1964978 36.8201354,47.1961187 36.8154576,47.1948939 36.8121531,47.1947189 36.8111766,47.1937548 36.8069709,47.1934632 36.803366,47.1934632 36.7985595,47.1938423 36.796242,47.1939881 36.7920793,47.1939006 36.7895472,47.193259 36.7874015,47.1928508 36.7853415,47.1930549 36.7842687,47.193784 36.790663,47.2025026 36.6774914,47.1980064 36.6787788,47.1960818 36.6794226,47.1947113 36.6809246,47.1934865 36.6831562,47.1919992 36.6831562,47.1910076 36.6784784,47.1905994 36.6623423,47.1898411 36.6688173,47.1448831 36.4901534,47.116102 36.4819054,47.1791288 36.402291,47.1749333 36.4474379,47.2212969 36.4338749,47.2601156 36.4337032,47.2643095 36.4296692,47.2654744 36.3703602,47.2955785 36.3624638,47.2955203 36.3465851,47.2631737 36.3279169,47.2634358 36.326372,47.2657656 36.3229816,47.2664646 36.3205784,47.2656491 36.3181751,47.2659404 36.3161581,47.2669596 36.3154715,47.2680662 36.314699,47.2701338 36.3151281,47.2746763 36.2713545,47.2835564 36.2706289,47.2769808 36.2630758,47.2784949 36.2642774,47.2806785 36.2644062,47.2828329 36.2462803,47.2842161 36.2379976,47.2832554 36.2328478,47.281858 36.2283846,47.280577 36.2252517,47.2790339 36.2222047,47.2778693 36.219544,47.2778111 36.1874927,47.2825408 36.1787259,47.2933946 36.1919438,47.2988664 36.1698649,47.3283073 36.1631702,47.3262711 36.104462,47.3411626 36.0156701,47.3375871 36.0003064,47.3416003 35.9755432,47.3175 35.9788477,47.3124374 35.968425,47.3018171 35.9728666,47.285977 35.9760853,47.2794265 35.9783598,47.279805 35.9957991,47.2482946 35.9977732,47.2513534 36.0032234,47.2489646 36.0082445,47.2452939 35.9974299,47.2153002 35.9973815,47.1972511 35.8332036,47.1940242 35.8369034,47.1644669 35.8512369,47.1553348 35.8533978,47.1424374 35.8653283,47.1433715 35.8679902,47.1292766 35.8568322,47.1282547 35.8606716,47.0842479 35.9172769,47.0875791 35.9189599,47.067818 35.9501164,47.0692795 35.9506576,47.0602183 35.9822433,47.0617969 35.9818141,47.0659188 36.0008256,47.0688419 36.0020272,47.0574116 35.9978645,47.0566222 35.9930143,47.0553285 35.9887235,47.0548679 35.9864919,47.0541077 35.9807412,47.0511546 35.9810767,47.0494289 35.9761843,47.0462708 35.970777,47.0443992 35.9727511,47.0438143 35.985969,47.0436388 35.9888944,47.0415265 35.9904322,47.0406558 35.9933505,47.0387256 35.9932718,47.0359111 35.9908614,47.0338704 35.9892378,47.0313481 35.9922347,47.0290147 35.9940443,47.0267847 35.992578,47.0251533 35.9899172,47.0232224 35.9851942,47.0214463 35.9840808,47.0207064 35.9819489,46.9756848 36.067608,46.9851419 36.0575676,46.9180662 36.0424613,46.9055774 35.9882297,46.9046741 35.9834985,46.8691913 36.0570554,46.8856778 36.0577421,46.8878482 36.0625486,46.8930099 36.1036615,46.8786379 36.1104421,46.8841525 36.1443187,46.8722545 36.1409225,46.8705343 36.084323,46.8505399 36.091447,46.8383289 36.091968,46.8228074 36.0257067,46.8097089 36.0220704,46.7804577 36.0296037,46.7799821 36.0287454,46.7552901 35.9618833,46.74641 35.9671189,46.723762 35.9016365,46.7209342 35.9170473,46.6585611</coordinates>
            </LinearRing>
          </outerBoundaryIs>
        </Polygon>
      </Placemark>
      <Placemark>
        <name>Russian-controlled Polohy Raion, Zaporizhzhia Oblast.</name>
        <Polygon>
          <outerBoundaryIs>
            <LinearRing>
              <tessellate>1</tessellate>
              <coordinates>36.202577,47.6622944 36.1956459,47.6574959 36.1946595,47.6524078 36.1848267,47.6492006 36.1897191,47.6419146 36.1948741,47.6429827 36.1987793,47.6440525 36.2027276,47.6448621 36.2102546,47.6456396 36.2145197,47.6421375 36.2191702,47.6352846 36.2259818,47.6367887 36.2379122,47.6245841 36.2441433,47.6244324 36.2428558,47.6097367 36.2353513,47.6083918 36.2335585,47.5967148 36.2248849,47.5973382 36.2231683,47.5881636 36.2241648,47.5828056 36.2248085,47.5782317 36.1943881,47.5759585 36.1893176,47.5758071 36.1883305,47.5779712 36.1873649,47.5813148 36.1713358,47.5803166 36.1541482,47.5787969 36.1546525,47.5754891 36.1518953,47.5716595 36.1389778,47.5718332 36.1273048,47.5687937 36.1032724,47.566795 36.1033582,47.5644205 36.0942601,47.5638993 36.0795832,47.5625672 36.0783021,47.5542116 36.070056,47.5346437 36.064096,47.5240114 36.0584803,47.525202 36.0547257,47.5254063 36.0342418,47.528833 36.0158662,47.5286749 36.0126261,47.5338181 36.0013179,47.5337312 35.9987001,47.532297 35.9981422,47.5295877 35.9920053,47.5291675 35.9901599,47.5245745 35.9899474,47.5197758 35.9860612,47.5190015 35.9814788,47.5187923 35.9716708,47.5196177 35.9610706,47.5208059 35.9462786,47.5261018 35.9456788,47.5275079 35.9447561,47.5281599 35.9426308,47.5314626 35.9367514,47.5313177 35.9275046,47.5336957 35.9143022,47.53601 35.9094528,47.5282446 35.9122412,47.5275776 35.9140007,47.5264184 35.9188191,47.5249311 35.9303633,47.5212796 35.9309825,47.5160088 35.9316768,47.493335 35.9157521,47.4946868 35.9164013,47.4819216 35.9065922,47.4817542 35.8870985,47.4842685 35.8705594,47.4893855 35.8605302,47.4904361 35.8538207,47.4901484 35.8536289,47.4949732 35.8467624,47.4956691 35.8428605,47.5050565 35.8389552,47.5059552 35.833908,47.5082984 35.8303018,47.5132924 35.828671,47.5145388 35.8243808,47.5139219 35.817404,47.5132183 35.8136275,47.5146966 35.8122971,47.5137981 35.8157733,47.5123488 35.8088454,47.4977455 35.8068713,47.4943821 35.8056697,47.4907864 35.8064421,47.4882925 35.8097055,47.4836436 35.8079812,47.4821792 35.7812359,47.4806078 35.7756141,47.4808978 35.7754851,47.481594 35.763212,47.4823476 35.7660159,47.4874225 35.7638131,47.4877415 35.7562312,47.4878285 35.7588426,47.4941985 35.7588426,47.4955613 35.7545511,47.4966922 35.7473413,47.5003454 35.7390071,47.4937158 35.7271624,47.5017762 35.729452,47.5063852 35.7168966,47.5163015 35.714589,47.5190004 35.7131299,47.5238693 35.7127007,47.5287377 35.7052335,47.5265354 35.6991395,47.5284769 35.680715,47.523049 35.674709,47.5307259 35.6304418,47.51683 35.6287875,47.519687 35.6144389,47.5146756 35.6087741,47.5226748 35.6025233,47.5211941 35.5958284,47.5302935 35.5981459,47.5315105 35.5959325,47.538103 35.5960183,47.5404207 35.5939583,47.5488795 35.5850645,47.5490197 35.5734238,47.5470742 35.5629212,47.54723 35.5881779,47.4383173 35.5978768,47.4387817 35.6756704,47.4367588 35.6824939,47.4333914 35.6517193,47.4065932 35.5788643,47.3340079 35.6000533,47.3161999 35.6065299,47.3123409 35.5993202,47.3058811 35.5967453,47.3071324 35.5753143,47.2833319 35.5877446,47.2784824 35.5812644,47.2715234 35.5795907,47.2686696 35.5780028,47.2670388 35.5702351,47.2690773 35.5542706,47.2754543 35.5238949,47.2461118 35.5132388,47.2499759 35.5026817,47.2370985 35.5097999,47.2337656 35.4884778,47.2009709 35.5071031,47.1974718 35.4904663,47.1614401 35.4569411,47.17004 35.4502892,47.1594776 35.5087924,47.1439542 35.5082863,47.1434575 35.5075568,47.1426402 35.5075049,47.1405682 35.508973,47.1370062 35.5076561,47.1354185 35.5076561,47.1323822 35.5085144,47.1287618 35.509658,47.1263252 35.512705,47.1225 35.5120612,47.1208355 35.5093727,47.1188337 35.5072118,47.1171267 35.5016298,47.1130782 35.5013723,47.1118515 35.5055351,47.1096318 35.5043497,47.1077073 35.5076113,47.1052244 35.508255,47.1042605 35.5068817,47.102946 35.5066261,47.1001405 35.5243931,47.0993225 35.5261389,47.1014674 35.5597118,47.0990716 35.5591545,47.0971606 35.5839596,47.0952909 35.5858901,47.0952445 35.595149,47.0997375 35.6040968,47.1046451 35.6052009,47.1050139 35.6171313,47.1034949 35.6231842,47.1018348 35.6685937,47.0635824 35.6658808,47.0631478 35.6717695,47.0424133 35.6727136,47.0426765 35.6735719,47.0443727 35.6753743,47.043934 35.6804384,47.0452792 35.6890168,46.9873851 35.7219329,46.9899612 35.7211604,46.9955229 35.7622007,46.9990693 35.7643035,46.9959082 35.8574298,47.0046008 35.8614209,46.990405 35.8863118,46.9923078 35.8823198,47.0069431 35.9217558,47.0105206 35.9226139,47.023877 35.9223564,47.0257493 35.9142883,47.0280896 35.9218877,47.0428092 35.9172769,47.0875791 35.8606716,47.0842479 35.8568322,47.1282547 35.8679902,47.1292766 35.8653283,47.1433715 35.8533978,47.1424374 35.8512369,47.1553348 35.8369034,47.1644669 35.8332036,47.1940242 35.9973815,47.1972511 35.9974299,47.2153002 36.0082445,47.2452939 36.0032234,47.2489646 35.9977732,47.2513534 35.9957991,47.2482946 35.9783598,47.279805 35.9760853,47.2794265 35.9728666,47.285977 35.968425,47.3018171 35.9788477,47.3124374 35.9755432,47.3175 35.9992158,47.3412096 36.0156701,47.3375871 36.104462,47.3411626 36.1631702,47.3262711 36.1698649,47.3283073 36.1919438,47.2988664 36.1787259,47.2933946 36.1874927,47.2825408 36.2204269,47.2779637 36.2225727,47.2782549 36.2289241,47.2807005 36.2379976,47.2832554 36.2462803,47.2842161 36.2644062,47.2828329 36.2642774,47.2806785 36.2630758,47.2784949 36.2706289,47.2769808 36.2713545,47.2835564 36.3151281,47.2746763 36.314699,47.2701338 36.3153334,47.2691262 36.3167925,47.2668548 36.3190241,47.2659229 36.3205784,47.2656491 36.3229816,47.2664646 36.3269205,47.2653986 36.3279169,47.2634358 36.3465851,47.2631737 36.3624638,47.2955203 36.3703602,47.2955785 36.4296692,47.2654744 36.4337032,47.2643095 36.4338749,47.2601156 36.4474379,47.2212969 36.402291,47.1749333 36.4819054,47.1791288 36.4901534,47.116102 36.6688173,47.1448831 36.6623423,47.1898411 36.6784784,47.1905994 36.6831562,47.1910076 36.6831562,47.1919992 36.6811526,47.1930105 36.6794226,47.1947113 36.6787788,47.1960818 36.6774914,47.1980064 36.790663,47.2025026 36.784364,47.1939728 36.7853415,47.1930549 36.7874015,47.1928508 36.7886126,47.1930688 36.7916167,47.1939728 36.7959511,47.1940895 36.803366,47.1934632 36.8069709,47.1934632 36.8110454,47.1935234 36.8121531,47.1947189 36.8154576,47.1948939 36.8201354,47.1961187 36.8229329,47.1964686 36.834048,47.1971685 36.8443879,47.1965161 36.8493178,47.1968768 36.8548929,47.1988681 36.8887101,47.1999178 36.8827542,47.2055551 36.9311106,47.2066823 36.9316255,47.2006177 36.9367754,47.1998013 36.9398652,47.2016674 36.9637687,47.2016767 36.9563446,47.2288353 36.9493065,47.2284856 36.9422253,47.2538468 36.9432983,47.2566883 36.9335135,47.2971015 36.9281096,47.3082855 36.9263036,47.3193331 36.9439883,47.3205638 36.9472463,47.3110701 37.0236356,47.3142126 37.0281024,47.3120682 37.0345397,47.3085183 37.0372004,47.3047353 37.0358237,47.3017582 37.0385343,47.299809 37.0835299,47.312127 37.0810409,47.3174805 37.0833737,47.3210789 37.0941885,47.3238716 37.0960766,47.3255006 37.0917852,47.329922 37.1211392,47.3401597 37.1056131,47.3753456 37.1420818,47.3802768 37.1436299,47.3778378 37.1448283,47.3783007 37.1522098,47.3657452 37.1625401,47.3419872 37.2037083,47.3563266 37.1946102,47.3731859 37.1970133,47.3834152 37.2011639,47.3834976 37.2307828,47.4369859 37.2150376,47.4427753 37.2121193,47.4665702 37.2086861,47.4670344 37.2065786,47.4685589 37.1884301,47.469007 37.1946098,47.4788697 37.1791602,47.4836262 37.169719,47.4679626 37.1358541,47.4646133 37.0845748,47.4960376 37.0779928,47.4910377 37.0732452,47.4946458 37.0371236,47.5350292 37.0375394,47.5371948 37.0220174,47.552121 37.0023488,47.5393966 36.9810628,47.5605993 36.9669866,47.5535327 36.9455289,47.5766984 36.8936873,47.5454221 36.8324039,47.624156 36.763911,47.6008954 36.7635677,47.6078399 36.7456508,47.606255 36.7450282,47.6216105 36.7661426,47.6235774 36.7654468,47.6345038 36.7254587,47.6299405 36.7184206,47.6582758 36.7550613,47.6606399 36.7529245,47.6654439 36.768374,47.6668312 36.7692324,47.6655596 36.7755837,47.6644035 36.7764304,47.6684854 36.7793603,47.6663688 36.7798753,47.6698369 36.7848535,47.6733047 36.7807336,47.6751541 36.7833085,47.679315 36.7918916,47.6810486 36.7898316,47.6841689 36.7139572,47.6788526 36.7109537,47.6934436 36.7059756,47.706614 36.7060608,47.712359 36.7002243,47.7319908 36.6896523,47.7310927 36.6859763,47.7309517 36.6795243,47.7564303 36.6788655,47.7576147 36.6800417,47.7599786 36.6713203,47.7934369 36.6374291,47.7893896 36.6222533,47.7876323 36.6222135,47.7869585 36.6163157,47.7857946 36.6115512,47.7858142 36.5940552,47.7835993 36.5870313,47.7855307 36.5884797,47.815886 36.5985566,47.8172678 36.6080008,47.8403866 36.6043472,47.8507051 36.5854036,47.8474403 36.5208596,47.8366129 36.521964,47.83474 36.5211465,47.8340571 36.5229663,47.8286868 36.4906145,47.8257395 36.4817739,47.8252785 36.4678479,47.8241692 36.4581276,47.8242845 36.456132,47.8240251 36.4542652,47.8240107 36.4505745,47.8243709 36.4410014,47.8259695 36.4378773,47.8268929 36.4359459,47.826844 36.4345726,47.8270169 36.4338002,47.8270457 36.4329419,47.8267576 36.4314398,47.8266711 36.4304957,47.8271033 36.4296803,47.8274779 36.4283928,47.82791 36.4273199,47.8283998 36.4261183,47.8288608 36.4252171,47.8289761 36.4235005,47.8290337 36.4221701,47.8291201 36.4210543,47.8289184 36.419651,47.8284723 36.4191761,47.828289 36.4174111,47.828225 36.4156041,47.8279677 36.4139678,47.8278942 36.4124986,47.8283846 36.4108834,47.8285439 36.408785,47.8288771 36.4076891,47.8296577 36.4049395,47.8304121 36.4036888,47.8301922 36.400231,47.830716 36.3993069,47.8312162 36.3976568,47.8313684 36.3966032,47.8310721 36.3949373,47.8314893 36.3942,47.8310145 36.393111,47.8311921 36.3920944,47.8312639 36.390638,47.8318212 36.3896736,47.8319009 36.3889229,47.8317992 36.3889025,47.8314939 36.3876041,47.8308302 36.3863379,47.8308435 36.385265,47.8307349 36.3847928,47.830828 36.3836662,47.83144 36.3832317,47.8315401 36.3821105,47.8310466 36.3814236,47.8309482 36.3804779,47.8305263 36.3783081,47.8305799 36.3761513,47.830026 36.3745855,47.837537 36.3275942,47.8395439 36.3249071,47.8392232 36.3233889,47.8386295 36.3229231,47.8367449 36.3231505,47.8358031 36.3271998,47.83386 36.3277633,47.8332838 36.3278183,47.8328012 36.3284313,47.832117 36.3292874,47.8317699 36.3305985,47.8306982 36.3304764,47.8300319 36.3300077,47.8293963 36.3297304,47.8287616 36.3300598,47.8277941 36.3305523,47.8271475 36.331569,47.8268448 36.3322447,47.8262913 36.3324913,47.8255072 36.3320402,47.8244866 36.3318194,47.8240196 36.3308378,47.8234826 36.3305324,47.822501 36.3309549,47.8218743 36.331427,47.8214132 36.3323283,47.8208369 36.3311736,47.8199 36.3144265,47.8176352 36.3174951,47.8076668 36.3210766,47.793317 36.2821541,47.7894442 36.256997,47.7875941 36.2480167,47.788311 36.2459022,47.7939868 36.2384112,47.7939205 36.2366459,47.7996693 36.219896,47.7981342 36.2142648,47.8120403 36.1915455,47.8200554 36.1845074,47.819652 36.1803017,47.811237 36.1641655,47.8114676 36.1528571,47.8105073 36.1495526,47.8099021 36.1499277,47.8065492 36.1441024,47.8056651 36.1389954,47.8033015 36.1403639,47.7944508 36.1404926,47.777294 36.1460716,47.7770056 36.1781552,47.7777961 36.1937678,47.7785911 36.2062266,47.7773559 36.2096598,47.7546253 36.2118914,47.7450454 36.1887027,47.7433848 36.1914493,47.7358233 36.193595,47.7313782 36.1953975,47.7254317 36.1950542,47.7226025 36.1959983,47.7194267 36.2002898,47.7119772 36.1912311,47.7042161 36.1931623,47.7022089 36.197368,47.6990463 36.2016166,47.6937604 36.1998142,47.6922006 36.1799873,47.6840827 36.1825955,47.6786887 36.1754209,47.6765695 36.1787897,47.6715703 36.1916858,47.675327 36.1983806,47.6661372 36.202577,47.6622944</coordinates>
            </LinearRing>
          </outerBoundaryIs>
        </Polygon>
      </Placemark>
      <Placemark>
        <name>Russian-controlled Kherson Raion, Kherson Oblast.</name>
        <Polygon>
          <outerBoundaryIs>
            <LinearRing>
              <tessellate>1</tessellate>
              <coordinates>32.6314089,46.5730637 32.645571,46.5593144 32.6494418,46.5528335 32.6519309,46.5489968 32.6545487,46.5445695 32.6980219,46.5356252 32.6996527,46.5348576 32.7012835,46.5229589 32.7122698,46.5178503 32.7323989,46.520006 32.7410249,46.520449 32.7582768,46.5219255 32.7682332,46.5230476 32.770336,46.5230771 32.7790908,46.5197403 32.781537,46.5187067 32.7830978,46.4974225 32.7903721,46.4576319 32.7920887,46.4567154 32.798054,46.4555033 32.8018734,46.454498 32.8094265,46.4533745 32.8137181,46.4520736 32.8374678,46.4303544 32.8278547,46.428698 32.857512,46.2826127 32.8986803,46.2863012 32.9012982,46.2734583 32.9024615,46.2651686 33.0277184,46.2794811 33.0133443,46.357842 33.2231145,46.3817682 33.2342725,46.3826563 33.2215695,46.3886953 33.2140384,46.4189736 33.2668719,46.4246298 33.254088,46.4867695 33.4168609,46.5070042 33.4159597,46.5092785 33.4357437,46.5116413 33.4245294,46.5553637 33.4295075,46.5560719 33.4154023,46.6129471 33.2937965,46.5985697 33.277315,46.6622369 33.2413763,46.6583819 33.2236952,46.6562022 33.2200044,46.6713405 33.1906503,46.6681011 33.1874746,46.6679833 33.1770891,46.6673355 33.1657594,46.6668642 33.1683817,46.6459749 33.1655922,46.6456803 33.1635752,46.6424689 33.1641549,46.6337174 33.1576317,46.6330396 33.1434697,46.6335701 33.1221408,46.64624 33.1077212,46.6553722 33.1118411,46.657493 33.1190343,46.6602723 33.1279607,46.662982 33.1347413,46.672936 33.1351705,46.6746438 33.1289411,46.6875712 33.1447887,46.6910568 33.1480502,46.6864056 33.1811809,46.6969439 33.1787679,46.7161294 33.1567094,46.7135989 33.1302493,46.749053 33.129391,46.7547868 33.1179924,46.7508341 33.1123966,46.7498176 33.1080192,46.7485531 33.1032985,46.7471122 33.1027406,46.7460536 33.1019406,46.7449608 33.099522,46.7442009 33.097585,46.7434381 33.0933793,46.7428205 33.0911048,46.7417029 33.0886587,46.7403795 33.0865129,46.7394972 33.0842813,46.738556 33.0817064,46.7373796 33.0794319,46.7366149 33.0772432,46.7365561 33.0750974,46.7368502 33.073295,46.736909 33.0716213,46.7363502 33.0715783,46.7350266 33.0708488,46.7326735 33.0695184,46.7319676 33.0673297,46.7316146 33.0662998,46.7314087 33.0647119,46.7313793 33.0625661,46.7309086 33.0607637,46.7302026 33.0591329,46.7292613 33.0568584,46.7284377 33.0553993,46.7278199 33.0532106,46.7271433 33.0507644,46.7267903 33.0479749,46.7264961 33.0456374,46.7258168 33.0446704,46.7245545 33.0440267,46.7238191 33.0417951,46.7229953 33.0390056,46.7222892 33.0377611,46.7219362 33.0249453,46.7187012 33.0192805,46.7171712 33.0130149,46.7164062 33.0089808,46.7163474 33.0024577,46.7160531 32.9910422,46.7139935 32.987094,46.7125811 32.9827166,46.7108155 32.9700137,46.7099327 32.9625464,46.7099327 32.9488135,46.7121103 32.9439212,46.7128753 32.9392005,46.7144642 32.9361964,46.7160531 32.9325915,46.7171712 32.9291583,46.7174654 32.9210902,46.7171712 32.918172,46.7157 32.9127646,46.713405 32.9058991,46.710836 32.900921,46.7078933 32.894312,46.7036555 32.8871022,46.6994174 32.8839265,46.6971805 32.8810941,46.6948258 32.877575,46.6919411 32.8728543,46.6895861 32.8667604,46.6865833 32.8604947,46.6826383 32.8591214,46.6805774 32.853517,46.6751932 32.8461355,46.672543 32.8431315,46.6723663 32.8382391,46.6711884 32.8348059,46.669716 32.8324026,46.6693626 32.8277678,46.6695393 32.8238195,46.6678312 32.8209013,46.6664765 32.8188414,46.6658286 32.8174681,46.6648862 32.8165239,46.6645328 32.8146239,46.6660135 32.8127474,46.6668888 32.8109449,46.6657697 32.8089416,46.6648239 32.8074934,46.6641584 32.8049368,46.6651218 32.8030302,46.6656015 32.8004736,46.6654163 32.7978129,46.6646506 32.7974695,46.6631191 32.7948946,46.6617643 32.793178,46.6605861 32.7927488,46.6588189 32.7909464,46.6559912 32.7827137,46.6521623 32.7797954,46.6508661 32.7757614,46.6498645 32.7726715,46.648804 32.7688949,46.6473309 32.7650326,46.6455043 32.7613418,46.6440312 32.7567928,46.6423224 32.7525871,46.6420277 32.7466648,46.6431473 32.7431457,46.6427348 32.7391975,46.6420277 32.7351635,46.6422634 32.7323311,46.6424991 32.7306145,46.6436777 32.7290695,46.6446794 32.7271794,46.6477334 32.7227567,46.6500244 32.7191303,46.6496267 32.7185295,46.6484778 32.7172205,46.6477707 32.7154653,46.6473899 32.7139204,46.6467123 32.7122424,46.6459883 32.7128861,46.6448246 32.7148216,46.643383 32.7164481,46.6421877 32.7178643,46.640906 32.7115631,46.6359534 32.7065256,46.6340002 32.701993,46.6328003 32.6939514,46.6332196 32.6883888,46.6324467 32.6838398,46.6312384 32.6775312,46.6304427 32.6696022,46.6274898 32.6664264,46.6255741 32.6638515,46.6247783 32.6602895,46.6237763 32.6571567,46.6230099 32.6540239,46.621772 32.6506336,46.6203572 32.6486595,46.6196203 32.6454837,46.6190603 32.6429088,46.617557 32.641278,46.6160241 32.6404197,46.6146976 32.6413209,46.6133711 32.6421363,46.6121329 32.6417072,46.6111306 32.6411493,46.610541 32.6398618,46.6102167 32.636214,46.6118971 32.635184,46.6121919 32.6327808,46.6124572 32.6302488,46.6120445 32.6287467,46.6116612 32.6274541,46.6072289 32.6262739,46.6049217 32.6249859,46.5998265 32.6234409,46.5952854 32.6219818,46.5923954 32.6196644,46.5891513 32.6176902,46.5869098 32.6153728,46.5846683 32.6136562,46.5830165 32.6314089,46.5730637</coordinates>
            </LinearRing>
          </outerBoundaryIs>
        </Polygon>
      </Placemark>
      <Placemark>
        <name>Russian-controlled Skadovsk Raion, Kherson Oblast.</name>
        <Polygon>
          <outerBoundaryIs>
            <LinearRing>
              <tessellate>1</tessellate>
              <coordinates>33.6342074,46.2275018 33.6263109,46.2498825 33.6102957,46.2939936 33.5969919,46.3265723 33.5347647,46.3190148 33.5393995,46.3005168 33.4764388,46.2924694 33.4729627,46.2921136 33.4709027,46.291995 33.4700015,46.2919357 33.468714,46.2920246 33.4676412,46.2922915 33.4669545,46.2928846 33.4654525,46.2979551 33.4498537,46.358123 33.3657259,46.3485811 33.3592605,46.3785722 33.354918,46.3953221 33.2342725,46.3826563 33.2231145,46.3817682 33.0133443,46.357842 33.0277184,46.2794811 32.9024615,46.2651686 32.8986803,46.2863012 32.857512,46.2826127 32.8278547,46.428698 32.8374678,46.4303544 32.8137181,46.4520736 32.8085516,46.4533827 32.7983377,46.4550975 32.7915571,46.456694 32.7903721,46.4576319 32.7832171,46.4967091 32.781537,46.5187067 32.7709004,46.52273 32.7673813,46.5226119 32.733049,46.5200133 32.7122698,46.5178503 32.7012835,46.5229589 32.6996527,46.5348576 32.6980219,46.5356252 32.6545487,46.5445695 32.6452552,46.5596693 32.6323377,46.5725925 32.6136562,46.5830165 32.6120262,46.5824065 32.6055585,46.5840379 32.5866757,46.5860435 32.582985,46.5892878 32.58247,46.592001 32.5813542,46.5933576 32.5786076,46.5933576 32.5768052,46.5931217 32.5738011,46.5937115 32.5692521,46.5945372 32.5669347,46.595127 32.5640164,46.5958347 32.5629006,46.5934166 32.5629006,46.5888159 32.562729,46.5845688 32.5619044,46.5821336 32.554008,46.5760865 32.5412391,46.5743236 32.5331711,46.5738516 32.5300812,46.5731436 32.5264763,46.5716685 32.5233864,46.5697803 32.5227855,46.5687772 32.5215839,46.567125 32.5215839,46.5651777 32.5183223,46.5640565 32.5142025,46.5637024 32.5097393,46.5641155 32.5057052,46.5647056 32.5009845,46.5659448 32.4971222,46.5667119 32.4927448,46.5691903 32.4906849,46.5702524 32.4876808,46.5712555 32.48502,46.5716685 32.4816726,46.5709015 32.4778103,46.5697803 32.4742912,46.5684232 32.4706863,46.566948 32.4636482,46.5649416 32.4590992,46.5634073 32.4509452,46.5587798 32.4403022,46.5548845 32.4367831,46.5532319 32.4329208,46.5509889 32.4275134,46.5565961 32.4223636,46.5584257 32.4197028,46.5584257 32.4173854,46.5581897 32.4131797,46.5575995 32.4106906,46.5567732 32.4092315,46.5555928 32.4066566,46.5543533 32.4050258,46.553468 32.4033092,46.5528777 32.4016784,46.5522875 32.3969577,46.5499264 32.3957561,46.5489229 32.3929237,46.5476243 32.3890613,46.5469159 32.386143,46.5459714 32.3824523,46.5454992 32.3797916,46.5453811 32.3731826,46.545204 32.3673461,46.545204 32.3635696,46.5453811 32.3616813,46.5458534 32.3591922,46.5473291 32.3579047,46.5480375 32.3564456,46.5481556 32.3513816,46.547152 32.3484634,46.5465617 32.3453735,46.5460895 32.3420501,46.5452692 32.3402906,46.5442951 32.3390889,46.5429668 32.3379302,46.5417861 32.3358274,46.5404283 32.3341537,46.5396608 32.3293901,46.5380076 32.3278451,46.5372991 32.3250556,46.5367087 32.3221873,46.5364323 32.3164725,46.5352622 32.3134256,46.5344946 32.3087049,46.5340813 32.306602,46.533727 32.3026967,46.5340223 32.3003364,46.5342584 32.2976327,46.5351146 32.2959161,46.5360002 32.2942424,46.5374172 32.2927404,46.5380076 32.2905517,46.5375944 32.2889638,46.536384 32.2887492,46.5352622 32.2886205,46.5342289 32.2865262,46.5300987 32.2872129,46.5277366 32.288672,46.5252269 32.2896591,46.5236029 32.2910323,46.5223331 32.2951522,46.5215063 32.2938648,46.5189372 32.292234,46.5176674 32.2887149,46.5156887 32.2865262,46.5145665 32.2870841,46.5121743 32.2873845,46.5113178 32.287003,46.5093632 32.2893204,46.5073547 32.288548,46.5060551 32.2867455,46.5056711 32.2851577,46.5045486 32.2833981,46.5040465 32.2827544,46.5022741 32.2757657,46.5005628 32.273062,46.4998243 32.2694142,46.5002674 32.2662385,46.500297 32.2640069,46.5002084 32.2611745,46.5002084 32.2587283,46.4997357 32.2570117,46.4987018 32.256325,46.496427 32.2552521,46.4944476 32.2529347,46.4934135 32.2514327,46.4915522 32.2461299,46.4790715 32.2168893,46.4793748 32.2032146,46.4790715 32.1823853,46.484694 32.1752614,46.4869397 32.1697682,46.4881216 32.16582,46.488417 32.1620435,46.4895989 32.1563786,46.4916081 32.1526879,46.4926126 32.1501988,46.4934989 32.1305898,46.4964018 32.1254399,46.4966972 32.1202043,46.4968154 32.1135095,46.4968744 32.1094754,46.4971108 32.1032098,46.4975244 32.0979741,46.4977016 32.0941976,46.4977016 32.0903352,46.4974062 32.0863011,46.4974062 32.0828679,46.4974062 32.080293,46.4966381 32.0793488,46.4963427 32.0765164,46.4957518 32.0721391,46.4946292 32.0694783,46.4937428 32.0677617,46.4929747 32.0657876,46.4920883 32.0626977,46.491202 32.0583203,46.4901974 32.0545438,46.4894883 32.0515397,46.4883655 32.0494798,46.4871836 32.0444158,46.4873609 32.0416692,46.4877745 32.0369485,46.4877745 32.0318845,46.4867699 32.0287946,46.4862971 32.0238164,46.4863562 32.0208123,46.4864744 32.0085385,46.4882473 32.0059636,46.48807 31.9969514,46.4883064 31.9903424,46.4894883 31.9774806,46.4920064 31.9749915,46.4922723 31.9740045,46.4924496 31.9710862,46.4930109 31.9676959,46.4929518 31.9650781,46.4941632 31.9628894,46.4946063 31.9592416,46.4950495 31.9556796,46.4956108 31.9532334,46.4962903 31.9510448,46.4977674 31.9479549,46.4985651 31.9435346,46.4990968 31.9403159,46.4998058 31.9370114,46.5009283 31.934179,46.5025826 31.9330203,46.5031438 31.9300592,46.5042072 31.9283855,46.5049457 31.926068,46.5054479 31.9247377,46.5060091 31.9220769,46.5072792 31.9148235,46.5083796 31.9136539,46.5096791 31.9132676,46.5105651 31.9114652,46.5110672 31.9098773,46.5110082 31.9078603,46.5112149 31.9063582,46.5117761 31.9042554,46.5132823 31.9036117,46.514316 31.9037833,46.5156154 31.9041696,46.5169739 31.902925,46.5178008 31.9011655,46.5178599 31.8988481,46.5175645 31.8971744,46.5173873 31.894814,46.5173873 31.891295,46.5178008 31.8900075,46.5173873 31.8881621,46.5163537 31.8860593,46.5163242 31.8844285,46.516147 31.8838706,46.515202 31.883184,46.5148771 31.8806949,46.514316 31.8783345,46.5136367 31.8769183,46.5131051 31.8743863,46.5133709 31.8726697,46.5133709 31.8706098,46.5138139 31.8688502,46.5150248 31.8674769,46.5160289 31.8651166,46.5161765 31.8621984,46.5161765 31.8600526,46.5166195 31.8573599,46.5178599 31.8541793,46.5130109 31.8600536,46.5125623 31.860258,46.510927 31.8541871,46.5063273 31.8518013,46.5020709 31.8509333,46.4984782 31.8463016,46.4983632 31.8458872,46.4981537 31.8455075,46.4977587 31.8451064,46.4974522 31.843142,46.4975118 31.8412329,46.4978808 31.8410941,46.4975999 31.8357444,46.4986881 31.8289943,46.4989794 31.8273861,46.4988971 31.8229106,46.4973187 31.8185634,46.4957785 31.8162542,46.4946179 31.8161684,46.493451 31.8148451,46.4930515 31.8138027,46.4921633 31.8124154,46.4905863 31.8060461,46.4892267 31.8056998,46.4877633 31.8056655,46.4854887 31.8073909,46.4852234 31.8088676,46.4848407 31.8076586,46.4790814 31.8169982,46.4767594 31.8220622,46.4756659 31.8248517,46.4746315 31.8284137,46.4736562 31.8321902,46.4728877 31.8352801,46.4723557 31.849381,46.4693528 31.8536296,46.468466 31.8601957,46.4669881 31.8664184,46.4653919 31.8730703,46.4641504 31.8764177,46.463707 31.8814388,46.4625836 31.8871465,46.4609873 31.8927255,46.4592135 31.896545,46.4581197 31.8998924,46.4569963 31.9112388,46.4534796 31.9226114,46.4499611 31.926345,46.4483349 31.9310228,46.446886 31.9333402,46.4462354 31.9368593,46.4450526 31.9400779,46.4443725 31.9424812,46.4433966 31.9466869,46.441711 31.9511245,46.4402062 31.9538538,46.439493 31.955742,46.439286 31.957991,46.439733 31.9602052,46.4401732 31.9631664,46.4403802 31.9673292,46.4399366 31.9708656,46.4399696 31.9739811,46.4407351 31.9763843,46.4418589 31.9796888,46.4426573 31.9811908,46.4436923 31.9834653,46.4451117 31.9865553,46.446265 31.9896881,46.4477139 31.9911043,46.4487193 31.9919197,46.450109 31.9928919,46.4520267 31.9950377,46.4527363 31.9971834,46.4528545 31.9990717,46.4533867 32.0030628,46.4534754 32.0082127,46.4531502 32.0125042,46.4521154 32.0189415,46.4493656 32.0216881,46.4477688 32.0238768,46.4459355 32.0263659,46.4442795 32.0278679,46.4424165 32.0325445,46.4346018 32.0342611,46.4325018 32.0350765,46.4303722 32.0361494,46.4282425 32.0367502,46.4263493 32.0367073,46.4248703 32.0364069,46.4227995 32.0365357,46.4206991 32.0369219,46.4191015 32.0372652,46.4174447 32.0408773,46.4133775 32.0443105,46.4099747 32.0479583,46.4073116 32.0492458,46.4057728 32.0520353,46.4041452 32.0575714,46.4009195 32.0587301,46.398907 32.0593309,46.3973384 32.0596313,46.3954442 32.0596113,46.3931826 32.0595684,46.3909626 32.058753,46.3895418 32.0571651,46.3880321 32.0547619,46.3863448 32.0536032,46.3845686 32.0528307,46.3832364 32.0488396,46.3815489 32.0464792,46.3805719 32.0396128,46.3786771 32.0372524,46.3781146 32.0342054,46.3784403 32.0330896,46.3798318 32.0296993,46.3802759 32.0281973,46.381016 32.0265236,46.3827331 32.0248499,46.3829996 32.0227041,46.3809568 32.0221462,46.3796838 32.0196747,46.3775212 32.0184945,46.3761296 32.0168208,46.3742642 32.0163702,46.3731687 32.0156192,46.3713625 32.0124849,46.3668602 32.0111116,46.3641949 32.0102104,46.3630103 32.007893,46.3609372 32.0060476,46.3593972 32.0016703,46.3576793 31.9987091,46.3566427 31.9956192,46.3556949 31.9928726,46.3547767 31.9868031,46.3512787 31.9824687,46.3501234 31.9784346,46.3491459 31.973671,46.3480202 31.9702378,46.3469241 31.967577,46.3460354 31.9605389,46.3432803 31.9586936,46.3426285 31.9566765,46.3431618 31.9542733,46.343221 31.9517842,46.342984 31.9490376,46.3424804 31.9457331,46.3419767 31.9262694,46.338301 31.9208192,46.3370566 31.9186734,46.3371158 31.9154977,46.3377973 31.913309,46.3383899 31.9103907,46.3388047 31.9076871,46.339101 31.9056271,46.3390417 31.903181,46.3383899 31.8998765,46.3377084 31.8974303,46.3371158 31.8939971,46.3361084 31.8912076,46.335338 31.8863581,46.3343899 31.8835686,46.3338861 31.8801354,46.3334713 31.877303,46.3332639 31.8740414,46.3328194 31.8593932,46.3327226 31.8535138,46.3335819 31.841755,46.3343227 31.8381501,46.3345005 31.8346311,46.3344709 31.8309832,46.3335523 31.8272067,46.333256 31.8239451,46.3326041 31.8170787,46.3314188 31.8135167,46.3304706 31.8076802,46.3288407 31.8047191,46.3285148 31.79184,46.3247173 31.7886214,46.3237096 31.7859177,46.3229687 31.7834715,46.3223463 31.7814974,46.3216054 31.7765622,46.3217239 31.7722277,46.3213683 31.770039,46.3205681 31.7656617,46.317367 31.7630009,46.3149661 31.7596106,46.312743 31.7491904,46.3044636 31.7459288,46.3011431 31.7428389,46.2979409 31.7383741,46.2943839 31.73417,46.2914174 31.7298785,46.2881553 31.7251578,46.285249 31.7212096,46.2826391 31.7175189,46.2796731 31.7147723,46.2773002 31.7110816,46.2750459 31.7085368,46.2725589 31.7101461,46.271936 31.7128498,46.2723958 31.7143089,46.2732709 31.7167122,46.2746206 31.7181713,46.2752287 31.7199738,46.2758071 31.7290718,46.2716542 31.7342217,46.2696963 31.7388565,46.2697556 31.7403156,46.2712982 31.7370541,46.2736713 31.7316467,46.2759851 31.7295868,46.2796631 31.7308743,46.282629 31.7355091,46.2869591 31.7409165,46.291526 31.7447788,46.2938982 31.7551643,46.3044536 31.7575676,46.3071811 31.7611725,46.3096712 31.7627174,46.3111534 31.7658932,46.313347 31.7696697,46.3151848 31.7719013,46.3166668 31.7749054,46.3191566 31.7761929,46.320105 31.7804844,46.32052 31.7817719,46.3195122 31.7828018,46.316074 31.7819435,46.3138213 31.7773945,46.3113313 31.7734463,46.311272 31.7706139,46.3115684 31.7682106,46.3095527 31.7665798,46.3082483 31.7628891,46.3073589 31.7627174,46.3049873 31.7628891,46.3025562 31.7615158,46.3003029 31.7581684,46.2976344 31.7567093,46.295796 31.7620308,46.2963297 31.7662365,46.2975158 31.7747337,46.2949657 31.7743904,46.290577 31.7734463,46.2899839 31.7721588,46.2890943 31.7753346,46.2868998 31.7756779,46.2849424 31.7752487,46.2831629 31.781686,46.2791885 31.7830593,46.2751545 31.7819435,46.2724254 31.7806561,46.2706456 31.7770487,46.2658277 31.7840868,46.2648783 31.7873484,46.2679638 31.7933565,46.2735408 31.7974764,46.2765071 31.8100077,46.2737782 31.8132693,46.2725916 31.8151575,46.2668958 31.8199641,46.264641 31.8228823,46.2697438 31.8300921,46.2733035 31.8362719,46.2737782 31.8476015,46.2706931 31.8575579,46.2722356 31.8659693,46.2705744 31.8719774,46.2667771 31.8759257,46.2671331 31.8797022,46.272117 31.8865687,46.2769817 31.8910319,46.2823206 31.8948084,46.2865914 31.8961817,46.2932341 31.8987566,46.2979784 31.9085413,46.2982156 31.9234759,46.2961993 31.9287974,46.2950132 31.9370371,46.2928782 31.9437319,46.2889638 31.9471651,46.2841001 31.9473368,46.2794733 31.9500834,46.2746087 31.9586664,46.264641 31.9636446,46.2615554 31.9777209,46.2555023 31.9854456,46.254078 31.993857,46.2532471 31.9990927,46.2524162 32.0040709,46.2512885 32.007075,46.2505169 32.010079,46.2502795 32.0139414,46.2503389 32.0189196,46.2497453 32.0226961,46.248855 32.0259577,46.2479647 32.0286185,46.247846 32.0322233,46.2481428 32.0358282,46.2491518 32.0392615,46.2500421 32.042008,46.250695 32.0475012,46.2538406 32.0538527,46.2548495 32.0611483,46.2526536 32.0638949,46.2493299 32.0659548,46.2451749 32.0716196,46.2422663 32.0741087,46.2428599 32.0835501,46.2403073 32.0839792,46.236686 32.085586,46.2288611 32.0938257,46.2220919 32.1003488,46.2160344 32.1108202,46.2097388 32.1200899,46.2062937 32.1302179,46.20368 32.1401743,46.2030859 32.1509889,46.2023731 32.1631769,46.2008286 32.1709017,46.1965511 32.1796564,46.1866881 32.1856645,46.1811021 32.1939043,46.1765855 32.1963075,46.1782496 32.202659,46.1824095 32.2062639,46.1851431 32.2151903,46.1900156 32.2247391,46.1858381 32.2321206,46.1842931 32.2383004,46.1815001 32.2427636,46.1771618 32.2443085,46.1747845 32.2366696,46.1753788 32.2340088,46.1731797 32.2314339,46.1696729 32.2310048,46.166998 32.233408,46.1635502 32.2358113,46.1592699 32.2376996,46.1538596 32.2381287,46.1461891 32.2353821,46.1412533 32.2314339,46.1382796 32.2284298,46.1355438 32.2259408,46.1342948 32.2068005,46.1378039 32.1972733,46.1402422 32.185772,46.1426805 32.163456,46.1472 32.1351322,46.1536161 32.1274075,46.155489 32.1233305,46.1558754 32.1220001,46.1567375 32.1206698,46.1579563 32.1187815,46.1582833 32.1147045,46.1586103 32.1104559,46.1592642 32.1035895,46.1611369 32.0995983,46.1622962 32.0966372,46.1637526 32.0929894,46.1657143 32.0913157,46.1675868 32.0904144,46.1696969 32.0872387,46.1704102 32.0831188,46.1704399 32.0790419,46.1713909 32.0771536,46.1719556 32.0647409,46.1716057 32.0604493,46.1706844 32.0579602,46.1705655 32.0552995,46.1716354 32.0516946,46.1729727 32.0471456,46.1735076 32.0413949,46.1733888 32.037318,46.1749341 32.0315673,46.1768657 32.0271899,46.1771331 32.0196798,46.1775788 32.0140149,46.1782029 32.0087363,46.1784703 32.0041015,46.1785594 31.9975784,46.1795103 31.9938447,46.1796886 31.9870549,46.1797655 31.9825058,46.1817266 31.9767552,46.1816077 31.9639664,46.1833311 31.9511776,46.1839848 31.9451695,46.1856486 31.937788,46.1871342 31.9314366,46.1874907 31.9259434,46.1874907 31.9195061,46.1887385 31.9151287,46.1894515 31.9057732,46.190937 31.8988209,46.1922441 31.8916111,46.193373 31.8857746,46.1946801 31.8807965,46.1958684 31.8765049,46.1969378 31.8720417,46.1975913 31.8667202,46.1976507 31.8595963,46.1975319 31.8499304,46.1989931 31.8441798,46.2000624 31.8403174,46.2012506 31.8361975,46.2024387 31.8302752,46.2037456 31.8236662,46.2036862 31.8162848,46.2039238 31.8113066,46.2043396 31.802981,46.2051118 31.7967154,46.2064186 31.7932822,46.2087352 31.7868449,46.2098637 31.7798926,46.2099825 31.770537,46.211408 31.7628123,46.2128335 31.7516543,46.2166939 31.7344959,46.2173701 31.7286594,46.2178452 31.722308,46.2196268 31.7156132,46.221052 31.7086609,46.2214083 31.6979321,46.2237836 31.6862591,46.2261588 31.6782768,46.2286527 31.6628273,46.2310277 31.6559608,46.2332245 31.6538151,46.2347681 31.6582783,46.2385676 31.6634281,46.2421888 31.6714104,46.2445632 31.6763027,46.2446819 31.6795643,46.2449193 31.6811951,46.2470562 31.6793068,46.249371 31.6704662,46.249371 31.6635998,46.248362 31.6580208,46.2475311 31.6520126,46.2461065 31.6473778,46.2454536 31.6407688,46.2452161 31.6342457,46.2449787 31.6267784,46.2453942 31.613866,46.2467053 31.6018497,46.2502666 31.5940391,46.2526407 31.5856277,46.256439 31.5783321,46.2596436 31.5722381,46.2629666 31.5674316,46.2656368 31.5621959,46.2698495 31.5572178,46.2747738 31.5472441,46.2849797 31.5369444,46.3008738 31.5343695,46.3068033 31.5342837,46.311665 31.533597,46.3150442 31.5336828,46.3282626 31.5358286,46.3336558 31.5375452,46.3390484 31.5369444,46.3442035 31.5372877,46.3488249 31.5368586,46.3535051 31.5361719,46.3571187 31.5352278,46.3605543 31.535142,46.3629828 31.5353995,46.3671288 31.534112,46.3697939 31.5297346,46.3701493 31.5250139,46.3689648 31.5190058,46.3648189 31.5166884,46.3626274 31.513856,46.3584811 31.513341,46.3551046 31.5134268,46.3497728 31.5137701,46.3427814 31.5124827,46.3379225 31.5107661,46.3317593 31.5109377,46.3249435 31.5129977,46.3209721 31.5193282,46.308246 31.5277396,46.2979286 31.5327177,46.2905748 31.5373526,46.2846435 31.5428458,46.2795422 31.5500555,46.2738471 31.5576086,46.2681513 31.56808,46.2625144 31.5728865,46.2600221 31.5768347,46.2578857 31.5798388,46.2559273 31.5864477,46.2526631 31.5925417,46.2501704 31.5978632,46.2479743 31.6020749,46.2464444 31.6074763,46.2442941 31.6222391,46.2385953 31.6266165,46.2371112 31.6300497,46.2359832 31.638032,46.2344396 31.6718493,46.2274335 31.7056666,46.2208422 31.7570792,46.2116962 31.8613634,46.1949444 32.0242158,46.1733094 32.0770875,46.1655822 32.0885888,46.1633233 32.10421,46.1595185 32.2325006,46.1308141 32.2878614,46.1176075 32.4815483,46.0770294 32.5220604,46.0698841 32.5423164,46.0655965 32.5503845,46.0655965 32.5543154,46.0661259 32.5822962,46.06291 32.6241816,46.0564776 32.6674403,46.0488532 32.708639,46.0395594 32.739538,46.0343161 32.7800501,46.0288339 32.8238238,46.0228744 32.8705485,46.0163422 32.8977569,46.0143156 32.9238494,46.011514 32.9385264,46.011812 32.9490836,46.0125273 32.9577525,46.0124677 32.9789527,46.010739 33.0059893,46.0076391 33.0153449,46.0074007 33.0285628,46.0077584 33.0374892,46.0088314 33.0478747,46.008891 33.0550845,46.0102621 33.060406,46.0122293 33.0677016,46.0126466 33.0806523,46.0127157 33.0833988,46.0143252 33.0836563,46.0158749 33.0793648,46.0174843 33.076704,46.016471 33.0749016,46.0152789 33.0706959,46.0149212 33.0649452,46.0168286 33.0636578,46.0177227 33.0577355,46.0194512 33.0520706,46.0213584 33.0411701,46.0250535 33.0324154,46.0280928 33.0271797,46.028212 33.0214291,46.0260666 33.0157643,46.025411 33.009327,46.0275564 33.0023747,46.0293442 32.9963665,46.0301785 32.9913025,46.0304169 32.9861527,46.0301189 32.9822517,46.0295084 32.9756428,46.0303426 32.9649998,46.0345734 32.9590774,46.0370163 32.9563309,46.0383867 32.950666,46.0416636 32.9440571,46.0449403 32.9406903,46.046881 32.9386497,46.0457148 32.9371048,46.0433318 32.9363323,46.0412466 32.9348732,46.0392805 32.9319549,46.0376717 32.9228376,46.0359186 32.9193378,46.0360034 32.9130722,46.0366588 32.9071499,46.0375526 32.9001118,46.0393996 32.8947044,46.0423786 32.8882671,46.0455361 32.8837181,46.0477403 32.8813148,46.0492295 32.8772808,46.0523866 32.8732468,46.0551862 32.8691269,46.0582239 32.8633762,46.0613805 32.8577972,46.0575687 32.8556515,46.0558414 32.852819,46.0548288 32.8486992,46.052744 32.8425518,46.0498983 32.8374878,46.0484687 32.8348271,46.0472772 32.8315655,46.0451326 32.8294198,46.0441794 32.8253857,46.0441198 32.8207509,46.0433453 32.8174893,46.0412601 32.8144852,46.0387578 32.8070179,46.0341698 32.8022973,46.0327993 32.7937142,46.0328589 32.7883069,46.0319651 32.7835003,46.0316076 32.7744023,46.0313692 32.7470223,46.0346465 32.7165524,46.0398302 32.7033345,46.0429283 32.6911465,46.0448347 32.6857392,46.0460858 32.6769844,46.0488857 32.6595095,46.052113 32.6503558,46.0547383 32.6446051,46.054917 32.6392836,46.0559296 32.6331896,46.0567635 32.6273531,46.0578356 32.6207442,46.0586099 32.6154227,46.059801 32.6106161,46.0608135 32.6062388,46.0614687 32.6018614,46.061826 32.5968832,46.0621833 32.59242,46.0629576 32.587871,46.0633744 32.5812621,46.0642082 32.5774855,46.0646846 32.5727648,46.0653397 32.5664992,46.0659948 32.5620053,46.0661791 32.5586886,46.0670667 32.5557703,46.0675431 32.5534529,46.0676622 32.5506205,46.0673645 32.5473589,46.0670667 32.5432391,46.06796 32.5411791,46.0694487 32.5394781,46.0708875 32.5401004,46.0737903 32.5408943,46.0755766 32.5418599,46.0766483 32.5465558,46.0811841 32.556488,46.0834059 32.5697918,46.0866206 32.5746841,46.0890612 32.5828381,46.091978 32.5959702,46.0956088 32.6029224,46.0982871 32.612278,46.0984657 32.6199169,46.1007273 32.6251526,46.1027507 32.6419754,46.1051312 32.649786,46.1062023 32.65485,46.1056668 32.6639481,46.1032863 32.6663513,46.1028103 32.6739212,46.0994594 32.6812168,46.1012448 32.6936623,46.1041014 32.701902,46.1061248 32.7101418,46.1073149 32.7198406,46.1073744 32.7286812,46.1071959 32.7335735,46.1073149 32.7380367,46.1099927 32.7405258,46.1131463 32.7473923,46.1161808 32.7565762,46.1192151 32.7676483,46.1205834 32.7767464,46.1201075 32.7813886,46.1185597 32.788591,46.1148123 32.7916809,46.1117183 32.7951141,46.1129083 32.7986623,46.114976 32.8098203,46.115452 32.8153775,46.1142759 32.819605,46.1106919 32.8249906,46.1095157 32.8328229,46.112834 32.8407194,46.113905 32.8474142,46.114381 32.8558256,46.1144405 32.8611471,46.1140835 32.8658678,46.1149165 32.8785707,46.1125365 32.8862096,46.1108109 32.891102,46.1102754 32.8975393,46.1098588 32.9033758,46.1092638 32.9083539,46.1079547 32.9077531,46.1049198 32.9104997,46.1046222 32.9145338,46.1055148 32.916937,46.1067645 32.9226877,46.1067645 32.9272367,46.1061694 32.933674,46.1055148 32.9388238,46.1055744 32.9430936,46.1061833 32.9575242,46.109623 32.9646481,46.1112296 32.9736603,46.1100395 32.9806984,46.1095039 32.9913414,46.1091469 32.9965771,46.1093254 33.0075634,46.1096825 33.0164898,46.1102775 33.0253304,46.1105155 33.0351151,46.1112296 33.0410374,46.1120626 33.0418099,46.1127171 33.0389775,46.1142046 33.0340851,46.1147401 33.028592,46.1155731 33.0274762,46.1165846 33.0244721,46.1185479 33.0196656,46.1188454 33.0158032,46.1201543 33.0152024,46.1222365 33.0175198,46.1247946 33.0218972,46.1262818 33.0257595,46.1265792 33.0278195,46.129256 33.0298794,46.1350256 33.0310811,46.1411515 33.0297078,46.1429356 33.0256737,46.1437086 33.0226696,46.1460278 33.0217255,46.1492389 33.0232705,46.1528065 33.0271328,46.1545902 33.0338276,46.156136 33.0401791,46.156136 33.0482472,46.1549469 33.0569161,46.1538173 33.0618943,46.15352 33.0654992,46.1532227 33.0670441,46.149893 33.0749405,46.144006 33.0794896,46.1387726 33.0854977,46.1344309 33.0900467,46.1328249 33.09245,46.1328249 33.0998382,46.1327595 33.1058463,46.1325811 33.1092796,46.1303803 33.1191501,46.1266328 33.1230983,46.1260974 33.1285056,46.1258594 33.1327972,46.1259189 33.1387195,46.1272276 33.1425819,46.1285363 33.1439552,46.1304992 33.1470273,46.1366432 33.1525382,46.1392424 33.1578597,46.1407887 33.1638679,46.1428107 33.1673011,46.1447731 33.1667861,46.1470328 33.1727084,46.1503033 33.1780299,46.1534546 33.1813773,46.1544654 33.1837806,46.1572597 33.186613,46.1610052 33.1885871,46.1635614 33.1907329,46.1683764 33.1950244,46.172656 33.1989726,46.1738447 33.2048949,46.173072 33.2097873,46.1708729 33.2161388,46.1668309 33.2197437,46.164037 33.2248077,46.1599351 33.2263526,46.1570219 33.2222327,46.1535141 33.2181987,46.1504222 33.2151946,46.147568 33.2114181,46.1447731 33.2090148,46.1420376 33.206636,46.1357721 33.2067218,46.1309543 33.207151,46.128337 33.2062068,46.1235781 33.2047477,46.1207225 33.2012286,46.1188782 33.1984821,46.1168553 33.1984821,46.1135234 33.2004562,46.1107268 33.2017436,46.1090607 33.206636,46.1066209 33.2104984,46.1058473 33.2118716,46.1065614 33.2088676,46.1110838 33.2074943,46.1147729 33.2068935,46.1192352 33.2080093,46.1217934 33.2088676,46.1273853 33.2141891,46.1299431 33.2210555,46.1325603 33.2264629,46.1337499 33.2393375,46.13488 33.2444873,46.1369616 33.2489505,46.1388648 33.253242,46.1393406 33.2604518,46.138389 33.265945,46.1358911 33.2736697,46.1347015 33.2772746,46.1345231 33.2861152,46.1316086 33.2924667,46.128575 33.3003561,46.1258408 33.3077375,46.1204272 33.3104841,46.115013 33.3106557,46.1082297 33.3085958,46.1019217 33.3079092,46.0975771 33.30645,46.0951963 33.3016435,46.0930536 33.296837,46.091744 33.2915662,46.090947 33.2885973,46.0932916 33.2843916,46.0960296 33.2814733,46.0977556 33.2789842,46.095732 33.2796709,46.0908512 33.28113,46.0888868 33.2812996,46.0852702 33.279068,46.0816983 33.284132,46.0762208 33.2879085,46.0755063 33.2924576,46.0748513 33.2980365,46.0749704 33.3040447,46.07503 33.3072204,46.0752681 33.3073921,46.0827104 33.3073921,46.0869371 33.3102245,46.0921159 33.3120269,46.0969371 33.3123703,46.1024125 33.3137436,46.1061022 33.3201809,46.1105651 33.326704,46.1134213 33.3352012,46.1113387 33.3369178,46.1059832 33.3381195,46.1022935 33.3425827,46.0982465 33.3455009,46.0959848 33.3529682,46.0927111 33.3588575,46.0892803 33.3638687,46.0895563 33.3731384,46.0871752 33.3707351,46.0830676 33.3655853,46.0789001 33.365242,46.0752681 33.3714218,46.0709809 33.4008641,46.0484748 33.4048123,46.0440664 33.4085888,46.0378106 33.4116787,46.035606 33.4157986,46.0317329 33.4214634,46.0301836 33.4263558,46.0296473 33.4300465,46.0306603 33.4291882,46.032448 33.4253258,46.0351294 33.4260983,46.0372148 33.4315056,46.0391214 33.4433502,46.0400151 33.4499592,46.04216 33.4531349,46.0452579 33.4583706,46.0482365 33.4678978,46.0447813 33.4782833,46.0389427 33.4851498,46.0345335 33.4887547,46.0317329 33.4943337,46.0297664 33.4996552,46.0291705 33.5066075,46.0278595 33.5102982,46.0291705 33.5089249,46.0342356 33.5060925,46.0391214 33.499741,46.0460324 33.4954571,46.051293 33.4918522,46.0570708 33.4910797,46.0632053 33.4944271,46.0729714 33.4982037,46.0761272 33.5057568,46.0794018 33.5140823,46.0810093 33.5327934,46.0782111 33.5503029,46.0736859 33.5580276,46.0725546 33.563435,46.0733287 33.5542511,46.0805926 33.553307,46.0820214 33.5478138,46.0868435 33.5407757,46.0879745 33.5269269,46.0937197 33.5228071,46.0972314 33.5178289,46.1002072 33.5148248,46.1034804 33.5143957,46.1067534 33.5098466,46.1179993 33.5102758,46.1224613 33.5163698,46.1225208 33.5201463,46.1192487 33.5239229,46.1171068 33.5313043,46.1175233 33.5356817,46.1184158 33.5408315,46.1200221 33.5452947,46.1219259 33.5482988,46.126685 33.5434064,46.1290049 33.5434064,46.1328117 33.5475263,46.1364399 33.5555944,46.137332 33.5614309,46.1367967 33.5676107,46.1387594 33.5700684,46.1482112 33.5771065,46.1559409 33.5850029,46.1587946 33.5927277,46.1565354 33.6014824,46.1503519 33.6061173,46.1455948 33.6092072,46.1390532 33.6142896,46.1340263 33.6390088,46.1402117 33.6142896,46.2262594 33.6342074,46.2275018</coordinates>
            </LinearRing>
          </outerBoundaryIs>
        </Polygon>
      </Placemark>
      <Placemark>
        <name>Russian-controlled Kakhovka Raion, Kherson Oblast.</name>
        <Polygon>
          <outerBoundaryIs>
            <LinearRing>
              <tessellate>1</tessellate>
              <coordinates>33.9743129,46.2093819 33.971872,46.2529256 33.969566,46.294318 33.9694617,46.3112175 33.9719852,46.371612 33.9643034,46.3708125 33.9623722,46.4157141 34.1279396,46.4323393 34.109431,46.5253559 34.0786768,46.5442228 34.0069224,46.5377877 33.9904073,46.5360915 33.9862874,46.552857 34.0027669,46.5541556 34.0004143,46.5734941 33.9834198,46.5734941 33.9811024,46.5734351 33.972176,46.6182582 33.981789,46.6190245 33.9914021,46.6195551 33.987368,46.6400076 34.0647015,46.6497301 34.0625557,46.6618071 34.0583286,46.661797 34.0558824,46.663682 34.0508184,46.6647128 34.0465698,46.6842061 34.0425357,46.7004549 34.030033,46.7674898 34.0327796,46.7723692 34.0316638,46.7765428 34.0286597,46.7835373 34.0253123,46.7914711 34.0247973,46.7931164 34.0368136,46.794703 34.03331,46.8104706 34.1081543,46.8183416 34.1111584,46.8021283 34.199049,46.8111755 34.1817452,46.8887711 34.3250475,47.0164271 34.3156061,47.0213424 34.3484793,47.0499476 34.4074449,47.0788297 34.4022951,47.1011529 34.519177,47.1043858 34.4911359,47.2464694 34.5309613,47.2506644 34.5292731,47.2679675 34.5220349,47.2683728 34.5186017,47.2828148 34.4877027,47.2804857 34.4744274,47.3301453 34.4140026,47.3234549 34.4194297,47.3008984 34.3991736,47.2985119 34.4017486,47.2868106 34.3709729,47.2832806 34.3579267,47.2930616 34.3290871,47.2899013 34.3050545,47.2694046 34.2929812,47.2768778 34.2725903,47.3611185 34.261089,47.3596649 34.2515316,47.3915174 34.2564668,47.3956137 34.2477608,47.4233968 34.2452372,47.4275648 34.2338562,47.4218869 34.228363,47.4196801 34.2218399,47.418054 34.2185783,47.4172409 34.2141151,47.4139884 34.2106819,47.4109681 34.2060471,47.4094579 34.196949,47.4099226 34.1806412,47.4137561 34.1722298,47.4166601 34.164505,47.4189832 34.1546611,47.4221092 34.1487122,47.4225838 34.1418457,47.4225838 34.1351509,47.4186347 34.130516,47.4167763 34.1250229,47.4163116 34.1130066,47.4173571 34.0962963,47.4197862 34.0815926,47.4220031 34.0730095,47.4221192 34.0633373,47.4225737 34.0563583,47.4210739 34.0470886,47.4185186 34.0446854,47.4153824 34.0427971,47.4121298 34.0446854,47.4089932 34.0417671,47.4064373 34.0410805,47.4034166 34.0412521,47.3971422 34.0409088,47.3917967 34.0369606,47.3822665 34.0298395,47.3690965 34.0221147,47.3557247 34.0181665,47.3488631 34.0169649,47.3460717 34.0176515,47.3411863 34.0238552,47.3353939 34.0276079,47.3345555 34.0318994,47.3373475 34.0382509,47.3417679 34.0401392,47.3464206 34.046834,47.3485142 34.0507822,47.3493283 34.0635709,47.3451412 34.0664892,47.3424659 34.0667467,47.3385108 34.0638284,47.3360679 34.0583353,47.3340901 34.0534429,47.3326359 34.0488081,47.3308325 34.0455465,47.3288546 34.0427999,47.3265857 34.0405683,47.3250731 34.0361051,47.323735 34.0332727,47.3222222 34.028037,47.318673 34.0274362,47.3152399 34.0253763,47.3130868 34.0197973,47.3101189 34.0164499,47.3076746 34.0109567,47.3022619 34.0089826,47.2973143 34.0043078,47.2873224 34.0014754,47.2828392 34.0002737,47.2799279 33.9978705,47.2759099 33.9964972,47.2731729 33.9944372,47.2689797 33.9933214,47.2664753 33.9931498,47.2637377 33.9927206,47.2610583 33.9929811,47.2586809 33.9914362,47.2556517 33.9899771,47.2532049 33.9898912,47.2513406 33.9903204,47.2493014 33.9902346,47.2467378 33.9889471,47.2423094 33.9886038,47.2400951 33.9872305,47.2378807 33.9860897,47.2354834 33.9868872,47.2332185 33.9835398,47.227565 33.9783899,47.221153 33.9751284,47.2182383 33.9687769,47.2129913 33.9637129,47.2077438 33.9559881,47.202904 33.9467985,47.1968517 33.9437944,47.1935273 33.9418203,47.1913109 33.9383871,47.1887445 33.9365847,47.1866446 33.9338381,47.1843696 33.9315206,47.1815695 33.9302332,47.1776024 33.9278299,47.1739851 33.9233667,47.1713012 33.9183885,47.1680919 33.915127,47.1658162 33.9112646,47.1633652 33.9030249,47.1596302 33.8901503,47.1535603 33.8858158,47.1520719 33.8808805,47.1502624 33.8787348,47.1494744 33.8744432,47.1484529 33.8712246,47.1474021 33.8683922,47.1460887 33.8654739,47.1446876 33.8639719,47.1438995 33.85629,47.1395501 33.8538868,47.137244 33.8526422,47.1356383 33.8516123,47.1336239 33.852277,47.1278337 33.8516762,47.1244174 33.8512042,47.121731 33.8503888,47.1181391 33.8495734,47.1158612 33.8486292,47.1134371 33.8474508,47.1076266 33.8460776,47.1045887 33.8444468,47.1015507 33.8417002,47.0972855 33.8391253,47.0932537 33.8357779,47.0897476 33.8337179,47.0875269 33.8310572,47.0853645 33.8285681,47.0833774 33.8263365,47.0808058 33.8164819,47.0694714 33.8109888,47.0643266 33.8049806,47.0588305 33.7974275,47.0526322 33.7914194,47.0481876 33.7852396,47.0449124 33.7742532,47.0414031 33.77082,47.0396483 33.7653268,47.0356706 33.7610353,47.0318097 33.7567438,47.0280654 33.7466157,47.0226827 33.7323678,47.016363 33.7244714,47.0127348 33.7184633,47.0095745 33.7121118,47.0055946 33.7079919,47.002785 33.704387,46.9992729 33.7012971,46.9961118 33.6995805,46.9937701 33.6988939,46.988501 33.7000665,46.9729268 33.6978349,46.9646098 33.6986074,46.9584005 33.700324,46.9542996 33.6998091,46.9518975 33.69732,46.9490265 33.6956892,46.9463312 33.6959467,46.9436358 33.696805,46.9404714 33.6980066,46.9361347 33.6974058,46.9332629 33.6942301,46.928105 33.6890613,46.9206995 33.6900054,46.9154818 33.6914646,46.9126675 33.691722,46.9094427 33.6902629,46.9063349 33.6878597,46.9032856 33.6855422,46.9009399 33.6824523,46.8991805 33.6751567,46.8984767 33.6695777,46.9004707 33.666402,46.9017609 33.6613063,46.9024924 33.6563598,46.9023473 33.6485492,46.9007639 33.6404811,46.8978902 33.6366187,46.8951924 33.634988,46.8922597 33.6352722,46.8774213 33.6369888,46.8687374 33.6400203,46.8581399 33.6380188,46.8520697 33.6344139,46.8447906 33.6314957,46.8403287 33.6289208,46.8375105 33.6248009,46.834105 33.622226,46.8309341 33.6136429,46.8244744 33.6078064,46.8235347 33.5991649,46.8254974 33.5937302,46.8250617 33.5870354,46.8222427 33.576564,46.8191886 33.556308,46.8176615 33.5358293,46.81836 33.525873,46.8192998 33.5160883,46.8210618 33.5063036,46.8212967 33.4944589,46.8200046 33.4863908,46.8195347 33.481241,46.8189474 33.4752329,46.8181251 33.4666498,46.816363 33.4623583,46.813661 33.459955,46.8095491 33.4556635,46.8042618 33.4496553,46.8000316 33.439184,46.7945083 33.4340341,46.7905124 33.4199579,46.7811091 33.4048517,46.773938 33.3971269,46.7674714 33.3868272,46.7654725 33.3770559,46.7767179 33.3714978,46.7764679 33.3672279,46.772867 33.3678047,46.7690132 33.3536966,46.7618272 33.331209,46.7545359 33.3109529,46.7506546 33.2932718,46.7506546 33.2838304,46.7500665 33.2757623,46.7504194 33.2606561,46.7527717 33.2534464,46.7546535 33.2376343,46.7620266 33.2287079,46.764496 33.2158333,46.7656719 33.1993538,46.7675532 33.1878525,46.7695521 33.1827027,46.7707278 33.1748063,46.7730793 33.1667382,46.7675532 33.160215,46.7637905 33.1542069,46.7621442 33.1483821,46.7610938 33.129391,46.7547868 33.1302493,46.749053 33.1567094,46.7135989 33.1787679,46.7161294 33.1811809,46.6969439 33.1480502,46.6864056 33.1447887,46.6910568 33.1289411,46.6875712 33.1351705,46.6746438 33.1339508,46.6718749 33.1279607,46.662982 33.1190343,46.6602723 33.1118411,46.657493 33.1077212,46.6553722 33.1434697,46.6335701 33.1576317,46.6330396 33.1641549,46.6337174 33.1635752,46.6424689 33.1655922,46.6456803 33.1683817,46.6459749 33.1657594,46.6668642 33.1906503,46.6681011 33.2200044,46.6713405 33.2236952,46.6562022 33.277315,46.6622369 33.2937965,46.5985697 33.4154023,46.6129471 33.4295075,46.5560719 33.4245294,46.5553637 33.4357437,46.5116413 33.4159597,46.5092785 33.4168609,46.5070042 33.254088,46.4867695 33.2668719,46.4246298 33.2140384,46.4189736 33.2228599,46.3879965 33.2342725,46.3826563 33.354918,46.3953221 33.3657259,46.3485811 33.4510049,46.3579638 33.4669545,46.2928846 33.4676412,46.2922915 33.4700015,46.2919357 33.5394964,46.3009489 33.5347647,46.3190148 33.5969919,46.3265723 33.6342074,46.2275018 33.6467847,46.2287952 33.6616681,46.221984 33.6891339,46.2020275 33.6973737,46.2034532 33.7385724,46.1849162 33.7639682,46.1944543 33.7768428,46.2001576 33.8271497,46.2039285 33.8532422,46.199176 33.9102338,46.1625685 33.9757984,46.1379828 33.9743129,46.2093819</coordinates>
            </LinearRing>
          </outerBoundaryIs>
        </Polygon>
      </Placemark>
      <Placemark>
        <name>Russian-controlled Henichesk Raion, Kherson Oblast.</name>
        <Polygon>
          <outerBoundaryIs>
            <LinearRing>
              <tessellate>1</tessellate>
              <coordinates>34.975221,45.7635462 34.9482505,45.8073754 34.8902409,45.9029719 34.8747914,45.943333 34.8569386,45.9805633 34.8353635,46.0863681 34.8270626,46.1316599 34.8222561,46.1417707 34.8164196,46.1481931 34.8114414,46.1575875 34.8181362,46.1642458 34.8215694,46.1697145 34.8215694,46.1793429 34.8231144,46.1869494 34.8262189,46.1963244 34.8337574,46.2054857 34.8533511,46.2160854 34.8609042,46.2195299 34.8703456,46.2245181 34.8811603,46.2291496 34.8945499,46.2356805 34.9019313,46.2397174 34.9182391,46.2432792 34.9266505,46.2444664 34.9475932,46.2485026 35.0061298,46.2558621 35.0408054,46.2627459 35.0576282,46.2708155 35.0792575,46.2810194 35.1063703,46.3022116 35.0734174,46.2999124 35.0583051,46.3756899 35.0648722,46.3758847 35.0706647,46.3780585 35.0545146,46.4828964 35.0212262,46.4793393 34.9544359,46.5028595 34.9480845,46.5014508 34.9443219,46.5133728 34.8905194,46.5061016 34.8845838,46.5365223 34.8948835,46.5365223 34.8900769,46.563911 34.7581012,46.5502659 34.7544963,46.5610668 34.7527478,46.5610783 34.7486598,46.583606 34.7233596,46.5816715 34.7129224,46.6200617 34.7556626,46.6269533 34.7468744,46.6829527 34.6833597,46.6770052 34.680699,46.6920199 34.6318982,46.6879311 34.6243451,46.7237167 34.6610183,46.7257352 34.6590442,46.7406775 34.734895,46.7481879 34.736452,46.7569112 34.7500133,46.7590281 34.7513745,46.7815826 34.7671674,46.7815826 34.7589276,46.8229445 34.8179792,46.8285823 34.8130485,46.8333205 34.8049329,46.8825812 34.7528444,46.8793349 34.7365825,46.9614625 34.686114,46.9556043 34.6812775,46.9792951 34.6543142,46.9768575 34.6416112,46.9746907 34.6238568,46.9730289 34.6188786,46.9941084 34.5998242,46.9924692 34.597421,47.0048207 34.5947602,47.0045281 34.5910695,47.0269994 34.5673535,47.0250646 34.5530801,47.105671 34.524443,47.1053534 34.4022951,47.1011529 34.4074449,47.0788297 34.3484793,47.0499476 34.3156061,47.0213424 34.3250475,47.0164271 34.1817452,46.8887711 34.199049,46.8111755 34.1111584,46.8021283 34.1081543,46.8183416 34.03331,46.8104706 34.0368136,46.794703 34.0247973,46.7931164 34.0338868,46.7722301 34.030033,46.7674898 34.0508184,46.6647128 34.0558824,46.663682 34.0572825,46.6617591 34.0625557,46.6618071 34.0647015,46.6497301 33.987368,46.6400076 33.9914021,46.6195551 33.972176,46.6182582 33.9811024,46.5734351 34.0004143,46.5734941 34.0004151,46.5727092 34.0027669,46.5541556 33.9862874,46.552857 33.9904073,46.5360915 34.0786768,46.5442228 34.109431,46.5253559 34.1279396,46.4323393 33.9623722,46.4157141 33.9643034,46.3708125 33.9719852,46.371612 33.969129,46.3031359 33.9757984,46.1379828 33.9885114,46.1335504 34.0070508,46.1211774 34.0331433,46.1088016 34.055116,46.1078495 34.0769324,46.1171073 34.0908216,46.1145139 34.1205343,46.1068729 34.1382001,46.0973754 34.1457532,46.0830892 34.2082379,46.0597472 34.2542432,46.0521231 34.3076452,46.0628196 34.3443808,46.0563873 34.3656668,46.0497159 34.3840192,46.0354419 34.4037756,46.0165854 34.411485,45.9920471 34.4361718,45.963691 34.4705365,45.9443213 34.5055554,45.9433664 34.5378278,45.965803 34.5589575,45.9915456 34.5755933,45.9963405 34.607366,45.9924997 34.623626,45.988982 34.6382651,45.9803336 34.6573041,45.975825 34.7554944,45.9085 34.802873,45.9003773 34.800813,45.8047266 34.8665747,45.7946491 34.898847,45.7824396 34.9580548,45.7597139 34.975221,45.7635462</coordinates>
            </LinearRing>
          </outerBoundaryIs>
        </Polygon>
      </Placemark>
      <Placemark>
        <name>Russian-controlled Melitopol Raion, Zaporizhzhia Oblast.</name>
        <Polygon>
          <outerBoundaryIs>
            <LinearRing>
              <tessellate>1</tessellate>
              <coordinates>34.5171809,47.118824 34.519177,47.1043858 34.5530801,47.105671 34.5535951,47.1023409 34.5523935,47.1020488 34.5667794,47.0247761 34.5910695,47.0269994 34.5947602,47.0045281 34.597421,47.0048207 34.5998242,46.9924692 34.6188786,46.9941084 34.6238568,46.9730289 34.6386197,46.974493 34.6429112,46.9750786 34.655185,46.9768941 34.6812775,46.9792951 34.686114,46.9556043 34.7365825,46.9614625 34.7528444,46.8793349 34.8049291,46.8825781 34.8130485,46.8333205 34.8179755,46.8285792 34.7579452,46.8222802 34.7671639,46.7815794 34.7506506,46.7810262 34.7504789,46.7582751 34.7348327,46.7571446 34.7354336,46.747559 34.6590442,46.7406775 34.6610183,46.7257352 34.6251852,46.7238596 34.631895,46.6879278 34.680699,46.6920199 34.6833597,46.6770052 34.7468744,46.6829527 34.7556626,46.6269533 34.7134891,46.6198856 34.7233596,46.5816715 34.7486598,46.583606 34.752745,46.5610751 34.7544963,46.5610668 34.7581012,46.5502659 34.8421294,46.5591192 34.890074,46.5639081 34.894968,46.5377642 34.884581,46.5365194 34.8893876,46.5072265 34.9448229,46.5127248 34.9492861,46.5016188 34.9544359,46.5028595 34.990914,46.490097 35.0199897,46.4795762 35.0260837,46.4801673 35.053292,46.4827087 35.0548692,46.4821735 35.0586994,46.4536825 35.0706624,46.3780558 35.0668591,46.3765065 35.0583028,46.3756872 35.0636834,46.3505045 35.0734174,46.2999124 35.1013124,46.3020471 35.1073206,46.3021064 35.1210587,46.3290818 35.1244061,46.3367267 35.1278393,46.3430078 35.1329892,46.3469776 35.1420872,46.3518357 35.1722343,46.362523 35.181504,46.3673797 35.1904304,46.3749601 35.1938636,46.3794604 35.20279,46.3823026 35.2170379,46.3814736 35.2419288,46.3773287 35.2518852,46.3764997 35.25652,46.3738942 35.2628715,46.3656029 35.2663047,46.3574288 35.2680213,46.3520973 35.2795227,46.3545854 35.3063018,46.3484241 35.31231,46.3419066 35.3148849,46.3328993 35.3162477,46.3136461 35.3056906,46.3148318 35.3001116,46.3137647 35.298395,46.3099111 35.2960775,46.3072431 35.2945326,46.3041599 35.2988241,46.2981115 35.2987383,46.2961545 35.295173,46.2921468 35.2925122,46.2894186 35.2917398,46.2865716 35.2901948,46.285148 35.2859033,46.2814704 35.2835812,46.2795865 35.2822126,46.2770213 35.2803243,46.2743516 35.2771486,46.2710292 35.2753461,46.2683593 35.2750028,46.26563 35.2747128,46.2649214 35.2781395,46.2642027 35.2812179,46.2685587 35.2884442,46.2796969 35.2936799,46.2847983 35.296684,46.2879419 35.301233,46.2941693 35.3034646,46.2963635 35.3072411,46.2989135 35.3111035,46.3017005 35.3137643,46.3043095 35.3176267,46.3094086 35.338997,46.3324778 35.3451339,46.3409518 35.3571658,46.3543061 35.3769068,46.3732596 35.3957896,46.3916738 35.4217963,46.4157035 35.4445788,46.435906 35.460715,46.4454877 35.471873,46.449864 35.4850909,46.4522294 35.4919573,46.4531755 35.5019137,46.4549495 35.5108401,46.4576694 35.5172153,46.4591257 35.5286929,46.4641731 35.5386492,46.4685479 35.5484339,46.4711489 35.5589053,46.4746956 35.5673167,46.4782421 35.5855128,46.4843887 35.5939242,46.4878163 35.600619,46.492071 35.647592,46.521893 35.6549734,46.5274442 35.6638998,46.5351204 35.6741995,46.5432678 35.6947988,46.5630999 35.7030386,46.569119 35.7087034,46.5731313 35.7169432,46.5779693 35.721063,46.5823349 35.7241529,46.5861103 35.7301611,46.5892955 35.7447523,46.5947219 35.7536787,46.5992041 35.7807303,46.6080076 35.8001281,46.6140217 35.813861,46.618856 35.8241607,46.6239257 35.8330718,46.625843 35.8439017,46.6301737 35.8480216,46.6330028 35.8531714,46.6378354 35.8583213,46.6412534 35.8651877,46.6443176 35.8694793,46.6454961 35.877204,46.6469102 35.8802939,46.6484422 35.8877362,46.651462 35.8955038,46.6533768 35.8997525,46.6546729 35.9044731,46.6559101 35.9116829,46.6572061 35.915202,46.6577069 35.9170473,46.6585611 35.9105725,46.6838907 35.9040827,46.7104594 35.9016365,46.7209342 35.9671189,46.723762 35.9618833,46.74641 36.0287454,46.7552901 36.0296037,46.7799821 36.0220704,46.7804577 36.0257067,46.8097089 36.091968,46.8228074 36.091447,46.8383289 36.084323,46.8505399 36.1420013,46.8708462 36.1443187,46.8722545 36.1104421,46.8841525 36.1036615,46.8786379 36.0625486,46.8930099 36.0596303,46.8900185 36.0577421,46.8878482 36.0570554,46.8856778 35.9834985,46.8691913 35.9875325,46.9046807 36.0424613,46.9055774 36.0519027,46.9130241 36.0575676,46.9180662 36.0649606,46.9556868 36.0657759,46.9627458 36.067608,46.9851419 35.9819489,46.9756848 35.9840808,47.0207064 35.9899172,47.0232224 35.992578,47.0251533 35.9939513,47.0271425 35.9922347,47.0290147 35.9904322,47.0304773 35.9889731,47.0317058 35.9908614,47.0338704 35.993093,47.0362688 35.9933505,47.0387256 35.9904322,47.0406558 35.9882865,47.0415332 35.985969,47.0436388 35.9783301,47.0436973 35.9727511,47.0438143 35.970777,47.0443992 35.9761843,47.0462708 35.9810767,47.0494289 35.9807412,47.0511546 35.9840886,47.0528212 35.9864919,47.0541077 35.9887235,47.0548679 35.9921567,47.0553065 35.9978645,47.0566222 36.0020272,47.0574116 36.0008256,47.0688419 35.9818141,47.0659188 35.9822433,47.0617969 35.9506576,47.0602183 35.9501164,47.0692795 35.9189599,47.067818 35.9219496,47.0422703 35.9142883,47.0280896 35.9223564,47.0257493 35.9226139,47.023877 35.9217558,47.0105206 35.8829174,47.0068334 35.8863118,46.9923078 35.8614209,46.990405 35.8574298,47.0046008 35.7643035,46.9959082 35.7622007,46.9990693 35.7211604,46.9955229 35.7219329,46.9899612 35.6890168,46.9873851 35.6806367,47.0436416 35.6804384,47.0452792 35.6772197,47.0445189 35.6753743,47.043934 35.6735719,47.0443727 35.6727136,47.0426765 35.6717695,47.0424133 35.6655896,47.0636701 35.6685937,47.0635824 35.6234399,47.1014793 35.6171313,47.1034949 35.6052009,47.1050139 35.6040968,47.1046451 35.595149,47.0997375 35.5858901,47.0952445 35.5847314,47.095186 35.5586389,47.0971727 35.5597118,47.0990716 35.5268295,47.1013399 35.5261389,47.1014674 35.5244652,47.0989113 35.5059376,47.1000539 35.5065384,47.1015438 35.5068817,47.102946 35.508255,47.1042605 35.5076113,47.1052244 35.505208,47.1069478 35.5043497,47.1077073 35.5055351,47.1096318 35.5013723,47.1118515 35.5016298,47.1130782 35.5044193,47.115181 35.5072118,47.1171267 35.5086709,47.1185577 35.5103446,47.1194922 35.5120612,47.1208355 35.512705,47.1225 35.51116,47.1241644 35.509658,47.1263252 35.5085851,47.1283982 35.5079843,47.1305588 35.507943,47.1349042 35.508973,47.1370062 35.5082005,47.1385534 35.5073422,47.1410639 35.5075568,47.1426402 35.5082863,47.1434575 35.5109042,47.1431656 35.5044239,47.1450921 35.4904765,47.1490324 35.4502892,47.1594776 35.4569411,47.17004 35.4412936,47.1742231 35.4464434,47.1852492 35.4054351,47.1968666 35.3917021,47.2021444 35.3811021,47.1791051 35.3224058,47.2028506 35.3204937,47.1741739 35.2900238,47.176916 35.2829903,47.1759831 35.2643291,47.1384727 35.2223897,47.1335844 35.2191281,47.1476837 35.2077454,47.1462958 35.2055138,47.1553433 35.1725548,47.151491 35.1788497,47.128638 35.1722407,47.127908 35.1741517,47.1188627 35.1655686,47.1181326 35.1472393,47.1157447 35.1399389,47.090424 35.1059499,47.0878819 35.1034608,47.098663 35.0620323,47.0945354 35.065215,47.0822973 35.0253037,47.0783812 35.0239733,47.0823849 34.9635261,47.0777262 34.9552434,47.1413707 34.8747135,47.1332537 34.8727179,47.1448867 34.8505057,47.1427112 34.8569859,47.154415 34.8300523,47.1715561 34.8147942,47.1601982 34.8111456,47.1593189 34.7225684,47.1528988 34.7202634,47.1522166 34.7183175,47.1509454 34.718418,47.149911 34.7184106,47.1467811 34.7171734,47.1454162 34.7152423,47.1445405 34.7115945,47.1439567 34.6014418,47.1344248 34.5982819,47.1476221 34.5448315,47.1434419 34.5497107,47.1211601 34.5171809,47.118824</coordinates>
            </LinearRing>
          </outerBoundaryIs>
        </Polygon>
      </Placemark>
      <Placemark>
        <name>Russian-controlled Kupyansk Raion, Kharkiv Oblast.</name>
        <Polygon>
          <outerBoundaryIs>
            <LinearRing>
              <tessellate>1</tessellate>
              <coordinates>37.6311922,49.7202663 37.6418904,49.7195706 37.6428514,49.7167159 37.6491171,49.7139411 37.6515203,49.7126646 37.6558977,49.7122761 37.6566702,49.716272 37.6547819,49.7218212 37.6463705,49.7265931 37.6544996,49.73996 37.6624822,49.7399163 37.6665596,49.7448368 37.6700628,49.7445834 37.6741237,49.7433316 37.676468,49.7434246 37.6806147,49.7425192 37.6825514,49.7422624 37.6856254,49.7409656 37.6863658,49.7369851 37.6879322,49.7364016 37.6956206,49.7366729 37.7014296,49.7386378 37.711616,49.7377176 37.711601,49.733691 37.7207425,49.7338574 37.7227591,49.7258128 37.7249875,49.7255787 37.7436127,49.7246355 37.7444687,49.7173279 37.7592184,49.7134943 37.7568009,49.7098268 37.7739667,49.7064694 37.7880437,49.703087 37.7903041,49.7032984 37.7995077,49.7017969 37.7925169,49.6878328 37.7881798,49.6767864 37.7958593,49.674737 37.8018623,49.673248 37.8031919,49.675063 37.8118176,49.6737676 37.8190248,49.6804156 37.833783,49.6824908 37.842869,49.6819205 37.8480968,49.6806706 37.8492126,49.6734503 37.8574328,49.6693177 37.8575516,49.6635036 37.8586129,49.6568546 37.851306,49.6527478 37.8484843,49.6518681 37.8447402,49.6503354 37.8446436,49.6489739 37.8452734,49.6481758 37.8493361,49.6456268 37.8493268,49.6439058 37.8502729,49.6372056 37.8473991,49.6275609 37.8440837,49.6247287 37.8394572,49.6226966 37.8174845,49.6157457 37.8022925,49.6214177 37.7838389,49.6203056 37.7882521,49.6088549 37.7888533,49.6045713 37.785923,49.5980975 37.7708076,49.5932359 37.7699259,49.5923029 37.770164,49.5746034 37.7620765,49.5732091 37.7618088,49.5716504 37.7632376,49.5602924 37.7653257,49.5507846 37.7640664,49.5504086 37.7448922,49.5470436 37.7331424,49.548996 37.7328523,49.5499728 37.7237642,49.5534835 37.721509,49.5598352 37.7203686,49.5665802 37.7189096,49.5701149 37.7100904,49.5689739 37.7047046,49.5710891 37.6978357,49.5718487 37.6916825,49.5695319 37.6885498,49.5672775 37.6885497,49.5645497 37.6904939,49.5613066 37.6944395,49.5590442 37.6987279,49.5561692 37.7010025,49.5525778 37.7019271,49.5505948 37.7003172,49.5480511 37.6967124,49.5418137 37.6964382,49.5391455 37.6972799,49.5334695 37.6994108,49.5267446 37.699653,49.5183483 37.7004118,49.5152945 37.7057303,49.5146969 37.7105368,49.5145576 37.7133693,49.5151984 37.7138842,49.5159507 37.7144421,49.5180125 37.7212833,49.5165435 37.7324001,49.5114813 37.7506391,49.5059359 37.7723931,49.5065494 37.7717064,49.4996378 37.8034863,49.4922402 37.807177,49.4986791 37.8345098,49.4962266 37.8367843,49.4968537 37.8379645,49.4970627 37.8389945,49.4974808 37.840239,49.4977874 37.8411702,49.4984407 37.8416852,49.4990957 37.8426722,49.4998064 37.8432945,49.5006286 37.8433481,49.5020291 37.8439811,49.5029279 37.8449253,49.5033599 37.842148,49.5081298 37.845667,49.5149009 37.847212,49.5204453 37.8728324,49.5194145 37.8842908,49.5188851 37.8916294,49.5230083 37.8961355,49.5253483 37.9179365,49.5337882 37.9259187,49.5419204 37.9270774,49.5425608 37.9276353,49.5433127 37.9277641,49.5482691 37.9047615,49.5484641 37.8863508,49.5491323 37.8851062,49.5490209 37.8853637,49.550079 37.8919727,49.5602127 37.8916294,49.5609364 37.8925735,49.5617715 37.8969509,49.5673663 37.9011566,49.5729882 37.9042465,49.5705391 37.9079372,49.5707061 37.9224426,49.5676167 37.9233009,49.5704278 37.92579,49.5701495 37.9439002,49.569565 37.951625,49.5687857 37.9518825,49.5723481 37.944544,49.5779973 37.9385358,49.5822546 37.9362613,49.5839797 37.9333431,49.5892102 37.9333002,49.5941342 37.9366905,49.5943289 37.9417974,49.5943567 37.9442865,49.6108497 37.9442865,49.611378 37.9645425,49.6119342 37.9736835,49.6122401 37.9754859,49.615549 37.9767305,49.6168837 37.9770309,49.6180793 37.976988,49.6187187 37.9763013,49.6195528 37.9757863,49.6200811 37.9779321,49.6229169 37.9795629,49.6242236 37.9816657,49.6255302 37.9835111,49.6259471 37.9844123,49.6264475 37.9869873,49.6264197 37.9919654,49.6268089 37.9953557,49.6273093 37.9964715,49.6278653 37.997244,49.6289494 37.9964715,49.6295054 37.9966861,49.6316179 37.9950124,49.6330633 37.9922229,49.6338694 37.9894763,49.63487 37.9890043,49.635815 37.9884464,49.6371213 37.9889184,49.6398171 37.9877597,49.6400395 37.9856998,49.6420404 37.9857856,49.6435688 37.9895193,49.6453195 37.9979307,49.648265 38.0129081,49.6507102 38.0465649,49.6571654 38.0469083,49.6575554 38.0398273,49.6606668 38.0363726,49.6627224 38.0354285,49.6603195 38.0343127,49.6596389 38.0325746,49.6593889 38.031609,49.6594028 38.0301284,49.6606668 38.0287766,49.6616807 38.0276179,49.6627641 38.0274462,49.663278 38.0291199,49.6637086 38.029592,49.6639863 38.0310726,49.6657919 38.0320167,49.6672223 38.0315446,49.6678751 38.0302357,49.6685695 38.0291199,49.6690833 38.0266094,49.6696388 38.024485,49.6709025 38.021717,49.6738742 38.0213737,49.6749851 38.0197858,49.6750268 38.0187988,49.6766652 38.0153441,49.6775678 38.0130052,49.6775261 38.0118679,49.6778316 38.0117392,49.6781232 38.0127477,49.6783176 38.0140352,49.6782759 38.015151,49.6784842 38.0155372,49.6790535 38.015151,49.6824828 38.0121254,49.6832048 38.011353,49.684482 38.0116748,49.6853566 38.0132198,49.6856482 38.0144643,49.6857176 38.0136489,49.6866061 38.0134842,49.6949781 38.0070665,49.6952762 38.0004146,49.6999119 38.0002985,49.7006614 38.0177049,49.7052883 38.0173616,49.7131421 38.0093364,49.7140023 38.00777,49.7138497 37.9984788,49.7130172 37.9925994,49.7153481 37.9913549,49.7160418 37.9746571,49.7087257 37.9659238,49.7144285 37.9603234,49.7183271 37.9518476,49.731186 37.951118,49.7314218 37.965087,49.7546755 37.9679194,49.7593056 37.9765454,49.7677604 37.9790344,49.766125 37.9811802,49.7629926 37.984313,49.7571708 37.985858,49.7556459 37.9861155,49.7548142 37.9866734,49.7547033 37.9881325,49.755036 37.9892297,49.7547757 37.9895838,49.7542143 37.9892727,49.7536667 37.9895838,49.75262 37.9934998,49.75262 37.9983063,49.7532438 38.0041131,49.7552192 38.0098208,49.7572709 38.0110653,49.7650331 38.0246266,49.772711 38.0238541,49.7746233 38.033553,49.7776441 38.0351409,49.7809141 38.0367287,49.7834634 38.0536803,49.7834357 38.0560835,49.792108 38.0415782,49.7948507 38.039604,49.795294 38.0352267,49.7996708 38.0293044,49.8034656 38.0270728,49.8045735 38.0101212,49.8126604 38.0132111,49.8201369 38.0197772,49.8345605 38.0176314,49.8372177 38.0198201,49.8375222 38.0336388,49.838574 38.0427798,49.8391829 38.0488738,49.8389891 38.0523928,49.8380481 38.0546244,49.8372454 38.0696877,49.8359998 38.0757817,49.836415 38.0813178,49.8389338 38.0927332,49.8446074 38.0950936,49.8460188 38.0694302,49.8644183 38.0559977,49.8772523 38.0544098,49.8782479 38.0549248,49.8787733 38.0435093,49.8904699 38.0342825,49.9006987 38.0280188,49.9043149 38.021839,49.9103401 38.0238131,49.9153697 38.022354,49.9176909 38.0244139,49.9180778 38.0241565,49.9199567 38.023899,49.9227198 38.0221823,49.9239907 38.0209807,49.9259247 38.0433825,49.9329417 38.011711,49.9626007 38.0045976,49.9671955 37.9993514,49.9636497 37.9802218,49.9764696 37.9658024,49.9795607 37.9433898,50.0095095 37.9404715,50.0151355 37.9356416,50.0187691 37.9271036,50.0323837 37.9228555,50.0367122 37.9179841,50.0390418 37.9082094,50.0440927 37.9030563,50.0468153 37.895531,50.0493434 37.8898934,50.05132 37.8764607,50.0530937 37.8701526,50.0538269 37.8628137,50.0546943 37.8597884,50.0560097 37.8245887,50.0682647 37.7980547,50.0842953 37.79033,50.0834692 37.7559119,50.0785673 37.7539812,50.0802749 37.7495611,50.0853418 37.7485313,50.087875 37.7438283,50.0941609 37.7333832,50.1029337 37.7260228,50.1069663 37.7068597,50.1280868 37.7088445,50.1338502 37.7010939,50.134132 37.6997286,50.1350705 37.6947973,50.1401333 37.6946288,50.140438 37.6917738,50.1415847 37.6911288,50.1425525 37.6872528,50.1433982 37.6859965,50.144088 37.684561,50.1457686 37.6780319,50.1487452 37.6741861,50.1500218 37.674035,50.1503423 37.6740771,50.1507315 37.6738567,50.150903 37.673486,50.1509988 37.6722834,50.1510256 37.6717352,50.1511073 37.6711763,50.1512853 37.6707537,50.1517771 37.6692113,50.1524789 37.6684008,50.1527277 37.6681531,50.1531976 37.6683659,50.1537663 37.6678258,50.1542775 37.6679402,50.1547818 37.6668261,50.1551556 37.6667519,50.1553802 37.6670635,50.1556507 37.6670961,50.1557974 37.6657211,50.1569744 37.6656705,50.1578662 37.6653707,50.1582167 37.6648935,50.1585603 37.6648052,50.158739 37.6638585,50.1593473 37.6633701,50.1593324 37.662581,50.1597312 37.6624729,50.1599879 37.6622352,50.160199 37.6616955,50.1604148 37.6614744,50.1609015 37.6611824,50.1610776 37.6562532,50.1646789 37.6547002,50.1660573 37.6542912,50.1662228 37.6542469,50.166409 37.6543647,50.166696 37.6548257,50.1672192 37.6540746,50.168186 37.6527656,50.1689605 37.6527653,50.170301 37.6520785,50.1704374 37.6514884,50.1708148 37.6500238,50.170708 37.6496671,50.1711769 37.6497784,50.1721535 37.6490722,50.1727723 37.6484295,50.1730817 37.6473464,50.173044 37.6463036,50.1704536 37.6441125,50.1688354 37.6333063,50.1659017 37.6257211,50.1677323 37.6155345,50.1656102 37.6142748,50.1644776 37.608489,50.16092 37.6051928,50.1591767 37.6033045,50.1523302 37.5938519,50.148674 37.5829514,50.146859 37.5894746,50.1403958 37.5951089,50.137009 37.5909032,50.1341482 37.5940789,50.1302969 37.5908174,50.1293065 37.5915898,50.1275457 37.5951947,50.1234737 37.5963105,50.1202819 37.5954522,50.1190162 37.5969113,50.1176403 37.6003446,50.1168698 37.602662,50.1157691 37.6036061,50.1147784 37.6058377,50.1138977 37.6105584,50.1138427 37.6147057,50.1146007 37.619914,50.1146132 37.625493,50.1136776 37.6303169,50.1144451 37.6451258,50.1134138 37.6502144,50.1000076 37.6527034,50.0906472 37.6513302,50.0893806 37.6511585,50.0877285 37.6533043,50.0866271 37.6577508,50.0871025 37.6604115,50.0844039 37.6620423,50.0800529 37.6639306,50.0781251 37.6654755,50.0749303 37.6647889,50.0717903 37.664594,50.0675321 37.667662,50.0630631 37.6714385,50.0616306 37.678305,50.0616857 37.6870796,50.0574662 37.6940243,50.0554551 37.7148887,50.0521758 37.7168094,50.0472496 37.723122,50.0379017 37.7234224,50.033133 37.7246669,50.0330503 37.7239802,50.0265166 37.7390865,50.0265993 37.753156,50.0239657 37.7526839,50.0179546 37.7517398,50.0172377 37.7513535,50.0163001 37.7522977,50.0156107 37.7545722,50.0156107 37.7630993,50.0111285 37.7601811,50.0058882 37.7619835,50.0020817 37.7665325,49.9981646 37.771854,49.9962335 37.7695643,49.9910741 37.7691539,49.9876891 37.7678664,49.9841572 37.7635749,49.9847642 37.7521594,49.9858128 37.7520736,49.9825015 37.7508719,49.9810113 37.7452929,49.97781 37.7434905,49.9765405 37.7358111,49.9743071 37.7098687,49.9737439 37.7093323,49.9677654 37.7106627,49.9665232 37.718308,49.9613787 37.7206303,49.9548534 37.7301625,49.9498321 37.732887,49.9374679 37.7491949,49.9323853 37.7417754,49.9176876 37.7423319,49.9075204 37.7353129,49.9017168 37.7025489,49.9056969 37.6976153,49.9056067 37.6958128,49.8944943 37.691038,49.8935111 37.6829566,49.8931726 37.6798667,49.8918456 37.6738585,49.8923985 37.6696528,49.8923432 37.6663912,49.8919562 37.6570735,49.893687 37.6505504,49.8965345 37.6460228,49.8908116 37.6450862,49.8906784 37.6383328,49.8899137 37.6352429,49.8867893 37.6355003,49.8813972 37.6420549,49.8791891 37.6424305,49.8756216 37.6361619,49.8683718 37.6293583,49.8560322 37.6339414,49.8517089 37.6332717,49.8499066 37.6358108,49.8406146 37.6353773,49.8364879 37.6349011,49.8349908 37.6436637,49.8290558 37.632365,49.8243516 37.612459,49.8262233 37.6097553,49.8224026 37.5996273,49.8224303 37.5985974,49.8191354 37.6020129,49.8112361 37.6009686,49.8101391 37.6009542,49.8087651 37.6041584,49.8083547 37.6192477,49.8093039 37.6259256,49.8078157 37.6261956,49.8055892 37.6275323,49.8031465 37.6293836,49.7981555 37.6265641,49.7916631 37.6230948,49.7906885 37.614347,49.7915421 37.6117975,49.7913 37.6105356,49.7908916 37.6091277,49.787609 37.6083891,49.7813489 37.6064916,49.7802426 37.605667,49.7775569 37.604606,49.7756055 37.5887909,49.7760352 37.5848133,49.7748783 37.5812216,49.7741646 37.5830509,49.7710742 37.5839629,49.7681638 37.5918228,49.7667502 37.6001205,49.7669997 37.6001295,49.7574296 37.602447,49.7525221 37.6030933,49.7510517 37.600699,49.7434823 37.6006561,49.7425117 37.6023727,49.7405981 37.6077801,49.7383239 37.6115566,49.7377414 37.6153761,49.7399879 37.6187721,49.7402032 37.6204151,49.7401146 37.6201266,49.7365036 37.6197522,49.7350397 37.620279,49.733354 37.6210738,49.731321 37.6211819,49.7300093 37.6191989,49.7277121 37.6207181,49.7254398 37.6217007,49.7232784 37.6217311,49.7210355 37.6174915,49.7208178 37.6153824,49.7226026 37.6133591,49.7228891 37.613175,49.7207155 37.613279,49.7203565 37.6113938,49.7202478 37.6108605,49.7194939 37.609236,49.7190821 37.6093344,49.7188827 37.6108439,49.7183415 37.6112849,49.7175489 37.6117343,49.7165516 37.6134914,49.7168331 37.6150581,49.7138071 37.6170002,49.7142504 37.6166678,49.717746 37.6195827,49.7177403 37.6218228,49.7174126 37.6285028,49.7182707 37.6311922,49.7202663</coordinates>
            </LinearRing>
          </outerBoundaryIs>
        </Polygon>
      </Placemark>
      <Placemark>
        <name>Russian-controlled Sumy Raion, Sumy Oblast.</name>
        <Polygon>
          <outerBoundaryIs>
            <LinearRing>
              <tessellate>1</tessellate>
              <coordinates>35.4622599,50.6858492 35.4614755,50.6866646 35.4597853,50.6883013 35.4600595,50.6896435 35.4612267,50.6911302 35.4620935,50.6915837 35.4633208,50.6931352 35.4635632,50.6941934 35.4631073,50.6949274 35.4614111,50.6959217 35.4607245,50.6962615 35.4606715,50.6966303 35.4601972,50.6971395 35.4604998,50.6982613 35.4604998,50.6991855 35.4612723,50.7002456 35.4619539,50.7014377 35.4617873,50.7028822 35.4598404,50.7040878 35.4596415,50.7047304 35.459996,50.7060447 35.461321,50.7063708 35.4619111,50.7077331 35.4624582,50.7077909 35.4626192,50.7083243 35.46587,50.7082597 35.4672432,50.7113237 35.4671788,50.7165784 35.4680694,50.717684 35.4691316,50.7182462 35.4695498,50.7187012 35.469716,50.7195808 35.4706574,50.7204825 35.4719583,50.7222194 35.4722158,50.7228986 35.472334,50.7234932 35.4732944,50.7255002 35.4638101,50.735062 35.4665995,50.7363523 35.4717064,50.737235 35.4714919,50.7377782 35.4736269,50.7406705 35.4723047,50.7423412 35.4709367,50.7436408 35.4696412,50.744296 35.4696144,50.7462512 35.4702876,50.7471202 35.4709607,50.7472288 35.4717627,50.7479077 35.4722644,50.7488581 35.4741418,50.7504194 35.47544,50.7507995 35.47647,50.7522317 35.4765129,50.7531515 35.4741955,50.7547245 35.4731501,50.7544499 35.4658207,50.7543685 35.4629024,50.7548369 35.4617652,50.7547079 35.4615291,50.7538391 35.4616579,50.7527938 35.4652666,50.7476909 35.463507,50.7442693 35.4592038,50.7439045 35.4549122,50.7430084 35.4508008,50.7312762 35.4397784,50.7225675 35.4354439,50.7199593 35.4322834,50.7192992 35.4312687,50.7191825 35.4306194,50.7143277 35.4306141,50.7121897 35.4291448,50.7079133 35.4268274,50.702926 35.4306362,50.6950973 35.4357967,50.6920392 35.4408777,50.6907749 35.4435858,50.6894972 35.4445299,50.6886679 35.4491011,50.6901609 35.4529634,50.6875645 35.4564825,50.6857292 35.4592291,50.6848863 35.4622599,50.6858492</coordinates>
            </LinearRing>
          </outerBoundaryIs>
        </Polygon>
      </Placemark>
      <Placemark>
        <name>Polygon 49</name>
        <Polygon>
          <outerBoundaryIs>
            <LinearRing>
              <tessellate>1</tessellate>
              <coordinates>36.5913333,48.0823332 36.5934791,48.0823619 36.5946807,48.0825339 36.5958394,48.0829926 36.5972127,48.0835373 36.5983285,48.083996 36.5991868,48.0843974 36.6001739,48.0847128 36.6013326,48.0847414 36.6038217,48.0855155 36.6044225,48.0857735 36.6045513,48.0864329 36.6043367,48.0869775 36.6015472,48.0880956 36.600131,48.0886116 36.5997877,48.0892422 36.6003885,48.0901022 36.6023602,48.0911031 36.6041789,48.0909129 36.6060962,48.0903889 36.6104123,48.0897297 36.6115454,48.0873653 36.6118658,48.0871314 36.6174021,48.0865265 36.6180267,48.0855155 36.6184324,48.0849727 36.6199579,48.0841394 36.620902,48.083953 36.6213955,48.0836807 36.6212668,48.0826342 36.6228332,48.0822759 36.6240245,48.0826082 36.6252364,48.0848131 36.6255052,48.0852458 36.6274895,48.0859598 36.6285624,48.0855728 36.6286697,48.0851715 36.6294749,48.0837264 36.6301617,48.0834255 36.6319212,48.0840921 36.6331013,48.0856008 36.6328329,48.0865843 36.6320665,48.0868443 36.6304846,48.0868175 36.6285654,48.0864487 36.6280315,48.0870011 36.6291194,48.0891117 36.6312661,48.0892996 36.6331329,48.0885542 36.6344847,48.0879522 36.6358262,48.0876251 36.6369658,48.087979 36.637762,48.0893076 36.6388897,48.0895849 36.6415528,48.0889068 36.6425565,48.0877268 36.6439893,48.0871774 36.6449582,48.0887138 36.6469962,48.0894415 36.6481449,48.0893338 36.6493364,48.0880221 36.6512089,48.0877247 36.65148,48.0885682 36.6502334,48.0921881 36.6487876,48.0933257 36.6472426,48.0937843 36.6459123,48.0937843 36.6442386,48.0933544 36.6434661,48.0927238 36.642479,48.0924944 36.6418353,48.0918925 36.6398612,48.0912905 36.6385737,48.0918925 36.6377583,48.0928384 36.636428,48.0938703 36.635913,48.0944436 36.6374091,48.0955325 36.638801,48.0957044 36.6402694,48.0952457 36.6428061,48.0953889 36.6437312,48.0964064 36.6444345,48.0968184 36.6454258,48.0966635 36.646417,48.0959352 36.6474463,48.0957768 36.6477032,48.0980259 36.6445371,48.0992367 36.6430255,48.0996022 36.6295071,48.0966215 36.6251298,48.0948444 36.6224261,48.0943284 36.6157301,48.0956312 36.6138466,48.0962157 36.6152628,48.1018046 36.6137607,48.1022918 36.6107996,48.1022631 36.6084392,48.1011168 36.6054781,48.1004003 36.6039331,48.0996838 36.602598,48.0976377 36.595474,48.0937395 36.5843163,48.0926642 36.5913333,48.0823332</coordinates>
            </LinearRing>
          </outerBoundaryIs>
        </Polygon>
      </Placemark>
      <Placemark>
        <name>Russian-controlled Kursk Oblast - frontline area</name>
        <Polygon>
          <outerBoundaryIs>
            <LinearRing>
              <tessellate>1</tessellate>
              <coordinates>36.5292789,51.1377908 36.5153421,51.1973277 36.3807595,51.3914038 36.0923684,51.5607614 35.7710183,51.659689 35.4167092,51.8925074 34.872294,52.2013228 34.8091226,52.187433 34.7596841,52.1895378 34.7596841,52.197956 34.7699838,52.2013228 34.7569375,52.2126839 34.728785,52.2143668 34.6951394,52.1996394 34.6841531,52.1840651 34.6910195,52.1579554 34.7239785,52.1524788 34.7315316,52.1360451 34.7212319,52.1255075 34.7500711,52.1132807 34.7445779,52.0871295 34.6923928,52.0601186 34.6573739,52.0664507 34.6271615,52.0525188 34.6189218,52.0394273 34.577723,52.0377378 34.5852761,52.051252 34.5413308,52.0770023 34.4651132,52.0237969 34.4259744,52.0115423 34.4040017,51.9937882 34.3998818,51.9667208 34.3682962,51.9430234 34.3422036,51.9459863 34.3339639,51.9341337 34.4156747,51.9091483 34.4520669,51.9193136 34.4424539,51.8955911 34.384725,51.877689 34.3909555,51.8540468 34.4022344,51.8369766 34.4162756,51.8284864 34.4197439,51.811725 34.4175635,51.8001822 34.4096671,51.7886096 34.4162539,51.7813371 34.4295798,51.7778838 34.4398795,51.7637558 34.4454352,51.7497052 34.4419162,51.7351432 34.4343863,51.728576 34.428054,51.7275682 34.4261465,51.7223024 34.412242,51.7191121 34.4013185,51.71449 34.3939372,51.7157256 34.3859778,51.7152834 34.3789397,51.7140071 34.3726298,51.7118593 34.3653784,51.7103907 34.3545638,51.7110289 34.3490706,51.712199 34.3384276,51.712199 34.3229781,51.7141135 34.3152533,51.7158152 34.308556,51.7170005 34.3040953,51.713688 34.3003798,51.706111 34.2860477,51.7028667 34.2714796,51.7019869 34.2578073,51.6994645 34.2498685,51.6998893 34.2366092,51.6959511 34.2313742,51.6956855 34.2269969,51.6988244 34.2210112,51.6996463 34.2132864,51.7003911 34.2107115,51.6973056 34.2042511,51.6930261 34.1997252,51.6919854 34.1899405,51.6934751 34.1842524,51.6916948 34.1789542,51.690602 34.174491,51.688048 34.1698329,51.6864804 34.1605864,51.6840039 34.1497717,51.6836846 34.1411887,51.6840039 34.1353522,51.6842167 34.1228209,51.6817688 34.1145811,51.6790014 34.1068564,51.6767661 34.1032515,51.6730403 34.1051398,51.6698465 34.1068564,51.6664396 34.1077147,51.6627129 34.108573,51.658773 34.1113196,51.6547262 34.1157596,51.6532639 34.1340418,51.6516673 34.1339557,51.6463408 34.1508017,51.6455664 34.1657362,51.6470577 34.1722594,51.6446077 34.1758301,51.6343159 34.1796067,51.6299473 34.1866448,51.6246191 34.1869881,51.6158796 34.1914623,51.6023274 34.2178872,51.6041532 34.2364266,51.5897043 34.2503312,51.5820247 34.2535069,51.5793579 34.259515,51.5735437 34.2631199,51.5642075 34.266124,51.5572173 34.2693856,51.5508666 34.2663815,51.5455292 34.2642357,51.5429136 34.2630341,51.5391768 34.2654374,51.5381091 34.2705872,51.5374151 34.2753937,51.5366143 34.2802002,51.5370414 34.2848351,51.5377354 34.2968514,51.5366677 34.3014004,51.5281782 34.303632,51.5265228 34.3093827,51.5251344 34.311271,51.5221972 34.3128159,51.5184588 34.3129876,51.5157348 34.3080952,51.5124231 34.2999413,51.5052113 34.3023446,51.4966091 34.3028256,51.4944847 34.3001988,51.4908913 34.2955639,51.4871502 34.2956476,51.4845427 34.2949609,51.4814426 34.2930727,51.4789837 34.288352,51.4759366 34.2850904,51.473424 34.2819147,51.4723547 34.2786531,51.4728893 34.2744474,51.4736913 34.2701559,51.4718201 34.2673235,51.4681309 34.2623453,51.4649227 34.2606287,51.4621955 34.2581396,51.4595217 34.2529039,51.4564733 34.2488699,51.4541736 34.249299,51.4512853 34.2547064,51.4484504 34.2562513,51.4456687 34.2600279,51.442138 34.2581396,51.4389279 34.2523031,51.4360387 34.2517881,51.4335774 34.2517881,51.4295105 34.2480116,51.4283332 34.2399435,51.4283332 34.2337637,51.4282262 34.2296438,51.4261926 34.2299871,51.4224462 34.2296438,51.4180572 34.2306738,51.4128113 34.2305021,51.4055302 34.2305381,51.4009007 34.2359953,51.4016751 34.2416601,51.4030672 34.2474966,51.4037098 34.2547064,51.4014609 34.2584993,51.3990802 34.2641477,51.3961059 34.2682676,51.3929998 34.2742758,51.3916073 34.287837,51.3909646 34.2952184,51.390429 34.3060331,51.3897863 34.3328123,51.3832515 34.3400221,51.3772515 34.3456869,51.3729654 34.3462019,51.3692146 34.3479185,51.3673927 34.3534116,51.3649277 34.3570165,51.3610691 34.3556432,51.3567814 34.3499784,51.3550663 34.3436269,51.3524934 34.3396787,51.3489554 34.331954,51.3427365 34.3280058,51.3397339 34.3245725,51.3332992 34.3211393,51.3268637 34.3183927,51.3188179 34.3173628,51.3086246 34.3017416,51.2945112 34.2948751,51.292901 34.2866291,51.2883104 34.277194,51.2871039 34.2730461,51.2837403 34.2715652,51.2790763 34.2694204,51.2768885 34.260457,51.2734135 34.2566986,51.2735147 34.25568,51.2709312 34.2491998,51.2686624 34.246818,51.2689309 34.2459596,51.2687027 34.2445864,51.268743 34.2431702,51.2682059 34.2430414,51.2674004 34.2437066,51.2644198 34.2495565,51.263962 34.2552888,51.2633989 34.2561497,51.2623501 34.2560906,51.2603459 34.2607086,51.2574536 34.2704352,51.2589561 34.2728599,51.2596007 34.2751341,51.2594504 34.2857872,51.2634894 34.2897354,51.2644293 34.2962156,51.2650738 34.3096057,51.2624438 34.3439703,51.2491364 34.3634538,51.2615451 34.3666309,51.2640256 34.3755044,51.2689984 34.3791092,51.2706059 34.3808775,51.2719905 34.3837228,51.2737856 34.4007283,51.2710441 34.4037472,51.2695196 34.4080749,51.2680353 34.4108579,51.2672419 34.4115742,51.266774 34.412552,51.2660593 34.4133879,51.265709 34.4146128,51.2655405 34.4317741,51.2621268 34.4412092,51.2625901 34.4476049,51.2634097 34.4685934,51.2544132 34.4691074,51.2527479 34.4774323,51.2498469 34.482581,51.2493093 34.4862596,51.250157 34.5147444,51.2521843 34.5178573,51.2579312 34.5285849,51.2575412 34.538683,51.2606975 34.5479826,51.2620531 34.55133,51.2561446 34.570237,51.2594258 34.5775084,51.2431972 34.5964769,51.2484089 34.5979361,51.2521157 34.6003393,51.255124 34.60403,51.2557149 34.6102229,51.2570718 34.6197371,51.2575412 34.6296076,51.2551777 34.6435122,51.2524381 34.6475462,51.2514174 34.6529535,51.2517397 34.6589617,51.2522232 34.664369,51.251686 34.6711496,51.2495908 34.6739821,51.247603 34.6763853,51.2430897 34.6743886,51.2328865 34.6735303,51.2303067 34.6725862,51.2270281 34.6741311,51.2129971 34.6785085,51.2047701 34.6822851,51.199177 34.6935289,51.1855679 34.7087638,51.1763674 34.7225826,51.1873702 34.7306507,51.1824475 34.7314418,51.1829003 34.73677,51.1792269 34.7392882,51.1797997 34.7417228,51.1791789 34.7470014,51.1800936 34.7492759,51.1798515 34.7534139,51.1805898 34.7553477,51.1801508 34.7557138,51.1794469 34.7567861,51.1792865 34.7572971,51.1785692 34.7581904,51.1783063 34.7585941,51.1775829 34.7593967,51.1771135 34.7604417,51.1771479 34.762408,51.1763271 34.7686923,51.1752329 34.7698041,51.1747423 34.7722116,51.1747243 34.7737588,51.1752264 34.7745325,51.175908 34.7762498,51.1762219 34.7775809,51.1768319 34.7788466,51.1770604 34.7793616,51.1773159 34.7795741,51.1782104 34.7807456,51.1813513 34.7844045,51.1848756 34.7860115,51.1837253 34.7896626,51.1824411 34.7901024,51.1803631 34.7937549,51.1785421 34.7946805,51.1784817 34.7983139,51.1758858 34.8005216,51.1756325 34.802355,51.1756403 34.8032873,51.1760248 34.8085596,51.1763582 34.8093834,51.175399 34.8087653,51.1738969 34.8091427,51.1724462 34.8137944,51.1715593 34.8144639,51.1706379 34.8160775,51.1692321 34.8349002,51.1693329 34.8349143,51.1780738 34.8335974,51.1802502 34.8335748,51.1830663 34.8363643,51.1830932 34.8460095,51.1888295 34.8474662,51.1886209 34.8458873,51.1912737 34.8621093,51.199046 34.8637401,51.1982393 34.8724519,51.1919461 34.8766189,51.1911761 34.8770552,51.1919733 34.883043,51.1950946 34.8985639,51.1933635 34.9000188,51.194941 34.9007034,51.1960256 34.9016141,51.1969303 34.9032664,51.1975084 34.9043822,51.1982076 34.9050045,51.1988665 34.9050586,51.2002123 34.9053263,51.2016094 34.9041676,51.2019724 34.9040817,51.2025369 34.9038458,51.2030479 34.9049401,51.2041235 34.907279,51.2048764 34.9081158,51.2054813 34.9089741,51.2052394 34.9100899,51.2056023 34.9106049,51.2060594 34.9121499,51.2067719 34.913845,51.2062208 34.9193168,51.2059453 34.9217527,51.2056708 34.9250572,51.2052137 34.9301314,51.2057637 34.9332969,51.2070421 34.93497,51.2078945 34.9380063,51.2098503 34.9379849,51.2103612 34.939348,51.2112093 34.9395728,51.2124851 34.9391571,51.214671 34.9397583,51.2173995 34.9402944,51.2181251 34.9413564,51.2182258 34.9424883,51.2187868 34.9451572,51.2189867 34.9460626,51.2187641 34.9470733,51.219056 34.951441,51.2189601 34.9520372,51.2195035 34.9528074,51.2198021 34.9527204,51.2211877 34.9521619,51.221827 34.9523976,51.2221198 34.9518025,51.2234405 34.9508577,51.2240326 34.9505866,51.2247546 34.9501078,51.2250349 34.9498683,51.2257395 34.9501419,51.2265905 34.9509159,51.2274786 34.9525896,51.2275793 34.9531261,51.2281672 34.9541431,51.2284669 34.9553877,51.2283325 34.956718,51.2280638 34.9582803,51.2289451 34.9590803,51.2290658 34.9637562,51.2306168 34.9656542,51.2316745 34.9685295,51.2319163 34.9716623,51.2327225 34.9720486,51.2330718 34.9737652,51.2333136 34.9776607,51.2341639 34.9801167,51.2355977 34.9805458,51.234496 34.9826487,51.2336898 34.9824341,51.2330449 34.981962,51.2323731 34.9823054,51.2318894 34.9844082,51.2315132 34.9871021,51.2310468 34.991146,51.2292827 34.9946651,51.228799 34.9972829,51.2293365 35.0001907,51.2294541 35.0056976,51.2321488 35.0096219,51.2317749 35.0125938,51.2308855 35.0137506,51.2280384 35.0172287,51.2261557 35.0221093,51.2225625 35.0226438,51.2209061 35.028366,51.2193143 35.0310745,51.2197871 35.0380696,51.2177441 35.0387639,51.2042875 35.043163,51.2055837 35.0450084,51.2072776 35.0469395,51.2079229 35.047712,51.2086219 35.050759,51.209079 35.0526768,51.2093284 35.0526044,51.2103695 35.0544068,51.2107727 35.0554233,51.2113179 35.0575826,51.21373 35.0599425,51.2145387 35.0614315,51.2156192 35.0628611,51.2165795 35.0628182,51.217574 35.0641781,51.2185223 35.0611445,51.2219016 35.0626895,51.2242131 35.0653931,51.2262288 35.0660798,51.2279488 35.0690839,51.2303137 35.0747059,51.231953 35.0848339,51.2303137 35.1053903,51.2327323 35.1140592,51.2310931 35.1174925,51.2297225 35.1198099,51.231523 35.1507219,51.2233305 35.1503552,51.2211652 35.1455383,51.2201239 35.1445465,51.2193883 35.1414329,51.218456 35.1403483,51.2183394 35.139377,51.2176897 35.1389772,51.2170693 35.1386915,51.2161408 35.1374757,51.2155153 35.1376868,51.215117 35.1382412,51.2149338 35.1377297,51.2131516 35.1367908,51.2106458 35.1371776,51.2095297 35.1382886,51.2082659 35.1406918,51.2073517 35.1428437,51.2064977 35.1437266,51.2054269 35.1435055,51.2030653 35.1421155,51.2023016 35.1389241,51.2005802 35.1367394,51.1986457 35.1357446,51.1981852 35.1343907,51.1957401 35.1319251,51.1953883 35.1302514,51.1944739 35.1308274,51.175495 35.1306557,51.1738806 35.1343247,51.1709611 35.1232623,51.165317 35.1246827,51.16245 35.1266568,51.1590589 35.127733,51.1582018 35.1297524,51.1571174 35.131747,51.1562588 35.1326568,51.1555172 35.1342107,51.1552356 35.137502,51.1537644 35.1411622,51.151253 35.1399606,51.1501223 35.1375878,51.1495919 35.1374285,51.1489647 35.1357119,51.1486686 35.1353638,51.1477212 35.1362269,51.1472956 35.1364808,51.1451649 35.1364069,51.1444392 35.1373856,51.1444418 35.1384156,51.1443072 35.1379435,51.1433111 35.1389314,51.1426637 35.1406563,51.1424171 35.1416541,51.1413401 35.143081,51.1407477 35.1436604,51.1396976 35.1430385,51.1393341 35.1437147,51.1388292 35.143924,51.137015 35.1423548,51.1357309 35.1416989,51.133931 35.1533164,51.1314306 35.1635731,51.1274715 35.1685422,51.1256994 35.1744736,51.1215728 35.1691541,51.1198242 35.1681589,51.1187399 35.1655425,51.1155923 35.1637357,51.1108832 35.1631885,51.1087459 35.1645138,51.1072417 35.1671003,51.1057048 35.164319,51.1052111 35.1645807,51.1008144 35.1683602,51.1004676 35.1693146,51.1014522 35.1694005,51.1022068 35.1698796,51.103326 35.1715757,51.1015865 35.1736151,51.1001299 35.1777142,51.1004249 35.1736017,51.0875845 35.155698,51.0908001 35.1477742,51.0826223 35.1506003,51.0827509 35.1530335,51.0816978 35.1540411,51.080967 35.1543732,51.0802511 35.157967,51.0819617 35.1593368,51.0807909 35.1639041,51.0831553 35.1662269,51.0806857 35.1658521,51.0787755 35.1661311,51.0780745 35.1673756,51.0769556 35.1683198,51.0761467 35.1698862,51.0754726 35.1711737,51.0750142 35.1736378,51.07279 35.1747965,51.0721428 35.1761698,51.0715496 35.177586,51.0705248 35.1783585,51.0690147 35.1790451,51.0677742 35.1800751,51.0665067 35.1814519,51.0652503 35.1826071,51.0636209 35.1830825,51.0620321 35.1845846,51.0604677 35.1887393,51.056886 35.1904986,51.0563802 35.1903352,51.0554236 35.1902842,51.0536693 35.1922664,51.0529418 35.1947984,51.0520516 35.1969092,51.0511975 35.1962923,51.0504388 35.1973114,51.0498655 35.1996908,51.0520246 35.2007637,51.052699 35.203639,51.0509455 35.2061094,51.0503647 35.2142526,51.0491683 35.2185127,51.0505661 35.221238,51.0507208 35.2214194,51.0503659 35.2220067,51.050271 35.2221977,51.0507092 35.2223536,51.0514821 35.2224735,51.0523028 35.2227518,51.0524322 35.2243498,51.0523592 35.224919,51.0523954 35.2262071,51.0524922 35.2263431,51.053007 35.2258916,51.0533224 35.2257145,51.0536301 35.2268727,51.0547599 35.2422579,51.0602285 35.2437172,51.0635324 35.2441081,51.0637852 35.2480651,51.064509 35.2540645,51.0616275 35.2559909,51.0621624 35.2576158,51.0613895 35.2575271,51.0588182 35.2615582,51.0615875 35.2657375,51.0626254 35.2661237,51.0620051 35.264675,51.0596253 35.2667169,51.0578708 35.2733213,51.0580661 35.2725444,51.0589626 35.2725354,51.0595688 35.2739345,51.059379 35.2750947,51.0588032 35.2756809,51.0589355 35.2757521,51.0596072 35.275644,51.0607579 35.2762597,51.0624038 35.2750114,51.0630814 35.2739991,51.0637725 35.2737603,51.0642489 35.2739695,51.065957 35.2753525,51.0663861 35.2760474,51.066271 35.2764039,51.0654962 35.2768413,51.0642685 35.2768252,51.0640544 35.2771068,51.0640351 35.2773563,51.0641236 35.2776781,51.0647338 35.2792669,51.0662588 35.2811972,51.0676734 35.2822766,51.0673958 35.282481,51.0669838 35.2833224,51.0670274 35.2838012,51.0673 35.2848967,51.0676088 35.2859053,51.0673224 35.2866306,51.0674862 35.2880812,51.0686229 35.2882705,51.0693566 35.2942972,51.0694187 35.2961664,51.0699863 35.2983311,51.0708209 35.2979878,51.0720076 35.2986126,51.0724403 35.3012983,51.0721269 35.3013897,51.072455 35.3010983,51.0729811 35.3011136,51.0736216 35.3016841,51.073946 35.3032295,51.0740009 35.3038969,51.0741273 35.3049525,51.0756248 35.3049826,51.0765322 35.3038432,51.0772316 35.3036701,51.0778685 35.3041836,51.0782897 35.3048353,51.0788576 35.3117279,51.0786868 35.3126173,51.077176 35.328042,51.0770975 35.3258027,51.0741095 35.3280181,51.070991 35.3304455,51.0696025 35.3366785,51.0707144 35.341485,51.0689886 35.3432875,51.0672626 35.3439741,51.0666693 35.3450041,51.0658602 35.3469782,51.0651051 35.3497248,51.0644039 35.353158,51.0644039 35.3542738,51.065213 35.3565054,51.0661299 35.3595953,51.0665075 35.3620844,51.0667772 35.3641443,51.0668311 35.3669768,51.066939 35.3705816,51.0672087 35.3727274,51.0675323 35.3777056,51.0665614 35.3830271,51.0646736 35.3868895,51.0628935 35.3980475,51.0551253 35.4010515,51.0533449 35.4035406,51.05205 35.4069739,51.049568 35.4107504,51.0381816 35.4092913,51.0368324 35.4066305,51.0349433 35.4043131,51.0326223 35.4054289,51.031003 35.4077463,51.0296535 35.4123812,51.0270084 35.4126387,51.0244711 35.4109221,51.0234453 35.4057722,51.0221496 35.4011374,51.0206379 35.3965025,51.0192881 35.391181,51.0173983 35.3879194,51.0166964 35.3853445,51.0145365 35.3837137,51.0118365 35.3781347,51.0081643 35.3746157,51.0070842 35.3696375,51.0066521 35.3647452,51.005626 35.3619127,51.0042217 35.3563338,51.0032495 35.349639,51.0035196 35.34406,51.0044918 35.3370218,51.006166 35.3347903,51.0053019 35.3359061,51.0024934 35.3381376,51.0000628 35.3385668,50.9980642 35.3367644,50.994823 35.3390818,50.9915816 35.3438025,50.9886102 35.3549412,50.975757 35.3593378,50.9745067 35.3650027,50.9720205 35.3716974,50.9686695 35.3833704,50.964237 35.3976183,50.9607773 35.4128962,50.9578579 35.4202776,50.949315 35.4381304,50.9579661 35.4551249,50.9558034 35.4595881,50.9475846 35.4772692,50.9362273 35.5090265,50.9429339 35.5417088,50.9456993 35.538209,50.930818 35.5447987,50.9238465 35.5291109,50.9201059 35.5368357,50.9135043 35.5747729,50.9038707 35.5898791,50.9090666 35.6070452,50.9146948 35.6070452,50.9240015 35.6022387,50.9374172 35.6149416,50.9402297 35.6474522,50.9303385 35.6458407,50.9175086 35.6625584,50.9147563 35.6625584,50.909561 35.679143,50.9079841 35.6833256,50.9184376 35.6969958,50.9326572 35.7265215,50.9315754 35.7342463,50.9416359 35.7210283,50.9514779 35.7340746,50.9765603 35.7888346,50.9657506 35.7805948,50.9547221 35.785573,50.9447726 35.7995441,50.9372623 35.8181887,50.9405542 35.8363848,50.9405542 35.8343249,50.9460705 35.8386829,50.9580275 35.8437662,50.9590473 35.8523493,50.9581823 35.861104,50.9576417 35.8638506,50.9590473 35.8612757,50.9620747 35.8653956,50.9626153 35.8671122,50.9665074 35.8714037,50.9697505 35.8756953,50.9772088 35.8818751,50.9841256 35.8791285,50.9887723 35.8813601,50.992446 35.878181,50.9998698 35.8919139,51.0096995 35.9001537,51.0113196 35.9119983,51.020391 35.9260745,51.0176914 35.9353442,51.0166115 35.9403224,51.0183393 35.9322543,51.0231985 35.9389491,51.0277332 35.9473605,51.0374491 35.9458156,51.0491055 35.9485622,51.0547167 35.9937091,51.0524507 36.0048671,51.0512637 36.0105319,51.0528823 36.0065837,51.0581695 36.0022922,51.0649663 36.0010905,51.0686341 35.9914775,51.0735958 35.9756847,51.0789884 35.9667583,51.0814688 35.955257,51.0858901 35.9478755,51.0916047 35.9401508,51.0907422 35.9288211,51.0933297 35.922813,51.0977498 35.9274478,51.0979654 35.9362025,51.1002292 35.9356876,51.1030318 35.9348293,51.107451 35.932941,51.1119775 35.931911,51.1138096 35.9277911,51.1166114 35.9267612,51.1195208 35.9214397,51.1250158 35.9198947,51.129756 35.921941,51.1315432 35.9265895,51.1319105 35.9300227,51.132126 35.9355159,51.1319105 35.9416957,51.1319105 35.944614,51.1347112 35.955257,51.1391274 35.9605785,51.1364346 35.9665866,51.1372963 35.9677882,51.1454816 35.9791179,51.1329877 35.9875293,51.1257699 35.9913058,51.1257699 35.9885593,51.129756 35.9918208,51.132126 35.9952541,51.1312642 35.9981723,51.1288942 36.0041804,51.1276014 36.0067554,51.129756 36.0034938,51.1329877 36.0004039,51.1355729 35.9966273,51.1385888 35.9921642,51.1418199 35.986156,51.1495736 35.9895892,51.1525886 36.0134502,51.1590486 36.0179134,51.1563571 36.0239215,51.1565724 36.028728,51.1553881 36.0333629,51.1565724 36.0330196,51.1599099 36.0366245,51.158618 36.0395427,51.1525886 36.0452075,51.1549574 36.0527606,51.1658307 36.0651202,51.1553881 36.0853763,51.1548497 36.0853763,51.1520502 36.073875,51.1521579 36.0711284,51.1490352 36.0754199,51.1453739 36.1282916,51.1205983 36.138248,51.1094988 36.1746402,51.1200595 36.1844249,51.1204905 36.1878581,51.1237229 36.1955829,51.121568 36.2057109,51.1212448 36.2112041,51.1170424 36.213264,51.1184432 36.2168689,51.1179045 36.2223621,51.1172579 36.2269969,51.1304024 36.2268116,51.1431759 36.2367816,51.1391274 36.2453647,51.1351421 36.2494846,51.125339 36.2596126,51.1147795 36.2606425,51.1108998 36.2657924,51.1045409 36.278667,51.101415 36.2857051,51.1013072 36.3068195,51.0947313 36.3104243,51.096025 36.3147022,51.0944715 36.3181491,51.0953781 36.3195224,51.0993668 36.3260455,51.0963484 36.3478465,51.0905265 36.3603641,51.0946871 36.3620807,51.1033111 36.3725658,51.1037864 36.3792606,51.1031396 36.3826938,51.1042175 36.3869853,51.1071277 36.3957401,51.1123008 36.3996883,51.1145639 36.4043231,51.1167191 36.4146228,51.1186587 36.4220042,51.1179045 36.4279987,51.1173215 36.4317889,51.1069121 36.4352222,51.1031396 36.4388271,51.0990434 36.4462085,51.0928985 36.4585681,51.0864292 36.4808841,51.0666924 36.4882655,51.0621614 36.4927287,51.0633481 36.4904971,51.0669081 36.5035434,51.0780178 36.5035434,51.0872918 36.4956333,51.0933934 36.510324,51.1155877 36.5236278,51.1191975 36.521997,51.1265779 36.5248294,51.1342804 36.5292789,51.1377908</coordinates>
            </LinearRing>
          </outerBoundaryIs>
        </Polygon>
      </Placemark>
      <Placemark>
        <name>Russian-controlled Kursk Oblast - rear area</name>
        <Polygon>
          <outerBoundaryIs>
            <LinearRing>
              <tessellate>1</tessellate>
              <coordinates>34.872294,52.2013228 35.4167092,51.8925074 35.7801095,51.6579772 36.0923684,51.5607614 36.3807595,51.3914038 36.5153421,51.1973277 36.5292789,51.1377908 36.5450326,51.1262688 36.5567055,51.1176491 36.5649453,51.1090279 36.5886737,51.1076224 36.6048099,51.0998617 36.6041233,51.0791599 36.5828373,51.0670797 36.5941669,51.0647064 36.6239968,51.077978 36.6432229,51.0822917 36.660389,51.0922118 36.6686288,51.0831544 36.6775943,51.0946871 36.6947213,51.1055789 36.7372933,51.124976 36.752776,51.1507442 36.7675057,51.1443649 36.8107644,51.169343 36.867756,51.1801053 36.8979684,51.1719262 36.9192544,51.177953 36.9480935,51.1671902 36.9618656,51.1804238 36.9783059,51.1809661 36.9947854,51.1887133 37.0112649,51.2016223 37.0249978,51.2119469 37.0352975,51.2351687 37.0607034,51.2424769 37.0840493,51.2424769 37.0813027,51.2510732 37.1067086,51.2510732 37.1115151,51.2433366 37.1012154,51.2411873 37.100568,51.2303275 37.1431008,51.2287194 37.1362344,51.2373183 37.1362344,51.2605274 37.1232273,51.2874781 37.1307412,51.2940309 37.1492806,51.3043348 37.1596195,51.3149539 37.1602669,51.3257937 37.1527138,51.3425248 37.1431008,51.3536754 37.1486332,51.3565655 37.1602669,51.3515312 37.1705666,51.3485293 37.1822396,51.3472427 37.202839,51.3446693 37.2179452,51.3420958 37.2419778,51.3300843 37.2543374,51.3300843 37.2625771,51.3356615 37.2824898,51.3399511 37.2975961,51.3313714 37.3106423,51.3348035 37.3175088,51.341238 37.3241066,51.3606989 37.3628274,51.3772543 37.3861733,51.387111 37.4019662,51.3853969 37.4053994,51.3725395 37.417759,51.3708249 37.4191323,51.3858254 37.4678841,51.3699676 37.481617,51.3798258 37.5118294,51.3798258 37.5324288,51.3841113 37.5564614,51.3922527 37.5811806,51.3905389 37.592167,51.3678242 37.6381722,51.3648233 37.6828042,51.3631084 37.6828042,51.3553906 37.6976418,51.3504077 37.7047768,51.3622509 37.7429604,51.3812744 37.7665749,51.3961087 37.7892342,51.3922527 37.8084603,51.4033912 37.8173867,51.4153835 37.849659,51.4316538 37.8963509,51.4248039 37.9306832,51.422663 37.9341164,51.4282289 37.979435,51.4209503 38.0069009,51.4248039 38.0364266,51.3832543 38.0343667,51.3708249 38.0474129,51.3661094 38.0776253,51.3596784 38.0762521,51.3708249 38.1140176,51.3541042 38.1359902,51.3446693 38.175129,51.3339455 38.2139992,51.3418299 38.2263588,51.3006343 38.2895302,51.3040687 38.2963911,51.2986491 38.3365599,51.3044447 38.347477,51.2957484 38.3660856,51.3106688 38.3619658,51.3235436 38.3358732,51.3229 38.3289376,51.340809 38.3338133,51.360217 38.3719221,51.3612889 38.3777586,51.3670766 38.3736387,51.3741495 38.3776894,51.3862539 38.337864,51.3815401 38.3193937,51.3741495 38.2946053,51.3901104 38.2987252,51.3965371 38.2966653,51.4072463 38.2994118,51.4192375 38.2794991,51.4350783 38.3193937,51.446744 38.3062783,51.4547646 38.3152047,51.4598988 38.3021584,51.472304 38.311154,51.4831049 38.2781258,51.4915467 38.2781258,51.4992415 38.2980386,51.5210365 38.2829324,51.5347064 38.2417336,51.5556306 38.2245675,51.5654488 38.2135812,51.5859321 38.1848112,51.6163227 38.1374327,51.6333737 38.1675759,51.6707543 38.2342497,51.6627716 38.2238808,51.7009791 38.2403603,51.6984256 38.2437936,51.7039579 38.2891122,51.6954465 38.2939187,51.7026813 38.3316842,51.6962977 38.3337441,51.6894875 38.3461037,51.6873591 38.3728829,51.6852306 38.3886758,51.6848049 38.4188882,51.6877848 38.4401742,51.6877848 38.4471098,51.6883195 38.4566537,51.7018302 38.4655801,51.707362 38.4779397,51.7175728 38.4813729,51.7324595 38.4971658,51.7443653 38.5191384,51.7477664 38.5157052,51.7575431 38.4930459,51.7507421 38.479313,51.7413891 38.4745065,51.7405388 38.4566537,51.7447904 38.4319344,51.763493 38.4188882,51.7698672 38.401722,51.7787894 38.4044686,51.7945053 38.4106484,51.8029981 38.4209481,51.8093666 38.4264413,51.8174321 38.4422341,51.8339831 38.4470406,51.8420442 38.4188882,51.853497 38.4072152,51.8687629 38.4416166,51.8938792 38.4326211,51.9060576 38.4154549,51.9085993 38.4257546,51.9204586 38.4470406,51.9217291 38.4312478,51.9437447 38.3873025,51.9352784 38.3406106,51.9382418 38.3399239,51.922576 38.3186379,51.9229995 38.316578,51.956441 38.2822457,51.9691338 38.241047,51.9424748 38.241047,51.9251168 38.1929818,51.9301979 38.1826821,51.9208821 38.1710091,51.9331616 38.1401101,51.933585 38.1263772,51.9373951 38.1105843,51.9255403 38.120884,51.9111408 38.0851784,51.9060576 38.0494729,51.9026685 38.0477563,51.887626 38.03368,51.8865665 38.0254403,51.8914401 37.9966012,51.8944063 37.9210702,51.8914401 37.9193536,51.8961012 37.9190102,51.9130469 37.9004708,51.9126234 37.8987542,51.9013975 37.8881112,51.9005501 37.8671685,51.9003383 37.8685418,51.9045749 37.8558388,51.9081757 37.8565255,51.9236347 37.8318063,51.9460726 37.8256264,51.9727294 37.81876,51.9759018 37.8012505,51.9814001 37.7950707,51.9871091 37.7899209,51.9934516 37.784771,51.999159 37.7703515,52.0078246 37.7590218,52.0107831 37.754902,52.014798 37.7415124,52.016911 37.7418557,52.0109945 37.7346459,52.0042318 37.7246896,52.00085 37.7161065,51.9970453 37.7164498,51.9892233 37.7229729,51.9828802 37.7123299,51.9735754 37.7068368,51.9682877 37.7010003,51.9695568 37.6821175,51.9746329 37.6690713,51.9778051 37.6529351,51.9835146 37.6381722,51.9885891 37.6299325,51.9968339 37.6282159,52.0035977 37.5063363,52.016911 37.4840203,51.966384 37.4795571,51.9581336 37.4527779,51.9481888 37.4332085,51.9371835 37.4259988,51.9371835 37.4150124,51.9386651 37.3937264,51.9477656 37.3851434,51.9558063 37.3696938,51.9657494 37.3617974,51.9680762 37.3439446,51.9807657 37.3350182,51.9976794 37.3274651,52.0086699 37.3137322,52.0103605 37.3058358,52.0145867 37.2907296,52.0065565 37.27734,52.003809 37.2766534,52.0086699 37.2649804,52.0133189 37.2567406,52.0177561 37.2426644,52.019869 37.2224084,52.0224042 37.212452,52.0270518 37.1970025,52.0325438 37.180523,52.0420475 37.1846429,52.0458485 37.1925393,52.0500713 37.1997491,52.054716 37.2073022,52.0716018 37.2062722,52.0800423 37.1983758,52.084051 37.1798363,52.0853168 37.16782,52.0808863 37.1575204,52.0754002 37.1437875,52.0745562 37.1283379,52.0772993 37.1118584,52.0832071 37.1001855,52.0910126 37.08892,52.0920286 37.082676,52.0804643 37.0768395,52.0743452 37.06036,52.0745562 37.0486871,52.0796203 37.0370141,52.0863716 37.0339242,52.0916454 37.0449105,52.0964967 37.0442239,52.1019801 37.0208779,52.1089389 37.0112649,52.1074629 36.9971886,52.1064086 36.9927254,52.0996603 36.9855157,52.0937547 36.9807091,52.0880593 36.9618264,52.089325 36.9566766,52.0880593 36.9419137,52.0922782 36.9463769,52.0998712 36.9384804,52.1028237 36.9230309,52.1083064 36.9165078,52.1078846 36.9079247,52.1068303 36.8972817,52.1112583 36.8808022,52.1131558 36.8766824,52.1180048 36.8584862,52.117794 36.857113,52.1131558 36.8399468,52.1165291 36.8234673,52.1205345 36.811451,52.1243287 36.800808,52.1270688 36.7953149,52.1306518 36.7806161,52.1379889 36.7774621,52.1439273 36.7716256,52.1479302 36.7716256,52.1548818 36.7729989,52.1605687 36.767849,52.1641489 36.7637292,52.1683606 36.7530862,52.1732036 36.7424432,52.1727825 36.7352334,52.1736247 36.7221871,52.1795197 36.715664,52.174888 36.7129174,52.1744669 36.6978112,52.1776249 36.6878548,52.1790986 36.6778985,52.1757301 36.6689721,52.1746774 36.6569558,52.178046 36.6521493,52.1816249 36.6435662,52.1864664 36.6363564,52.1925701 36.6370431,52.1999356 36.6428796,52.2047751 36.6375581,52.2076155 36.6276017,52.2103505 36.6198769,52.213506 36.6150704,52.2129801 36.6087189,52.2141371 36.6059724,52.2150837 36.6013375,52.213506 36.5953294,52.2134008 36.5906945,52.2145578 36.5881196,52.2168716 36.5767899,52.2216041 36.56248,52.2117205 36.5242615,52.220868 36.5240899,52.2230764 36.5201417,52.2261258 36.5158501,52.2284391 36.509842,52.230542 36.5026322,52.2325396 36.498684,52.234432 36.4969674,52.2375858 36.4933625,52.2410547 36.4892426,52.2444183 36.486496,52.247151 36.486949,52.250832 36.4969674,52.2580801 36.4930634,52.2657235 36.4872269,52.2690852 36.4813904,52.2745474 36.4717774,52.2776984 36.4422517,52.3154925 36.4398484,52.3245163 36.4155379,52.3465725 36.4092927,52.3465435 36.4082627,52.3509476 36.3952164,52.3557706 36.3567643,52.3738 36.326274,52.366702 36.3265519,52.3750576 36.3179688,52.3792493 36.3076691,52.374848 36.2973694,52.379878 36.2891297,52.3752672 36.2784867,52.3750576 36.2366013,52.3612222 36.2201218,52.3563997 36.216002,52.3536737 36.2135987,52.3436071 36.2036423,52.3362655 36.1878495,52.3276637 36.1816697,52.3291324 36.1744599,52.3306011 36.1724,52.3354264 36.1555772,52.3316501 36.1542039,52.3276637 36.1504273,52.322208 36.1415009,52.3203194 36.1363511,52.3180109 36.1346345,52.3142332 36.1298279,52.3121343 36.1209016,52.3136035 36.1092286,52.3157023 36.1020188,52.3178011 36.0900679,52.320978 36.0855393,52.3201095 36.0769562,52.3178011 36.0694031,52.3167517 36.0608201,52.3171715 36.0525803,52.3192701 36.0402207,52.3169616 36.0371308,52.3108749 36.0278611,52.3096155 36.0082917,52.3119244 35.9997086,52.3104551 36.0003953,52.3047874 35.9942155,52.3010085 35.9722428,52.2938698 35.9698395,52.28883 35.9643464,52.2848397 35.9523301,52.2779084 35.9464936,52.2770682 35.9344773,52.2783285 35.9221177,52.2785386 35.9052949,52.2812692 35.9008317,52.2856798 35.8888154,52.2928199 35.8754258,52.2995389 35.8664994,52.3001687 35.84693,52.299119 35.8283906,52.2997488 35.815001,52.2972293 35.8036713,52.2940798 35.7923417,52.2921899 35.7841019,52.28883 35.7645325,52.2814792 35.7559495,52.2768581 35.7326035,52.2663538 35.7223038,52.2594196 35.7099442,52.2556369 35.6979279,52.2501724 35.6845383,52.2495418 35.6646256,52.2468092 35.6498627,52.2447072 35.6447129,52.2526945 35.6443696,52.2629919 35.6481461,52.2711861 35.6526093,52.2783285 35.6502061,52.2873599 35.6557476,52.2916797 35.6635956,52.2995389 35.6681072,52.312254 35.6708538,52.3332383 35.6481945,52.3458241 35.6340699,52.3610125 35.6227886,52.3768538 35.5966961,52.3856556 35.6015026,52.4371735 35.5994426,52.4421964 35.5685436,52.4413593 35.5417644,52.4447077 35.5266582,52.424195 35.4971325,52.424195 35.4827129,52.41917 35.4538738,52.4292194 35.4312145,52.4279633 35.4305278,52.41917 35.4167949,52.4162385 35.4085552,52.4053484 35.414735,52.3986454 35.393449,52.3927795 35.3961956,52.3890082 35.4140484,52.3902653 35.4140484,52.3843983 35.4044353,52.3802071 35.4010021,52.3743387 35.36049,52.3722427 35.3343975,52.3768538 35.3144364,52.3761056 35.3021251,52.3810453 35.2838807,52.3939171 35.2465069,52.3843983 35.2300274,52.3755963 35.2080547,52.3802071 35.1902019,52.3625996 35.1970684,52.3458241 35.1730358,52.3487603 35.1709758,52.3575676 35.1572429,52.3491797 35.1544964,52.337434 35.1146709,52.3370144 35.0666057,52.3307207 35.0652324,52.3206489 35.0411998,52.31897 35.0294785,52.3337481 35.0322251,52.351367 35.0016694,52.3478018 34.9779801,52.3543028 34.9594979,52.3552921 34.9643045,52.3672428 34.9231057,52.3705968 34.9107461,52.3469038 34.939528,52.3469629 34.9594407,52.3404609 34.9364953,52.3236178 34.9395852,52.3139641 34.9354081,52.305837 34.9196725,52.3009493 34.9182992,52.2921307 34.9011331,52.2831003 34.9204735,52.2801139 34.9162393,52.2749083 34.8926644,52.2737071 34.8766456,52.2601576 34.8591904,52.25322 34.9066262,52.2450683 34.9011331,52.2337154 34.8777871,52.2282482 34.872294,52.2013228</coordinates>
            </LinearRing>
          </outerBoundaryIs>
        </Polygon>
      </Placemark>
      <Placemark>
        <name>Russian-controlled Belgorod Oblast - frontline area</name>
        <Polygon>
          <outerBoundaryIs>
            <LinearRing>
              <tessellate>1</tessellate>
              <coordinates>36.5941669,51.0647064 36.5828373,51.0670797 36.6041233,51.0791599 36.6048099,51.0998617 36.5886737,51.1076224 36.5649453,51.1090279 36.5567055,51.1176491 36.5292789,51.1377908 36.5244764,51.1329474 36.521997,51.1265779 36.5236278,51.1191975 36.510324,51.1155877 36.4956333,51.0933934 36.5035434,51.0872918 36.5035434,51.0780178 36.4904971,51.0669081 36.4927287,51.0633481 36.4882655,51.0621614 36.4813893,51.0660048 36.4601033,51.0864967 36.4498037,51.0913487 36.4462085,51.0928985 36.4396756,51.0980329 36.4316075,51.1061173 36.4279987,51.1173215 36.4146228,51.1186587 36.4043231,51.1167191 36.4010518,51.1154935 36.3826938,51.1042175 36.3792606,51.1031396 36.3725658,51.1037864 36.3620807,51.1033111 36.3603641,51.0946871 36.3478465,51.0905265 36.3256925,51.0970627 36.3195127,51.0983563 36.3181491,51.0953781 36.3147022,51.0944715 36.3104243,51.096025 36.3068195,51.0947313 36.2857051,51.1013072 36.278667,51.101415 36.2657924,51.1045409 36.259399,51.1110887 36.2585407,51.115076 36.2506443,51.1245581 36.2453647,51.1351421 36.2268116,51.1431759 36.2269969,51.1304024 36.2223621,51.1172579 36.213264,51.1184432 36.2112041,51.1170424 36.2057109,51.1212448 36.1955829,51.121568 36.1878581,51.1237229 36.1844249,51.1204905 36.1746402,51.1200595 36.138248,51.1094988 36.1282916,51.1205983 36.0754199,51.1453739 36.0711284,51.1490352 36.073875,51.1521579 36.0853763,51.1520502 36.0853763,51.1548497 36.0651202,51.1553881 36.0527606,51.1658307 36.0452075,51.1549574 36.0395427,51.1525886 36.0366245,51.158618 36.0330196,51.1599099 36.0326343,51.1558997 36.028728,51.1553881 36.0239215,51.1565724 36.0179134,51.1563571 36.0134502,51.1590486 36.0058551,51.1566534 35.9895892,51.1525886 35.986156,51.1495736 35.9921642,51.1418199 35.9984737,51.1379159 36.0067554,51.129756 36.0041804,51.1276014 35.9981723,51.1288942 35.9952541,51.1312642 35.9918208,51.132126 35.9885593,51.129756 35.9913058,51.1257699 35.9875293,51.1257699 35.9791179,51.1329877 35.9677882,51.1454816 35.9665866,51.1372963 35.9605785,51.1364346 35.955257,51.1391274 35.944614,51.1347112 35.9416957,51.1319105 35.921941,51.1315432 35.9198947,51.129756 35.9214397,51.1250158 35.9270626,51.1206793 35.9277911,51.1166114 35.9311824,51.1152915 35.934959,51.1086099 35.9362025,51.1002292 35.9274478,51.0979654 35.922813,51.0977498 35.9288211,51.0933297 35.9401508,51.0907422 35.9478755,51.0916047 35.955257,51.0858901 35.9680896,51.0814421 35.9756847,51.0789884 35.9888607,51.0747555 36.0013919,51.0693624 36.0019069,51.0656947 36.0105319,51.0528823 36.0048671,51.0512637 35.9937091,51.0524507 35.9485622,51.0547167 35.9458156,51.0491055 35.9473605,51.0374491 35.9389491,51.0277332 35.9322543,51.0231985 35.9403224,51.0183393 35.9366963,51.0169046 35.9275982,51.0164726 35.9119983,51.020391 35.9001537,51.0113196 35.8919139,51.0096995 35.878181,50.9998698 35.8812496,50.9932486 35.8791285,50.9887723 35.8833096,50.9836315 35.8769581,50.9792005 35.8714037,50.9697505 35.8671122,50.9665074 35.8653956,50.9626153 35.8612757,50.9620747 35.8638506,50.9590473 35.861104,50.9576417 35.8463765,50.9586589 35.8386829,50.9580275 35.8343249,50.9460705 35.8363848,50.9405542 35.8181887,50.9405542 35.7995441,50.9372623 35.785573,50.9447726 35.7805948,50.9547221 35.7888346,50.9657506 35.7340746,50.9765603 35.7210283,50.9514779 35.7342463,50.9416359 35.7265215,50.9315754 35.6968595,50.9333505 35.6833256,50.9184376 35.68038,50.9071623 35.6625584,50.909561 35.6625584,50.9147563 35.6458407,50.9175086 35.6474522,50.9303385 35.6149416,50.9402297 35.6022387,50.9374172 35.6070452,50.9240015 35.6070452,50.9146948 35.5747729,50.9038707 35.5368357,50.9135043 35.5291109,50.9201059 35.5447987,50.9238465 35.5375577,50.9315113 35.5417088,50.9456993 35.5090265,50.9429339 35.4772692,50.9362273 35.4595881,50.9475846 35.4551249,50.9558034 35.4381304,50.9579661 35.4202776,50.949315 35.4128962,50.9578579 35.3847791,50.9635244 35.3716974,50.9686695 35.3549412,50.975757 35.3514768,50.9720647 35.3489019,50.9696865 35.3455545,50.966065 35.3460241,50.9607383 35.3429342,50.9591705 35.3394151,50.9543047 35.3352094,50.9520878 35.3331495,50.9503575 35.3322912,50.9479783 35.3308321,50.9444091 35.3312612,50.9422459 35.333407,50.9404611 35.3355528,50.9377028 35.3373552,50.9362965 35.3395868,50.9365669 35.3441358,50.9366751 35.3496129,50.9372806 35.3542477,50.9371184 35.3594834,50.935658 35.3631741,50.935658 35.3678948,50.9354416 35.3714997,50.9349548 35.3759629,50.9340352 35.3732592,50.9237026 35.3738035,50.9233429 35.3876437,50.9234782 35.392932,50.9247656 35.3927077,50.9189873 35.395013,50.9183032 35.3967534,50.9169686 35.4021842,50.914991 35.4067332,50.9114194 35.4063899,50.9087134 35.4072482,50.9063861 35.4090506,50.9034633 35.4060466,50.9015147 35.4020125,50.8992412 35.3976352,50.8977796 35.3929145,50.895939 35.3900821,50.8933946 35.392142,50.8896588 35.3948886,50.8878179 35.3981501,50.885273 35.4007251,50.8842983 35.4049308,50.8826738 35.408364,50.8801286 35.4070563,50.8784545 35.4037089,50.8771006 35.3987307,50.8761799 35.3941817,50.8753675 35.3907485,50.8726052 35.3902335,50.870872 35.3925509,50.8681636 35.3970999,50.8672428 35.402164,50.8671886 35.4066271,50.8665927 35.4096312,50.8646426 35.4118628,50.8623131 35.4159827,50.8584123 35.4197592,50.8499595 35.4204459,50.8481712 35.4231925,50.8453532 35.4253382,50.8429144 35.4255957,50.8400418 35.4239649,50.8370606 35.4222483,50.8336998 35.42345,50.8306641 35.4235358,50.8273028 35.4237075,50.8236702 35.4244799,50.8201458 35.4179106,50.8135841 35.4183398,50.8101674 35.4200564,50.8060995 35.4211722,50.8025195 35.4224597,50.7988307 35.4265795,50.7973117 35.4307852,50.7968777 35.4350768,50.7966607 35.4393683,50.7952502 35.4431449,50.7937853 35.4454623,50.7923204 35.4576814,50.7877308 35.4611146,50.7870254 35.4646337,50.7866455 35.4719293,50.7850176 35.4742467,50.7855603 35.4781091,50.7853975 35.4807699,50.7842036 35.4839456,50.7817616 35.4851472,50.7799164 35.4873788,50.7782883 35.4905546,50.7779084 35.4912412,50.7762802 35.4896963,50.7743805 35.4881513,50.7727521 35.4849756,50.7684096 35.481199,50.759289 35.4765213,50.7547008 35.4765642,50.7533162 35.47647,50.7522317 35.47544,50.7507995 35.4741418,50.7504194 35.4722644,50.7488581 35.4717627,50.7479077 35.4709607,50.7472288 35.470556,50.7471254 35.4695261,50.7464465 35.4696412,50.744296 35.4708993,50.7438667 35.4719722,50.743052 35.4736269,50.7406705 35.4714919,50.7377782 35.4717064,50.737235 35.4665995,50.7363523 35.4638101,50.735062 35.4732944,50.7255002 35.472334,50.7234932 35.4722297,50.7223268 35.4706574,50.7204825 35.469716,50.7195808 35.4695498,50.7187012 35.4691316,50.7182462 35.4680694,50.717684 35.4671788,50.7165784 35.4673907,50.7115895 35.46587,50.7082597 35.4626192,50.7083243 35.4624582,50.7077909 35.4619111,50.7077331 35.461321,50.7063708 35.459996,50.7060447 35.4596415,50.7047304 35.4598404,50.7040878 35.4617873,50.7028822 35.4619539,50.7014377 35.4604998,50.6991855 35.4604998,50.6982613 35.4601972,50.6971395 35.4607245,50.6962615 35.4631073,50.6949274 35.4633208,50.6931352 35.4626252,50.6916726 35.4613377,50.6916182 35.4600595,50.6896435 35.4597853,50.6883013 35.4622599,50.6858492 35.4664876,50.6847667 35.4699208,50.6836246 35.473354,50.6835159 35.4761864,50.6838966 35.4797913,50.6836246 35.4827954,50.6836246 35.4864861,50.6830808 35.4886319,50.6830808 35.4929234,50.6828633 35.4970433,50.682537 35.4989316,50.6820475 35.5010773,50.6791107 35.5003907,50.6766632 35.497215,50.673998 35.4930951,50.6657294 35.4924084,50.6624651 35.4941251,50.6605064 35.4954983,50.6587109 35.49464,50.6550652 35.4888894,50.651528 35.479963,50.6548475 35.4673459,50.661649 35.4633118,50.6609417 35.4560162,50.6601255 35.4460599,50.6543577 35.4428841,50.6531606 35.4367043,50.650494 35.4306103,50.6508205 35.4215981,50.6515824 35.4168774,50.6516913 35.4151608,50.6506029 35.4143883,50.6477729 35.4111268,50.6445618 35.4076936,50.6427112 35.4052903,50.6360703 35.4059049,50.6304888 35.4086515,50.6256975 35.4104539,50.622866 35.412943,50.6198165 35.4149171,50.6179105 35.4173204,50.6175293 35.4192086,50.6179105 35.4236718,50.6167124 35.425131,50.6151875 35.4253885,50.6112661 35.4268476,50.6060915 35.4280148,50.6028508 35.4280148,50.6015978 35.4261265,50.5977843 35.4230366,50.5952235 35.415741,50.5938614 35.404068,50.5849793 35.4054413,50.5811098 35.4078446,50.5781667 35.4126511,50.5744602 35.416256,50.5718982 35.4214058,50.5698813 35.4329072,50.5612127 35.4336796,50.5584319 35.4349671,50.5548329 35.4423485,50.5469252 35.4424344,50.542889 35.4415761,50.5395616 35.443121,50.5368886 35.4464684,50.5344337 35.4480134,50.5249947 35.4520474,50.521666 35.4541073,50.5196469 35.4581414,50.5172457 35.4605446,50.5152809 35.4640637,50.511897 35.4655228,50.5087312 35.4675828,50.5055106 35.4686986,50.5020168 35.4709302,50.4997784 35.4747067,50.4973215 35.4783116,50.4945916 35.5046616,50.4884212 35.5119572,50.4806116 35.5114422,50.477389 35.5269776,50.4702877 35.5307541,50.4695776 35.535389,50.4674469 35.5371056,50.4651523 35.5389939,50.4622019 35.5427704,50.4603442 35.5463753,50.4597977 35.5514393,50.4603442 35.5560742,50.4601802 35.5607949,50.4607813 35.5613099,50.4618194 35.5634556,50.4637864 35.5655156,50.4651523 35.5698929,50.4661904 35.5731545,50.4641689 35.5745278,50.4618741 35.5746995,50.4596338 35.5777035,50.457612 35.5797635,50.4561913 35.5808793,50.4542786 35.583025,50.4528031 35.5860291,50.4504531 35.5865393,50.4475929 35.5873404,50.4326766 35.5871449,50.4290793 35.5892048,50.4051794 35.5968042,50.3925073 35.6113954,50.3815622 35.6179185,50.3766361 35.6184335,50.371819 35.6199785,50.3634973 35.62427,50.3610881 35.6368013,50.3567075 35.6549974,50.3540789 35.6754251,50.3578027 35.7436605,50.3620737 35.7639384,50.3770315 35.7799029,50.3880871 35.8029914,50.4051033 35.8044505,50.4064709 35.8049655,50.4087137 35.8028197,50.4096983 35.7999015,50.4107922 35.7952666,50.4102452 35.7937217,50.4118315 35.7916618,50.4135817 35.7913184,50.4162617 35.7921767,50.4184493 35.800674,50.4224962 35.8313155,50.43704 35.8375812,50.429878 35.8392978,50.427855 35.842731,50.4276909 35.8463359,50.4287845 35.8506274,50.4302607 35.8539748,50.4310262 35.8586955,50.4299327 35.8665919,50.4284017 35.8826423,50.4395547 35.8894659,50.4389261 35.8908821,50.4381881 35.8925986,50.4376961 35.8944868,50.4378054 35.8953022,50.4385707 35.8983922,50.4389807 35.9003878,50.4389397 35.9012246,50.4384887 35.9014607,50.4382017 35.9029949,50.4382495 35.9033329,50.4384648 35.9047008,50.4387073 35.9057308,50.438352 35.9069753,50.4381607 35.9074473,50.4376687 35.9089065,50.4369717 35.909121,50.4362132 35.9087992,50.4358066 35.9089815,50.4354667 35.9105748,50.435324 35.9114814,50.4347166 35.9133267,50.4350036 35.9152579,50.4361653 35.9179187,50.436712 35.9192062,50.4379147 35.9239268,50.43704 35.9282613,50.4352086 35.9295488,50.4340879 35.9306216,50.4331038 35.9332395,50.432147 35.9351277,50.4325024 35.9359431,50.4339239 35.9372735,50.4345526 35.9395909,50.4346893 35.9412646,50.4346346 35.9429813,50.4346619 35.9448266,50.4349079 35.9465003,50.435236 35.9484315,50.435564 35.9498477,50.4355093 35.9516931,50.4352086 35.9532809,50.4350993 35.955298,50.4349626 35.9586454,50.435482 35.9632373,50.4361927 35.9649539,50.4362473 35.9683013,50.4372587 35.9694475,50.4408506 35.9725374,50.4428184 35.9783739,50.446098 35.99554,50.4493773 36.018371,50.4518366 36.0237783,50.4518366 36.0293573,50.4520006 36.0336489,50.4523831 36.0385412,50.4527657 36.0428328,50.4537494 36.0476393,50.4540773 36.0541624,50.4543505 36.0623163,50.4548423 36.0708136,50.4552795 36.0781092,50.4559899 36.1140722,50.4416705 36.1169905,50.4406866 36.1264318,50.4411239 36.1348433,50.4408506 36.1422247,50.438992 36.1479753,50.4382266 36.1520094,50.4372973 36.155271,50.4360399 36.15776,50.4356026 36.1625666,50.4352199 36.1658281,50.4332517 36.1678881,50.429862 36.1693472,50.4281123 36.1702055,50.4249408 36.1698622,50.4219879 36.170463,50.4193083 36.1710638,50.4168473 36.1728662,50.41548 36.1762995,50.413511 36.180076,50.411159 36.1859983,50.4097369 36.1945583,50.407641 36.1985924,50.4053982 36.2012531,50.4033741 36.2047722,50.4014046 36.2070038,50.3991615 36.2126686,50.3902426 36.2152435,50.3867403 36.2240841,50.3855911 36.228204,50.3802275 36.2324955,50.3744254 36.2346413,50.3714146 36.2357571,50.3683489 36.2361004,50.3659399 36.2391045,50.3637499 36.2461426,50.3629834 36.2680294,50.3529624 36.2722351,50.3509361 36.2858822,50.34157 36.2806565,50.3374375 36.2836942,50.3356893 36.2769565,50.3283202 36.2821985,50.3231951 36.2828852,50.3183725 36.2811685,50.3137687 36.2828852,50.3106993 36.2859751,50.306314 36.2894083,50.3022572 36.2950731,50.3002835 36.3041712,50.2997353 36.3076044,50.296007 36.3110376,50.2951297 36.3206507,50.292388 36.3256288,50.292388 36.3371302,50.2915106 36.3488031,50.2899752 36.3532663,50.2896462 36.3577295,50.2896462 36.3632227,50.2915106 36.3680292,50.2957876 36.3734714,50.3007191 36.4005939,50.3071881 36.4110653,50.313985 36.4251415,50.3282334 36.4332096,50.3308634 36.4404194,50.3111348 36.4726917,50.3129984 36.4888279,50.311354 36.4905445,50.3062013 36.4969469,50.3034633 36.5003992,50.2992427 36.512343,50.295542 36.5258672,50.2929236 36.5229115,50.2911823 36.5261939,50.2850946 36.556346,50.2814172 36.5587492,50.281856 36.5589209,50.2840498 36.5695597,50.2859171 36.5853568,50.2863532 36.5889616,50.283282 36.5874167,50.2820754 36.58982,50.279333 36.5929099,50.2776874 36.5929099,50.2757127 36.5729929,50.2757154 36.5803786,50.262546 36.5747138,50.2605707 36.5778037,50.2585953 36.5748854,50.256071 36.5687056,50.2581563 36.5599461,50.2508288 36.569211,50.2444892 36.57641,50.2417994 36.5775895,50.2397134 36.5887857,50.237412 36.5953089,50.2354356 36.5997721,50.2332395 36.6030336,50.231263 36.6128183,50.2315924 36.6232897,50.228298 36.6308428,50.2273097 36.6390825,50.2261016 36.6476656,50.2256623 36.6528154,50.2289569 36.6629435,50.2321415 36.6680933,50.234118 36.6698099,50.2367532 36.6715265,50.2449873 36.6723848,50.2521223 36.6747881,50.2584881 36.6801096,50.2629876 36.6814829,50.2650725 36.6828562,50.2674866 36.688006,50.2697908 36.6936708,50.2711074 36.700709,50.2705588 36.7048288,50.2727532 36.7115236,50.2772512 36.7187334,50.2785677 36.7290405,50.2772312 36.7395578,50.2830422 36.7461055,50.2806817 36.7491218,50.2802139 36.7506624,50.2831749 36.7502258,50.2862249 36.7480806,50.2873832 36.7478664,50.2884011 36.7531454,50.2894189 36.7545202,50.2906387 36.76036,50.2900072 36.7629416,50.2907182 36.7720531,50.2891782 36.771878,50.2911576 36.76347,50.2929619 36.7665565,50.2960926 36.7682731,50.3017946 36.7734229,50.3030007 36.7802894,50.3030007 36.7844093,50.3048646 36.8000305,50.3060707 36.8036354,50.3101271 36.808169,50.311357 36.8202896,50.3134779 36.8224169,50.3133302 36.8316189,50.3132043 36.8530766,50.3276722 36.8717877,50.3358905 36.8807666,50.3360853 36.9157855,50.3468766 36.9360567,50.34982 36.9521929,50.3493819 37.0370572,50.3486664 37.0586229,50.3501486 37.0670343,50.3482865 37.0723558,50.3489437 37.0790506,50.3505868 37.0946718,50.3543108 37.0993067,50.3582536 37.1132112,50.3607725 37.1245409,50.3620866 37.1303774,50.3635102 37.1391321,50.3632912 37.1470285,50.360882 37.1552683,50.360882 37.164538,50.3625246 37.1734644,50.3637292 37.1813608,50.3654812 37.1887422,50.3681092 37.1966387,50.3720508 37.2031618,50.3746784 37.2114016,50.3780721 37.219813,50.3829981 37.2247911,50.3865007 37.2426439,50.3929579 37.2484804,50.3950372 37.2565485,50.3967881 37.2639299,50.3984295 37.2690798,50.4008368 37.2769762,50.401931 37.2859026,50.4044475 37.2919107,50.4069639 37.2960306,50.4102459 37.2968889,50.414731 37.2984339,50.4212937 37.2999788,50.4271995 37.3020388,50.4317923 37.3087336,50.4350726 37.3168016,50.4354006 37.3210932,50.4372594 37.3283029,50.439118 37.3386026,50.4396647 37.3535372,50.4393367 37.3590303,50.4396647 37.3727632,50.4380247 37.3811747,50.43551 37.3878694,50.4352913 37.3967958,50.4338698 37.4021173,50.4343072 37.4132753,50.4359473 37.4239183,50.4385714 37.4304415,50.4410859 37.4321561,50.44349 37.4421021,50.4467543 37.4690105,50.4535688 37.4738595,50.4560996 37.4770909,50.4595505 37.4908453,50.4574194 37.4845566,50.4452851 37.4838716,50.4311556 37.4652014,50.4308826 37.4616838,50.4192156 37.4640442,50.4149412 37.4668337,50.4128714 37.4704386,50.4088237 37.4714685,50.4048851 37.4706102,50.4003991 37.4690653,50.3955844 37.4685503,50.3906597 37.4745385,50.3776208 37.4755685,50.3732417 37.4760835,50.3689717 37.4805467,50.3642632 37.4855249,50.3601019 37.4941079,50.3604305 37.5047509,50.3567069 37.5105874,50.3522163 37.5135057,50.3463013 37.5189988,50.3418097 37.5260369,50.3386325 37.53565,50.3358933 37.5456063,50.3353455 37.5560777,50.3326062 37.5639741,50.3248256 37.5720426,50.3193826 37.5859473,50.3215199 37.594187,50.320095 37.6064608,50.3190537 37.6262876,50.3173548 37.6381323,50.3118739 37.6381323,50.3031031 37.6307509,50.2963595 37.6281759,50.2935083 37.6298925,50.2851729 37.6332399,50.2723927 37.6339266,50.256646 37.6380397,50.2412484 37.6281692,50.2306527 37.6232768,50.2238439 37.62671,50.2177481 37.6263667,50.2100037 37.636838,50.1972034 37.6441336,50.191269 37.642417,50.1896204 37.6416875,50.1869002 37.6399709,50.1843996 37.6390267,50.1814317 37.6391555,50.1790408 37.6402283,50.1775842 37.6401425,50.17621 37.6416446,50.1751931 37.6442195,50.1741762 37.6467515,50.174506 37.6465798,50.1733516 37.6473464,50.173044 37.6481677,50.1732416 37.6488972,50.1729668 37.6497784,50.1721535 37.6496671,50.1711769 37.6500238,50.170708 37.6511718,50.1708503 37.6520785,50.1704374 37.6527653,50.170301 37.6527656,50.1689605 37.6540746,50.168186 37.6548257,50.1672192 37.6545192,50.1669195 37.6542912,50.1662228 37.6547002,50.1660573 37.657137,50.164088 37.6611824,50.1610776 37.6616955,50.1604148 37.662581,50.1597312 37.6638585,50.1593473 37.6648935,50.1585603 37.6656705,50.1578662 37.6657211,50.1569744 37.6670635,50.1556507 37.6668261,50.1551556 37.6679402,50.1547818 37.6678258,50.1542775 37.6683659,50.1537663 37.6684008,50.1527277 37.6692113,50.1524789 37.6707537,50.1517771 37.6717352,50.1511073 37.6738567,50.150903 37.6741861,50.1500218 37.684561,50.1457686 37.6859965,50.144088 37.6911288,50.1425525 37.6917738,50.1415847 37.6946288,50.140438 37.7010939,50.134132 37.7088445,50.1338502 37.7068597,50.1280868 37.7229185,50.1088942 37.7315016,50.1044903 37.7411146,50.0967826 37.7495611,50.0853418 37.7559119,50.0785673 37.7980547,50.0842953 37.8245887,50.0682647 37.8628137,50.0546943 37.89252,50.050951 37.9030563,50.0468153 37.9228555,50.0367122 37.9261656,50.0344144 37.9356416,50.0187691 37.9404715,50.0151355 37.9658024,49.9795607 37.9802218,49.9764696 37.9993514,49.9636497 38.0045976,49.9671955 38.0113097,49.9642361 38.0433825,49.9329417 38.0209807,49.9259247 38.023899,49.9227198 38.0244139,49.9180778 38.022354,49.9176909 38.0238131,49.9153697 38.021839,49.9103401 38.0342825,49.9006987 38.0456505,49.9152605 38.0568085,49.9239921 38.1253014,49.9428865 38.1303304,49.9310199 38.1270178,49.9221132 38.1589694,49.9361695 38.1709632,49.9417818 38.1646118,49.947968 38.160686,49.9507518 38.1990674,49.9622003 38.1944807,49.9693927 38.2154853,49.9776665 38.2223517,49.9781081 38.2175452,49.9880424 38.1835562,50.023127 38.1880195,50.0242299 38.1866462,50.0423134 38.1802554,50.0491767 38.183002,50.0606391 38.1773765,50.0795616 38.2480697,50.0717612 38.2722659,50.0727599 38.2839389,50.078048 38.3050613,50.0893863 38.3174522,50.0885939 38.3274084,50.08551 38.3330341,50.0654878 38.3412738,50.0454288 38.3521277,50.0321698 38.3490379,50.0056982 38.3977898,49.9917948 38.4180457,49.9814198 38.4331467,50.0022095 38.4685143,49.9957676 38.4640511,49.9842897 38.4784706,49.9838481 38.4788139,49.979212 38.4839636,49.9776666 38.4825904,49.9712633 38.4887702,49.9648593 38.5114295,49.9628717 38.5292824,49.9569083 38.5800628,49.9764738 38.6133966,49.9767835 38.6473855,49.9555828 38.6636539,49.9717336 38.6775979,49.9736922 38.6756702,49.9902784 38.6820609,50.009008 38.6993594,49.9999894 38.7136153,49.9930303 38.7225732,49.9816405 38.6999138,49.9741338 38.6854942,49.9617673 38.6896141,49.941223 38.7220187,49.9295398 38.7317783,49.906876 38.747464,49.8971227 38.7694368,49.8966803 38.7770969,49.8825477 38.7896927,49.8787633 38.795186,49.8839621 38.8317498,49.8772146 38.8337451,49.8699364 38.8415344,49.8653765 38.8505679,49.8679448 38.8568124,49.8684746 38.8645372,49.8658191 38.8789172,49.8702736 38.8905902,49.8702736 38.9034989,49.8671889 38.9124253,49.8625415 38.9160356,49.858737 38.9041856,49.8468257 38.9144906,49.8343844 38.9063831,49.8286553 38.9089974,49.8196562 38.9182673,49.8140074 38.9222154,49.8069177 38.9433298,49.7997162 38.9489946,49.7960596 38.9755601,49.8068485 38.9808841,49.8067249 39.0176196,49.8211247 39.0392884,49.8230895 39.067441,49.8155581 39.0735812,49.8233397 39.1089831,49.8377059 39.1334885,49.862209 39.1680346,49.8835197 39.1810413,49.8877514 39.177608,49.9003581 39.1923709,49.9231302 39.2136569,49.9271087 39.2081638,49.9368325 39.190311,49.9370534 39.189281,49.9425774 39.2085071,49.9483217 39.2064471,49.9695254 39.2181201,49.9761497 39.2620654,49.9916027 39.2795749,50.0352859 39.2569156,50.0430035 39.254169,50.0335216 39.2315097,50.0410191 39.2349429,50.0485153 39.2229266,50.0452083 39.2177768,50.0485153 39.2267032,50.0643859 39.2198367,50.0683527 39.2074771,50.075404 39.2078204,50.078709 39.2428394,50.084437 39.2464442,50.0936885 39.2345996,50.0955606 39.2388911,50.0991945 39.2237849,50.0980934 39.2107387,50.0921467 39.2047305,50.0942392 39.1954608,50.0903846 39.1703983,50.1157088 39.1515155,50.1223129 39.1597553,50.1437699 39.1381259,50.153505 39.11478,50.1556497 39.1173549,50.1608737 39.1043062,50.1631424 38.6978121,50.2756159 38.258359,50.5067556 38.0496187,50.6288727 37.8628511,50.7054701 37.6101656,50.7089488 37.2091646,50.6985118 36.7752047,50.7993052 36.5941669,51.0647064</coordinates>
            </LinearRing>
          </outerBoundaryIs>
        </Polygon>
      </Placemark>
      <Placemark>
        <name>Russian-controlled Belgorod Oblast - rear area</name>
        <Polygon>
          <outerBoundaryIs>
            <LinearRing>
              <tessellate>1</tessellate>
              <coordinates>39.1173549,50.1608737 39.1252171,50.1739056 39.1200672,50.1726962 39.1190373,50.1754447 39.1301952,50.1770938 39.1300236,50.1798421 39.1293369,50.1852283 39.1401516,50.1888554 39.1403233,50.2102826 39.13895,50.2255505 39.126762,50.2265389 39.1231571,50.2254406 39.1198956,50.2260996 39.1190373,50.2309315 39.1109692,50.2321394 39.105991,50.2437776 39.1029011,50.2562911 39.107021,50.2576081 39.1114842,50.2650705 39.1133724,50.2663872 39.1039311,50.2709956 39.0895115,50.2754939 39.0550076,50.2763715 39.0447079,50.2768104 39.0345799,50.2881087 39.0386069,50.3031923 39.0435851,50.3163479 39.0636695,50.3207322 39.0701926,50.320513 39.1021217,50.3393612 39.0909637,50.346044 39.0901054,50.3516305 39.0751708,50.3528353 39.0653861,50.3541497 39.036547,50.3808667 39.0353454,50.3885287 39.0394653,50.398925 39.0351737,50.4043959 39.0334571,50.4112883 39.026934,50.4146794 39.0089095,50.4135855 39.0047897,50.4211328 38.9927734,50.4218984 38.9943183,50.4241951 38.9862502,50.4351304 38.9970649,50.4433302 39.015776,50.4555726 39.0228141,50.4568841 39.0119994,50.4643152 39.0341438,50.4770983 39.0413535,50.4717451 39.0456451,50.4765521 39.0525115,50.4767706 39.0511382,50.4857277 39.0451301,50.4859462 39.0454734,50.4920623 39.0617812,50.4918438 39.0825523,50.4997062 39.0763725,50.504292 39.1021217,50.5023267 39.1266692,50.5076765 39.1256393,50.5341979 39.1028083,50.524486 39.0964568,50.5167369 39.0926803,50.5159728 39.0835822,50.5293968 39.0842689,50.5497982 39.0921653,50.5796752 39.0760262,50.592205 39.0820344,50.5932948 39.0840943,50.5969998 39.0835793,50.6060431 39.0454705,50.6183522 39.0545685,50.6254312 39.0918191,50.6111632 39.0969689,50.61454 39.1153367,50.6202037 39.1210015,50.6235799 39.0559418,50.6430697 39.0514786,50.6521041 39.0288193,50.6464442 39.0236695,50.6544985 38.997577,50.6497096 38.996032,50.6526483 38.9665063,50.6529748 38.9625581,50.654825 38.9673646,50.6694062 38.9608414,50.6821338 38.9732011,50.6830039 38.9797242,50.6862668 38.9807542,50.6932269 38.9893372,50.6951842 38.9872773,50.6986637 38.963588,50.6993161 38.953975,50.6982288 38.9217026,50.7014906 38.8962968,50.7047522 38.8904603,50.6932269 38.8647111,50.701708 38.8805039,50.7012731 38.8808472,50.706709 38.8732941,50.7121443 38.8681443,50.7145356 38.8629945,50.7132313 38.8568146,50.716492 38.8300355,50.7138834 38.8248856,50.7217088 38.8200384,50.7230132 38.8169055,50.7243716 38.8140731,50.7231762 38.805533,50.7155141 38.7842899,50.7181498 38.7948471,50.747404 38.7996536,50.7618479 38.8022285,50.7658653 38.7986236,50.7673853 38.7946754,50.7653224 38.7922721,50.7674939 38.7883239,50.7667339 38.7943321,50.777807 38.7999969,50.7820401 38.8211113,50.7772642 38.8372474,50.7754189 38.8425689,50.7750932 38.8530403,50.7743333 38.8454872,50.7814974 38.8492637,50.7844278 38.8411956,50.7881177 38.8427406,50.7900711 38.8238578,50.7928925 38.8223129,50.7895285 38.8135582,50.7913733 38.8101249,50.7941946 38.8109832,50.7969072 38.8034301,50.7960392 38.7948471,50.8020066 38.7845474,50.7960392 38.774591,50.7905052 38.7690979,50.7868155 38.7660079,50.7839937 38.7608581,50.7844278 38.7551933,50.7859472 38.7509017,50.7865984 38.7414604,50.785079 38.7318473,50.787141 38.732019,50.7900711 38.7263215,50.7922032 38.7077821,50.8020768 38.7105286,50.820625 38.708812,50.8284325 38.7266648,50.8373228 38.7342179,50.8403582 38.740741,50.8507635 38.731128,50.8574824 38.7259782,50.8579159 38.7218583,50.8756836 38.7489808,50.8663672 38.7506974,50.8739505 38.7421143,50.8802328 38.747032,50.8895113 38.7435988,50.8940592 38.7463454,50.8981735 38.7341574,50.89839 38.7269476,50.900014 38.7401656,50.9042361 38.7712363,50.9079165 38.7765578,50.9181986 38.7959555,50.9171164 38.8186148,50.9034783 38.8174132,50.8982818 38.8205031,50.8946006 38.8366393,50.8938426 38.8390425,50.8997975 38.845909,50.8997975 38.8562087,50.9030453 38.8680533,50.9026122 38.8707999,50.9041278 38.8742331,50.9040196 38.8785246,50.8966577 38.8838461,50.8921102 38.8883093,50.8901611 38.8912276,50.891677 38.8840178,50.8964412 38.8817862,50.9019627 38.8805846,50.9057516 38.8795546,50.9084577 38.8754347,50.9130037 38.8725165,50.9153848 38.8709715,50.9176575 38.8754347,50.9198219 38.8774947,50.9225272 38.8754347,50.9263144 38.8757781,50.9296685 38.8828162,50.9317242 38.8896826,50.9321569 38.8913992,50.9364842 38.8615302,50.9362679 38.8503722,50.9388641 38.8476256,50.9516267 38.8441924,50.9595204 38.8053969,50.9845984 38.8644484,51.0068547 38.8582686,51.0377364 38.8431624,51.0332026 38.8386992,51.0409746 38.8304594,51.0396793 38.8294295,51.0506876 38.8180998,51.0461551 38.8105467,51.048961 38.8016203,51.076795 38.7806777,51.0733436 38.7590483,51.073775 38.7425688,51.0711864 38.7298659,51.0644983 38.7226561,51.0595356 38.7192229,51.0537091 38.7168196,51.0506876 38.70343,51.0560829 38.6955336,51.0625564 38.6869505,51.0573777 38.6999968,51.0217582 38.6800841,51.015279 38.6728743,51.0066386 38.6594847,51.0120391 38.6313323,51.0008055 38.6145094,51.0172229 38.586357,51.0122551 38.5458449,51.0269409 38.531082,51.0496085 38.5176924,51.0532775 38.5018996,51.0459393 38.5029295,51.0668716 38.5091094,51.0711864 38.4881667,51.0759322 38.4648207,51.0765793 38.4476546,51.0675189 38.4404448,51.0640668 38.4287718,51.0651456 38.4092024,51.0701077 38.3865431,51.0765793 38.3923796,51.0938323 38.4064558,51.0992226 38.4081725,51.1309046 38.3796767,51.1289655 38.3834532,51.1494295 38.3958128,51.1513678 38.3971861,51.161273 38.4081725,51.1617036 38.4112624,51.1660095 38.4864501,51.1625648 38.4881667,51.1679471 38.5224989,51.1642872 38.5163191,51.1711761 38.5053328,51.1774183 38.5077361,51.1836596 38.5273055,51.1890394 38.5207823,51.2103371 38.5032729,51.209907 38.4919432,51.2172192 38.4785536,51.2120577 38.4538344,51.2180793 38.4579543,51.2249602 38.4713438,51.2243152 38.4510878,51.251184 38.4476546,51.2657941 38.4363249,51.2677274 38.4366683,51.2846944 38.3958128,51.285768 38.3796767,51.2700903 38.3590773,51.2645052 38.3384779,51.2559113 38.3178786,51.2776077 38.3110121,51.2855533 38.3110121,51.2926388 38.2989958,51.2919947 38.2897261,51.2969324 38.2963911,51.2986491 38.2895302,51.3040687 38.2263588,51.3006343 38.2139992,51.3418299 38.175129,51.3339455 38.0762521,51.3708249 38.0776253,51.3596784 38.0474129,51.3661094 38.0343667,51.3708249 38.0364266,51.3832543 38.0069009,51.4248039 37.9766344,51.4211231 37.9341164,51.4282289 37.9306832,51.422663 37.8963509,51.4248039 37.849659,51.4316538 37.839992,51.4266892 37.8173867,51.4153835 37.8084603,51.4033912 37.7892342,51.3922527 37.7689242,51.3960673 37.7407717,51.3799987 37.7023195,51.3607089 37.6976418,51.3504077 37.6803469,51.3559924 37.6828042,51.3631084 37.592167,51.3678242 37.5811806,51.3905389 37.5564614,51.3922527 37.5324288,51.3841113 37.5066256,51.3784987 37.481617,51.3798258 37.4678841,51.3699676 37.4191323,51.3858254 37.417759,51.3708249 37.4053994,51.3725395 37.4019662,51.3853969 37.3861733,51.387111 37.3241066,51.3606989 37.3191714,51.3454857 37.3106423,51.3348035 37.2975961,51.3313714 37.2824898,51.3399511 37.2625771,51.3356615 37.2543374,51.3300843 37.2419778,51.3300843 37.2179452,51.3420958 37.1602669,51.3515312 37.1486332,51.3565655 37.1431008,51.3536754 37.1527138,51.3425248 37.1633028,51.3223196 37.1596195,51.3149539 37.1447634,51.3025762 37.1232273,51.2874781 37.1362344,51.2605274 37.1362344,51.2373183 37.1431008,51.2287194 37.100568,51.2303275 37.1012154,51.2411873 37.1115151,51.2433366 37.1067086,51.2510732 37.0813027,51.2510732 37.0840493,51.2424769 37.0607034,51.2424769 37.0352975,51.2351687 37.0249978,51.2119469 36.9947854,51.1887133 36.9761919,51.1802789 36.9618656,51.1804238 36.9480935,51.1671902 36.9192544,51.177953 36.8979684,51.1719262 36.867756,51.1801053 36.8107644,51.169343 36.7660784,51.1430309 36.752776,51.1507442 36.7372933,51.124976 36.6947213,51.1055789 36.6775943,51.0946871 36.6658282,51.0828971 36.660389,51.0922118 36.6459154,51.0826814 36.6249727,51.0764264 36.5941669,51.0647064 36.7752047,50.7993052 37.2091646,50.6985118 37.6391482,50.7087102 37.8628511,50.7054701 38.0496187,50.6288727 38.2121904,50.5326339 38.6978121,50.2756159 39.1173549,50.1608737</coordinates>
            </LinearRing>
          </outerBoundaryIs>
        </Polygon>
      </Placemark>
      <Placemark>
        <name>Russian-controlled Bohodukhiv Raion, Kharkiv Oblast.</name>
        <Polygon>
          <outerBoundaryIs>
            <LinearRing>
              <tessellate>1</tessellate>
              <coordinates>35.8870244,50.4366236 35.8894491,50.4350109 35.8994913,50.4339722 35.9031821,50.4331247 35.907259,50.4317579 35.9140826,50.4306918 35.9162712,50.4293249 35.9185457,50.4279579 35.9216786,50.4271104 35.9256697,50.4279033 35.9324932,50.428122 35.9363556,50.428204 35.9424496,50.4308285 35.9450674,50.4339448 35.9416938,50.4334592 35.9376168,50.4337052 35.937767,50.4320787 35.9359002,50.4303428 35.9333253,50.4306435 35.9282613,50.4352086 35.9239268,50.43704 35.9210516,50.4373954 35.9193349,50.436138 35.9114814,50.4347166 35.9105748,50.435324 35.9089815,50.4354667 35.9087992,50.4358066 35.909121,50.4362132 35.9089065,50.4369717 35.9074473,50.4376687 35.9069753,50.4381607 35.9054566,50.438455 35.9047008,50.4387073 35.9033329,50.4384648 35.9031391,50.4380723 35.9014607,50.4382017 35.9012246,50.4384887 35.9003878,50.4389397 35.8983922,50.4389807 35.8953022,50.4385707 35.8944868,50.4378054 35.8922386,50.4376077 35.8904791,50.4383183 35.8894659,50.4389261 35.8870244,50.4366236</coordinates>
            </LinearRing>
          </outerBoundaryIs>
        </Polygon>
      </Placemark>
    </Folder>
    <Folder>
      <name>Confirmed Ukrainian control</name>
      <Placemark>
        <name>Ukrainian-controlled Izyum Raion, Kharkiv Oblast.</name>
        <Polygon>
          <outerBoundaryIs>
            <LinearRing>
              <tessellate>1</tessellate>
              <coordinates>37.688458,49.500277 37.680053,49.498512 37.677564,49.495892 37.673788,49.494888 37.671556,49.491543 37.668037,49.487919 37.665966,49.487958 37.65086,49.487066 37.64365,49.48517 37.641303,49.478999 37.636783,49.467435 37.635225,49.461953 37.62986,49.459526 37.626655,49.452819 37.620475,49.44869 37.612895,49.445886 37.603138,49.442216 37.598476,49.439691 37.596067,49.435661 37.56903,49.431028 37.565854,49.444089 37.554696,49.445819 37.541221,49.447493 37.532809,49.447102 37.5256,49.449278 37.519241,49.452546 37.520142,49.460859 37.518554,49.467776 37.514005,49.467581 37.497299,49.468152 37.486742,49.469714 37.484682,49.471164 37.472754,49.478377 37.474342,49.481639 37.477689,49.485375 37.477987,49.487225 37.473524,49.487225 37.472342,49.490115 37.469853,49.489655 37.4664,49.48756 37.468522,49.485111 37.466228,49.483601 37.465284,49.481984 37.458565,49.486442 37.454126,49.485441 37.425591,49.507693 37.42293,49.510591 37.419153,49.514269 37.414518,49.515773 37.411172,49.520574 37.40688,49.523137 37.401387,49.521243 37.401079,49.517141 37.390401,49.516228 37.38651,49.516625 37.385833,49.513409 37.382078,49.513395 37.379758,49.518568 37.383534,49.533722 37.389124,49.544088 37.36963,49.550654 37.339074,49.535505 37.296297,49.525438 37.285138,49.526329 37.274667,49.528669 37.270032,49.531009 37.261278,49.53346 37.246858,49.539475 37.236386,49.542817 37.223394,49.542791 37.218288,49.543097 37.197817,49.54488 37.172289,49.543079 37.162548,49.557345 37.162548,49.560018 37.172991,49.563367 37.173191,49.576049 37.16375,49.594857 37.156196,49.597528 37.148987,49.598752 37.141382,49.600148 37.130447,49.594969 37.119804,49.591074 37.111564,49.588292 37.104183,49.581614 37.091823,49.583173 37.083258,49.586882 37.084794,49.594717 37.077079,49.597231 37.068581,49.606354 37.06841,49.608801 37.06729,49.61312 37.06008,49.612842 37.058086,49.626893 37.048216,49.633454 37.03475,49.621146 37.030324,49.622253 37.025995,49.623093 37.019638,49.62356 37.013378,49.622036 37.011146,49.620312 37.00797,49.619645 37.003479,49.623025 37.005567,49.624705 37.003765,49.630876 37.000797,49.635145 36.996033,49.637786 36.982072,49.649009 36.976579,49.647231 36.974777,49.645341 36.975995,49.643046 36.963793,49.638648 36.942934,49.631111 36.942247,49.626886 36.939598,49.628322 36.934116,49.632999 36.92018,49.600659 36.900879,49.59913 36.89487,49.597182 36.891628,49.592636 36.89427,49.592509 36.894074,49.590577 36.88706,49.590172 36.88088,49.602578 36.869293,49.602412 36.857764,49.602019 36.85403,49.607707 36.854772,49.62199 36.857089,49.625548 36.85624,49.637503 36.80002,49.637309 36.799653,49.619707 36.782192,49.616523 36.758998,49.609991 36.761431,49.602817 36.758179,49.601354 36.756509,49.60009 36.755307,49.596863 36.730686,49.591588 36.71697,49.586557 36.717039,49.584521 36.701417,49.585356 36.699958,49.570273 36.620963,49.589713 36.604665,49.564615 36.601821,49.565551 36.594954,49.564883 36.593109,49.564131 36.590534,49.560333 36.58517,49.555739 36.580749,49.557744 36.565271,49.543966 36.560333,49.545249 36.557329,49.545472 36.554497,49.545862 36.553724,49.545082 36.552179,49.545249 36.550291,49.546085 36.544536,49.547848 36.540116,49.548405 36.536983,49.547598 36.528486,49.550716 36.515208,49.536562 36.507953,49.527045 36.501564,49.524892 36.494437,49.524895 36.489805,49.527009 36.485943,49.530017 36.478562,49.535866 36.470236,49.535532 36.462597,49.536089 36.454443,49.537259 36.435131,49.538707 36.435217,49.535254 36.440796,49.535142 36.444572,49.534362 36.44586,49.535532 36.450924,49.530686 36.447569,49.528191 36.432837,49.52832 36.428772,49.525238 36.428858,49.519722 36.435553,49.511921 36.442848,49.510082 36.454092,49.50841 36.47761,49.50763 36.481901,49.510193 36.481987,49.516268 36.485506,49.521896 36.498724,49.509747 36.514514,49.504533 36.526752,49.48406 36.515588,49.483798 36.509609,49.482859 36.510787,49.474635 36.511045,49.466659 36.509623,49.465626 36.5031,49.466407 36.497521,49.470032 36.491971,49.473744 36.486621,49.473714 36.483187,49.475554 36.481367,49.478502 36.475034,49.477896 36.464219,49.470646 36.472006,49.46104 36.481552,49.455842 36.477499,49.447203 36.475759,49.446719 36.475801,49.443705 36.448433,49.388489 36.453083,49.386998 36.46002,49.386534 36.470249,49.383924 36.474896,49.384265 36.483725,49.381187 36.52149,49.368556 36.520551,49.355397 36.534299,49.353708 36.545714,49.355581 36.551965,49.355034 36.552351,49.35112 36.550466,49.32754 36.563083,49.327428 36.5617,49.314542 36.568935,49.310305 36.582067,49.307507 36.616046,49.297337 36.61433,49.294874 36.613386,49.288324 36.612429,49.28086 36.609952,49.276006 36.605847,49.276452 36.59107,49.282894 36.578624,49.28267 36.570642,49.27763 36.559398,49.26867 36.559999,49.26783 36.564634,49.26699 36.570392,49.268385 36.574933,49.266206 36.589025,49.257436 36.589182,49.252314 36.588108,49.246208 36.592056,49.242174 36.609566,49.237691 36.619694,49.234664 36.627762,49.229508 36.647443,49.228232 36.63068,49.197998 36.656311,49.195 36.64613,49.17466 36.639201,49.15105 36.634538,49.152098 36.626883,49.149086 36.613062,49.136374 36.619929,49.132274 36.594121,49.106299 36.591748,49.095865 36.596726,49.09637 36.602306,49.093616 36.605052,49.087378 36.610116,49.084736 36.617291,49.082981 36.619386,49.090638 36.622825,49.091996 36.628254,49.090984 36.63354,49.091332 36.635554,49.088055 36.635951,49.086085 36.631647,49.086264 36.631316,49.080463 36.637622,49.051206 36.644519,49.018308 36.676954,49.023195 36.676697,49.029836 36.678413,49.032256 36.682877,49.032931 36.696092,49.026101 36.70442,49.02629 36.719183,49.031637 36.725141,49.02921 36.727701,49.018598 36.745862,49.020343 36.760316,49.01363 36.753192,49.01256 36.751221,49.010796 36.749501,49.006818 36.738,48.999723 36.738514,48.993866 36.751855,48.995306 36.753615,48.990321 36.757348,48.988209 36.765717,48.987562 36.767283,48.986348 36.775385,48.957323 36.783656,48.941772 36.792171,48.94246 36.795887,48.931285 36.807132,48.916897 36.80696,48.913794 36.808591,48.9079 36.80338,48.898203 36.80574,48.894056 36.801148,48.889852 36.79029,48.891065 36.790103,48.897584 36.781177,48.895552 36.77114,48.89025 36.762122,48.890643 36.751565,48.882459 36.73345,48.864081 36.7283,48.857023 36.713194,48.866791 36.703667,48.864815 36.698259,48.859733 36.69268,48.859056 36.688217,48.854933 36.679892,48.854425 36.681608,48.847422 36.687309,48.815845 36.699926,48.810419 36.716491,48.80471 36.727735,48.803635 36.733714,48.804249 36.765446,48.797292 36.786298,48.800762 36.789522,48.800063 36.781985,48.791205 36.786577,48.786986 36.792027,48.786341 36.789109,48.779951 36.791512,48.779724 36.817319,48.777233 36.821723,48.772205 36.840773,48.77278 36.840214,48.777847 36.85472,48.800636 36.880126,48.799901 36.89034,48.79894 36.919931,48.798044 36.924991,48.792462 36.944541,48.791189 36.947826,48.795274 36.969456,48.791938 36.97246,48.789393 36.980574,48.784751 36.987726,48.775613 36.998421,48.76755 37.00297,48.764947 37.007724,48.765091 37.01739,48.759968 37.020808,48.755959 37.033011,48.749783 37.037732,48.752782 37.043198,48.766721 37.031396,48.766608 37.022298,48.767343 37.023941,48.77467 36.99596,48.788583 37.005833,48.798388 37.00748,48.802761 37.013144,48.802704 37.01815,48.80161 37.023224,48.816504 37.036667,48.814295 37.046173,48.814776 37.066054,48.813794 37.067256,48.817239 37.076955,48.81673 37.07953,48.819669 37.097371,48.850313 37.100546,48.850426 37.130931,48.843422 37.136203,48.843244 37.14432,48.844947 37.14741,48.841897 37.144674,48.838757 37.140029,48.833027 37.143891,48.833084 37.150414,48.832236 37.155822,48.825399 37.19207,48.813166 37.194248,48.849894 37.190674,48.871351 37.19346,48.882146 37.197286,48.881694 37.205991,48.886322 37.211484,48.887564 37.214489,48.890612 37.22496,48.903138 37.223522,48.905761 37.224509,48.908243 37.243478,48.906438 37.24423,48.90969 37.266814,48.907079 37.266557,48.922145 37.296878,48.923092 37.301666,48.918564 37.311126,48.922133 37.328177,48.921684 37.33216,48.929752 37.331302,48.933756 37.329156,48.935955 37.331646,48.939845 37.325294,48.938154 37.319286,48.938548 37.312677,48.941029 37.308385,48.94599 37.310188,48.950048 37.319028,48.953487 37.320912,48.957566 37.311123,48.958067 37.304478,48.963457 37.309877,48.966415 37.3104,48.969825 37.299843,48.96712 37.295637,48.969543 37.298899,48.97467 37.307568,48.980867 37.312889,48.976754 37.316151,48.977092 37.318125,48.981881 37.324562,48.981599 37.324305,48.984359 37.309456,48.988584 37.321301,48.988865 37.329026,48.992752 37.33718,48.995229 37.34602,49.002662 37.355547,49.000016 37.357865,48.996694 37.35838,48.992414 37.362856,48.991542 37.373918,48.994037 37.370703,49.006392 37.375823,49.026283 37.382548,49.024856 37.391402,49.024679 37.390616,49.028683 37.385093,49.034415 37.389456,49.039212 37.385063,49.044052 37.384462,49.048384 37.393561,49.050747 37.405834,49.050972 37.408924,49.053672 37.414589,49.056878 37.417644,49.062673 37.421043,49.06157 37.427464,49.06014 37.433618,49.060558 37.438123,49.060955 37.44117,49.058691 37.443488,49.057904 37.449737,49.061569 37.449823,49.058588 37.448278,49.05572 37.45054,49.052926 37.457907,49.056481 37.460372,49.056242 37.464297,49.060954 37.466528,49.06104 37.468964,49.054651 37.472085,49.056344 37.478458,49.059873 37.479864,49.063425 37.494075,49.063624 37.496975,49.068202 37.504755,49.072029 37.507845,49.075515 37.507587,49.081087 37.503762,49.083966 37.488009,49.100034 37.495396,49.105497 37.498842,49.103989 37.546469,49.111876 37.549651,49.11369 37.584991,49.126871 37.578897,49.130803 37.573361,49.13566 37.568855,49.13639 37.563404,49.134425 37.561516,49.134622 37.559885,49.137289 37.558168,49.138322 37.548211,49.141692 37.541921,49.145518 37.550443,49.147531 37.56204,49.144485 37.56354,49.147585 37.554558,49.167117 37.534357,49.173797 37.520882,49.176434 37.511355,49.180362 37.504569,49.180034 37.499767,49.182382 37.5026,49.187655 37.512228,49.198346 37.546989,49.214047 37.565804,49.230126 37.582603,49.231469 37.598759,49.230244 37.614703,49.233651 37.710029,49.220578 37.7460527,49.2125285 37.769819,49.207594 37.7979584,49.2017306 37.798656,49.2061233 37.8029474,49.2086467 37.8143375,49.2084555 37.8212063,49.2108041 37.8440865,49.2078466 37.844411,49.2056668 37.8449071,49.2047208 37.8468067,49.2046094 37.8475596,49.2093639 37.8492798,49.2160533 37.8501958,49.2213491 37.8515177,49.221611 37.8531227,49.2244678 37.864062,49.2354237 37.870971,49.2367777 37.867395,49.2443439 37.867164,49.244666 37.8665089,49.2461719 37.8662054,49.2483453 37.8811804,49.2498458 37.8860701,49.2514723 37.8910031,49.2524264 37.8922193,49.252546 37.8936282,49.2524092 37.8946331,49.2524668 37.8954574,49.2528878 37.8959769,49.2533224 37.895638,49.253757 37.895016,49.255159 37.910916,49.259527 37.899501,49.270001 37.912268,49.27605 37.929713,49.279633 37.942824,49.280306 37.9515763,49.2818748 37.945999,49.28934 37.946236,49.292591 37.951212,49.293653 37.951048,49.296441 37.94828,49.299223 37.948558,49.303941 37.942358,49.304205 37.937526,49.305907 37.901073,49.310864 37.883327,49.313119 37.883327,49.318322 37.883079,49.321392 37.876718,49.329343 37.879872,49.331638 37.87955,49.332867 37.881696,49.33365 37.883842,49.341704 37.885988,49.34148 37.886245,49.342151 37.887361,49.342207 37.884872,49.349868 37.884931,49.351614 37.88536,49.354801 37.888536,49.366485 37.889678,49.371725 37.887163,49.370174 37.881498,49.371683 37.877979,49.37118 37.878473,49.366533 37.870664,49.366254 37.868475,49.367903 37.859293,49.369218 37.859594,49.373522 37.842642,49.372989 37.838219,49.381596 37.826808,49.381987 37.815653,49.387408 37.793117,49.392049 37.780037,49.393958 37.775264,49.397077 37.7667746,49.3999657 37.7655439,49.4002828 37.7600997,49.4022815 37.7553135,49.3977586 37.7445399,49.4015728 37.7416348,49.3982206 37.7368495,49.3924876 37.6925115,49.38892 37.6921921,49.3855663 37.6686998,49.3833846 37.669178,49.3856993 37.6749211,49.3994774 37.6692055,49.4007687 37.6704275,49.4029985 37.6603961,49.4052575 37.6592046,49.4066229 37.6451338,49.4090919 37.6517479,49.4198257 37.6508127,49.4238705 37.6589836,49.4345844 37.6629747,49.4372914 37.6636613,49.438324 37.6629747,49.4398169 37.6712165,49.450152 37.6744224,49.4536005 37.6853229,49.4495831 37.6924468,49.4537679 37.6943351,49.4525404 37.7009441,49.4575061 37.7102138,49.4500853 37.7114154,49.4506433 37.7223159,49.4592355 37.7301363,49.4635566 37.734803,49.464129 37.7384355,49.4646473 37.7444576,49.4620054 37.745151,49.4631943 37.744083,49.4666677 37.7504399,49.4718143 37.7357649,49.4755656 37.739082,49.482157 37.726894,49.485168 37.7220019,49.4842012 37.7159785,49.4899072 37.716751,49.4973776 37.7156781,49.5007223 37.7057217,49.5038437 37.6956549,49.5040117 37.6926266,49.5007234 37.688458,49.500277</coordinates>
            </LinearRing>
          </outerBoundaryIs>
        </Polygon>
      </Placemark>
      <Placemark>
        <name>Ukrainian-controlled Chuhuiv Raion, Kharkiv Oblast.</name>
        <Polygon>
          <outerBoundaryIs>
            <LinearRing>
              <tessellate>1</tessellate>
              <coordinates>35.976186,49.745364 35.980543,49.740616 35.992559,49.734431 35.999168,49.732628 36.009596,49.732046 36.019596,49.730548 36.024344,49.728236 36.030223,49.724907 36.034818,49.723119 36.03411,49.722107 36.016595,49.720543 36.009385,49.718046 36.005589,49.714834 36.000842,49.711836 36.005764,49.70979 36.003833,49.707819 36.01044,49.702422 36.012972,49.70109 36.018036,49.70492 36.022102,49.70411 36.025063,49.706053 36.025492,49.705748 36.026136,49.7035 36.031844,49.704194 36.03978,49.705684 36.051624,49.70549 36.053298,49.703464 36.056216,49.703381 36.059821,49.704047 36.061795,49.703186 36.063425,49.702687 36.065872,49.702881 36.069648,49.70066 36.072566,49.69683 36.07454,49.693332 36.073468,49.691666 36.072652,49.690806 36.073747,49.67215 36.055802,49.672976 36.047005,49.673254 36.043743,49.673198 36.043056,49.669699 36.03855,49.672532 36.036619,49.670699 36.039795,49.663199 36.041968,49.659867 36.04789,49.6562 36.050004,49.655315 36.055184,49.65255 36.056836,49.651258 36.059063,49.640589 36.06211,49.638116 36.063921,49.629348 36.064737,49.627291 36.06596,49.624164 36.065229,49.615856 36.07437,49.615883 36.074327,49.610822 36.077803,49.606039 36.078747,49.602591 36.086987,49.604065 36.094583,49.599086 36.096667,49.597644 36.100014,49.592831 36.103748,49.591468 36.116848,49.585914 36.078814,49.569579 36.069042,49.542777 36.081986,49.517507 36.131768,49.51656 36.13418,49.53904 36.174317,49.536579 36.17818,49.535995 36.176788,49.531178 36.177947,49.529339 36.178805,49.527027 36.181873,49.52179 36.182646,49.519729 36.185907,49.517528 36.191919,49.513296 36.194237,49.510482 36.19458,49.509841 36.197369,49.509005 36.201704,49.508336 36.203335,49.510649 36.205738,49.510203 36.206897,49.512014 36.213034,49.511318 36.225962,49.508961 36.228966,49.506342 36.235446,49.504196 36.23888,49.503834 36.239817,49.50783 36.247571,49.5265 36.250919,49.529676 36.255639,49.53558 36.257227,49.539563 36.262506,49.542654 36.267825,49.54398 36.2813,49.541335 36.338905,49.527022 36.340364,49.524682 36.335729,49.520392 36.340879,49.519834 36.340965,49.522397 36.34457,49.524682 36.350807,49.522118 36.354669,49.521895 36.356875,49.51935 36.366917,49.511326 36.382968,49.507313 36.384422,49.497762 36.384206,49.471914 36.383176,49.468511 36.411979,49.462564 36.41361,49.464963 36.420648,49.463847 36.435636,49.458639 36.43658,49.460285 36.451552,49.464697 36.463654,49.471084 36.474777,49.477784 36.48111,49.478389 36.482931,49.475441 36.486364,49.473601 36.491714,49.473631 36.502843,49.466294 36.509366,49.465513 36.510788,49.466547 36.51053,49.474523 36.509352,49.482746 36.515331,49.483685 36.526495,49.483947 36.514257,49.50442 36.498467,49.509635 36.485249,49.521783 36.481745,49.516671 36.481644,49.510081 36.477353,49.507517 36.453835,49.508297 36.442592,49.509969 36.435296,49.511808 36.428601,49.51961 36.428515,49.525126 36.43258,49.528207 36.447312,49.528078 36.450667,49.530573 36.445603,49.53542 36.444316,49.53425 36.440539,49.53503 36.43496,49.535141 36.434867,49.5388 36.454186,49.537146 36.462676,49.535959 36.469979,49.53542 36.478598,49.53568 36.489139,49.527271 36.49418,49.524782 36.501393,49.524779 36.507782,49.526932 36.514942,49.537079 36.528315,49.550603 36.536898,49.547485 36.540031,49.548292 36.544451,49.547735 36.550206,49.545972 36.552094,49.545137 36.553639,49.54497 36.554411,49.545749 36.557244,49.545359 36.560775,49.545155 36.564638,49.54432 36.580664,49.557631 36.585065,49.55529 36.590449,49.56022 36.593165,49.564372 36.59574,49.564762 36.60089,49.565374 36.604665,49.564502 36.620963,49.5896 36.699958,49.57016 36.701417,49.585243 36.717039,49.584408 36.71697,49.586444 36.732063,49.592221 36.755308,49.59675 36.756509,49.599977 36.761431,49.602704 36.758998,49.609878 36.782697,49.616772 36.800207,49.619608 36.80002,49.637196 36.856239,49.63739 36.857088,49.625435 36.854771,49.621877 36.854029,49.607594 36.857763,49.601906 36.878828,49.603424 36.88706,49.59006 36.894073,49.590464 36.894269,49.592396 36.891627,49.592523 36.89487,49.59707 36.901289,49.599401 36.92018,49.600546 36.934116,49.632886 36.939598,49.628209 36.942247,49.626773 36.942399,49.631202 36.975995,49.642933 36.974206,49.645516 36.977038,49.647572 36.982072,49.648896 36.968369,49.660242 36.985188,49.671515 37.023367,49.712192 36.998105,49.714647 36.99995,49.726078 36.990852,49.726383 36.974534,49.766317 36.967839,49.764265 36.96432,49.772858 37.003233,49.784886 37.017301,49.791162 37.016451,49.797742 37.024511,49.802852 37.028459,49.803516 37.04323,49.794639 37.04511,49.788058 37.039961,49.784401 37.057649,49.773802 37.067434,49.771252 37.074987,49.769589 37.069662,49.781987 37.076515,49.79893 37.083896,49.793223 37.10501,49.789289 37.120803,49.791616 37.124923,49.800703 37.14354,49.82556 37.15753,49.827387 37.158904,49.830654 37.168173,49.831484 37.175211,49.839456 37.189116,49.838349 37.186219,49.884332 37.182339,49.884632 37.184227,49.906085 37.182852,49.917135 37.175644,49.917913 37.176357,49.936966 37.147078,49.944131 37.134558,49.948262 37.139278,49.95326 37.151037,49.960963 37.1644,49.968858 37.171699,49.981875 37.157781,49.987642 37.169283,50.000829 37.148868,50.007698 37.15821,50.013241 37.161815,50.013296 37.165231,50.030199 37.160602,50.03695 37.156906,50.042603 37.168327,50.066988 37.182403,50.06754 37.187124,50.07718 37.171181,50.083456 37.152112,50.094358 37.156575,50.098598 37.147563,50.101461 37.152755,50.10643 37.168805,50.113916 37.175929,50.11942 37.183826,50.122391 37.189319,50.122061 37.191121,50.118759 37.194125,50.11931 37.196478,50.124364 37.199618,50.127014 37.203309,50.127124 37.207172,50.121731 37.216699,50.117658 37.228114,50.114521 37.241282,50.109064 37.24509,50.108248 37.250927,50.112156 37.261096,50.106243 37.279251,50.117385 37.266892,50.1263 37.304556,50.136884 37.302821,50.142682 37.293375,50.148974 37.28771,50.150129 37.291916,50.152934 37.307451,50.153429 37.317755,50.166769 37.320762,50.171084 37.316554,50.181501 37.348597,50.189563 37.359326,50.180715 37.369126,50.179474 37.375977,50.183793 37.373589,50.193323 37.37881,50.193025 37.369641,50.214199 37.368468,50.225694 37.382974,50.23426 37.385434,50.238689 37.402353,50.236425 37.412022,50.252008 37.425584,50.254533 37.418439,50.279529 37.42213,50.279803 37.419211,50.28973 37.455968,50.299183 37.462147,50.300389 37.463046,50.298113 37.509549,50.314426 37.512381,50.311466 37.530211,50.317474 37.513606,50.3182 37.497399,50.335929 37.478173,50.350609 37.462724,50.364737 37.458604,50.380284 37.461694,50.396592 37.448304,50.407971 37.437169,50.416034 37.428586,50.428612 37.405926,50.426424 37.377774,50.427737 37.340352,50.422925 37.32885,50.419644 37.314775,50.406564 37.291257,50.397154 37.266516,50.385585 37.252805,50.37811 37.222592,50.367599 37.188088,50.359167 37.153585,50.35172 37.129209,50.346352 37.112717,50.342174 37.073393,50.341051 37.0661833,50.3403935 37.0613772,50.3379828 37.0632653,50.3322856 37.0739376,50.3288423 37.0787701,50.3124664 37.06503,50.3099385 37.0488778,50.308116 37.0391151,50.3038113 37.0364091,50.3026054 37.0401148,50.2949831 37.0390566,50.2843985 37.0418778,50.2773824 37.0255704,50.274839 37.0081483,50.2550119 36.9925994,50.2608247 36.9896676,50.2612602 36.9824388,50.2530651 36.9814875,50.2504429 36.9704302,50.2462805 36.9701337,50.2426042 36.9656241,50.237098 36.9677237,50.231427 36.9600791,50.232273 36.9588047,50.229134 36.9518401,50.2297486 36.9198259,50.2331108 36.9170509,50.2332269 36.9164801,50.2307199 36.9150082,50.2308758 36.913296,50.2266356 36.9055446,50.226944 36.901343,50.2251993 36.900265,50.2245738 36.8991871,50.2227402 36.8937699,50.2221481 36.8922147,50.220334 36.8906457,50.218741 36.8846137,50.2186856 36.875983,50.2188489 36.8675733,50.2207626 36.8655489,50.2209494 36.8642111,50.2219599 36.8623079,50.2247222 36.8592245,50.2241484 36.8538635,50.2262502 36.8500671,50.2267521 36.8463992,50.2291483 36.8445174,50.2313473 36.8436623,50.2343135 36.8423779,50.2360718 36.8368621,50.235395 36.8315651,50.2353076 36.8278987,50.2375258 36.820689,50.238116 36.8045448,50.2406866 36.8020301,50.2406678 36.798657,50.2438875 36.7895372,50.2428719 36.78016,50.243667 36.780331,50.240483 36.7786143,50.2376148 36.7763827,50.2368326 36.7728423,50.237423 36.7707612,50.2371623 36.7678161,50.2362995 36.7667593,50.2362602 36.7652466,50.2354129 36.7583589,50.2364081 36.7482735,50.2391662 36.7481663,50.2423772 36.7476301,50.2460273 36.742962,50.254672 36.733971,50.260624 36.726589,50.267646 36.714659,50.267427 36.705818,50.263367 36.695043,50.256977 36.690313,50.239656 36.678538,50.227944 36.66457,50.218149 36.655815,50.214963 36.659697,50.209679 36.664312,50.210789 36.669634,50.212711 36.678646,50.207218 36.690454,50.19917 36.700531,50.197112 36.705018,50.195266 36.698265,50.193236 36.688732,50.190856 36.687536,50.187851 36.690883,50.184938 36.698007,50.187741 36.703758,50.183234 36.695109,50.177727 36.688037,50.169771 36.676278,50.171585 36.67245,50.169756 36.676742,50.162168 36.68374,50.157819 36.702794,50.158864 36.693267,50.153915 36.684856,50.14946 36.678333,50.149955 36.666488,50.147535 36.673253,50.143516 36.672031,50.141908 36.677545,50.13895 36.686815,50.136365 36.682929,50.129971 36.69205,50.127122 36.684726,50.12036 36.673825,50.1126 36.666254,50.111671 36.664641,50.107976 36.671116,50.10414 36.664555,50.105114 36.66138,50.104343 36.656831,50.10638 36.652478,50.102279 36.647307,50.102994 36.647218,50.104563 36.633313,50.109738 36.628029,50.102646 36.625523,50.097926 36.619618,50.096976 36.60537,50.10083 36.592045,50.101852 36.583569,50.095819 36.568238,50.095801 36.56768,50.097838 36.561939,50.093947 36.554756,50.088218 36.549843,50.082276 36.549585,50.073078 36.551645,50.065475 36.555411,50.054498 36.559702,50.049648 36.562363,50.042152 36.567239,50.035588 36.588713,50.036309 36.590835,50.035071 36.593869,50.034932 36.595092,50.0327 36.600693,50.033292 36.603482,50.033692 36.622038,50.02435 36.623111,50.023716 36.622119,50.021915 36.624008,50.02037 36.624856,50.017594 36.626015,50.01474 36.626978,50.012978 36.629188,50.011848 36.62878,50.011089 36.633265,50.010317 36.637192,50.0092 36.639538,50.007673 36.640568,50.007632 36.641856,50.008004 36.643057,50.00799 36.644752,50.006859 36.645975,50.005411 36.642581,50.003466 36.640349,50.002183 36.638954,50.001162 36.638654,49.998556 36.625213,50.000058 36.62502,49.996183 36.626672,49.994927 36.626715,49.993341 36.624504,49.991189 36.625361,49.98542 36.628174,49.982384 36.636629,49.977693 36.641148,49.975187 36.646856,49.971654 36.646727,49.96837 36.64604,49.96768 36.643937,49.968038 36.643465,49.966686 36.64206,49.96684 36.632146,49.958586 36.613398,49.944624 36.601553,49.937415 36.607741,49.932872 36.6092,49.931132 36.60723,49.929 36.605513,49.926845 36.602595,49.92295 36.600664,49.921347 36.5959,49.920352 36.591823,49.920573 36.589026,49.918796 36.587825,49.917027 36.582746,49.920558 36.577467,49.921248 36.571202,49.922713 36.569142,49.919179 36.565452,49.912132 36.56168,49.904086 36.55756,49.905026 36.552926,49.905993 36.550351,49.906767 36.539021,49.908895 36.535434,49.901638 36.535562,49.898376 36.534833,49.892626 36.533331,49.886322 36.528515,49.88548 36.52594,49.885342 36.512465,49.883738 36.493226,49.881453 36.488334,49.880568 36.485158,49.879904 36.483056,49.880264 36.473786,49.879213 36.470353,49.879351 36.461169,49.880153 36.450202,49.871134 36.452165,49.869202 36.450105,49.86627 36.452337,49.864029 36.441951,49.865965 36.43281,49.869202 36.429634,49.866214 36.421697,49.847413 36.415035,49.829856 36.409705,49.816542 36.408976,49.814604 36.408933,49.812361 36.410349,49.810505 36.410569,49.809236 36.410805,49.80824 36.411878,49.806841 36.412243,49.805858 36.413729,49.805085 36.415102,49.80431 36.416853,49.802934 36.419985,49.801162 36.423773,49.798234 36.421413,49.79707 36.417379,49.795907 36.412443,49.794051 36.406264,49.794051 36.397772,49.789635 36.39185,49.789829 36.389532,49.789137 36.380502,49.789481 36.37737,49.790007 36.373842,49.791068 36.375,49.79406 36.372383,49.796387 36.370409,49.79719 36.363842,49.797633 36.361525,49.795805 36.360796,49.794226 36.35174,49.793644 36.347,49.792903 36.344125,49.791712 36.338331,49.791241 36.332924,49.792571 36.328933,49.795258 36.325632,49.795743 36.324559,49.798291 36.322198,49.801449 36.325074,49.803665 36.325632,49.807266 36.327048,49.809592 36.323318,49.81252 36.323017,49.817421 36.320308,49.819066 36.318977,49.819841 36.317904,49.82045 36.317261,49.821696 36.315716,49.821558 36.315544,49.822721 36.317003,49.82369 36.314772,49.826154 36.312712,49.82704 36.308806,49.828618 36.299236,49.830002 36.289539,49.826673 36.287608,49.829081 36.283703,49.830189 36.280656,49.832043 36.27794,49.830305 36.282667,49.825526 36.286314,49.823865 36.286014,49.821346 36.286014,49.820764 36.284169,49.820681 36.280735,49.820709 36.276808,49.81908 36.274233,49.818 36.270353,49.816996 36.265761,49.816719 36.263872,49.817827 36.257264,49.821039 36.251127,49.820429 36.244861,49.821066 36.23911,49.818879 36.235892,49.816747 36.232537,49.814817 36.231851,49.813211 36.232666,49.811466 36.232966,49.808309 36.230992,49.807174 36.218118,49.810137 36.21362,49.810188 36.210338,49.812943 36.208536,49.815396 36.204073,49.815369 36.200682,49.817279 36.181414,49.820159 36.181375,49.822855 36.172535,49.823132 36.175453,49.824904 36.170389,49.825845 36.165382,49.82326 36.15813,49.820602 36.153816,49.82059 36.150681,49.817615 36.147891,49.816771 36.146132,49.815234 36.142527,49.814182 36.140767,49.812645 36.134223,49.80946 36.129888,49.807314 36.128689,49.805818 36.127874,49.802217 36.127824,49.795683 36.12246,49.791971 36.118683,49.788896 36.115354,49.78551 36.148656,49.787506 36.150759,49.785732 36.151274,49.784402 36.153763,49.784679 36.155866,49.783765 36.157926,49.783793 36.159989,49.779684 36.160322,49.777334 36.159334,49.774313 36.158262,49.771153 36.156802,49.768631 36.156394,49.767006 36.153755,49.765564 36.151008,49.763887 36.150322,49.762668 36.150898,49.760657 36.149246,49.760532 36.143409,49.75927 36.140856,49.759229 36.139976,49.760019 36.137079,49.759797 36.134526,49.759007 36.134354,49.757912 36.133989,49.757413 36.133367,49.755542 36.132631,49.754895 36.12924,49.754978 36.126687,49.757667 36.125635,49.758346 36.123661,49.758596 36.120121,49.758125 36.11716,49.757057 36.114283,49.757209 36.107331,49.758027 36.098512,49.764736 36.094156,49.76712 36.09097,49.768387 36.088695,49.768789 36.086657,49.768969 36.08376,49.769884 36.082516,49.769537 36.08361,49.768706 36.084082,49.767957 36.083481,49.767763 36.081056,49.767375 36.077559,49.76537 36.075056,49.765428 36.071752,49.763446 36.070228,49.762296 36.066237,49.762545 36.061306,49.76398 36.060362,49.764063 36.058502,49.760334 36.056914,49.758601 36.055657,49.756375 36.04555,49.758939 36.04742,49.760812 36.03632,49.763397 36.036063,49.761692 36.035226,49.760805 36.031106,49.759835 36.028563,49.75902 36.024185,49.757522 36.021208,49.759062 36.009472,49.760189 35.987431,49.762077 35.986815,49.760159 35.978603,49.759449 35.974612,49.759657 35.972831,49.759324 35.973153,49.757897 35.974719,49.757786 35.976029,49.752554 35.976458,49.748006 35.976186,49.745364</coordinates>
            </LinearRing>
          </outerBoundaryIs>
        </Polygon>
      </Placemark>
      <Placemark>
        <name>Ukrainian-controlled Lozova Raion, Kharkiv Oblast.</name>
        <Polygon>
          <outerBoundaryIs>
            <LinearRing>
              <tessellate>1</tessellate>
              <coordinates>36.081978,49.51762 36.082467,49.512768 36.07851,49.504467 36.030738,49.504802 36.009452,49.50508 35.987617,49.504742 35.987215,49.485516 35.981507,49.4856 35.979452,49.478013 35.981726,49.473747 35.981542,49.46963 35.978195,49.46567 35.98071,49.464099 35.979509,49.461589 35.988757,49.456947 35.998242,49.455636 35.993202,49.428536 35.989103,49.428606 35.984518,49.406391 35.986964,49.405777 35.985512,49.401146 36.00061,49.398784 35.998379,49.396326 35.995289,49.385879 35.994559,49.38451 36.005668,49.383203 36.001309,49.369622 36.009737,49.369445 36.009711,49.355632 36.025308,49.355088 36.027073,49.34433 36.036042,49.346175 36.04145,49.34707 36.042866,49.343743 36.042436,49.339073 36.042244,49.335935 36.038381,49.335502 36.035442,49.33348 36.033189,49.333004 36.033961,49.331396 36.036193,49.330096 36.036832,49.32852 36.035287,49.327024 36.034128,49.325779 36.034267,49.321958 36.029346,49.319908 36.028531,49.317614 36.028789,49.313306 36.028917,49.31132 36.033938,49.307347 36.039947,49.304241 36.044191,49.30057 36.055864,49.295756 36.060499,49.292873 36.062628,49.291183 36.067907,49.288972 36.07267,49.284857 36.07413,49.280014 36.06709,49.276327 36.064858,49.274115 36.065323,49.270305 36.068413,49.267197 36.06631,49.263388 36.061203,49.260924 36.060967,49.256933 36.131601,49.252023 36.135946,49.247085 36.141274,49.225384 36.131576,49.226421 36.131191,49.215996 36.142564,49.215968 36.142697,49.211693 36.137032,49.195991 36.14613,49.197028 36.151924,49.197505 36.161825,49.198016 36.171328,49.133965 36.161627,49.131698 36.165826,49.110071 36.176984,49.11142 36.228577,49.121468 36.255185,49.127197 36.26579,49.111181 36.27137,49.102473 36.263669,49.098504 36.252811,49.099094 36.246889,49.09856 36.243284,49.091675 36.240193,49.086723 36.22955,49.083434 36.219293,49.083237 36.206247,49.079021 36.199968,49.072543 36.177759,49.070364 36.159005,49.067777 36.148487,49.061322 36.135698,49.056766 36.13072,49.050635 36.115785,49.050016 36.105829,49.041521 36.097503,49.032349 36.086508,49.024814 36.081444,49.012768 36.075779,49.006575 36.065247,49.002924 36.054861,48.999038 36.048767,48.991774 36.039583,48.98631 36.03494,48.980296 36.032537,48.978972 36.027902,48.983085 36.023911,48.982803 36.021679,48.981761 36.014111,48.980692 36.011622,48.985142 36.003854,48.990831 35.994602,48.988471 35.989967,48.997482 35.990525,49.001114 35.986299,49.00164 35.983638,49.004117 35.973081,49.004736 35.947331,48.996909 35.946249,49.001105 35.94303,49.002935 35.939254,48.998994 35.950068,48.992377 35.989814,48.969638 35.98475,48.966089 35.979257,48.962426 35.976682,48.959608 36.00439,48.94617 35.995893,48.939236 36.017436,48.928918 36.041088,48.916587 36.044006,48.915233 36.030959,48.904233 36.01256,48.88781 36.039987,48.873437 36.020352,48.854284 36.040436,48.843723 36.049191,48.844062 36.053054,48.842367 36.059491,48.842819 36.061122,48.841011 36.07331,48.837283 36.075885,48.835475 36.07537,48.829599 36.071164,48.828752 36.07022,48.824344 36.070735,48.820275 36.067988,48.814172 36.066615,48.811911 36.064727,48.808236 36.075198,48.808689 36.085927,48.808802 36.094338,48.808124 36.103623,48.805885 36.106745,48.807956 36.12441,48.807293 36.124925,48.80441 36.129889,48.80516 36.135053,48.80034 36.157541,48.78479 36.152168,48.780979 36.158348,48.768874 36.145093,48.767898 36.140458,48.765183 36.154376,48.753216 36.162295,48.748567 36.14295,48.724447 36.161229,48.714692 36.248383,48.673116 36.262116,48.663026 36.272118,48.664638 36.283917,48.659284 36.276192,48.652821 36.266542,48.647833 36.268242,48.638186 36.259144,48.625366 36.253307,48.626501 36.251247,48.618898 36.319155,48.586873 36.27154,48.544278 36.296342,48.531403 36.323728,48.555573 36.354508,48.53922 36.3494,48.5348 36.355245,48.532571 36.392266,48.564876 36.381305,48.569712 36.415815,48.602018 36.427366,48.614956 36.440584,48.626814 36.432688,48.631182 36.426634,48.632275 36.428912,48.633848 36.43861,48.633735 36.446805,48.632899 36.482123,48.66298 36.4946,48.657633 36.526548,48.641296 36.5541,48.624902 36.560966,48.623598 36.564056,48.615994 36.579764,48.616108 36.581995,48.607312 36.591727,48.608069 36.593496,48.60209 36.628485,48.605705 36.656809,48.607578 36.654148,48.616657 36.674912,48.617645 36.674272,48.62352 36.703474,48.626453 36.704631,48.622406 36.722958,48.624695 36.738478,48.627166 36.735045,48.645771 36.728179,48.647415 36.729552,48.650591 36.727664,48.652122 36.723973,48.652349 36.722514,48.655014 36.728264,48.657225 36.73013,48.657156 36.73013,48.660388 36.725409,48.660416 36.724637,48.66257 36.72159,48.664016 36.72425,48.66634 36.727126,48.666935 36.724122,48.670336 36.72086,48.673255 36.717298,48.673992 36.718346,48.677158 36.715041,48.679368 36.715814,48.68087 36.717959,48.680955 36.718002,48.68274 36.722079,48.682768 36.719333,48.686792 36.718217,48.689795 36.714998,48.69022 36.711093,48.692316 36.715342,48.693562 36.719461,48.693931 36.728302,48.694242 36.730748,48.694752 36.732125,48.697715 36.736073,48.704456 36.73367,48.706268 36.725774,48.715953 36.712524,48.743784 36.71766,48.745478 36.713111,48.74961 36.70877,48.767299 36.696582,48.768147 36.69229,48.768147 36.689188,48.7741 36.703706,48.784324 36.709285,48.79439 36.719297,48.804395 36.715349,48.80513 36.687301,48.815845 36.679884,48.854425 36.68821,48.854933 36.692673,48.859056 36.698252,48.859733 36.70366,48.864815 36.713187,48.866792 36.728293,48.857023 36.733804,48.864472 36.752285,48.883152 36.762115,48.890643 36.771133,48.89025 36.781169,48.895553 36.790096,48.897584 36.790283,48.891065 36.801141,48.889852 36.805733,48.894056 36.803459,48.898203 36.808669,48.9079 36.807039,48.913795 36.80721,48.916897 36.795965,48.931342 36.79225,48.942517 36.783734,48.941829 36.775238,48.957796 36.768028,48.986474 36.76571,48.987675 36.757986,48.988276 36.753008,48.990529 36.751848,48.995419 36.738507,48.993979 36.737992,48.999836 36.748888,49.006691 36.751214,49.010909 36.753184,49.012673 36.760308,49.013743 36.745855,49.020456 36.727694,49.018711 36.725134,49.029323 36.719176,49.03175 36.703736,49.026261 36.696084,49.026214 36.682869,49.033044 36.678406,49.032369 36.676689,49.029949 36.676947,49.023308 36.644511,49.018421 36.63245,49.075118 36.630733,49.080235 36.631639,49.086377 36.635944,49.086198 36.63554,49.088611 36.633532,49.091445 36.628247,49.091097 36.622818,49.092109 36.619378,49.09075 36.617284,49.083094 36.609275,49.084901 36.605044,49.08749 36.602298,49.093729 36.596719,49.096483 36.592624,49.095749 36.594114,49.106412 36.61922,49.132212 36.613055,49.136487 36.626876,49.149199 36.634531,49.152211 36.639193,49.151163 36.646053,49.175358 36.656303,49.195113 36.63012,49.198185 36.647435,49.228345 36.627094,49.230013 36.619115,49.234455 36.59225,49.241796 36.5881,49.246321 36.589246,49.253562 36.589018,49.257549 36.574926,49.266319 36.570385,49.268498 36.56344,49.266642 36.559991,49.267943 36.558805,49.268994 36.570634,49.277743 36.578616,49.282782 36.591062,49.283006 36.60584,49.276565 36.609945,49.276119 36.612422,49.280973 36.614014,49.295661 36.616932,49.29762 36.582059,49.30762 36.569039,49.309989 36.561693,49.314655 36.562788,49.327448 36.550458,49.327653 36.552343,49.351233 36.551559,49.354773 36.545706,49.355694 36.534291,49.353821 36.519201,49.355668 36.520831,49.368525 36.475422,49.384142 36.470241,49.384037 36.460012,49.386647 36.452334,49.386824 36.448425,49.388602 36.475793,49.443818 36.475001,49.446944 36.477492,49.447316 36.481544,49.455955 36.471998,49.461153 36.463646,49.471197 36.451544,49.46481 36.436572,49.460398 36.435628,49.458752 36.419525,49.464162 36.413602,49.465076 36.411971,49.462677 36.383168,49.468624 36.384198,49.472026 36.384414,49.497875 36.38296,49.507426 36.366909,49.511439 36.356867,49.519463 36.354661,49.522008 36.350799,49.52223 36.344562,49.524795 36.340957,49.52251 36.340871,49.519947 36.335721,49.520504 36.340356,49.524795 36.338897,49.527135 36.281292,49.541448 36.267816,49.544093 36.262498,49.542767 36.257219,49.539676 36.255631,49.535693 36.246243,49.526575 36.240235,49.510973 36.239892,49.50317 36.235438,49.504309 36.22736,49.50618 36.225644,49.509859 36.206888,49.512127 36.205729,49.510316 36.203326,49.510762 36.201695,49.508449 36.193372,49.509413 36.19114,49.514428 36.182637,49.519842 36.180154,49.524124 36.175347,49.532035 36.178171,49.536108 36.134172,49.539153 36.131759,49.516672 36.081978,49.51762</coordinates>
            </LinearRing>
          </outerBoundaryIs>
        </Polygon>
      </Placemark>
      <Placemark>
        <name>Ukrainian-controlled Berestyn Raion, Kharkiv Oblast.</name>
        <Polygon>
          <outerBoundaryIs>
            <LinearRing>
              <tessellate>1</tessellate>
              <coordinates>36.064795,49.615536 36.063558,49.615037 36.037818,49.616818 36.033484,49.617346 36.030565,49.621266 36.02831,49.621744 36.010801,49.625247 35.999986,49.627388 35.965145,49.632443 35.964354,49.62401 35.956479,49.618237 35.952488,49.616986 35.944249,49.615095 35.941469,49.613933 35.935375,49.610874 35.919356,49.603957 35.91442,49.601148 35.907564,49.597916 35.900827,49.595051 35.886793,49.588551 35.871856,49.583836 35.865805,49.581526 35.85675,49.588667 35.846364,49.597708 35.847176,49.599609 35.849172,49.60367 35.851151,49.606713 35.853576,49.608882 35.850636,49.611454 35.849156,49.614819 35.847954,49.617669 35.847948,49.620032 35.850223,49.622952 35.849408,49.625926 35.845803,49.627789 35.845159,49.630485 35.84134,49.632904 35.838378,49.635377 35.835117,49.637823 35.834204,49.640153 35.834376,49.643488 35.832659,49.646266 35.830471,49.648128 35.827767,49.647156 35.829956,49.642154 35.828025,49.64132 35.824806,49.640403 35.823647,49.638819 35.817577,49.637301 35.816418,49.635772 35.810754,49.6358 35.793545,49.63505 35.789682,49.6353 35.790588,49.632558 35.789644,49.628611 35.782907,49.620716 35.778186,49.6213 35.773937,49.620688 35.771148,49.619354 35.768316,49.616434 35.764865,49.613154 35.763191,49.610623 35.757506,49.615819 35.760325,49.622868 35.752171,49.624758 35.742558,49.625453 35.741314,49.626371 35.745525,49.629809 35.747101,49.635909 35.747959,49.638438 35.74723,49.639884 35.743882,49.641579 35.742638,49.643469 35.73972,49.646803 35.736029,49.649693 35.726332,49.646893 35.724826,49.649372 35.713036,49.651414 35.710025,49.656566 35.714445,49.657469 35.714187,49.658622 35.712235,49.663122 35.721952,49.665437 35.716881,49.675225 35.729882,49.684419 35.73967,49.689899 35.74688,49.691259 35.746966,49.693452 35.745292,49.696617 35.73804,49.696006 35.732976,49.695979 35.722676,49.697533 35.721389,49.700725 35.713062,49.698275 35.70817,49.69672 35.706116,49.698796 35.698648,49.705985 35.693327,49.702988 35.673408,49.695292 35.662722,49.691322 35.660318,49.695792 35.621977,49.69114 35.621231,49.662849 35.61742,49.656632 35.608945,49.656382 35.599546,49.654979 35.595296,49.65417 35.57165,49.645695 35.53697,49.648481 35.533666,49.655122 35.530886,49.660351 35.526723,49.661656 35.522518,49.662684 35.514568,49.664618 35.509289,49.666951 35.507659,49.668217 35.505513,49.670078 35.49347,49.665505 35.484372,49.671116 35.475617,49.669144 35.471309,49.672875 35.467727,49.673221 35.467212,49.675331 35.463435,49.673693 35.432812,49.673032 35.433951,49.666074 35.422836,49.663602 35.425425,49.655748 35.43684,49.646829 35.442663,49.640518 35.445204,49.637295 35.450869,49.632126 35.463837,49.603095 35.48478,49.571935 35.474035,49.567765 35.473536,49.564532 35.460317,49.563558 35.444096,49.561999 35.412252,49.561109 35.406073,49.559216 35.403927,49.554594 35.405129,49.55181 35.409506,49.55014 35.426758,49.547801 35.424632,49.540929 35.424288,49.540149 35.432614,49.538812 35.428222,49.525946 35.438264,49.524553 35.442555,49.522826 35.46573,49.518872 35.485085,49.515476 35.485235,49.513846 35.490222,49.507813 35.481479,49.486198 35.481007,49.483578 35.461738,49.486616 35.460383,49.482417 35.440728,49.485958 35.436523,49.485986 35.418573,49.489866 35.406772,49.491454 35.40218,49.491482 35.3963,49.49335 35.367928,49.497886 35.336342,49.503516 35.330248,49.503684 35.329218,49.499392 35.327931,49.495991 35.329304,49.49365 35.321553,49.470826 35.3146,49.45476 35.334856,49.451915 35.34816,49.450464 35.354082,49.445665 35.363867,49.44561 35.351247,49.416228 35.347299,49.404333 35.376283,49.398126 35.356285,49.380137 35.336498,49.3631 35.326585,49.353161 35.31916,49.347934 35.315126,49.347011 35.281675,49.320235 35.281106,49.318682 35.278328,49.315542 35.280579,49.309703 35.28457,49.303939 35.288433,49.29434 35.283927,49.290981 35.279592,49.289162 35.276717,49.283332 35.271954,49.277061 35.258364,49.282112 35.26257,49.288159 35.241058,49.296975 35.215905,49.29836 35.214103,49.295113 35.17258,49.294999 35.138376,49.30054 35.127832,49.30209 35.09822,49.300971 35.080625,49.306959 35.078308,49.31664 35.052178,49.324922 35.035698,49.330572 35.024369,49.322573 35.021622,49.317482 35.025141,49.315915 35.012887,49.299838 35.007223,49.301181 35.00276,49.294128 34.989027,49.268933 34.978618,49.248228 34.990092,49.217037 35.000048,49.198084 35.013216,49.1667 35.015534,49.15699 35.017765,49.150759 35.029181,49.15323 35.040596,49.155026 35.044373,49.156654 35.048578,49.165017 35.049109,49.171213 35.04971,49.174355 35.054216,49.176291 35.05958,49.17559 35.063271,49.173009 35.070352,49.171101 35.078675,49.16993 35.068208,49.163794 35.071723,49.158593 35.081078,49.160614 35.078418,49.155562 35.07447,49.151857 35.077645,49.146973 35.08125,49.143155 35.084168,49.141358 35.085799,49.149331 35.093524,49.15444 35.102364,49.157527 35.109488,49.15792 35.11584,49.16067 35.121161,49.163926 35.125624,49.158593 35.132576,49.158257 35.134551,49.152868 35.141331,49.151464 35.149474,49.151591 35.157028,49.160067 35.164409,49.163042 35.172477,49.161021 35.180373,49.16248 35.188441,49.161358 35.19711,49.157765 35.206809,49.153499 35.2111,49.150861 35.208869,49.148784 35.19342,49.147942 35.188613,49.140193 35.193591,49.138172 35.203976,49.137161 35.20844,49.137273 35.212731,49.140193 35.225172,49.126997 35.225343,49.124357 35.212211,49.125087 35.208177,49.121155 35.208606,49.117391 35.197449,49.11756 35.18938,49.114133 35.190325,49.109638 35.192642,49.107503 35.209808,49.108683 35.222683,49.105705 35.225258,49.100816 35.230493,49.100985 35.237188,49.109414 35.238561,49.114302 35.248346,49.11211 35.257959,49.112953 35.257701,49.106098 35.266938,49.105522 35.267453,49.099453 35.274491,49.092034 35.281186,49.096306 35.282168,49.091738 35.289378,49.094099 35.294442,49.093705 35.298218,49.089715 35.301137,49.08859 35.307917,49.091288 35.310492,49.083756 35.313318,49.078086 35.307482,49.075837 35.301823,49.070465 35.303963,49.068414 35.311602,49.06729 35.315206,49.066559 35.318125,49.06729 35.321816,49.063466 35.328253,49.063128 35.334089,49.061216 35.339926,49.057223 35.343874,49.054692 35.338815,49.049336 35.343364,49.044948 35.349629,49.041516 35.360015,49.039715 35.372374,49.03679 35.379241,49.031556 35.385764,49.027955 35.387946,49.027034 35.396872,49.02951 35.404425,49.029285 35.407515,49.025233 35.403395,49.021405 35.40082,49.018141 35.408374,49.014538 35.42142,49.012399 35.432578,49.012399 35.441676,49.00767 35.437212,49.003841 35.443907,48.999224 35.454035,48.996859 35.460387,48.993818 35.454378,48.988636 35.465021,48.987848 35.473604,48.986046 35.476694,48.981539 35.480642,48.979962 35.488367,48.979061 35.484076,48.97399 35.488539,48.972976 35.497637,48.977145 35.507765,48.977709 35.519438,48.979511 35.53285,48.977487 35.531649,48.982895 35.539374,48.980416 35.542978,48.976473 35.55242,48.974895 35.561346,48.973092 35.568212,48.977374 35.577139,48.976698 35.587267,48.985486 35.600656,48.98481 35.608038,48.980867 35.625375,48.982219 35.622972,48.974895 35.62589,48.968472 35.630697,48.966444 35.638936,48.964077 35.645116,48.964528 35.649751,48.973543 35.660558,48.974361 35.664163,48.968501 35.674291,48.971769 35.684419,48.970304 35.694203,48.967149 35.695233,48.962641 35.689054,48.957682 35.695233,48.953398 35.690427,48.94934 35.692315,48.942463 35.705018,48.945281 35.715489,48.948664 35.712571,48.956442 35.719952,48.966134 35.724931,48.966247 35.734887,48.966698 35.737977,48.960387 35.740895,48.950805 35.748105,48.947649 35.756516,48.947198 35.758919,48.948213 35.757031,48.954864 35.765442,48.953398 35.77351,48.949002 35.778378,48.950633 35.793828,48.951761 35.791253,48.943531 35.793776,48.933244 35.801381,48.92718 35.818204,48.928872 35.809792,48.939472 35.821465,48.946688 35.830391,48.952324 35.839146,48.946913 35.851162,48.944545 35.852879,48.958073 35.877665,48.962993 35.883099,48.973504 35.897484,48.97141 35.905818,48.972459 35.91424,48.967804 35.924872,48.973586 35.931395,48.974375 35.930022,48.982712 35.936545,48.992175 35.93883,48.998562 35.942606,49.002503 35.947223,49.000505 35.946907,48.996477 35.972656,49.004304 35.983214,49.003685 35.985874,49.001207 35.990101,49.000682 35.989543,48.99705 35.994178,48.988151 36.00343,48.990511 36.012797,48.984961 36.013686,48.980373 36.021254,48.981441 36.023486,48.982483 36.027477,48.982765 36.032112,48.978653 36.0358,48.980229 36.039158,48.98599 36.048171,48.991454 36.054265,48.998718 36.075183,49.006256 36.080848,49.012448 36.085912,49.024494 36.096907,49.03203 36.104422,49.040485 36.115188,49.049696 36.130123,49.050315 36.135101,49.056446 36.148847,49.06128 36.158408,49.067457 36.19937,49.072223 36.205649,49.078701 36.218782,49.08303 36.228165,49.083407 36.239681,49.086516 36.246377,49.098353 36.254526,49.099452 36.263672,49.098522 36.271374,49.102491 36.255188,49.127215 36.176987,49.111437 36.165829,49.110089 36.16163,49.131715 36.171331,49.133982 36.161828,49.198034 36.149448,49.19723 36.137035,49.196008 36.1427,49.211711 36.142567,49.215986 36.131194,49.216014 36.131579,49.226439 36.141278,49.225402 36.135949,49.247103 36.131604,49.252041 36.06097,49.25695 36.060543,49.262585 36.064834,49.263481 36.068416,49.267215 36.065349,49.271098 36.063804,49.275242 36.066207,49.277146 36.074132,49.280031 36.072673,49.284986 36.06791,49.289101 36.062631,49.291312 36.055867,49.295886 36.043627,49.300742 36.039078,49.30466 36.033327,49.307682 36.02892,49.311449 36.028864,49.317306 36.029207,49.320552 36.0341,49.32251 36.034131,49.325909 36.036834,49.32865 36.036196,49.330225 36.033964,49.331526 36.033192,49.333134 36.035168,49.333515 36.038384,49.335631 36.042247,49.336065 36.042868,49.343872 36.041452,49.3472 36.035433,49.346319 36.027076,49.34446 36.025311,49.355218 36.010545,49.35556 36.01003,49.369926 36.001312,49.369752 36.005671,49.383332 35.994562,49.384639 35.995292,49.386008 35.998381,49.396455 36.000613,49.398913 35.985774,49.401273 35.986967,49.405906 35.984521,49.406521 35.989106,49.428735 35.993204,49.428665 35.998073,49.455765 35.988588,49.457076 35.97934,49.461718 35.980542,49.464229 35.978026,49.465799 35.981374,49.46976 35.981557,49.473876 35.979283,49.478143 35.981338,49.485729 35.987046,49.485646 35.987448,49.504871 36.010574,49.505925 36.078341,49.504596 36.082298,49.512897 36.081809,49.517749 36.06717,49.542377 36.07838,49.56926 36.116414,49.585594 36.09958,49.592512 36.096233,49.597324 36.085366,49.603491 36.078313,49.602271 36.077126,49.606605 36.073893,49.610503 36.073936,49.615564 36.064795,49.615536</coordinates>
            </LinearRing>
          </outerBoundaryIs>
        </Polygon>
      </Placemark>
      <Placemark>
        <name>Ukrainian-controlled Kharkiv Raion, Kharkiv Oblast.</name>
        <Polygon>
          <outerBoundaryIs>
            <LinearRing>
              <tessellate>1</tessellate>
              <coordinates>36.655815,50.214963 36.623673,50.219446 36.601013,50.220874 36.590027,50.225487 36.58429,50.228835 36.551409,50.231346 36.531754,50.236562 36.511067,50.22359 36.496555,50.215894 36.46793,50.214341 36.452236,50.233591 36.436476,50.245114 36.42145,50.245992 36.406158,50.254509 36.385558,50.257911 36.384899,50.269228 36.381465,50.279979 36.356746,50.28316 36.328765,50.285354 36.304827,50.287352 36.288176,50.289874 36.278232,50.306137 36.271373,50.320309 36.259006,50.323127 36.255839,50.340668 36.233523,50.358194 36.220477,50.369583 36.201449,50.389984 36.198016,50.39179 36.191578,50.396824 36.184197,50.399504 36.171243,50.397768 36.159313,50.390873 36.136775,50.380628 36.12355,50.374179 36.110589,50.36761 36.107788,50.366164 36.105128,50.365753 36.106329,50.36433 36.109238,50.36593 36.111727,50.366066 36.113744,50.365464 36.115847,50.365355 36.118808,50.365957 36.121512,50.365519 36.122842,50.364013 36.124988,50.362781 36.126709,50.359521 36.131387,50.357686 36.133619,50.356235 36.134246,50.353301 36.136434,50.352507 36.139581,50.356924 36.14443,50.357006 36.149192,50.357755 36.156487,50.357427 36.16138,50.351896 36.16816,50.347678 36.170819,50.341452 36.168604,50.335383 36.164913,50.331712 36.156485,50.331896 36.152709,50.331759 36.149976,50.330078 36.157057,50.329393 36.16534,50.327968 36.169674,50.326516 36.167314,50.323968 36.162035,50.323886 36.154053,50.324955 36.148517,50.325585 36.152073,50.321056 36.153446,50.317411 36.152158,50.314452 36.163935,50.311152 36.161202,50.303067 36.160344,50.299668 36.164249,50.297283 36.17133,50.2972 36.171459,50.296131 36.175407,50.296378 36.176009,50.28775 36.171503,50.28786 36.169915,50.287695 36.168671,50.286681 36.169357,50.281032 36.159614,50.28179 36.158197,50.277374 36.154721,50.27721 36.150172,50.277484 36.147367,50.274157 36.150272,50.273363 36.150873,50.272403 36.149715,50.271718 36.149843,50.271196 36.151732,50.271059 36.150358,50.270044 36.148642,50.270044 36.14774,50.268536 36.146067,50.268097 36.143964,50.268234 36.142376,50.268536 36.140402,50.267576 36.139276,50.266772 36.139288,50.265402 36.140447,50.264002 36.129726,50.254919 36.127602,50.25518 36.126306,50.253836 36.121379,50.250503 36.122055,50.249478 36.120912,50.240913 36.116449,50.24116 36.110182,50.23901 36.101856,50.237803 36.098512,50.24082 36.095636,50.244251 36.092804,50.246748 36.086967,50.244937 36.084969,50.24277 36.083167,50.240711 36.082909,50.238762 36.087657,50.238697 36.091949,50.23598 36.093426,50.234768 36.095529,50.235481 36.093941,50.232599 36.093844,50.230539 36.093195,50.225113 36.079434,50.223054 36.076001,50.222779 36.070735,50.220756 36.066237,50.218682 36.060916,50.218325 36.05465,50.215607 36.050624,50.215716 36.04144,50.214096 36.035389,50.21135 36.0388,50.211391 36.051332,50.208645 36.053864,50.208617 36.060601,50.206942 36.066654,50.204818 36.071976,50.201796 36.071452,50.197571 36.071034,50.194633 36.072149,50.190594 36.073846,50.187152 36.074704,50.182728 36.071571,50.182508 36.068825,50.182206 36.065306,50.18281 36.063761,50.181903 36.060928,50.181903 36.048812,50.180809 36.039586,50.181276 36.036002,50.181441 36.02614,50.164593 36.022959,50.156012 36.021071,50.156122 36.010658,50.127074 35.990051,50.136608 35.984534,50.138183 35.986423,50.136258 35.985221,50.128775 35.986075,50.124421 35.98616,50.118285 35.984315,50.115643 35.995473,50.11435 35.995369,50.108829 35.984052,50.107773 35.97195,50.107167 35.955936,50.106684 35.945894,50.106519 35.944993,50.11018 35.941903,50.110648 35.940319,50.106991 35.93738,50.10472 35.937079,50.101844 35.936559,50.100664 35.9463,50.099397 35.944756,50.096864 35.944326,50.094497 35.944841,50.092201 35.944726,50.090604 35.933139,50.092889 35.915784,50.09602 35.91358,50.089818 35.915469,50.085577 35.91461,50.084118 35.913666,50.086266 35.911177,50.090038 35.907401,50.08968 35.902337,50.088909 35.898732,50.087505 35.896929,50.086266 35.895127,50.086761 35.891694,50.083732 35.89414,50.082823 35.88895,50.08054 35.886633,50.08043 35.879037,50.080816 35.874273,50.081724 35.869552,50.083129 35.868741,50.081395 35.869041,50.080211 35.871187,50.079743 35.870114,50.078558 35.870311,50.076988 35.866148,50.076354 35.861216,50.081331 35.855764,50.086402 35.851044,50.099673 35.84495,50.098572 35.842203,50.105398 35.842546,50.105949 35.846237,50.119764 35.840049,50.121785 35.839534,50.122968 35.83962,50.124646 35.832012,50.126024 35.827408,50.126496 35.826902,50.123063 35.825271,50.120586 35.820379,50.119238 35.817718,50.117697 35.817375,50.11522 35.817933,50.112826 35.815401,50.11123 35.812569,50.108008 35.812097,50.105365 35.813514,50.102998 35.820455,50.099198 35.821228,50.096253 35.827842,50.096348 35.831704,50.092989 35.833592,50.08963 35.832605,50.08638 35.833635,50.084453 35.828171,50.082195 35.826098,50.076685 35.828459,50.076327 35.826613,50.074536 35.828115,50.074371 35.82803,50.073875 35.83099,50.072679 35.833436,50.070007 35.834895,50.06852 35.834092,50.065664 35.835766,50.065072 35.836688,50.066036 35.837353,50.065802 35.837997,50.066311 35.838684,50.066077 35.839413,50.066532 35.84128,50.066063 35.841795,50.065457 35.844971,50.064245 35.843295,50.063217 35.840076,50.062721 35.837158,50.063382 35.835206,50.063851 35.833818,50.062291 35.830993,50.063001 35.828632,50.061045 35.827688,50.061127 35.826057,50.059571 35.8248,50.059562 35.824371,50.059052 35.822097,50.060058 35.821689,50.059534 35.824843,50.057881 35.828385,50.056832 35.827054,50.055441 35.825402,50.054518 35.82596,50.054063 35.825552,50.053415 35.822377,50.053856 35.820832,50.054655 35.817688,50.052535 35.813954,50.050027 35.813053,50.048759 35.809401,50.049134 35.80423,50.046172 35.800453,50.045014 35.798243,50.043553 35.798372,50.042975 35.799767,50.042864 35.805312,50.045053 35.807286,50.045839 35.810418,50.045232 35.810504,50.043455 35.812071,50.041429 35.810422,50.037859 35.812868,50.037252 35.813469,50.035158 35.813169,50.034606 35.803298,50.035433 35.80284,50.033877 35.796231,50.034374 35.793914,50.03509 35.792026,50.033161 35.793141,50.032554 35.794128,50.031507 35.791124,50.030735 35.790523,50.028796 35.791381,50.027804 35.790751,50.02666 35.78882,50.024868 35.779894,50.017423 35.782855,50.017423 35.784271,50.016844 35.787404,50.019822 35.79015,50.020925 35.79324,50.023103 35.79839,50.023076 35.803754,50.023241 35.796064,50.019507 35.793618,50.01697 35.792416,50.01413 35.795978,50.01424 35.798854,50.014791 35.800956,50.013247 35.802072,50.01355 35.804518,50.015426 35.805189,50.011999 35.805318,50.009186 35.806605,50.008082 35.806262,50.006483 35.806348,50.005324 35.8033,50.00389 35.8027,50.002125 35.81045,50.000327 35.815857,50.000548 35.821307,50.001596 35.826801,50.001982 35.83371,50.000493 35.827816,49.997333 35.834569,49.996236 35.832938,49.99425 35.829762,49.994195 35.827041,49.992916 35.823865,49.992916 35.824337,49.991509 35.819402,49.991896 35.816072,49.994191 35.814956,49.995722 35.815042,49.997708 35.813969,49.997791 35.81354,49.996425 35.811244,49.996949 35.809253,49.996635 35.807879,49.994069 35.808308,49.992331 35.808802,49.990538 35.807297,49.986194 35.807743,49.985256 35.810018,49.984455 35.811284,49.98302 35.812979,49.982193 35.814953,49.981296 35.816412,49.980937 35.817979,49.980827 35.814962,49.974407 35.813502,49.971343 35.81067,49.97184 35.806464,49.964663 35.804707,49.964956 35.792691,49.956204 35.792562,49.951593 35.786716,49.950279 35.786545,49.949727 35.778777,49.946054 35.776095,49.94503 35.772319,49.945748 35.767684,49.947791 35.761332,49.949807 35.754981,49.944146 35.761118,49.942268 35.763864,49.941384 35.766225,49.941854 35.771503,49.940252 35.775366,49.942296 35.780001,49.942075 35.782833,49.942434 35.785504,49.941027 35.790482,49.94017 35.792327,49.940364 35.789409,49.943733 35.787478,49.946661 35.78692,49.948318 35.788465,49.949671 35.79031,49.950002 35.795074,49.949505 35.797992,49.948704 35.79958,49.946633 35.802455,49.944479 35.805073,49.943982 35.81168,49.944155 35.813311,49.943906 35.812924,49.940316 35.810652,49.93861 35.807476,49.93705 35.807154,49.935973 35.804345,49.936582 35.800783,49.938129 35.798508,49.936057 35.800353,49.93539 35.800181,49.933512 35.801011,49.930772 35.802942,49.927526 35.80291,49.926554 35.806729,49.92683 35.815527,49.931372 35.815419,49.93343 35.813917,49.934577 35.813295,49.935792 35.813746,49.936731 35.815291,49.936966 35.816406,49.936414 35.818316,49.936648 35.819775,49.936662 35.820591,49.936193 35.82347,49.93528 35.827505,49.933347 35.824447,49.924276 35.829168,49.922066 35.841536,49.923614 35.844154,49.922813 35.847501,49.921127 35.849776,49.919083 35.853638,49.919912 35.859518,49.92005 35.860934,49.918116 35.862136,49.914993 35.86308,49.91375 35.862436,49.911787 35.862779,49.910102 35.864238,49.910682 35.866084,49.912036 35.86883,49.912755 35.872564,49.916016 35.874667,49.915463 35.87531,49.913888 35.874195,49.91187 35.871362,49.905541 35.868045,49.903507 35.87011,49.902816 35.871956,49.901572 35.873586,49.901019 35.87629,49.900991 35.873718,49.896934 35.873932,49.896049 35.872344,49.893644 35.868182,49.891211 35.873589,49.887561 35.874463,49.884528 35.873519,49.883477 35.869957,49.884141 35.867124,49.885026 35.86648,49.880905 35.866249,49.877628 35.870755,49.876079 35.873845,49.874696 35.865998,49.867689 35.861921,49.871091 35.859861,49.87123 35.852951,49.867744 35.849813,49.866826 35.846808,49.868901 35.825351,49.859246 35.822069,49.837891 35.822039,49.835218 35.829806,49.835439 35.835943,49.836602 35.838776,49.834581 35.839591,49.832007 35.840363,49.830235 35.837857,49.829591 35.83408,49.830283 35.830046,49.829286 35.827643,49.828179 35.825712,49.826684 35.820751,49.822905 35.819421,49.820164 35.820537,49.816869 35.82088,49.814239 35.815945,49.811793 35.808135,49.812402 35.800367,49.814341 35.788904,49.815748 35.773283,49.818212 35.769463,49.818627 35.776759,49.822864 35.781008,49.825217 35.777703,49.825328 35.76736,49.833577 35.764476,49.834827 35.75834,49.836903 35.75672,49.835958 35.758565,49.833937 35.759853,49.832304 35.757964,49.831473 35.752029,49.83301 35.747222,49.832014 35.745635,49.831294 35.749626,49.829467 35.747094,49.829301 35.744176,49.829384 35.742116,49.828194 35.739026,49.827418 35.737,49.826238 35.732473,49.827719 35.731833,49.826799 35.722768,49.825193 35.721333,49.825649 35.718543,49.825939 35.709317,49.824749 35.702104,49.823873 35.700559,49.814376 35.700173,49.809529 35.697626,49.803371 35.698141,49.800823 35.70815,49.800283 35.710124,49.800145 35.709051,49.79574 35.707721,49.791419 35.714145,49.790116 35.712856,49.782331 35.707878,49.774682 35.699037,49.776733 35.691913,49.779837 35.686248,49.785268 35.681389,49.781194 35.67963,49.776178 35.677149,49.772632 35.673159,49.765078 35.67234,49.76129 35.664186,49.758767 35.662093,49.755964 35.65793,49.754079 35.654111,49.751556 35.6562,49.74874 35.660148,49.747603 35.662466,49.747132 35.663968,49.743804 35.666586,49.745551 35.667658,49.748019 35.673409,49.749405 35.675855,49.747159 35.679918,49.742459 35.676672,49.736594 35.673458,49.733236 35.676419,49.728243 35.679251,49.726856 35.680219,49.726278 35.674726,49.723393 35.685698,49.720593 35.69917,49.705759 35.70817,49.69672 35.721389,49.700725 35.722676,49.697533 35.732976,49.695979 35.73804,49.696006 35.745292,49.696617 35.746966,49.693452 35.74688,49.691259 35.73967,49.689899 35.730829,49.684796 35.716881,49.675225 35.721952,49.665437 35.712235,49.663122 35.714445,49.657469 35.710025,49.656566 35.713036,49.651414 35.724826,49.649372 35.726448,49.646473 35.735374,49.649918 35.740696,49.64525 35.74327,49.643194 35.744472,49.641193 35.74723,49.639884 35.747959,49.638438 35.745543,49.63034 35.741314,49.626371 35.742558,49.625453 35.752171,49.624758 35.759533,49.622834 35.757506,49.615819 35.763191,49.610623 35.765284,49.613937 35.771148,49.619354 35.774897,49.620888 35.778186,49.6213 35.782907,49.620716 35.789644,49.628611 35.790588,49.632558 35.789745,49.635732 35.793545,49.63505 35.809415,49.635642 35.816418,49.635772 35.817912,49.637921 35.823647,49.638819 35.828555,49.641478 35.829956,49.642154 35.827525,49.647536 35.829757,49.647981 35.833533,49.645869 35.834306,49.643146 35.834204,49.640153 35.835117,49.637823 35.839036,49.634539 35.841605,49.632938 35.845159,49.630485 35.845803,49.627789 35.849408,49.625926 35.850223,49.622952 35.848472,49.6204 35.84727,49.617842 35.849502,49.613727 35.850636,49.611454 35.853576,49.608882 35.850017,49.606942 35.845554,49.597597 35.865805,49.581526 35.885761,49.588817 35.916317,49.602614 35.9455,49.615073 35.952488,49.616986 35.964354,49.62401 35.965145,49.632443 36.000757,49.627056 36.030565,49.621266 36.033287,49.617715 36.063558,49.615037 36.065473,49.616213 36.06596,49.624164 36.063921,49.629348 36.062758,49.638093 36.059063,49.640589 36.056492,49.651598 36.050557,49.655266 36.047209,49.656488 36.041201,49.660211 36.039141,49.664988 36.036619,49.670699 36.03855,49.672532 36.043056,49.669699 36.043743,49.673198 36.07313,49.67221 36.072652,49.690806 36.07454,49.693332 36.072566,49.69683 36.069648,49.70066 36.065872,49.702881 36.063425,49.702687 36.060653,49.703556 36.059821,49.704047 36.056216,49.703381 36.053298,49.703464 36.051624,49.70549 36.03978,49.705684 36.034046,49.704444 36.026664,49.7035 36.025063,49.706053 36.022102,49.70411 36.017481,49.704888 36.012972,49.70109 36.01044,49.702422 36.003833,49.707819 36.005764,49.70979 35.999971,49.712104 36.006237,49.714934 36.009385,49.718046 36.016595,49.720543 36.03411,49.722107 36.034983,49.723312 36.030223,49.724907 36.02271,49.729304 36.019662,49.730746 36.009596,49.732046 35.998588,49.732495 35.992559,49.734431 35.986142,49.737544 35.980649,49.740262 35.976186,49.745364 35.976458,49.748006 35.976029,49.752554 35.974719,49.757786 35.973153,49.757897 35.972831,49.759324 35.974612,49.759657 35.978603,49.759449 35.986815,49.760159 35.987258,49.762444 36.021208,49.759062 36.024185,49.757522 36.030173,49.759561 36.035226,49.760805 36.036063,49.761692 36.03632,49.763397 36.04742,49.760812 36.04555,49.758939 36.056013,49.756412 36.056528,49.759074 36.058041,49.760353 36.060362,49.764063 36.063577,49.76343 36.066796,49.762377 36.07053,49.762238 36.07186,49.763624 36.075056,49.765428 36.077559,49.76537 36.080759,49.767359 36.084407,49.76783 36.083763,49.768884 36.082516,49.769537 36.08376,49.769884 36.086381,49.76905 36.089299,49.768828 36.09097,49.768387 36.094156,49.76712 36.097238,49.765613 36.099041,49.76431 36.105521,49.759514 36.107331,49.758027 36.114283,49.757209 36.11716,49.757057 36.120121,49.758125 36.123661,49.758596 36.125992,49.758239 36.126421,49.757795 36.12924,49.754978 36.132631,49.754895 36.13351,49.755509 36.133989,49.757413 36.134354,49.757912 36.134526,49.759007 36.137079,49.759797 36.139976,49.760019 36.140856,49.759229 36.143231,49.759189 36.14939,49.760533 36.150898,49.760657 36.150322,49.762668 36.151008,49.763887 36.156394,49.767006 36.156802,49.768631 36.158574,49.771446 36.159991,49.777183 36.159989,49.779684 36.157926,49.783793 36.156343,49.783612 36.153763,49.784679 36.151274,49.784402 36.150759,49.785732 36.148185,49.787486 36.115397,49.785768 36.11956,49.789564 36.122478,49.792168 36.128143,49.795659 36.127874,49.802217 36.128689,49.805818 36.129888,49.807314 36.140767,49.812645 36.142014,49.814207 36.147336,49.815232 36.147851,49.816561 36.150683,49.817835 36.154073,49.820355 36.15813,49.820602 36.165382,49.82326 36.171001,49.826045 36.175453,49.824904 36.172535,49.823132 36.181375,49.822855 36.181414,49.820159 36.200883,49.817244 36.203866,49.815416 36.208736,49.815471 36.210475,49.812938 36.21362,49.810188 36.218118,49.810137 36.230992,49.807174 36.232966,49.808309 36.233041,49.811693 36.231539,49.812995 36.232537,49.814817 36.23911,49.818879 36.244683,49.821272 36.250905,49.820248 36.257729,49.821078 36.265496,49.816786 36.270904,49.81698 36.273908,49.817811 36.281294,49.820742 36.28404,49.820493 36.286014,49.820764 36.286615,49.823898 36.282667,49.825526 36.27794,49.830305 36.280656,49.832043 36.283396,49.830321 36.288031,49.829048 36.289877,49.826611 36.299236,49.830002 36.308244,49.82866 36.314772,49.826154 36.317003,49.82369 36.315489,49.822532 36.315716,49.821558 36.317635,49.821702 36.318192,49.820124 36.323385,49.817299 36.323318,49.81252 36.327048,49.809592 36.325184,49.807211 36.325074,49.803665 36.322008,49.801726 36.324583,49.798818 36.325957,49.795688 36.329776,49.795355 36.33248,49.793001 36.33823,49.79095 36.344125,49.791712 36.347,49.792903 36.352092,49.793665 36.360796,49.794226 36.361525,49.795805 36.363564,49.79762 36.370409,49.79719 36.373006,49.79629 36.375065,49.794296 36.373842,49.791068 36.379056,49.789641 36.381374,49.789475 36.389571,49.788948 36.39185,49.789829 36.397772,49.789635 36.406524,49.794059 36.412103,49.794003 36.417596,49.796109 36.420815,49.796884 36.423773,49.798234 36.41957,49.801566 36.416652,49.803228 36.414292,49.804807 36.412532,49.806219 36.411717,49.807853 36.410386,49.808739 36.41073,49.810013 36.408933,49.812361 36.408788,49.814888 36.429613,49.865794 36.43281,49.869202 36.441951,49.865965 36.452337,49.864029 36.450105,49.86627 36.452165,49.869202 36.450202,49.871134 36.461169,49.880153 36.472872,49.87918 36.483429,49.880619 36.485158,49.879904 36.493815,49.881946 36.529244,49.885238 36.533331,49.886322 36.534833,49.892626 36.53611,49.897846 36.535434,49.901638 36.539021,49.908895 36.550351,49.906767 36.553877,49.90542 36.561001,49.903927 36.569251,49.919611 36.571202,49.922713 36.577491,49.9216 36.582746,49.920558 36.587825,49.917027 36.589164,49.919279 36.592854,49.920882 36.5959,49.920352 36.600664,49.921347 36.602982,49.923368 36.606673,49.929336 36.608905,49.931491 36.60221,49.937181 36.613398,49.944624 36.6421,49.966954 36.643465,49.966686 36.643937,49.968038 36.646048,49.967589 36.646928,49.968362 36.646856,49.971654 36.632344,49.979962 36.628653,49.982143 36.625361,49.98542 36.624877,49.991248 36.626715,49.993341 36.626672,49.994927 36.624705,49.996104 36.625338,49.999707 36.638654,49.998556 36.638298,50.001141 36.64362,50.004176 36.645975,50.005411 36.64319,50.008368 36.641856,50.008004 36.640959,50.007265 36.639538,50.007673 36.636582,50.009416 36.631947,50.010685 36.62878,50.011089 36.629188,50.011848 36.626978,50.012978 36.624479,50.017248 36.624008,50.02037 36.622119,50.021915 36.622591,50.023645 36.603482,50.033692 36.595408,50.03271 36.593869,50.034932 36.590835,50.035071 36.588799,50.036596 36.567239,50.035588 36.561771,50.042122 36.559702,50.049648 36.555334,50.054082 36.551643,50.06323 36.550441,50.073477 36.549843,50.082276 36.555929,50.089824 36.56768,50.097838 36.568238,50.095801 36.583569,50.095819 36.589746,50.102818 36.607942,50.100726 36.619618,50.096976 36.625523,50.097926 36.628029,50.102646 36.633313,50.109738 36.647218,50.104563 36.647307,50.102994 36.652478,50.102279 36.656831,50.10638 36.66138,50.104343 36.664555,50.105114 36.671116,50.10414 36.664641,50.107976 36.666254,50.111671 36.673825,50.1126 36.684451,50.12001 36.69205,50.127122 36.682929,50.129971 36.686815,50.136365 36.677545,50.13895 36.672031,50.141908 36.673253,50.143516 36.666488,50.147535 36.678333,50.149955 36.684856,50.14946 36.702233,50.158966 36.68374,50.157819 36.676742,50.162168 36.67245,50.169756 36.676278,50.171585 36.687728,50.169412 36.695109,50.177727 36.703758,50.183234 36.69777,50.188156 36.690883,50.184938 36.688071,50.188266 36.688732,50.190856 36.704469,50.195246 36.700531,50.197112 36.691509,50.199367 36.669634,50.212711 36.663442,50.210409 36.659697,50.209679 36.655815,50.214963</coordinates>
            </LinearRing>
          </outerBoundaryIs>
        </Polygon>
      </Placemark>
      <Placemark>
        <name>Ukrainian-controlled Bohodukhiv Raion, Kharkiv Oblast.</name>
        <Polygon>
          <outerBoundaryIs>
            <LinearRing>
              <tessellate>1</tessellate>
              <coordinates>35.432812,49.673032 35.463435,49.673693 35.467212,49.675331 35.467727,49.673221 35.472373,49.672287 35.475617,49.669144 35.484372,49.671116 35.49347,49.665505 35.505513,49.670078 35.509289,49.666951 35.514568,49.664618 35.530886,49.660351 35.53697,49.648481 35.57165,49.645695 35.596474,49.654809 35.608945,49.656382 35.61742,49.656632 35.621231,49.662849 35.621977,49.69114 35.660318,49.695792 35.662722,49.691322 35.693327,49.702988 35.698648,49.705985 35.685698,49.720593 35.674726,49.723393 35.679251,49.726856 35.676419,49.728243 35.673022,49.734005 35.676672,49.736594 35.679918,49.742459 35.6756,49.747749 35.67251,49.749357 35.667658,49.748019 35.667017,49.745087 35.663968,49.743804 35.662466,49.747132 35.656545,49.748137 35.654111,49.751556 35.658176,49.754681 35.662093,49.755964 35.664613,49.759117 35.672094,49.760883 35.672351,49.764875 35.67963,49.776178 35.681389,49.781194 35.686248,49.785268 35.691913,49.779837 35.698358,49.776904 35.707878,49.774682 35.712856,49.782331 35.714145,49.790116 35.707721,49.791419 35.710124,49.800145 35.698141,49.800823 35.696941,49.80344 35.700289,49.808813 35.700031,49.814407 35.702104,49.823873 35.718543,49.825939 35.721333,49.825649 35.722768,49.825193 35.731833,49.826799 35.732473,49.827719 35.737,49.826238 35.739026,49.827418 35.742116,49.828194 35.744176,49.829384 35.746371,49.829186 35.749626,49.829467 35.745635,49.831294 35.752029,49.83301 35.757964,49.831473 35.759853,49.832304 35.75672,49.835958 35.75834,49.836903 35.76736,49.833577 35.777703,49.825328 35.781008,49.825217 35.769463,49.818627 35.788904,49.815748 35.799243,49.814844 35.808135,49.812402 35.815945,49.811793 35.82088,49.814239 35.820751,49.822905 35.830046,49.829286 35.83408,49.830283 35.837857,49.829591 35.840363,49.830235 35.839591,49.832007 35.838776,49.834581 35.8361,49.83698 35.829806,49.835439 35.822281,49.835651 35.822069,49.837891 35.825351,49.859246 35.846808,49.868901 35.849813,49.866826 35.853501,49.868141 35.859938,49.871571 35.861921,49.871091 35.865998,49.867689 35.874007,49.874236 35.87023,49.87667 35.866249,49.877628 35.867913,49.885187 35.869957,49.884141 35.873519,49.883477 35.874463,49.884528 35.873589,49.887561 35.868182,49.891211 35.872344,49.893644 35.873932,49.896049 35.873718,49.896934 35.87629,49.900991 35.873586,49.901019 35.871956,49.901572 35.87011,49.902816 35.868045,49.903507 35.871362,49.905541 35.874195,49.91187 35.87531,49.913888 35.874667,49.915463 35.872564,49.916016 35.86883,49.912755 35.866084,49.912036 35.86496,49.91082 35.8629,49.910488 35.862556,49.912423 35.86308,49.91375 35.862136,49.914993 35.860934,49.918116 35.859518,49.92005 35.853638,49.919912 35.849776,49.919083 35.847501,49.921127 35.844154,49.922813 35.841536,49.923614 35.829168,49.922066 35.824447,49.924276 35.827505,49.933347 35.822797,49.935662 35.820591,49.936193 35.819775,49.936662 35.818316,49.936648 35.816406,49.936414 35.815291,49.936966 35.813746,49.936731 35.812754,49.935772 35.813917,49.934577 35.815419,49.93343 35.815527,49.931372 35.806729,49.92683 35.80291,49.926554 35.803485,49.927485 35.801011,49.930772 35.800395,49.93301 35.800052,49.935828 35.798508,49.936057 35.800783,49.938129 35.804345,49.936582 35.807154,49.935973 35.807476,49.93705 35.810652,49.93861 35.812924,49.940316 35.813311,49.943906 35.811038,49.944113 35.805073,49.943982 35.802455,49.944479 35.799451,49.947041 35.797992,49.948704 35.795074,49.949505 35.79031,49.950002 35.788465,49.949671 35.78692,49.948318 35.78752,49.945991 35.792327,49.940364 35.789924,49.940578 35.785504,49.941027 35.782833,49.942434 35.780001,49.942075 35.775366,49.942296 35.771503,49.940252 35.766225,49.941854 35.763864,49.941384 35.754981,49.944146 35.761332,49.949807 35.767684,49.947791 35.772319,49.945748 35.776095,49.94503 35.778777,49.946054 35.786545,49.949727 35.786716,49.950279 35.792562,49.951593 35.792691,49.956204 35.804707,49.964956 35.806464,49.964663 35.81067,49.97184 35.813502,49.971343 35.817979,49.980827 35.816412,49.980937 35.814953,49.981296 35.81111,49.983208 35.810018,49.984455 35.807743,49.985256 35.807297,49.986194 35.808802,49.990538 35.807824,49.993877 35.808639,49.996525 35.811244,49.996949 35.81354,49.996425 35.813969,49.997791 35.815042,49.997708 35.814956,49.995722 35.815978,49.994015 35.819402,49.991896 35.824337,49.991509 35.823865,49.992916 35.827041,49.992916 35.829324,49.994097 35.833273,49.994318 35.834569,49.996236 35.82808,49.997436 35.829668,49.998842 35.83371,50.000493 35.826801,50.001982 35.8216,50.001684 35.815857,50.000548 35.81045,50.000327 35.8027,50.002125 35.8033,50.00389 35.806348,50.005324 35.806262,50.006483 35.806605,50.008082 35.80545,50.009095 35.805189,50.011999 35.804518,50.015426 35.802072,50.01355 35.800956,50.013247 35.798854,50.014791 35.795978,50.01424 35.792416,50.01413 35.793618,50.01697 35.796365,50.019699 35.803754,50.023241 35.79839,50.023076 35.792932,50.023228 35.79015,50.020925 35.787404,50.019822 35.784271,50.016844 35.782589,50.017355 35.779894,50.017423 35.790751,50.02666 35.791333,50.027619 35.790523,50.028796 35.791124,50.030735 35.794128,50.031507 35.793521,50.032554 35.792026,50.033161 35.793914,50.03509 35.796231,50.034374 35.80284,50.033877 35.803298,50.035433 35.813169,50.034606 35.813514,50.035515 35.812868,50.037252 35.810422,50.037859 35.812071,50.041429 35.810504,50.043455 35.810418,50.045232 35.807286,50.045839 35.799767,50.042864 35.798494,50.04315 35.798243,50.043553 35.800453,50.045014 35.804545,50.046319 35.80933,50.04924 35.813053,50.048759 35.813954,50.050027 35.820832,50.054655 35.822377,50.053856 35.825552,50.053415 35.82596,50.054063 35.825402,50.054518 35.827054,50.055441 35.828385,50.056832 35.824527,50.058015 35.821689,50.059534 35.822097,50.060058 35.824371,50.059052 35.8248,50.059562 35.826373,50.059586 35.827688,50.061127 35.828632,50.061045 35.830993,50.063001 35.833818,50.062291 35.835206,50.063851 35.840076,50.062721 35.843295,50.063217 35.844971,50.064245 35.841795,50.065457 35.841221,50.06628 35.839413,50.066532 35.838684,50.066077 35.837997,50.066311 35.837353,50.065802 35.836688,50.066036 35.835766,50.065072 35.834092,50.065664 35.834895,50.06852 35.830682,50.073024 35.82803,50.073875 35.827935,50.074787 35.826613,50.074536 35.828459,50.076327 35.826098,50.076685 35.828171,50.082195 35.833635,50.084453 35.832313,50.086904 35.833772,50.089162 35.831704,50.092989 35.827842,50.096348 35.821228,50.096253 35.820061,50.099536 35.813514,50.102998 35.811478,50.105427 35.813023,50.108345 35.815401,50.11123 35.817933,50.112826 35.817375,50.11522 35.817718,50.117697 35.820379,50.119238 35.825271,50.120586 35.827442,50.123535 35.827408,50.126496 35.831305,50.126066 35.83962,50.124646 35.839534,50.122968 35.840049,50.121785 35.846237,50.119764 35.842203,50.105398 35.84495,50.098572 35.851044,50.099673 35.855764,50.086402 35.866148,50.076354 35.870311,50.076988 35.870114,50.078558 35.871187,50.079743 35.869041,50.080211 35.868741,50.081395 35.868969,50.083377 35.874273,50.081724 35.879037,50.080816 35.88601,50.080501 35.88895,50.08054 35.89414,50.082823 35.891694,50.083732 35.895127,50.086761 35.896929,50.086266 35.898198,50.087496 35.902337,50.088909 35.907401,50.08968 35.911177,50.090038 35.913666,50.086266 35.914334,50.083585 35.915469,50.085577 35.91358,50.089818 35.915784,50.09602 35.944726,50.090604 35.944222,50.093928 35.94448,50.095911 35.9463,50.099397 35.936583,50.10026 35.937699,50.101967 35.93738,50.10472 35.940319,50.106991 35.941903,50.110648 35.944909,50.110554 35.945894,50.106519 35.984052,50.107773 35.995369,50.108829 35.995426,50.114722 35.984315,50.115643 35.98616,50.118285 35.986075,50.124421 35.985221,50.128775 35.986423,50.136258 35.984534,50.138183 35.990051,50.136608 36.010658,50.127074 36.021071,50.156122 36.022959,50.156012 36.02614,50.164593 36.036002,50.181441 36.048812,50.180809 36.06036,50.181992 36.063761,50.181903 36.065306,50.18281 36.068825,50.182206 36.074704,50.182728 36.073846,50.187152 36.072149,50.190594 36.071034,50.194633 36.071976,50.201796 36.066654,50.204818 36.060601,50.206942 36.053864,50.208617 36.051332,50.208645 36.0388,50.211391 36.035389,50.21135 36.040925,50.213988 36.049937,50.21613 36.05465,50.215607 36.060916,50.218325 36.066237,50.218682 36.06985,50.220578 36.076001,50.222779 36.080324,50.223044 36.093195,50.225113 36.093941,50.232599 36.095529,50.235481 36.093426,50.234768 36.091949,50.23598 36.087657,50.238697 36.082909,50.238762 36.083167,50.240711 36.086967,50.244937 36.092804,50.246748 36.095636,50.244251 36.098512,50.24082 36.10238,50.237804 36.110182,50.23901 36.116449,50.24116 36.120912,50.240913 36.122055,50.249478 36.121379,50.250503 36.125383,50.253063 36.127602,50.25518 36.130103,50.255368 36.140447,50.264002 36.139288,50.265402 36.139821,50.267395 36.142825,50.268877 36.143964,50.268234 36.14643,50.26767 36.148318,50.268602 36.148642,50.270044 36.150358,50.270044 36.151732,50.271059 36.149843,50.271196 36.149715,50.271718 36.150873,50.272403 36.150206,50.273814 36.147367,50.274157 36.150172,50.277484 36.154721,50.27721 36.158197,50.277374 36.159614,50.28179 36.169357,50.281032 36.168671,50.286681 36.169915,50.287695 36.171503,50.28786 36.176009,50.28775 36.175407,50.296378 36.171459,50.296131 36.17133,50.2972 36.164249,50.297283 36.160286,50.299083 36.16063,50.302921 36.163935,50.311152 36.152158,50.314452 36.153446,50.317411 36.150453,50.321733 36.148517,50.325585 36.154058,50.325788 36.161439,50.323925 36.167314,50.323968 36.169674,50.326516 36.16534,50.327968 36.157693,50.329375 36.149976,50.330078 36.152709,50.331759 36.164913,50.331712 36.168604,50.335383 36.170819,50.341452 36.16816,50.347678 36.16138,50.351896 36.156487,50.357427 36.149192,50.357755 36.14443,50.357006 36.139568,50.357382 36.136434,50.352507 36.134246,50.353301 36.133619,50.356235 36.130813,50.357929 36.126709,50.359521 36.124988,50.362781 36.122842,50.364013 36.121512,50.365519 36.118808,50.365957 36.115847,50.365355 36.113744,50.365464 36.111727,50.366066 36.109238,50.36593 36.106329,50.36433 36.105128,50.365753 36.108583,50.366526 36.122144,50.373862 36.159313,50.390873 36.171243,50.397768 36.159241,50.416186 36.142246,50.425264 36.122677,50.429638 36.102838,50.427102 36.081809,50.439185 36.058549,50.439731 36.045417,50.432406 35.98777,50.428451 35.960647,50.425498 35.953942,50.420266 35.9390929,50.4190079 35.9152318,50.419227 35.887642,50.42237 35.874939,50.420292 35.861978,50.419362 35.850477,50.421878 35.835285,50.41701 35.827389,50.41165 35.819149,50.405743 35.815544,50.401476 35.815747,50.392806 35.802701,50.3881 35.793603,50.379234 35.785192,50.371461 35.77315,50.367942 35.762679,50.360058 35.745685,50.349872 35.725772,50.347572 35.707919,50.345162 35.699508,50.337931 35.689208,50.338095 35.688178,50.335137 35.683028,50.335192 35.681827,50.333877 35.678222,50.335247 35.675389,50.328343 35.673759,50.325001 35.660822,50.327242 35.654985,50.312664 35.651037,50.312993 35.648119,50.310362 35.638334,50.313212 35.625116,50.320885 35.629866,50.32399 35.61001,50.325707 35.59456,50.330748 35.572931,50.319679 35.558477,50.321499 35.516763,50.316676 35.535817,50.301218 35.531698,50.301437 35.527921,50.294968 35.524659,50.290252 35.505262,50.300341 35.495477,50.292774 35.458226,50.308125 35.460023,50.31454 35.439423,50.317718 35.43702,50.322212 35.422772,50.335691 35.409726,50.321226 35.397366,50.318705 35.379342,50.32024 35.378998,50.31158 35.386036,50.305989 35.381573,50.294475 35.331277,50.318705 35.317372,50.313334 35.320462,50.309936 35.2942,50.289441 35.331575,50.277368 35.330764,50.274303 35.316001,50.270134 35.300036,50.262343 35.266267,50.265136 35.26043,50.257564 35.264207,50.248563 35.26043,50.241757 35.261975,50.234401 35.23657,50.236158 35.23554,50.228032 35.199834,50.235828 35.201379,50.238354 35.197774,50.238354 35.192453,50.22946 35.180436,50.231985 35.149343,50.243145 35.127714,50.226016 35.105024,50.214523 35.090346,50.212766 35.070691,50.206174 35.076957,50.200461 35.071056,50.196005 35.063847,50.183146 35.058868,50.184904 35.055607,50.180178 35.041531,50.164126 35.027454,50.166545 35.032089,50.172812 35.030888,50.181057 35.02179,50.181936 35.008228,50.185454 35.00634,50.178419 35.002564,50.178639 35.001362,50.182376 34.994667,50.184025 34.976814,50.182706 34.960507,50.186883 34.970806,50.167754 34.97413,50.158493 34.965313,50.155438 34.940594,50.151808 34.932349,50.134583 34.93641,50.095345 34.947998,50.09595 34.949972,50.094188 34.955894,50.092812 34.956744,50.082429 34.962065,50.081492 34.962924,50.073616 34.938204,50.062652 34.936402,50.054938 34.902033,50.03273 34.879717,50.005376 34.856002,49.987453 34.865358,49.964048 34.870079,49.956484 34.863488,49.954189 34.85954,49.950655 34.867093,49.947948 34.873873,49.944303 34.878937,49.943696 34.89267,49.93215 34.912749,49.935391 34.937726,49.905329 34.94528,49.898456 34.962446,49.888503 34.971115,49.884909 34.980814,49.889222 35.015002,49.876241 35.034743,49.886915 35.06441,49.885666 35.063926,49.881827 35.054399,49.880555 35.055429,49.874581 35.04573,49.873586 35.04633,49.869382 35.06439,49.860918 35.071256,49.85782 35.085933,49.859867 35.105674,49.857543 35.120866,49.851788 35.139921,49.859867 35.163868,49.854031 35.16773,49.848331 35.19825,49.840612 35.196105,49.835131 35.212498,49.833083 35.220481,49.830038 35.215159,49.820957 35.216412,49.81204 35.221657,49.806891 35.219855,49.804453 35.21388,49.803108 35.209288,49.805379 35.204653,49.801556 35.200233,49.800587 35.204338,49.797278 35.200561,49.794757 35.211805,49.788828 35.206297,49.781608 35.210846,49.771243 35.206922,49.763978 35.205763,49.756161 35.208939,49.753582 35.209074,49.746395 35.223837,49.736328 35.259903,49.732842 35.26421,49.715552 35.252022,49.713387 35.248331,49.716162 35.24155,49.713554 35.243525,49.710057 35.255627,49.711556 35.256828,49.707837 35.244333,49.693669 35.2515,49.688838 35.257679,49.687756 35.26652,49.684303 35.290552,49.684886 35.301064,49.68623 35.31516,49.683236 35.32782,49.681598 35.332369,49.679849 35.344333,49.665032 35.369568,49.665853 35.384299,49.666606 35.39153,49.66662 35.39123,49.668745 35.402128,49.669503 35.406226,49.670239 35.411033,49.670878 35.425323,49.671367 35.426524,49.67345 35.432652,49.673526 35.432812,49.673032</coordinates>
            </LinearRing>
          </outerBoundaryIs>
        </Polygon>
      </Placemark>
      <Placemark>
        <name>Ukrainian-controlled Dnipropetrovsk Oblast - southwest </name>
        <Polygon>
          <outerBoundaryIs>
            <LinearRing>
              <tessellate>1</tessellate>
              <coordinates>33.240463,47.573578 33.220266,47.534994 33.243257,47.53451 33.275523,47.548839 33.296493,47.536981 33.280874,47.518979 33.290304,47.50578 33.314234,47.500239 33.310303,47.482486 33.351573,47.494019 33.33219,47.509026 33.324565,47.521676 33.480981,47.544686 33.479132,47.5855 33.578523,47.599071 33.592808,47.574374 33.606116,47.57593 33.610018,47.562344 33.587932,47.557409 33.594749,47.542432 33.581672,47.532627 33.589553,47.502222 33.605844,47.505573 33.601525,47.512164 33.637615,47.514122 33.644677,47.481678 33.938589,47.516281 33.924765,47.518766 33.9279403,47.529256 33.9377246,47.5388761 33.9572516,47.5362405 33.970083,47.536384 33.9739454,47.5434524 33.97283,47.552143 33.992742,47.564191 34.0045873,47.5680128 34.0266432,47.5794215 34.044241,47.581331 34.082006,47.579478 34.114965,47.574383 34.137625,47.562801 34.141745,47.546118 34.1532455,47.5341824 34.1629438,47.5318072 34.1729429,47.5403541 34.1889519,47.5418307 34.2044891,47.5372533 34.2193359,47.5273435 34.2241419,47.5266488 34.2231966,47.5329063 34.2246125,47.5422932 34.2339263,47.5482034 34.2462003,47.5515629 34.2454716,47.5579927 34.2423385,47.5697503 34.2443981,47.5787841 34.2514359,47.5881625 34.293493,47.586426 34.3027646,47.5764685 34.3176984,47.5722995 34.326452,47.574383 34.3362416,47.5719525 34.3550396,47.5606595 34.376577,47.553533 34.3851609,47.5516513 34.3881222,47.5521402 34.3919417,47.5506594 34.3972202,47.5502213 34.3985505,47.5490879 34.4061884,47.5468132 34.4101955,47.5476497 34.408967,47.5491233 34.4090852,47.5513754 34.4082916,47.5540839 34.4110048,47.5606145 34.4223449,47.5664787 34.4268296,47.5681295 34.4362294,47.5696931 34.4424521,47.5687665 34.4506916,47.5672035 34.4536311,47.5673771 34.4605084,47.5704462 34.4651119,47.5732544 34.4659493,47.5744846 34.4655154,47.5750964 34.449116,47.5800502 34.4485035,47.5820834 34.445928,47.587815 34.434256,47.604485 34.452795,47.610503 34.471334,47.614669 34.505667,47.620223 34.532446,47.615595 34.553045,47.618372 34.575704,47.618835 34.598364,47.616983 34.61759,47.606336 34.6320098,47.5971923 34.642996,47.5919248 34.6433386,47.5846886 34.6587881,47.5835319 34.667028,47.5855 34.6737233,47.5924459 34.693121,47.591983 34.7073685,47.5850369 34.7205871,47.5778585 34.7447907,47.5731104 34.7540604,47.572646 34.7731994,47.5773385 34.800924,47.578089 34.8239313,47.5790206 34.8349187,47.5756618 34.852084,47.5756027 34.8625542,47.5694339 34.8716484,47.563264 34.8807476,47.5611796 34.892935,47.554924 34.946493,47.557241 34.956793,47.562801 34.942373,47.578089 34.93276,47.588278 34.941,47.596614 34.93276,47.635032 34.914221,47.634106 34.907354,47.671572 34.93688,47.678045 34.927954,47.711321 34.952673,47.712707 34.950613,47.727951 34.957479,47.728413 34.95336,47.739034 34.965719,47.740882 34.956793,47.769503 34.891562,47.75981 34.879202,47.819782 34.901861,47.831769 34.897055,47.851586 34.870962,47.849743 34.864096,47.880606 34.855856,47.880606 34.846243,47.870935 34.817404,47.86771 34.802298,47.915594 34.857229,47.922036 34.848989,47.941359 34.876455,47.945959 34.880575,47.926638 34.923147,47.929398 34.901174,47.981821 34.869589,47.981821 34.857229,48.014903 34.839376,48.015822 34.835256,48.05439 34.864096,48.061733 34.851736,48.131439 34.579824,48.090177 34.40679,48.059897 34.254354,48.040619 34.148611,48.024089 34.025015,47.988256 33.912405,47.943199 33.784689,47.899945 33.628134,47.83269 33.481192,47.783807 33.356222,47.685903 33.240463,47.573578</coordinates>
            </LinearRing>
          </outerBoundaryIs>
        </Polygon>
      </Placemark>
      <Placemark>
        <name>Ukrainian-controlled Svatove Raion, Luhansk Oblast.</name>
        <Polygon>
          <outerBoundaryIs>
            <LinearRing>
              <tessellate>1</tessellate>
              <coordinates>37.8956035,49.2535909 37.8954574,49.2528878 37.8946331,49.2524668 37.8936282,49.2524092 37.8922193,49.252546 37.8910031,49.2524264 37.8949335,49.2497903 37.902166,49.2510731 37.9062831,49.2496209 37.9117333,49.2468755 37.9163252,49.2457268 37.9198408,49.2462778 37.9287213,49.249658 37.9306525,49.24977 37.934557,49.2517119 37.9408463,49.2545542 37.9353325,49.2582652 37.9339393,49.2592876 37.9389404,49.2625078 37.9353586,49.2666242 37.9378454,49.2703573 37.9268917,49.2759193 37.929713,49.279633 37.9233565,49.2782891 37.912113,49.275937 37.899496,49.269777 37.910911,49.259303 37.894861,49.255046 37.8956035,49.2535909</coordinates>
            </LinearRing>
          </outerBoundaryIs>
          <innerBoundaryIs>
            <LinearRing>
              <tessellate>1</tessellate>
              <coordinates>37.895633,49.253533 37.895638,49.253757 37.8956035,49.2535909 37.895633,49.253533</coordinates>
            </LinearRing>
          </innerBoundaryIs>
        </Polygon>
      </Placemark>
      <Placemark>
        <name>Ukrainian-controlled Svatove Raion, Luhansk Oblast.</name>
        <Polygon>
          <outerBoundaryIs>
            <LinearRing>
              <tessellate>1</tessellate>
              <coordinates>37.951203,49.295266 37.951745,49.299642 37.957909,49.300359 37.956722,49.309154 37.955677,49.31088 37.954148,49.312569 37.957494,49.313183 37.96014,49.315413 37.960655,49.320225 37.957651,49.32291 37.9512716,49.3305952 37.9472303,49.3312279 37.9427598,49.3313011 37.9367659,49.3316428 37.9323146,49.3297642 37.928442,49.3295762 37.925266,49.3296599 37.9219825,49.33019 37.918184,49.329825 37.9122834,49.328259 37.9087861,49.3298253 37.9055678,49.3297135 37.9035509,49.3352231 37.8996939,49.33796 37.9000426,49.3389911 37.9005199,49.3413085 37.900654,49.3430667 37.9151817,49.3443949 37.916126,49.3498748 37.9147529,49.3523355 37.9119193,49.3550175 37.9244496,49.3578125 37.92951,49.363491 37.933115,49.369695 37.933459,49.372881 37.93054,49.374948 37.919296,49.373887 37.90847,49.370887 37.904184,49.371031 37.902092,49.37567 37.899496,49.375824 37.896642,49.375195 37.894925,49.375279 37.893208,49.37458 37.889673,49.371501 37.889244,49.366359 37.887785,49.360825 37.885639,49.355235 37.885038,49.352216 37.884867,49.349644 37.887356,49.341983 37.88624,49.341927 37.885983,49.341256 37.883837,49.34148 37.881691,49.333426 37.879545,49.332643 37.879717,49.331525 37.876713,49.329119 37.882893,49.321064 37.882978,49.320001 37.882292,49.319497 37.883322,49.318098 37.883322,49.312895 37.898857,49.31116 37.913706,49.309034 37.936537,49.305844 37.940399,49.304613 37.948553,49.303717 37.948467,49.298288 37.951042,49.296217 37.951203,49.295266</coordinates>
            </LinearRing>
          </outerBoundaryIs>
        </Polygon>
      </Placemark>
      <Placemark>
        <name>Ukrainian controlled Dnipropetrovsk  Oblast - East. </name>
        <Polygon>
          <outerBoundaryIs>
            <LinearRing>
              <tessellate>1</tessellate>
              <coordinates>35.205522,48.145625 35.244164,48.135576 35.261276,48.137366 35.286043,48.144228 35.310492,48.138459 35.339188,48.123882 35.379618,48.119339 35.41679,48.111802 35.420029,48.101029 35.4511,48.103064 35.472408,48.096441 35.517946,48.095432 35.525842,48.074103 35.704027,48.140356 35.743805,48.095753 35.781616,48.09452 35.798784,48.098872 35.80629,48.103434 35.819164,48.066394 35.921676,48.082147 35.951219,48.092451 35.969126,48.094427 35.987689,48.08326 35.970054,48.070868 35.976749,48.064444 35.978186,48.045313 36.051126,48.058272 36.059158,48.047401 36.05483,48.046169 36.06471,48.025342 36.035384,48.017895 36.041962,48.003922 36.061287,47.999864 36.068932,47.975574 36.048988,47.965322 36.052296,47.957725 36.075388,47.96414 36.084487,47.930991 36.108515,47.942317 36.121529,47.929099 36.111859,47.924292 36.128188,47.901814 36.123773,47.900584 36.128661,47.891231 36.1151,47.872555 36.117855,47.868359 36.118182,47.865146 36.087321,47.860476 36.083286,47.866789 36.071119,47.864219 36.073555,47.847592 36.097607,47.851186 36.101753,47.842262 36.1702475,47.8508204 36.1688648,47.8564535 36.1663813,47.8622556 36.1403129,47.8600315 36.1375045,47.8794567 36.1484094,47.8832851 36.1487549,47.8885092 36.1452733,47.8928849 36.1445379,47.8979511 36.1423767,47.9089096 36.1555533,47.9106085 36.162337,47.9133733 36.1685207,47.916773 36.1774493,47.9225256 36.1889569,47.9230185 36.1986568,47.9200946 36.217842,47.9090263 36.2272407,47.9138341 36.2293451,47.9123715 36.2301926,47.9126599 36.2362546,47.9165727 36.2418447,47.9210602 36.2524406,47.9165734 36.2620037,47.9237035 36.2694126,47.924694 36.2830719,47.9335201 36.2899055,47.9386351 36.2979306,47.9359901 36.3140399,47.9368469 36.3308617,47.9428017 36.3317658,47.9446772 36.3315316,47.9481042 36.3373058,47.9496915 36.3530191,47.9511504 36.3598901,47.9520479 36.361688,47.9529325 36.3601431,47.958968 36.3604864,47.9640257 36.3658079,47.9640257 36.3803133,47.9651177 36.3849481,47.9659223 36.3893767,47.9646951 36.3946954,47.9634802 36.3952075,47.9615756 36.3994788,47.9580654 36.4009844,47.9547185 36.40043,47.950222 36.4053593,47.9486714 36.4110986,47.9480151 36.4135649,47.9497188 36.4193966,47.9526039 36.4247999,47.9544831 36.4273743,47.9556426 36.4299058,47.9561697 36.4428664,47.9597433 36.4510856,47.9625641 36.4542299,47.9637875 36.4582053,47.9649308 36.4593697,47.963847 36.4617854,47.9628991 36.476475,47.9607089 36.4841442,47.9638483 36.4855912,47.9647748 36.4873186,47.9665527 36.4929668,47.9719524 36.4991386,47.9741347 36.5060868,47.9723525 36.508657,47.9699384 36.5083692,47.9656059 36.5090805,47.9637396 36.5106499,47.9595168 36.5124981,47.9573199 36.5140886,47.9552379 36.5171481,47.9540375 36.5239851,47.9579528 36.5247662,47.9607957 36.5249463,47.9659949 36.5248584,47.9665166 36.5248482,47.9701121 36.5284431,47.973018 36.5299879,47.9739088 36.5356527,47.974225 36.5452659,47.9752016 36.5487235,47.9741294 36.5601078,47.9714381 36.5627956,47.9708392 36.5638524,47.9692061 36.5694424,47.969445 36.5828068,47.9702734 36.581604,47.975059 36.576084,47.991665 36.575455,47.996466 36.57946,47.999624 36.582946,48.000529 36.584775,47.999546 36.586089,47.999195 36.586618,47.99941 36.58706,48.000945 36.586662,48.001769 36.577728,48.010015 36.571058,48.012178 36.585382,48.015846 36.591989,48.018847 36.586834,48.027146 36.585289,48.030705 36.578051,48.037742 36.573901,48.040358 36.576367,48.042939 36.583211,48.04948 36.58698,48.05125 36.587406,48.053513 36.583025,48.060021 36.579062,48.060924 36.578859,48.061986 36.583018,48.063673 36.586225,48.064052 36.586343,48.0707407 36.5844648,48.0724431 36.584894,48.0737048 36.5866106,48.0750238 36.5864389,48.0761134 36.5857094,48.0765722 36.5835207,48.0761134 36.5818041,48.077031 36.5806453,48.0780632 36.5806024,48.0790954 36.5801303,48.080873 36.5763538,48.0953498 36.5903979,48.0974093 36.5893679,48.1030697 36.6055685,48.1063654 36.60456,48.1106207 36.6173184,48.1117961 36.6311713,48.1137878 36.636471,48.1115279 36.6488092,48.1109585 36.6467495,48.1072403 36.6569634,48.1044749 36.6697868,48.1004163 36.6830989,48.0961635 36.6853734,48.1002621 36.7030116,48.1040164 36.7104359,48.107226 36.7204955,48.1081216 36.7214467,48.1082331 36.7193507,48.1182143 36.7223897,48.120573 36.7339377,48.1314345 36.7429369,48.1391402 36.7503781,48.1431816 36.7567819,48.14178 36.7659701,48.1386594 36.7673336,48.1375641 36.7660364,48.1356096 36.7675617,48.1346792 36.76903,48.1329287 36.7724294,48.1330399 36.7749191,48.1323184 36.7763782,48.1322039 36.782116,48.1352139 36.7935014,48.1309722 36.8000398,48.1297422 36.8013315,48.1279811 36.8177719,48.1289693 36.8170897,48.1314616 36.816788,48.1339667 36.8288399,48.1350679 36.8281366,48.1377468 36.8400509,48.1440613 36.8588371,48.1437831 36.8568411,48.1527222 36.8698005,48.1541205 36.868942,48.1602711 36.8684265,48.1652723 36.8771564,48.166531 36.873227,48.182672 36.8807943,48.1821017 36.8802905,48.1888299 36.8867433,48.1906376 36.892295,48.1918732 36.9078581,48.192605 36.9097359,48.1838226 36.911192,48.1803101 36.9174951,48.1825478 36.9180292,48.1843531 36.936588,48.1864437 36.9346835,48.1934441 36.9306169,48.1930835 36.9237,48.2150867 36.9233318,48.2171651 36.920534,48.231396 36.903043,48.2307412 36.9004561,48.2311564 36.8991567,48.2391646 36.8981742,48.2433474 36.8939813,48.243038 36.8927923,48.2481445 36.8999439,48.2483904 36.9033863,48.2488821 36.9058286,48.2475239 36.9112768,48.2482451 36.9131847,48.2489662 36.9241268,48.2517002 36.9245561,48.2517713 36.91253,48.306938 36.912328,48.30867 36.905749,48.308879 36.874177,48.305079 36.872107,48.31691 36.860766,48.315726 36.860173,48.312361 36.857204,48.3121 36.856482,48.315386 36.838544,48.314473 36.818288,48.313332 36.817049,48.31517 36.810049,48.348488 36.817539,48.349088 36.814597,48.357608 36.812695,48.368136 36.818183,48.366114 36.822991,48.3651 36.826943,48.369838 36.822229,48.406978 36.830177,48.405966 36.83467,48.410473 36.825247,48.413526 36.838041,48.420068 36.845304,48.419809 36.849454,48.416489 36.850818,48.416204 36.851161,48.417059 36.850045,48.421388 36.848071,48.431355 36.84541,48.442687 36.837054,48.441991 36.830394,48.483833 36.855909,48.487918 36.851506,48.507932 36.851022,48.516688 36.879191,48.518113 36.906332,48.521577 36.900996,48.543908 36.884918,48.541101 36.883913,48.549805 36.871559,48.549956 36.857653,48.568774 36.825621,48.56603 36.824531,48.569762 36.809393,48.568789 36.805939,48.596236 36.780171,48.597587 36.778612,48.60019 36.745216,48.595588 36.73938,48.62634 36.704638,48.622293 36.703757,48.625682 36.674127,48.623518 36.674607,48.618149 36.654799,48.615841 36.655698,48.607547 36.604178,48.603475 36.592448,48.601776 36.591735,48.607956 36.581069,48.607754 36.580542,48.615931 36.564645,48.615934 36.561159,48.620351 36.562156,48.623464 36.555784,48.624908 36.535132,48.635848 36.494231,48.65818 36.482131,48.662867 36.464665,48.647702 36.446813,48.632786 36.435311,48.63341 36.42816,48.633282 36.426642,48.632162 36.428192,48.630996 36.432136,48.63097 36.435416,48.630198 36.440913,48.627192 36.421063,48.609807 36.405142,48.591449 36.390422,48.578358 36.388933,48.576358 36.381313,48.569599 36.392268,48.564171 36.355008,48.532934 36.352113,48.533992 36.349255,48.534798 36.354516,48.539107 36.323736,48.55546 36.29635,48.53129 36.283852,48.536696 36.273492,48.541778 36.271548,48.544165 36.319163,48.58676 36.264185,48.614528 36.258975,48.61732 36.253322,48.619064 36.251697,48.625214 36.254662,48.625452 36.258032,48.624096 36.261521,48.626992 36.262592,48.629782 36.262893,48.63203 36.267528,48.635728 36.268244,48.637347 36.264997,48.639347 36.26569,48.639837 36.268698,48.639798 36.268257,48.641069 36.266626,48.643508 36.267243,48.645885 36.26655,48.64772 36.268414,48.648241 36.268617,48.648955 36.267173,48.64971 36.270228,48.649576 36.281197,48.655633 36.28415,48.658236 36.272126,48.664525 36.268872,48.664823 36.268274,48.663044 36.262248,48.66443 36.261215,48.66596 36.159252,48.715367 36.15719,48.717335 36.142959,48.724334 36.162304,48.748454 36.154385,48.753103 36.147677,48.759786 36.146983,48.760864 36.145091,48.761234 36.144146,48.761953 36.139425,48.764442 36.142211,48.766268 36.147683,48.767387 36.157796,48.767916 36.158395,48.769456 36.15363,48.779107 36.151333,48.780878 36.15367,48.780953 36.157743,48.78351 36.132215,48.802447 36.132026,48.804066 36.129898,48.805047 36.128303,48.805576 36.128484,48.804584 36.125742,48.804483 36.123941,48.804772 36.123814,48.808025 36.106754,48.807843 36.103632,48.805772 36.10123,48.806574 36.099514,48.807082 36.089145,48.808736 36.080836,48.808646 36.073662,48.807449 36.071842,48.808559 36.076239,48.840774 36.041457,48.843872 36.021775,48.853741 36.039996,48.873324 36.012539,48.889673 36.044793,48.915002 35.997413,48.939631 36.003694,48.944984 35.978666,48.960131 35.992127,48.96693 35.942411,48.99942 35.936872,48.994993 35.938199,48.990566 35.936048,48.983064 35.932431,48.979619 35.933713,48.976544 35.932934,48.97347 35.923642,48.97289 35.918128,48.968478 35.914673,48.968123 35.911841,48.972112 35.897763,48.97184 35.883532,48.973823 35.879913,48.962536 35.85522,48.957154 35.855822,48.945798 35.846797,48.946322 35.837032,48.944197 35.830661,48.950155 35.80926,48.936882 35.814225,48.929715 35.808891,48.926607 35.799596,48.928512 35.792895,48.933806 35.793265,48.940387 35.801392,48.942128 35.787603,48.945712 35.792714,48.95313 35.784787,48.95399 35.774802,48.948085 35.771996,48.952507 35.760891,48.95594 35.759969,48.949729 35.75307,48.947674 35.742765,48.949434 35.732814,48.965597 35.717178,48.964022 35.711683,48.9492 35.692458,48.945249 35.694497,48.968458 35.670414,48.972935 35.647738,48.973039 35.644289,48.967282 35.630528,48.96478 35.627717,48.981862 35.584284,48.987347 35.581142,48.978015 35.572509,48.975894 35.545631,48.97976 35.517284,48.978473 35.470891,48.981738 35.441924,49.008977 35.397287,49.020482 35.399666,48.984712 35.395546,48.943689 35.39074,48.896313 35.38662,48.838046 35.37014,48.786498 35.361854,48.775992 35.350868,48.77373 35.328552,48.764 35.306236,48.740006 35.299026,48.725966 35.305893,48.720983 35.324432,48.722342 35.351898,48.72506 35.365631,48.714867 35.382454,48.692436 35.37387,48.691983 35.355331,48.697648 35.339195,48.690396 35.344688,48.68133 35.333015,48.676343 35.331985,48.66478 35.324089,48.660245 35.328895,48.650039 35.318939,48.637336 35.319626,48.619409 35.292503,48.621906 35.267784,48.603747 35.255081,48.591486 35.232422,48.577632 35.220062,48.557185 35.219032,48.534456 35.212509,48.516721 35.207702,48.508761 35.199462,48.506031 35.192596,48.502164 35.18779,48.506486 35.177833,48.506258 35.17955,48.500799 35.18264,48.492609 35.17852,48.486238 35.17234,48.481004 35.15895,48.478728 35.150024,48.474631 35.149337,48.467347 35.141441,48.461884 35.136655,48.452111 35.130818,48.445507 35.121549,48.442774 35.107129,48.436624 35.110906,48.426829 35.103009,48.40974 35.118802,48.396748 35.135282,48.398343 35.149014,48.394468 35.156568,48.386033 35.164464,48.382612 35.163777,48.378052 35.167554,48.367333 35.163434,48.357068 35.162061,48.345204 35.167897,48.337901 35.1703,48.321695 35.167211,48.303428 35.177167,48.296348 35.19193,48.284242 35.18781,48.267333 35.199483,48.260248 35.212529,48.25659 35.225576,48.247904 35.208753,48.243331 35.204633,48.232584 35.215962,48.227324 35.221456,48.2152 35.20326,48.211082 35.2012,48.192776 35.194676,48.165762 35.205522,48.145625</coordinates>
            </LinearRing>
          </outerBoundaryIs>
        </Polygon>
      </Placemark>
      <Placemark>
        <name>Ukrainian-controlled Chernihiv Oblast</name>
        <Polygon>
          <outerBoundaryIs>
            <LinearRing>
              <tessellate>1</tessellate>
              <coordinates>33.049922,50.539758 33.051294,50.542726 33.073569,50.556089 33.080496,50.569919 33.087726,50.573346 33.097259,50.581275 33.092555,50.585494 33.104001,50.592743 33.116782,50.591742 33.123279,50.595458 33.122388,50.599093 33.11978,50.600112 33.103116,50.60236 33.105149,50.603914 33.107957,50.608738 33.112138,50.611819 33.122501,50.638641 33.116828,50.640862 33.116914,50.64478 33.117343,50.648372 33.12756,50.650848 33.139503,50.648278 33.146681,50.654448 33.15159,50.693685 33.135972,50.710178 33.136003,50.711649 33.144637,50.709831 33.155452,50.709776 33.157272,50.715577 33.168337,50.715582 33.193561,50.722221 33.20196,50.723081 33.210597,50.720744 33.213886,50.722401 33.21416,50.727274 33.220168,50.727872 33.224546,50.72885 33.237935,50.730697 33.239801,50.73263 33.238187,50.736059 33.232795,50.734925 33.22858,50.73852 33.212707,50.736242 33.20721,50.74822 33.186008,50.746884 33.173844,50.76605 33.154296,50.792689 33.154413,50.794314 33.164402,50.791992 33.168295,50.79762 33.169265,50.799539 33.16663,50.800698 33.164106,50.8028 33.166388,50.814583 33.162662,50.815466 33.159939,50.820631 33.152129,50.825294 33.168113,50.833036 33.169619,50.836507 33.176896,50.843229 33.185684,50.84529 33.184861,50.849951 33.16944,50.85225 33.17254,50.855893 33.176244,50.869355 33.169724,50.876177 33.167389,50.888265 33.176844,50.89427 33.189127,50.894348 33.196932,50.892151 33.204743,50.898539 33.212382,50.902545 33.197195,50.919288 33.195902,50.931873 33.201143,50.934649 33.199164,50.962264 33.194478,50.962862 33.188194,50.96257 33.185027,50.958803 33.149164,50.961644 33.137517,50.9617 33.139936,50.968235 33.121574,50.997764 33.124244,50.998366 33.126915,51.000697 33.117493,51.006872 33.077709,50.991994 33.078827,50.98233 33.053423,50.98599 33.039653,50.993462 33.04921,51.011226 33.057394,51.014622 33.05837,51.021906 33.065474,51.023301 33.072802,51.033175 33.077385,51.029446 33.084522,51.039343 33.071325,51.044028 33.06003,51.0493 33.071439,51.062007 33.06782,51.069082 33.045457,51.069209 33.038635,51.071039 33.038678,51.081929 32.96336,51.088993 32.956778,51.084605 32.942922,51.088978 32.993202,51.143333 32.976432,51.15263 32.962133,51.163006 32.986879,51.183934 32.977449,51.188341 32.990938,51.197589 32.997224,51.1985 33.005871,51.198046 33.030352,51.200635 33.029812,51.204863 33.04195,51.205758 33.03967,51.220633 33.035226,51.223049 33.029211,51.22773 33.029615,51.229093 33.068718,51.254778 33.060632,51.25846 33.058244,51.26436 33.058071,51.266034 33.067341,51.269426 33.065352,51.275806 33.07307,51.275129 33.072974,51.283237 33.066683,51.282302 33.065319,51.28328 33.073553,51.284662 33.07162,51.286079 33.068312,51.28728 33.065303,51.286999 33.06511,51.288022 33.063032,51.288239 33.041081,51.28914 33.046572,51.303225 33.064921,51.306915 33.080916,51.322028 33.069262,51.329947 33.068613,51.334203 33.074188,51.341004 33.064728,51.349036 33.051188,51.344781 33.036068,51.344894 33.034022,51.363113 33.046896,51.371365 33.068268,51.370847 33.108412,51.3672 33.105488,51.380374 33.090638,51.386748 33.094198,51.389722 33.113144,51.390138 33.120456,51.383493 33.132694,51.381241 33.133413,51.394721 33.138069,51.399985 33.119735,51.402977 33.137546,51.41581 33.11274,51.429922 33.124273,51.461151 33.135686,51.467974 33.12998,51.48161 33.136226,51.495282 33.147976,51.495269 33.15454,51.492909 33.166407,51.498355 33.174784,51.499567 33.178318,51.507355 33.191992,51.50608 33.193409,51.522697 33.190663,51.526008 33.186012,51.531086 33.188473,51.536235 33.183094,51.539271 33.16656,51.543285 33.16663,51.543893 33.166878,51.552235 33.157424,51.556283 33.157503,51.564924 33.161051,51.56668 33.159452,51.570764 33.167884,51.570577 33.189768,51.573502 33.207453,51.571241 33.214679,51.578669 33.222334,51.58119 33.215481,51.582699 33.191583,51.583244 33.17796,51.598308 33.155729,51.606624 33.153548,51.64261 33.140455,51.642578 33.125714,51.645369 33.142607,51.66556 33.138012,51.680776 33.148066,51.691492 33.159961,51.690465 33.170832,51.69191 33.173521,51.701996 33.162476,51.701017 33.154442,51.703005 33.153069,51.705239 33.146654,51.715552 33.132635,51.72267 33.139618,51.725423 33.1238,51.735334 33.104808,51.746246 33.093672,51.758568 33.096865,51.761396 33.093191,51.765074 33.092129,51.775024 33.089039,51.774386 33.085012,51.768553 33.079096,51.774288 33.080198,51.780334 33.092386,51.783998 33.114788,51.799393 33.123285,51.810114 33.135691,51.816344 33.141115,51.813006 33.148132,51.817657 33.136346,51.833 33.127874,51.833132 33.128277,51.844444 33.120235,51.845507 33.124784,51.862472 33.142036,51.881285 33.176888,51.894605 33.168769,51.901575 33.178788,51.907391 33.196847,51.911781 33.210872,51.909516 33.221039,51.90702 33.233531,51.917722 33.252684,51.922088 33.292754,51.92725 33.301225,51.933511 33.32537,51.933337 33.33277,51.928949 33.355538,51.929245 33.361089,51.947172 33.371419,51.945342 33.372137,51.953246 33.381276,51.954233 33.389743,51.953389 33.396522,51.956097 33.396352,51.957727 33.394378,51.963492 33.384771,51.972173 33.370966,51.976221 33.367737,51.979617 33.358844,51.981839 33.35055,51.983591 33.349631,51.988165 33.352922,51.990297 33.358672,51.990085 33.35082,52.00153 33.345418,52.006006 33.340905,52.006309 33.330777,52.006362 33.317105,52.008962 33.30406,52.012614 33.302625,52.015026 33.306115,52.018682 33.30932,52.015448 33.315032,52.015917 33.316529,52.016874 33.317988,52.019357 33.313617,52.022195 33.312523,52.024932 33.314126,52.030501 33.318761,52.031346 33.33318,52.030976 33.346359,52.029454 33.350089,52.031119 33.35584,52.031187 33.364938,52.039424 33.400129,52.05286 33.408969,52.035147 33.427423,52.025061 33.434461,52.027385 33.439353,52.03351 33.46742,52.039054 33.499778,52.038896 33.503133,52.07774 33.50074,52.088391 33.494907,52.088442 33.492165,52.086173 33.491152,52.083001 33.477796,52.085307 33.459664,52.087384 33.457034,52.090396 33.448194,52.090238 33.437122,52.087759 33.445406,52.097581 33.440726,52.099888 33.434346,52.108132 33.409464,52.116151 33.416093,52.12287 33.378783,52.133907 33.378296,52.135351 33.35687,52.142995 33.342908,52.145914 33.330314,52.141353 33.334677,52.138407 33.342816,52.138201 33.343301,52.135049 33.324017,52.13591 33.326729,52.154052 33.337413,52.155311 33.336919,52.161627 33.330492,52.163943 33.327278,52.168259 33.321317,52.169206 33.31713,52.179115 33.310973,52.188678 33.320048,52.192586 33.317461,52.198191 33.315429,52.206701 33.325486,52.209326 33.322154,52.212791 33.314274,52.2151 33.32331,52.221988 33.331711,52.214676 33.342021,52.221778 33.350342,52.220563 33.360668,52.226364 33.366692,52.241566 33.35666,52.257994 33.371346,52.250881 33.383099,52.257453 33.389365,52.279154 33.386052,52.289818 33.397263,52.299244 33.387365,52.317028 33.398717,52.313294 33.419402,52.335881 33.410216,52.343389 33.391677,52.348422 33.375197,52.348737 33.354941,52.347374 33.340865,52.345172 33.323355,52.343599 33.317691,52.339194 33.305674,52.335837 33.284045,52.343284 33.266192,52.349471 33.253661,52.351149 33.237181,52.35031 33.221389,52.352092 33.199244,52.352092 33.191176,52.344542 33.181048,52.33311 33.157016,52.326291 33.132468,52.324403 33.125258,52.318422 33.11822,52.312965 33.10689,52.307298 33.103457,52.30058 33.08509,52.293651 33.053332,52.291761 33.031703,52.289242 33.021403,52.283991 33.009902,52.275169 33.00046,52.266976 32.993594,52.256889 32.957202,52.245329 32.937976,52.24638 32.916175,52.241125 32.895919,52.237551 32.872229,52.242596 32.863475,52.254998 32.855578,52.26477 32.83927,52.262143 32.831202,52.253422 32.816783,52.24659 32.80202,52.250584 32.784167,52.25153 32.770262,52.248692 32.751036,52.250059 32.727347,52.238602 32.707263,52.236815 32.679454,52.249954 32.654219,52.262983 32.616969,52.274644 32.605296,52.281471 32.584525,52.284831 32.5665,52.291342 32.554828,52.303519 32.536288,52.306353 32.517405,52.308872 32.505217,52.306353 32.47552,52.304884 32.451487,52.309922 32.427455,52.314015 32.409774,52.311391 32.402049,52.301735 32.409774,52.283361 32.409602,52.272333 32.416125,52.262563 32.402736,52.243122 32.398787,52.233241 32.375613,52.224093 32.356387,52.221148 32.342997,52.212104 32.353125,52.203372 32.369948,52.200322 32.37321,52.186537 32.379905,52.172853 32.389346,52.159059 32.398272,52.140837 32.370635,52.133251 32.344886,52.129984 32.323256,52.119972 32.315532,52.107428 32.300597,52.092138 32.279826,52.081379 32.254248,52.07431 32.229872,52.063441 32.2171698,52.0600635 32.2018921,52.0572144 32.1867853,52.0504585 32.1713363,52.0378947 32.1297942,52.0327199 32.063533,52.024376 32.037783,52.027439 31.992122,52.030502 31.964827,52.03631 31.933757,52.034198 31.901828,52.039584 31.893244,52.052148 31.910582,52.063336 31.934958,52.0703 31.933413,52.078214 31.916419,52.085809 31.887923,52.091927 31.853076,52.095723 31.83282,52.090872 31.808272,52.092876 31.786022,52.09798 31.751861,52.090703 31.743343,52.07371 31.703517,52.009513 31.719997,51.883385 31.790035,51.783248 31.707637,51.739048 31.612194,51.669687 31.61082,51.616424 31.617,51.53449 31.651222,51.512816 31.726066,51.453166 31.830436,51.400077 31.89308,51.361499 32.123793,51.106978 32.236403,50.948053 32.412184,50.790318 32.511061,50.708642 32.631911,50.644243 32.799452,50.591963 32.931288,50.555332 33.049922,50.539758</coordinates>
            </LinearRing>
          </outerBoundaryIs>
        </Polygon>
      </Placemark>
      <Placemark>
        <name>Ukrainian-controlled Mykolaiv Raion, Mykolaiv Oblast</name>
        <Polygon>
          <outerBoundaryIs>
            <LinearRing>
              <tessellate>1</tessellate>
              <coordinates>31.561956,46.570729 31.561279,46.570773 31.561236,46.57064 31.560678,46.570773 31.559884,46.571436 31.559992,46.571967 31.559906,46.574519 31.559562,46.574814 31.55909,46.574829 31.558146,46.574431 31.558103,46.571643 31.560249,46.569622 31.561966,46.569593 31.561956,46.570729</coordinates>
            </LinearRing>
          </outerBoundaryIs>
        </Polygon>
      </Placemark>
      <Placemark>
        <name>Ukrainian-controlled western Sumy Oblast</name>
        <Polygon>
          <outerBoundaryIs>
            <LinearRing>
              <tessellate>1</tessellate>
              <coordinates>34.219058,50.53421 34.628831,51.239277 34.605215,51.246319 34.596289,51.241161 34.589251,51.234713 34.579294,51.232133 34.568652,51.234444 34.569039,51.238797 34.550627,51.24734 34.541124,51.252792 34.522947,51.252619 34.512733,51.241913 34.511745,51.238072 34.50445,51.238044 34.473379,51.242881 34.44351,51.253733 34.428919,51.255989 34.421495,51.257225 34.4090548,51.2635363 34.4027095,51.264631 34.3996229,51.259705 34.3982067,51.2581607 34.3926427,51.2533514 34.39022,51.253747 34.38726,51.254287 34.378938,51.245883 34.376111,51.247072 34.370039,51.244143 34.355405,51.242854 34.340213,51.245943 34.330901,51.239979 34.305881,51.238501 34.298244,51.242168 34.283865,51.249838 34.274513,51.251464 34.262665,51.254996 34.2559922,51.255197 34.2531492,51.2565732 34.2496674,51.2580339 34.246207,51.258863 34.241336,51.2612664 34.2396383,51.263285 34.2329623,51.264471 34.2290081,51.2651374 34.2294182,51.2705005 34.230749,51.271548 34.230878,51.272434 34.232079,51.273588 34.233638,51.274335 34.235083,51.274743 34.238216,51.27477 34.240533,51.275548 34.246021,51.276656 34.250876,51.275548 34.254398,51.281791 34.245271,51.2843 34.243582,51.284482 34.241358,51.287694 34.237738,51.29245 34.239761,51.29369 34.241771,51.293337 34.244664,51.293993 34.245038,51.29628 34.249689,51.296859 34.249868,51.298947 34.254679,51.299132 34.255198,51.301277 34.258242,51.302497 34.264142,51.298707 34.265977,51.298475 34.269855,51.306381 34.272225,51.314573 34.277401,51.312606 34.277136,51.310979 34.282198,51.310545 34.282423,51.311248 34.282219,51.311683 34.28165,51.311917 34.281166,51.31258 34.281077,51.314556 34.280461,51.317739 34.279745,51.32094 34.285926,51.32346 34.279316,51.338263 34.296138,51.341532 34.302576,51.36126 34.259146,51.377978 34.22653,51.388692 34.210051,51.407113 34.192198,51.415893 34.197005,51.425955 34.216574,51.440296 34.22447,51.458482 34.233054,51.470674 34.24919,51.482435 34.270132,51.494193 34.253653,51.528166 34.220694,51.561474 34.205244,51.570864 34.178122,51.580253 34.1685085,51.5981709 34.1673076,51.6189584 34.1633586,51.6271646 34.158896,51.628017 34.136923,51.634411 34.113234,51.638033 34.1040541,51.64983 34.0823347,51.6621576 34.0733229,51.6633822 34.0714339,51.6700363 34.0861968,51.6754656 34.1157233,51.6861094 34.129155,51.6911375 34.151343,51.6930263 34.2066181,51.7030809 34.2255861,51.7055279 34.2403493,51.7026554 34.2693588,51.7055563 34.2711196,51.7087718 34.2726313,51.7117285 34.2846823,51.7140899 34.2868628,51.7174083 34.2904514,51.723779 34.2933486,51.7308107 34.298714,51.7304666 34.3015054,51.7304572 34.3011845,51.7365914 34.3242425,51.7357249 34.3255998,51.7338818 34.3378569,51.731241 34.3391009,51.7277703 34.3439554,51.7269548 34.3503547,51.7266706 34.3586043,51.7255699 34.3642032,51.7231295 34.3674215,51.7198934 34.3716693,51.7178269 34.3772472,51.7179474 34.3902513,51.7209383 34.4027407,51.7193551 34.4287452,51.7328058 34.4318362,51.7351177 34.432181,51.741044 34.4322667,51.7528936 34.4339403,51.7594025 34.4332106,51.764689 34.4226542,51.7725766 34.4134694,51.7792945 34.4048004,51.7831179 34.405187,51.791559 34.4066886,51.8002651 34.4101656,51.8217294 34.4103793,51.8267433 34.3920125,51.8340117 34.37682,51.8413288 34.3662633,51.8459952 34.3652333,51.8520131 34.35931,51.8578711 34.3231761,51.8698502 34.3185414,51.8753353 34.307898,51.873295 34.269789,51.869479 34.242666,51.874566 34.224127,51.889189 34.22859,51.898512 34.214857,51.909103 34.199408,51.920962 34.190138,51.934935 34.169539,51.951866 34.143446,51.957579 34.122504,51.962656 34.116667,51.977674 34.12628,51.985498 34.132803,51.993743 34.122504,51.998816 34.097784,52.000084 34.079932,52.002832 34.073065,52.006636 34.072378,52.017625 34.076842,52.027132 34.076155,52.036425 34.086455,52.046351 34.082678,52.055218 34.057272,52.056274 34.050062,52.065561 34.055556,52.077379 34.071005,52.08624 34.076842,52.095522 34.077185,52.105645 34.084395,52.115133 34.096754,52.131153 34.091261,52.140636 34.065169,52.149484 34.047659,52.158332 34.045256,52.171178 34.049376,52.178757 34.0560709,52.1833883 34.0501484,52.1919132 34.0440544,52.1970689 34.0186509,52.1997541 33.996161,52.205696 33.989981,52.222315 33.970068,52.229465 33.957365,52.236824 33.9554771,52.2434467 33.9281832,52.2472307 33.926466,52.2530102 33.9326462,52.2679303 33.933161,52.2813723 33.9065531,52.2952352 33.8767787,52.299541 33.8524894,52.3084594 33.8341125,52.3160176 33.8327388,52.3265093 33.8361722,52.3365814 33.8263913,52.3507379 33.8083631,52.360279 33.7396987,52.3476979 33.7039934,52.3504241 33.6684538,52.337528 33.6439111,52.3346928 33.6243422,52.3317555 33.6073472,52.3245173 33.592757,52.3195859 33.588636,52.3121349 33.584517,52.305313 33.565977,52.299855 33.534048,52.300904 33.506926,52.302164 33.478087,52.308042 33.471564,52.317487 33.47637,52.324412 33.48667,52.333224 33.488386,52.340147 33.46916,52.342874 33.447531,52.333644 33.420752,52.336056 33.397749,52.31245 33.387365,52.317028 33.399122,52.300065 33.386052,52.289818 33.389365,52.279154 33.384693,52.25761 33.37302,52.250569 33.357571,52.255718 33.367699,52.240899 33.362549,52.227968 33.353794,52.219976 33.342021,52.221778 33.331307,52.21293 33.32331,52.221988 33.315514,52.215559 33.322154,52.212791 33.325486,52.209326 33.315429,52.206701 33.32135,52.191994 33.310973,52.188678 33.32238,52.169679 33.327278,52.168259 33.33165,52.163467 33.336919,52.161627 33.337413,52.155311 33.327187,52.154937 33.324017,52.13591 33.343301,52.135049 33.342816,52.138201 33.334677,52.138407 33.330314,52.141353 33.342908,52.145914 33.35687,52.142995 33.378783,52.133907 33.416966,52.123541 33.409464,52.116151 33.433788,52.109205 33.441856,52.100032 33.44735,52.09845 33.438423,52.087903 33.447006,52.090751 33.457306,52.091068 33.459664,52.087384 33.476189,52.085477 33.491152,52.083001 33.494907,52.088442 33.50074,52.088391 33.50417,52.079042 33.50314,52.070707 33.499778,52.038896 33.466061,52.038724 33.439353,52.03351 33.436363,52.027001 33.428982,52.023621 33.408969,52.035147 33.400314,52.052027 33.391903,52.049493 33.379543,52.044426 33.364938,52.039424 33.35584,52.031187 33.350018,52.030064 33.346928,52.02848 33.337315,52.031332 33.322209,52.030909 33.314126,52.030501 33.312939,52.027318 33.313617,52.022195 33.317988,52.019357 33.315032,52.015917 33.30932,52.015448 33.307446,52.018868 33.302625,52.015026 33.305214,52.012212 33.330777,52.006362 33.343838,52.006929 33.351906,52.003124 33.358672,51.990085 33.352922,51.990297 33.349631,51.988165 33.35055,51.983591 33.367527,51.980504 33.369415,51.977332 33.383148,51.972679 33.39568,51.962208 33.396522,51.956097 33.389743,51.953389 33.382805,51.953957 33.372137,51.953246 33.371419,51.945342 33.361176,51.946022 33.355538,51.929245 33.330889,51.928956 33.32537,51.933337 33.301225,51.933511 33.291579,51.926522 33.254328,51.922922 33.233531,51.917722 33.223773,51.906404 33.210872,51.909516 33.196847,51.911781 33.178788,51.907391 33.168769,51.901575 33.178454,51.894117 33.142036,51.881285 33.124784,51.862472 33.118836,51.845792 33.128277,51.844444 33.127874,51.833132 33.136346,51.833 33.149392,51.817574 33.141115,51.813006 33.134114,51.815346 33.122098,51.807705 33.11403,51.797939 33.094289,51.784242 33.080198,51.780334 33.079096,51.774288 33.085012,51.768553 33.088968,51.775108 33.092129,51.775024 33.094461,51.765123 33.097379,51.762254 33.094461,51.759279 33.104808,51.746246 33.121583,51.73728 33.139618,51.725423 33.132635,51.72267 33.144757,51.71612 33.154442,51.703005 33.162476,51.701017 33.173521,51.701996 33.170832,51.69191 33.159961,51.690465 33.148066,51.691492 33.137376,51.679945 33.142607,51.66556 33.125714,51.645369 33.140123,51.643315 33.15334,51.643848 33.155729,51.606624 33.177716,51.599512 33.191583,51.583244 33.215481,51.582699 33.222334,51.58119 33.214679,51.578669 33.207453,51.571241 33.189768,51.573502 33.167884,51.570577 33.159452,51.570764 33.161051,51.56668 33.157503,51.564924 33.157424,51.556283 33.166558,51.553639 33.16656,51.543285 33.183094,51.539271 33.188473,51.536235 33.186012,51.531086 33.193853,51.523423 33.191992,51.50608 33.178318,51.507355 33.174784,51.499567 33.16879,51.498851 33.15454,51.492909 33.147976,51.495269 33.136226,51.495282 33.12998,51.48161 33.135686,51.467974 33.124273,51.461151 33.11274,51.429922 33.137546,51.41581 33.119735,51.402977 33.138069,51.399985 33.133599,51.394003 33.134286,51.380827 33.121755,51.382969 33.11197,51.390147 33.094198,51.389722 33.090638,51.386748 33.105488,51.380374 33.108412,51.3672 33.06648,51.371076 33.046896,51.371365 33.034036,51.362073 33.037297,51.34492 33.051188,51.344781 33.064077,51.349852 33.074188,51.341004 33.068613,51.334203 33.069262,51.329947 33.080916,51.322028 33.064921,51.306915 33.047597,51.304479 33.042447,51.289881 33.061845,51.288271 33.068312,51.28728 33.073553,51.284662 33.07307,51.275129 33.066652,51.275493 33.067341,51.269426 33.057553,51.266794 33.060632,51.25846 33.068718,51.254778 33.028585,51.228649 33.035226,51.223049 33.040601,51.221446 33.04195,51.205758 33.029812,51.204863 33.030352,51.200635 33.005871,51.198046 32.998888,51.198647 32.990938,51.197589 32.977449,51.188341 32.986879,51.183934 32.962133,51.163006 32.974512,51.153555 32.993202,51.143333 32.942922,51.088978 32.956778,51.084605 32.96336,51.088993 33.038678,51.081929 33.038635,51.071039 33.044118,51.069192 33.06782,51.069082 33.071439,51.062007 33.06003,51.0493 33.071325,51.044028 33.08566,51.03995 33.077592,51.028292 33.0733,51.032178 33.065474,51.023301 33.058366,51.020842 33.057394,51.014622 33.04921,51.011226 33.039653,50.993462 33.053423,50.98599 33.078827,50.98233 33.077249,50.992974 33.117493,51.006872 33.126915,51.000697 33.124244,50.998366 33.121574,50.997764 33.139936,50.968235 33.137517,50.9617 33.147973,50.961522 33.18385,50.959143 33.186597,50.962495 33.199164,50.962264 33.201143,50.934649 33.195902,50.931873 33.197195,50.919288 33.212382,50.902545 33.204106,50.897579 33.197927,50.891299 33.189127,50.894348 33.176844,50.89427 33.167389,50.888265 33.169724,50.876177 33.176244,50.869355 33.17254,50.855893 33.16944,50.85225 33.184861,50.849951 33.185052,50.844606 33.178872,50.843197 33.169619,50.836507 33.170461,50.832464 33.152129,50.825294 33.161363,50.821188 33.162662,50.815466 33.166684,50.813596 33.164106,50.8028 33.168295,50.79762 33.164402,50.791992 33.154296,50.792689 33.186008,50.746884 33.20721,50.74822 33.212707,50.736242 33.22858,50.73852 33.232795,50.734925 33.238187,50.736059 33.239801,50.73263 33.237935,50.730697 33.224546,50.72885 33.21416,50.727274 33.213886,50.722401 33.210597,50.720744 33.20196,50.723081 33.193561,50.722221 33.168337,50.715582 33.157272,50.715577 33.153295,50.710442 33.144637,50.709831 33.136003,50.711649 33.15159,50.693685 33.146681,50.654448 33.139503,50.648278 33.12756,50.650848 33.117343,50.648372 33.116828,50.640862 33.122501,50.638641 33.112138,50.611819 33.107957,50.608738 33.103116,50.60236 33.122388,50.599093 33.123279,50.595458 33.116782,50.591742 33.104001,50.592743 33.092555,50.585494 33.097259,50.581275 33.090467,50.57284 33.080496,50.569919 33.073569,50.556089 33.051294,50.542726 33.059224,50.528338 33.050641,50.525719 33.07433,50.519389 33.10008,50.517424 33.118962,50.506071 33.132695,50.511312 33.141278,50.509128 33.149861,50.511966 33.155698,50.522445 33.177327,50.521572 33.182477,50.516333 33.19518,50.507382 33.2096,50.507163 33.223676,50.504761 33.237752,50.510875 33.241185,50.517424 33.241185,50.535322 33.251828,50.542958 33.264531,50.54754 33.275861,50.554084 33.283414,50.552994 33.286504,50.546013 33.301953,50.534667 33.317746,50.532921 33.314313,50.521135 33.371648,50.520699 33.376111,50.497555 33.41216,50.500831 33.41525,50.492532 33.422803,50.492313 33.419713,50.482702 33.432416,50.478114 33.439282,50.476366 33.434476,50.485323 33.462628,50.492313 33.479108,50.491003 33.485974,50.483794 33.495244,50.493187 33.505544,50.497118 33.521337,50.483794 33.53507,50.481173 33.53713,50.490129 33.561162,50.489474 33.564939,50.49275 33.572835,50.496681 33.579358,50.492313 33.61369,50.486634 33.615064,50.482484 33.715657,50.468063 33.733167,50.458228 33.786038,50.45954 33.790158,50.477022 33.809041,50.478114 33.832044,50.481828 33.826379,50.487945 33.838738,50.492641 33.845777,50.491986 33.851785,50.501922 33.845433,50.504543 33.824147,50.508801 33.815908,50.508692 33.810414,50.515896 33.820714,50.518952 33.825006,50.51535 33.841828,50.51928 33.842,50.523864 33.877534,50.532048 33.89161,50.534012 33.897103,50.525064 33.903626,50.520262 33.914613,50.515241 33.953065,50.547758 34.000444,50.525937 34.0104,50.51546 34.027909,50.501704 34.039926,50.508473 34.060868,50.506508 34.056062,50.518079 34.088334,50.511093 34.107904,50.505198 34.093827,50.494279 34.084214,50.487945 34.097947,50.481173 34.110393,50.481582 34.11241,50.485487 34.112602,50.486989 34.118664,50.493528 34.118718,50.499438 34.117989,50.500967 34.119662,50.510247 34.140519,50.513058 34.155969,50.522008 34.166268,50.525282 34.187898,50.525719 34.192018,50.523755 34.20575,50.525282 34.219058,50.53421</coordinates>
            </LinearRing>
          </outerBoundaryIs>
        </Polygon>
      </Placemark>
      <Placemark>
        <name>Ukrainian-controlled Glushkovsky District, Kursk Oblast.</name>
        <Polygon>
          <outerBoundaryIs>
            <LinearRing>
              <tessellate>1</tessellate>
              <coordinates>34.550627,51.24734 34.554534,51.245424 34.569382,51.238654 34.569748,51.245083 34.567602,51.250133 34.550627,51.24734</coordinates>
            </LinearRing>
          </outerBoundaryIs>
        </Polygon>
      </Placemark>
      <Placemark>
        <name>Ukrainian-controlled Glushkovsky District, Kursk Oblast.</name>
        <Polygon>
          <outerBoundaryIs>
            <LinearRing>
              <tessellate>1</tessellate>
              <coordinates>34.513303,51.243172 34.512733,51.241913 34.522947,51.252619 34.541124,51.252792 34.541799,51.256066 34.539954,51.255717 34.5365386,51.2550383 34.5342463,51.2547094 34.5312635,51.2547094 34.5271006,51.2545615 34.52253,51.2544 34.522573,51.252843 34.514505,51.244864 34.513303,51.243172</coordinates>
            </LinearRing>
          </outerBoundaryIs>
        </Polygon>
      </Placemark>
      <Placemark>
        <name>Ukrainian-controlled Volnovakha  Raion, Donetsk Oblast.</name>
        <Polygon>
          <outerBoundaryIs>
            <LinearRing>
              <tessellate>1</tessellate>
              <coordinates>36.620709,47.995306 36.619237,48.001316 36.614286,48.020188 36.6130465,48.0240803 36.6063301,48.0232328 36.5848085,48.0418729 36.5830054,48.0462904 36.5897212,48.0520208 36.5941627,48.0574354 36.596695,48.064019 36.5899357,48.068192 36.5876066,48.0706099 36.586343,48.0707407 36.586225,48.064052 36.583018,48.063673 36.578859,48.061986 36.579062,48.060924 36.583025,48.060021 36.587406,48.053513 36.58698,48.05125 36.583211,48.04948 36.573901,48.040358 36.578051,48.037742 36.585289,48.030705 36.586834,48.027146 36.59201,48.018876 36.585404,48.015875 36.571079,48.012207 36.577749,48.010044 36.58706,48.000974 36.586618,47.999438 36.586089,47.999224 36.584775,47.999575 36.582946,48.000558 36.57946,47.999652 36.575455,47.996494 36.576232,47.991216 36.581604,47.975088 36.5828068,47.9702734 36.6000019,47.9719361 36.6094434,47.9701551 36.6114392,47.9711603 36.6106456,47.9795782 36.6067027,47.991628 36.6215358,47.9927596 36.620709,47.995306</coordinates>
            </LinearRing>
          </outerBoundaryIs>
        </Polygon>
      </Placemark>
      <Placemark>
        <name>Ukrainian controlled Kupyansk Raion, Kharkiv Oblast.</name>
        <Polygon>
          <outerBoundaryIs>
            <LinearRing>
              <tessellate>1</tessellate>
              <coordinates>37.618286,49.708302 37.6175349,49.7082742 37.6160006,49.7083159 37.6129107,49.7082118 37.6125459,49.7082881 37.6117091,49.7083783 37.6109581,49.7083644 37.6094216,49.7092719 37.6083594,49.7106803 37.6087778,49.7111729 37.6088467,49.7115051 37.6105268,49.7118795 37.6109577,49.7117936 37.6130391,49.7121682 37.6130176,49.7124527 37.6127196,49.7132482 37.6128507,49.7134333 37.6134468,49.713684 37.6124168,49.7159022 37.6102925,49.7154878 37.6084025,49.7175874 37.6063238,49.7175302 37.6057471,49.7187562 37.6071566,49.7194213 37.6068582,49.7200312 37.6102076,49.7210851 37.6104906,49.7216946 37.6126651,49.7242464 37.6148537,49.7244823 37.6154116,49.7239413 37.6166133,49.7238719 37.6183299,49.7242048 37.6183513,49.7253839 37.6178578,49.7260775 37.6164845,49.7260913 37.6156691,49.7263133 37.6150898,49.7272981 37.6145962,49.7277419 37.6142744,49.7284494 37.6143816,49.7292955 37.6144031,49.7299057 37.6142803,49.7303943 37.6110808,49.7308134 37.6083917,49.7307651 37.6070116,49.7314379 37.6047156,49.7317847 37.6020117,49.7310773 37.5997265,49.7331162 37.5969692,49.7345447 37.5951023,49.735765 37.5932141,49.7369023 37.59124,49.739759 37.5884505,49.7423798 37.5945444,49.7473854 37.592785,49.7493541 37.5880213,49.7525983 37.5850178,49.7556558 37.5863731,49.7592072 37.5870846,49.7626199 37.5847457,49.763507 37.5836943,49.7641169 37.5786488,49.7621753 37.5744619,49.7612315 37.563685,49.7620044 37.5567276,49.763248 37.5522188,49.7632043 37.5486541,49.7627723 37.5454732,49.7639955 37.542292,49.7665492 37.5435685,49.7696052 37.5597256,49.7773162 37.5697057,49.7810661 37.5877553,49.782265 37.5979331,49.7796732 37.5997853,49.7787992 37.6016374,49.7788119 37.6028073,49.780627 37.6016328,49.7832526 37.6007236,49.7843022 37.5995569,49.7851301 37.6005132,49.7847586 37.6051361,49.7935013 37.6190833,49.7980443 37.6209719,49.8013408 37.619384,49.8039722 37.6153071,49.8043322 37.6108868,49.8031412 37.5924761,49.8043322 37.581959,49.809139 37.578955,49.811188 37.584448,49.815176 37.586407,49.817378 37.587436,49.821144 37.5918431,49.822373 37.5965511,49.8278102 37.6016926,49.8297374 37.610525,49.829505 37.618469,49.833424 37.621426,49.83709 37.627321,49.838329 37.630065,49.848521 37.621331,49.851234 37.622725,49.853172 37.622942,49.85786 37.625603,49.862231 37.629631,49.872682 37.6341184,49.8727813 37.6358768,49.8750491 37.6369915,49.877068 37.6298893,49.8800981 37.6291384,49.8807775 37.6245894,49.881334 37.6258768,49.8826129 37.622958,49.8841199 37.6254471,49.8862216 37.6288803,49.8862219 37.6351258,49.8915227 37.6391503,49.8968545 37.6411151,49.8961869 37.6458785,49.9007481 37.6555243,49.8984963 37.6621653,49.8959122 37.6665209,49.896104 37.6728253,49.9001277 37.679589,49.900539 37.690466,49.907334 37.695931,49.909643 37.708705,49.908743 37.713082,49.910291 37.721837,49.911479 37.727877,49.914329 37.727164,49.920072 37.729053,49.926206 37.7284121,49.9324437 37.7226618,49.9341567 37.7228364,49.9389846 37.7216366,49.9476232 37.7205463,49.9476631 37.7119881,49.9500772 37.7061772,49.9508351 37.7062336,49.9547756 37.7044017,49.9665569 37.7050392,49.9737385 37.7054205,49.9803666 37.7233489,49.9799893 37.7363574,49.9801149 37.7366639,49.9871943 37.7370817,49.991082 37.7534751,49.9911922 37.7562214,49.9916345 37.754394,49.999542 37.7473109,50.003537 37.7391734,50.0067883 37.735286,50.0105393 37.7326552,50.0135178 37.7347022,50.0168274 37.7218563,50.0207427 37.7152841,50.031475 37.7113325,50.0368954 37.7117151,50.0395042 37.7047435,50.0459311 37.6872137,50.0475061 37.6806797,50.0541645 37.6732872,50.0528857 37.6634048,50.0570628 37.6470839,50.0611831 37.6468177,50.0727837 37.6463167,50.0803035 37.6438985,50.0817201 37.6409651,50.084128 37.6412781,50.0858596 37.6433633,50.0876706 37.6436461,50.0889859 37.6430705,50.0904114 37.6406318,50.0924914 37.6413865,50.0945226 37.6430855,50.0948469 37.6432832,50.0999814 37.64185,50.107153 37.641257,50.10835 37.6365433,50.1108374 37.6309708,50.1122237 37.6151912,50.1097117 37.593218,50.1080595 37.5906582,50.1088303 37.5901582,50.1112524 37.5851649,50.1139664 37.5876387,50.1192122 37.5862346,50.122879 37.5793914,50.1259195 37.5758322,50.1337059 37.5833516,50.1364895 37.586959,50.138313 37.585328,50.140018 37.574084,50.149534 37.58753,50.153804 37.588075,50.156299 37.590392,50.159378 37.594855,50.162567 37.598368,50.165821 37.598987,50.170043 37.604563,50.174128 37.6054187,50.177305 37.6133951,50.1808682 37.6358831,50.1808129 37.633666,50.186085 37.63305,50.191695 37.62009,50.202958 37.619336,50.206606 37.613843,50.209353 37.610729,50.213414 37.611072,50.219126 37.609871,50.225661 37.61144,50.236042 37.618075,50.252267 37.62108,50.256108 37.621464,50.260376 37.620091,50.265698 37.61653,50.269661 37.614215,50.277704 37.617004,50.280693 37.623387,50.300723 37.624289,50.305103 37.620169,50.307378 37.611285,50.309384 37.601071,50.311418 37.590477,50.30456 37.586358,50.29831 37.581023,50.296643 37.57274,50.296972 37.552609,50.31963 37.530211,50.317474 37.512381,50.311466 37.509549,50.314426 37.463046,50.298113 37.462147,50.300389 37.419211,50.28973 37.42213,50.279803 37.418439,50.279529 37.425584,50.254533 37.412022,50.252008 37.402353,50.236425 37.385887,50.238569 37.383055,50.234616 37.368361,50.225476 37.369048,50.220753 37.370357,50.213063 37.378873,50.193246 37.374066,50.192449 37.375977,50.183793 37.370768,50.179984 37.36748,50.179506 37.362845,50.17989 37.359326,50.180715 37.348597,50.189563 37.316554,50.181501 37.320762,50.171084 37.307451,50.153429 37.292246,50.153063 37.28771,50.150129 37.293705,50.148966 37.298897,50.145776 37.303589,50.141054 37.304556,50.136884 37.266892,50.1263 37.278952,50.117449 37.261096,50.106243 37.250927,50.112156 37.245404,50.108253 37.243387,50.108336 37.240211,50.109382 37.228324,50.114115 37.217007,50.117677 37.207172,50.121731 37.203309,50.127124 37.199618,50.127014 37.196478,50.124364 37.194125,50.11931 37.191121,50.118759 37.189319,50.122061 37.183826,50.122391 37.175929,50.11942 37.168805,50.113916 37.152755,50.10643 37.147563,50.101461 37.156575,50.098598 37.152112,50.094358 37.171768,50.08354 37.187124,50.07718 37.182403,50.06754 37.168327,50.066988 37.156436,50.043082 37.165231,50.030199 37.164161,50.024888 37.161815,50.013296 37.15821,50.013241 37.149569,50.007626 37.169283,50.000829 37.157781,49.987642 37.172811,49.981829 37.164685,49.968496 37.151553,49.960767 37.140464,49.953401 37.134558,49.948262 37.145356,49.944454 37.159706,49.940391 37.176357,49.936966 37.175644,49.917913 37.182852,49.917135 37.184162,49.905841 37.182339,49.884632 37.186219,49.884332 37.188726,49.838681 37.175211,49.839456 37.168065,49.831653 37.158904,49.830654 37.15753,49.827387 37.14354,49.82556 37.125006,49.800874 37.120803,49.791616 37.10501,49.789289 37.083896,49.793223 37.076515,49.79893 37.069662,49.781987 37.074987,49.769589 37.071166,49.77064 37.057862,49.773523 37.039961,49.784401 37.04511,49.788058 37.04323,49.794639 37.028459,49.803516 37.024511,49.802852 37.016451,49.797742 37.017301,49.791162 37.003233,49.784886 36.963768,49.772953 36.967839,49.764265 36.974534,49.766317 36.990852,49.726383 36.99995,49.726078 36.998105,49.714647 37.023367,49.712192 36.985188,49.671515 36.967764,49.66046 36.995774,49.637562 37.000166,49.635868 37.003765,49.630876 37.005567,49.624705 37.003479,49.623025 37.007712,49.619421 37.010887,49.620088 37.012946,49.622218 37.01862,49.62386 37.0248,49.623137 37.035005,49.621273 37.047957,49.63323 37.057827,49.626669 37.06008,49.612842 37.06729,49.61312 37.06841,49.608801 37.068581,49.606354 37.07682,49.597007 37.084794,49.594717 37.083339,49.586664 37.09205,49.583381 37.103724,49.581601 37.11062,49.588012 37.130447,49.594969 37.141382,49.600148 37.155858,49.597496 37.16375,49.594857 37.172932,49.575825 37.172991,49.563367 37.162548,49.560018 37.162288,49.557121 37.172289,49.543079 37.19765,49.545226 37.222927,49.542859 37.236054,49.54303 37.246858,49.539475 37.256656,49.535346 37.270032,49.531009 37.274407,49.528445 37.285138,49.526329 37.296297,49.525438 37.338813,49.535281 37.36963,49.550654 37.388552,49.543826 37.383831,49.533828 37.379758,49.518568 37.382078,49.513395 37.385572,49.513185 37.38651,49.516625 37.390401,49.516228 37.400765,49.5171 37.401457,49.52137 37.407074,49.522561 37.411172,49.520574 37.414518,49.515773 37.419262,49.514063 37.425591,49.507693 37.454289,49.485511 37.458112,49.486314 37.45931,49.48622 37.465361,49.482316 37.466094,49.483833 37.468347,49.484887 37.466048,49.487558 37.469696,49.489704 37.472167,49.489891 37.473524,49.487225 37.477987,49.487225 37.477689,49.485375 37.474468,49.481871 37.472579,49.478153 37.486742,49.469714 37.497629,49.467954 37.513723,49.467648 37.518378,49.467552 37.520142,49.460859 37.519462,49.452297 37.5256,49.449278 37.533023,49.446912 37.541562,49.447426 37.565679,49.443865 37.568855,49.430804 37.595891,49.435437 37.598125,49.439699 37.603138,49.442216 37.620471,49.448466 37.626655,49.452819 37.62986,49.459526 37.635221,49.461729 37.643646,49.484946 37.650856,49.486842 37.668033,49.487695 37.670856,49.49129 37.673788,49.494888 37.67756,49.495668 37.680053,49.498512 37.688454,49.500053 37.688458,49.500277 37.6926266,49.5007234 37.6956549,49.5040117 37.6864956,49.5042896 37.6827951,49.5113299 37.6788439,49.5178557 37.6881111,49.5253281 37.6898929,49.5317133 37.687897,49.542779 37.683686,49.546509 37.684721,49.550687 37.674918,49.559247 37.671002,49.566712 37.680272,49.571722 37.686849,49.572332 37.696923,49.5741154 37.7013964,49.5749848 37.7044005,49.5750126 37.7090353,49.5735377 37.7113957,49.5728141 37.7232403,49.5741499 37.72307,49.572443 37.726106,49.570163 37.726674,49.567823 37.728924,49.567783 37.7307407,49.5639009 37.740582,49.5624114 37.7434277,49.5597247 37.7428965,49.5576636 37.7434546,49.5556316 37.7569296,49.5555758 37.7559213,49.5593062 37.7525631,49.5609208 37.7512647,49.562925 37.7479687,49.5632496 37.7479771,49.565467 37.7487662,49.5742435 37.7625713,49.5759337 37.7627799,49.5860168 37.7558637,49.5869181 37.754982,49.603637 37.766705,49.602898 37.76722,49.606458 37.774637,49.613927 37.771809,49.626199 37.7808219,49.6266714 37.7806099,49.6412645 37.8304377,49.6399399 37.8304377,49.6475542 37.8337578,49.6472645 37.833672,49.6518215 37.8293805,49.6554333 37.834187,49.6673229 37.834273,49.6704614 37.8283505,49.6712669 37.8203751,49.6727019 37.8138577,49.6701104 37.8122269,49.6647219 37.7681603,49.6762605 37.7789749,49.6889779 37.7738251,49.698361 37.7577017,49.6981441 37.7420929,49.6993685 37.743521,49.704521 37.74419,49.713283 37.731671,49.716701 37.7320065,49.7202545 37.7321684,49.7228376 37.7187569,49.7235804 37.7167189,49.7256951 37.717123,49.7276304 37.716898,49.7295931 37.7086529,49.7297421 37.7071452,49.7326652 37.7056003,49.7334973 37.7051926,49.7341908 37.7012658,49.7333864 37.6964593,49.7332893 37.6914811,49.7335389 37.6860074,49.7329882 37.6840332,49.7333765 37.6833037,49.7342641 37.6829177,49.7353461 37.6807717,49.7387297 37.680085,49.7396449 37.6760939,49.7414476 37.6741628,49.7416002 37.6724461,49.741198 37.6707724,49.7400472 37.6692704,49.7380363 37.6690558,49.7370378 37.6700858,49.7361502 37.6674581,49.7316187 37.6644209,49.7277176 37.6692275,49.7172302 37.6699392,49.7144373 37.6728828,49.7114222 37.6806788,49.7101444 37.6912189,49.7043136 37.6965218,49.6980933 37.701309,49.6967581 37.7053442,49.6823889 37.7012256,49.6805692 37.6957347,49.6804842 37.6946614,49.6729788 37.6839761,49.6723604 37.6735929,49.6710119 37.6667805,49.6718272 37.6639159,49.6744198 37.6695163,49.6824931 37.6741733,49.6852905 37.6779725,49.6886431 37.6714585,49.6965225 37.6704367,49.701848 37.6570521,49.7064506 37.6529356,49.7101645 37.6437411,49.7109712 37.6382801,49.7123325 37.637808,49.7121521 37.6359734,49.7120896 37.6339456,49.7121382 37.6308557,49.7120966 37.627165,49.7125128 37.6277809,49.7085934 37.618286,49.708302</coordinates>
            </LinearRing>
          </outerBoundaryIs>
        </Polygon>
      </Placemark>
      <Placemark>
        <name>Ukrainian-controlled Kramatorsk Raion, Donetsk Oblast.</name>
        <Polygon>
          <outerBoundaryIs>
            <LinearRing>
              <tessellate>1</tessellate>
              <coordinates>37.8586077,49.2062615 37.8606657,49.2094292 37.8639258,49.2155686 37.8663291,49.2184278 37.8654543,49.2218356 37.8764079,49.2297364 37.870971,49.2367777 37.864062,49.2354237 37.8531227,49.2244678 37.8516464,49.221597 37.8501958,49.2213491 37.8484607,49.2107232 37.8468067,49.2046094 37.8586077,49.2062615</coordinates>
            </LinearRing>
          </outerBoundaryIs>
        </Polygon>
      </Placemark>
      <Placemark>
        <name>Ukrainian-controlled eastern Sumy Oblast</name>
        <Polygon>
          <outerBoundaryIs>
            <LinearRing>
              <tessellate>1</tessellate>
              <coordinates>34.219058,50.53421 34.227877,50.527004 34.231053,50.527004 34.245685,50.523063 34.246612,50.51994 34.251567,50.517291 34.256237,50.491118 34.24897,50.458687 34.252918,50.43606 34.273352,50.431393 34.278324,50.421734 34.289357,50.410984 34.336002,50.391429 34.343549,50.390282 34.356945,50.381031 34.366854,50.376042 34.369875,50.377803 34.370837,50.374747 34.374134,50.37367 34.37489,50.370641 34.39162,50.366908 34.375312,50.359352 34.383205,50.357087 34.382694,50.351137 34.389045,50.344784 34.411188,50.337534 34.412036,50.334685 34.399345,50.318759 34.45643,50.285576 34.467237,50.288388 34.514828,50.283826 34.520764,50.281406 34.511011,50.27517 34.515934,50.274376 34.515382,50.272125 34.513688,50.27067 34.5135,50.26941 34.518856,50.265374 34.521341,50.261424 34.519165,50.258766 34.519336,50.256351 34.522735,50.256458 34.523253,50.254835 34.519479,50.254859 34.519568,50.251536 34.518306,50.251796 34.517387,50.25506 34.514543,50.254842 34.5135,50.253827 34.514015,50.248723 34.519079,50.245484 34.525344,50.24285 34.526151,50.240224 34.534398,50.2431 34.534271,50.245868 34.52885,50.246912 34.527895,50.248541 34.528091,50.249348 34.532625,50.2499 34.533681,50.24848 34.537532,50.247296 34.539338,50.248226 34.542909,50.247252 34.545037,50.244294 34.547818,50.246054 34.550599,50.246387 34.552982,50.244716 34.551882,50.243071 34.554216,50.241249 34.553794,50.240283 34.555086,50.238509 34.554401,50.233505 34.559358,50.229015 34.562121,50.229608 34.563545,50.230399 34.562166,50.232748 34.559423,50.233913 34.562643,50.236187 34.570772,50.227167 34.558242,50.20681 34.552928,50.206688 34.52315,50.177724 34.526893,50.172092 34.535458,50.17098 34.528152,50.154699 34.537803,50.155192 34.53902,50.141416 34.546362,50.14034 34.54619,50.132968 34.55221,50.132505 34.56885,50.12455 34.571253,50.121853 34.575149,50.121231 34.580656,50.125747 34.581295,50.127741 34.587646,50.127576 34.595114,50.125155 34.598461,50.121963 34.604126,50.120918 34.612194,50.118992 34.618889,50.117451 34.622803,50.117628 34.630615,50.112557 34.632846,50.112108 34.636966,50.11282 34.641086,50.115017 34.651084,50.112566 34.652277,50.115304 34.65678,50.114217 34.660774,50.110791 34.666267,50.111672 34.664379,50.112497 34.662748,50.114534 34.667956,50.119344 34.672273,50.132989 34.723359,50.162518 34.943306,50.148985 34.97413,50.158493 34.963784,50.182655 35.036871,50.184476 35.032271,50.165063 35.044329,50.164144 35.07371,50.206314 35.146904,50.241433 35.241303,50.230379 35.276156,50.262965 35.331419,50.277479 35.29523,50.291282 35.336201,50.317064 35.382133,50.293091 35.374249,50.323135 35.41005,50.31674 35.428668,50.335861 35.44486,50.315166 35.464609,50.312266 35.460062,50.306424 35.496234,50.289906 35.500579,50.298743 35.523454,50.296205 35.531065,50.306742 35.513662,50.322686 35.562368,50.326703 35.585002,50.323415 35.592979,50.330274 35.608591,50.326244 35.629866,50.32399 35.625437,50.31971 35.637401,50.314278 35.65683,50.31279 35.663677,50.327945 35.657342,50.33249 35.639833,50.341913 35.628332,50.348924 35.614942,50.355605 35.605672,50.361957 35.591253,50.373235 35.584043,50.378162 35.581296,50.384511 35.576318,50.389655 35.57031,50.396002 35.565332,50.410226 35.56619,50.414602 35.569624,50.430242 35.567349,50.437349 35.56722,50.442105 35.567778,50.446286 35.567564,50.449156 35.550226,50.447953 35.545591,50.4532 35.536321,50.458118 35.528081,50.462271 35.509027,50.46839 35.46079,50.491111 35.460104,50.49679 35.457185,50.502468 35.452035,50.507381 35.447744,50.51273 35.438989,50.51917 35.429204,50.52419 35.424055,50.531174 35.421823,50.535321 35.420621,50.552884 35.402425,50.564008 35.392126,50.568696 35.380624,50.571422 35.375131,50.578835 35.372556,50.585375 35.375474,50.590606 35.383714,50.593766 35.393327,50.59551 35.402082,50.597254 35.407918,50.601721 35.404828,50.610872 35.393671,50.621002 35.379938,50.641255 35.381483,50.648222 35.389207,50.65497 35.405858,50.662696 35.438646,50.665852 35.443796,50.669986 35.4331523,50.6851606 35.4068238,50.6860983 35.4060623,50.6918961 35.4025914,50.697024 35.3993782,50.699542 35.3998929,50.702695 35.4037116,50.71362 35.4167164,50.7156853 35.4192481,50.7162424 35.4191194,50.7253312 35.4205778,50.7334397 35.4323375,50.7358978 35.4418537,50.7402022 35.4462634,50.7407319 35.448184,50.74357 35.4501048,50.7474943 35.4513487,50.7508884 35.4536017,50.7549473 35.4569275,50.7568613 35.4568845,50.7616523 35.4649104,50.7634303 35.47212,50.766932 35.470575,50.771465 35.466798,50.775834 35.45946,50.777327 35.456885,50.779498 35.454439,50.779742 35.433153,50.786688 35.421651,50.790052 35.40706,50.803181 35.40603,50.809798 35.409292,50.815981 35.408433,50.823898 35.406374,50.841895 35.403778,50.849292 35.400666,50.853654 35.398134,50.855768 35.391545,50.857646 35.376113,50.867433 35.376834,50.872488 35.37546,50.887383 35.363622,50.891452 35.369806,50.89641 35.37084,50.898553 35.374261,50.903029 35.364316,50.910948 35.355522,50.917418 35.360876,50.924297 35.356692,50.927337 35.345056,50.929419 35.340048,50.932322 35.338045,50.932844 35.335354,50.932284 35.330258,50.931777 35.325151,50.938077 35.318348,50.940389 35.322253,50.946256 35.326222,50.94746 35.325487,50.953774 35.32752,50.957751 35.328861,50.962638 35.337226,50.967766 35.34031,50.9811 35.329314,50.985828 35.315223,50.995853 35.30387,51.005041 35.311811,51.018489 35.318034,51.018233 35.326919,51.017815 35.332134,51.01764 35.337746,51.01874 35.34104,51.017356 35.346962,51.011982 35.3492189,51.008628 35.3530449,51.0083565 35.3601321,51.0086249 35.3635782,51.011673 35.3656678,51.0199105 35.3826928,51.0254206 35.396405,51.030772 35.385908,51.048554 35.379709,51.055919 35.369024,51.057594 35.335632,51.05932 35.320876,51.056988 35.308088,51.050823 35.302252,51.05327 35.294442,51.056094 35.285947,51.057853 35.283586,51.054057 35.279877,51.050072 35.276813,51.047194 35.274439,51.04607 35.2699278,51.0468966 35.2662854,51.0448186 35.2639989,51.0391429 35.2570785,51.0379462 35.2459401,51.037927 35.2451442,51.0317107 35.2349514,51.0294342 35.227443,51.027984 35.219381,51.035245 35.216683,51.036297 35.215187,51.03797 35.213347,51.041262 35.212953,51.042705 35.202604,51.043284 35.193146,51.045224 35.186887,51.045546 35.174188,51.051316 35.168274,51.054177 35.162484,51.059222 35.159612,51.060652 35.156375,51.060774 35.153824,51.060034 35.145288,51.069448 35.142924,51.077785 35.14081,51.079984 35.1367216,51.0821295 35.134522,51.0851109 35.1342963,51.0886851 35.136013,51.093025 35.139022,51.103814 35.141941,51.107775 35.1432711,51.1110083 35.1423265,51.1130024 35.1349503,51.1157422 35.1194638,51.1164061 35.1128014,51.1169914 35.1026945,51.117628 35.0973948,51.1164929 35.0900982,51.114876 35.085968,51.1140814 35.0826962,51.1126401 35.081988,51.1094073 35.0802122,51.1069904 35.0779216,51.1059745 35.0582788,51.1109295 35.045934,51.113028 35.039997,51.1131832 35.0411264,51.1063673 35.0420839,51.1002518 35.0322199,51.0939208 35.0278506,51.0930542 35.0226665,51.0896809 35.0155105,51.0910444 35.0025778,51.0951485 34.997914,51.0897024 34.9844957,51.0935277 34.9654128,51.0949537 34.9463286,51.1020385 34.9451833,51.1071212 34.9448218,51.1082765 34.945988,51.1115485 34.9404875,51.1126763 34.9370502,51.1173378 34.9218046,51.1207952 34.9200372,51.1191223 34.9195489,51.1121131 34.8879717,51.1054246 34.8761659,51.1030794 34.8736951,51.1019603 34.860386,51.1007173 34.8402039,51.1019501 34.8254985,51.1027889 34.8194539,51.103165 34.8136231,51.1038001 34.8138002,51.1136769 34.8120886,51.1147699 34.8101598,51.1165287 34.8121792,51.1188802 34.8114415,51.1201569 34.80399,51.1207332 34.7996013,51.1223437 34.7955983,51.122918 34.7940836,51.1310064 34.7892309,51.1388226 34.786656,51.1434806 34.7877718,51.1472498 34.7873427,51.1490805 34.7805621,51.1517186 34.7749912,51.1506 34.7673753,51.1482863 34.7636417,51.1487038 34.7585777,51.1479029 34.7529987,51.1485555 34.7503809,51.1563619 34.7374634,51.1555814 34.7342877,51.1603723 34.7317734,51.1641068 34.7226594,51.166923 34.7124815,51.1681754 34.7047768,51.171512 34.70218,51.172562 34.696535,51.172709 34.692005,51.175008 34.689382,51.175193 34.681388,51.179061 34.667115,51.184535 34.651149,51.207235 34.648574,51.214764 34.647544,51.222829 34.644453,51.23272 34.628831,51.239277 34.219058,50.53421</coordinates>
            </LinearRing>
          </outerBoundaryIs>
        </Polygon>
      </Placemark>
      <Placemark>
        <name>Ukrainian-controlled Bakhmut Raion, Donetsk Oblast.</name>
        <MultiGeometry>
          <Polygon>
            <outerBoundaryIs>
              <LinearRing>
                <tessellate>1</tessellate>
                <coordinates>37.9941305,48.83669 37.9939042,48.8368169 37.9938629,48.8367512 37.9941305,48.83669</coordinates>
              </LinearRing>
            </outerBoundaryIs>
          </Polygon>
          <Polygon>
            <outerBoundaryIs>
              <LinearRing>
                <tessellate>1</tessellate>
                <coordinates>37.9938629,48.8367512 37.989856,48.8376681 37.9847231,48.8381941 37.9813235,48.8402627 37.984156,48.845625 37.961047,48.848487 37.95796,48.843731 37.953068,48.844126 37.941948,48.844363 37.940622,48.84503 37.935527,48.845144 37.930136,48.842761 37.919422,48.843674 37.913928,48.841116 37.910115,48.837641 37.911611,48.836161 37.915021,48.818723 37.93025,48.819611 37.935378,48.795683 37.919301,48.794569 37.911368,48.788385 37.882475,48.79454 37.868466,48.801516 37.866558,48.802977 37.864179,48.805173 37.819697,48.761312 37.823837,48.755003 37.813194,48.740603 37.818066,48.738919 37.820235,48.738251 37.82062,48.737646 37.821194,48.736828 37.820818,48.735653 37.814975,48.733126 37.813966,48.731763 37.814009,48.730566 37.818328,48.721867 37.818242,48.721017 37.805456,48.701569 37.80324,48.693538 37.804362,48.691789 37.8167686,48.6829289 37.8175411,48.6822489 37.8276264,48.6888219 37.8305478,48.6883556 37.8356456,48.6969802 37.8427464,48.6995903 37.8495902,48.7021151 37.8539677,48.7053297 37.8594861,48.7064287 37.8602523,48.7054787 37.8652702,48.7072694 37.8646234,48.7082104 37.8605611,48.7110227 37.8606761,48.7131925 37.8587959,48.720168 37.8722651,48.7232118 37.8775795,48.7157793 37.8985502,48.7217761 37.9129973,48.717823 37.9177533,48.7192158 37.9192049,48.7201838 37.9280161,48.7262919 37.9233775,48.7327623 37.917297,48.7311524 37.9149933,48.7310143 37.9090413,48.7388862 37.9082391,48.7430786 37.8990782,48.7523653 37.9005595,48.7537289 37.9015689,48.7579499 37.90761,48.7605979 37.9127336,48.765486 37.9160547,48.7641506 37.9217341,48.7645343 37.9282332,48.7694224 37.9277892,48.7706351 37.9235262,48.7757793 37.921836,48.7799343 37.9390722,48.7848775 37.9415114,48.7875742 37.9568253,48.7879515 37.9567889,48.7984855 37.9611635,48.8088236 37.9691011,48.8077424 37.9745936,48.819938 37.9857309,48.8178808 37.9922658,48.8342128 37.9938629,48.8367512</coordinates>
              </LinearRing>
            </outerBoundaryIs>
          </Polygon>
        </MultiGeometry>
      </Placemark>
      <Placemark>
        <name>Ukrainian-controlled Pokrovsk Raion, Donetsk Oblast.</name>
        <Polygon>
          <outerBoundaryIs>
            <LinearRing>
              <tessellate>1</tessellate>
              <coordinates>36.9245561,48.2517713 36.9397039,48.2541383 36.9434311,48.2597024 36.9418131,48.264835 36.9427573,48.2703198 36.9539153,48.2738618 36.9514053,48.2870774 36.9655159,48.2867966 36.9719,48.287487 36.9745451,48.2875217 36.9771043,48.2885843 36.9793894,48.2876257 37.0000334,48.2895813 37.0012676,48.2829104 37.0021157,48.2798215 37.0079467,48.2799764 37.009639,48.2725134 37.0103978,48.2681116 37.021942,48.2639407 37.0328855,48.2652548 37.0327996,48.2667118 37.0311681,48.2740712 37.0289046,48.2824637 37.0272563,48.2875132 37.0250928,48.296694 37.029423,48.296245 37.027558,48.306957 37.038623,48.308669 37.0375848,48.3163249 37.0625463,48.3126504 37.063046,48.3153695 37.0654629,48.3205557 37.0696323,48.3199888 37.0735454,48.3217763 37.0775651,48.3247586 37.0791028,48.3252796 37.0829579,48.3231753 37.0861567,48.3214931 37.0878464,48.3218724 37.0896648,48.3211674 37.0918137,48.3204698 37.0964287,48.3220471 37.100529,48.3245375 37.1007089,48.3260642 37.1028631,48.3258502 37.1128064,48.3255505 37.1113566,48.3314516 37.1282144,48.3326253 37.1664292,48.335237 37.1651882,48.3437094 37.1651695,48.3445935 37.1644642,48.3445079 37.1633349,48.3443832 37.16159,48.3534904 37.1777419,48.3553246 37.1791632,48.3550472 37.1804987,48.3552261 37.1843286,48.3580649 37.1973099,48.3547306 37.1990265,48.354923 37.2007968,48.3549088 37.2010221,48.3561279 37.2035755,48.3559711 37.2038974,48.3573898 37.2052921,48.3572472 37.2055296,48.3586329 37.203642,48.3588481 37.2038357,48.3601611 37.2017999,48.3603875 37.2024271,48.3615891 37.1981272,48.362361 37.1977836,48.3635196 37.1908479,48.3653055 37.191892,48.367787 37.1853943,48.3723821 37.1862278,48.3760229 37.1958838,48.3757973 37.201248,48.3758846 37.2046797,48.3751299 37.2188419,48.3738756 37.2261803,48.3744457 37.2249787,48.3777809 37.223769,48.3808249 37.2089371,48.3827439 37.1940893,48.380925 37.1928021,48.3858891 37.1911907,48.3914604 37.1837121,48.3907125 37.1814683,48.4006788 37.1914203,48.4017913 37.2031053,48.4070214 37.2011477,48.4171602 37.2099991,48.417971 37.208409,48.4248285 37.2076028,48.4289601 37.2070349,48.4316557 37.1815103,48.4336696 37.1783247,48.4468848 37.1780635,48.4507023 37.2009689,48.4525036 37.202248,48.4527657 37.2119268,48.4549434 37.2092337,48.46728 37.2207037,48.4685323 37.2293564,48.4693123 37.2281044,48.4746241 37.24104,48.4760283 37.2404701,48.4789776 37.2440047,48.4792574 37.2441413,48.4802507 37.2467669,48.4805612 37.2462436,48.483556 37.2660171,48.4890666 37.269724,48.4961556 37.2755333,48.4983519 37.2953337,48.4994112 37.3114712,48.4975678 37.3152205,48.4953515 37.3467787,48.4954085 37.3469804,48.4986782 37.3582239,48.4975978 37.3617862,48.4966733 37.3661853,48.4953578 37.3674942,48.4970283 37.3683442,48.4969598 37.3700603,48.4989223 37.3712626,48.5007427 37.3735373,48.5013961 37.3747813,48.5031025 37.3763688,48.5039551 37.3788257,48.5060457 37.3831351,48.509041 37.3840788,48.5101494 37.3858383,48.5124236 37.388628,48.5172 37.386954,48.516631 37.385838,48.516461 37.385152,48.517626 37.385967,48.518934 37.387469,48.519758 37.389916,48.519872 37.391375,48.520469 37.391847,48.521009 37.390817,48.522629 37.390382,48.52485 37.390253,48.525759 37.391326,48.52647 37.393858,48.526356 37.394845,48.526868 37.395145,48.527834 37.39463,48.53025 37.395789,48.531472 37.397935,48.532665 37.398407,48.5342 37.396819,48.536246 37.389051,48.536246 37.375576,48.536331 37.373708,48.556001 37.372378,48.560177 37.371002,48.559821 37.36435,48.558003 37.357141,48.557946 37.353021,48.55681 37.346798,48.556185 37.344781,48.557293 37.342378,48.560588 37.334838,48.569513 37.335439,48.569684 37.332735,48.571785 37.327585,48.578032 37.334494,48.579366 37.327771,48.583619 37.324038,48.584868 37.310363,48.592364 37.30972,48.592932 37.299763,48.598949 37.293498,48.601674 37.300796,48.57267 37.259641,48.568581 37.251548,48.601134 37.223953,48.59875 37.220949,48.604341 37.203826,48.601475 37.19932,48.609137 37.16636,48.609647 37.162241,48.608938 37.162369,48.608285 37.164427,48.590907 37.148978,48.594313 37.146403,48.595506 37.143785,48.597946 37.139064,48.596953 37.130138,48.595165 37.130824,48.593348 37.112328,48.59173 37.111899,48.592185 37.110053,48.59403 37.109066,48.593746 37.106062,48.595874 37.106491,48.5963 37.103426,48.598278 37.099263,48.608353 37.097332,48.609488 37.085457,48.60847 37.063184,48.60637 37.064471,48.601546 37.060094,48.600978 37.063145,48.588784 37.046451,48.58711 37.04864,48.576946 37.054694,48.577574 37.057556,48.566303 37.051118,48.56565 37.05262,48.55943 37.050861,48.559742 37.049444,48.559629 37.047127,48.559799 37.044724,48.56102 37.041291,48.561248 37.039617,48.560197 37.038544,48.560055 37.037943,48.560594 37.031463,48.56173 37.028888,48.562582 37.025498,48.562582 37.02215,48.562895 37.018331,48.564457 37.014597,48.565082 37.017516,48.548152 37.002323,48.549033 37.004512,48.539032 36.994642,48.537952 36.993054,48.546562 36.967515,48.543885 36.943611,48.541442 36.944641,48.537549 36.94125,48.537037 36.941851,48.534963 36.926101,48.53377 36.926273,48.532718 36.904214,48.5307 36.906332,48.521577 36.879191,48.518113 36.851022,48.516688 36.851506,48.507932 36.855909,48.487918 36.830394,48.483833 36.837054,48.441991 36.84541,48.442687 36.851161,48.417059 36.850818,48.416204 36.849454,48.416489 36.845304,48.419809 36.838041,48.420068 36.825247,48.413526 36.83467,48.410473 36.830177,48.405966 36.822229,48.406978 36.826943,48.369838 36.822991,48.3651 36.818183,48.366114 36.812695,48.368136 36.814746,48.357172 36.817517,48.349116 36.810049,48.348488 36.817049,48.31517 36.818288,48.313332 36.856482,48.315386 36.857204,48.3121 36.860173,48.312361 36.860766,48.315726 36.872107,48.31691 36.874177,48.305079 36.888393,48.3068 36.905749,48.308879 36.912328,48.30867 36.9245561,48.2517713</coordinates>
            </LinearRing>
          </outerBoundaryIs>
        </Polygon>
      </Placemark>
      <Placemark>
        <name>Ukrainian-controlled Kramatorsk Raion, Donetsk Oblast.</name>
        <Polygon>
          <outerBoundaryIs>
            <LinearRing>
              <tessellate>1</tessellate>
              <coordinates>36.904214,48.5307 36.926273,48.532718 36.926101,48.53377 36.941851,48.534963 36.94125,48.537037 36.944641,48.537549 36.943611,48.541442 36.993054,48.546562 36.994642,48.537952 37.004512,48.539032 37.002323,48.549033 37.017516,48.548152 37.014597,48.565082 37.018331,48.564457 37.02215,48.562895 37.028888,48.562582 37.031463,48.56173 37.037943,48.560594 37.039617,48.560197 37.041291,48.561248 37.044724,48.56102 37.047127,48.559799 37.050861,48.559742 37.05262,48.55943 37.051118,48.56565 37.057556,48.566303 37.054694,48.577574 37.04864,48.576946 37.046451,48.58711 37.063145,48.588784 37.060094,48.600978 37.064471,48.601546 37.063184,48.60637 37.097332,48.609488 37.099263,48.608353 37.103426,48.598278 37.107035,48.59624 37.106062,48.595874 37.109066,48.593746 37.110053,48.59403 37.112328,48.59173 37.130824,48.593348 37.130138,48.595165 37.143785,48.597946 37.146403,48.595506 37.148978,48.594313 37.164427,48.590907 37.162241,48.608938 37.16636,48.609647 37.19932,48.609137 37.203826,48.601475 37.220949,48.604341 37.223953,48.59875 37.252924,48.60137 37.259641,48.568581 37.300796,48.57267 37.293498,48.601674 37.300474,48.598078 37.324038,48.584868 37.327769,48.58434 37.334494,48.579366 37.327585,48.578032 37.344781,48.557293 37.346798,48.556185 37.353919,48.557076 37.357141,48.557946 37.36435,48.558003 37.372378,48.560177 37.373708,48.556001 37.375952,48.536207 37.396819,48.536246 37.398407,48.5342 37.397935,48.532665 37.396077,48.531596 37.39463,48.53025 37.394845,48.526868 37.393858,48.526356 37.391326,48.52647 37.390253,48.525759 37.390817,48.522629 37.391847,48.521009 37.391375,48.520469 37.389916,48.519872 37.387469,48.519758 37.385967,48.518934 37.385152,48.517626 37.385838,48.516461 37.386954,48.516631 37.388628,48.5172 37.389765,48.5188204 37.3924789,48.5199771 37.3996087,48.5182438 37.4032136,48.523064 37.4131706,48.5224261 37.4192437,48.5259379 37.4252736,48.5245611 37.4299099,48.5214982 37.4311439,48.5100571 37.4346611,48.5096465 37.4374058,48.5083261 37.4406419,48.5080591 37.440853,48.512972 37.458121,48.514284 37.465477,48.517303 37.501479,48.519926 37.51135,48.487988 37.521445,48.4885 37.525348,48.478522 37.538006,48.480008 37.538498,48.475936 37.565701,48.47776 37.5675784,48.4706363 37.5916438,48.4728808 37.5927055,48.4668156 37.5965223,48.4664756 37.5994007,48.4647084 37.6091631,48.4634657 37.6121637,48.4615379 37.6225835,48.4579985 37.6280572,48.459741 37.627106,48.4630796 37.6377323,48.4644231 37.6375785,48.4652319 37.6361814,48.4724427 37.6348717,48.4774264 37.6421884,48.4783702 37.6412443,48.4827845 37.6509866,48.4838847 37.6510304,48.4842603 37.6486708,48.4940111 37.6480361,48.4968685 37.644401,48.4968578 37.6405454,48.5153765 37.6641837,48.5179061 37.66439,48.5137825 37.6658312,48.5090599 37.6653658,48.506836 37.6655116,48.5062753 37.6660866,48.5060558 37.6676674,48.5060124 37.6684971,48.5067651 37.6780737,48.5005604 37.6787492,48.5003883 37.6844457,48.497799 37.685024,48.4970849 37.6860528,48.4971813 37.6866095,48.4966236 37.6881682,48.4969939 37.6880375,48.4973709 37.6889154,48.4980606 37.6904531,48.4998594 37.6925953,48.5010005 37.6943433,48.5020393 37.6978936,48.499097 37.6988572,48.4988285 37.7003751,48.4981729 37.699353,48.4948377 37.6994896,48.4933795 37.7021467,48.4876551 37.6907287,48.479143 37.6912366,48.4775355 37.6915266,48.4745758 37.6950191,48.4756276 37.696894,48.471886 37.6972675,48.47153 37.699643,48.4722909 37.699701,48.4727104 37.7004585,48.4755708 37.7011733,48.4785733 37.7029248,48.4797132 37.7052614,48.480033 37.7262058,48.4831117 37.7345466,48.4836619 37.7336852,48.4875352 37.7329264,48.4917993 37.7319962,48.4956081 37.7317501,48.4963311 37.7298002,48.4960853 37.727507,48.4976027 37.7258817,48.4997274 37.7248196,48.50364 37.7240581,48.505017 37.7244659,48.5053253 37.7246848,48.5055192 37.7246892,48.5058268 37.7244153,48.5070453 37.7236263,48.5082638 37.722301,48.5087075 37.7209756,48.509208 37.7210285,48.5097969 37.7211672,48.5105563 37.7211442,48.5108953 37.7207779,48.5112912 37.7160541,48.5127083 37.7141196,48.5131588 37.7138761,48.5140002 37.7136685,48.5150463 37.7142084,48.5155978 37.7152633,48.5160356 37.7189392,48.5177183 37.7229132,48.5205549 37.7270363,48.5241234 37.7286915,48.5252291 37.7297507,48.5263651 37.7351151,48.5238355 37.7383338,48.526422 37.7476033,48.5224711 37.7492344,48.5239063 37.7514446,48.5233272 37.7528072,48.5232082 37.7537406,48.5233165 37.7574554,48.5240979 37.7593678,48.5246233 37.7618568,48.5262008 37.7656871,48.5278635 37.7672911,48.5274513 37.7679965,48.5254546 37.7691525,48.5237706 37.7808684,48.5282897 37.7821572,48.5270083 37.7890236,48.5249335 37.800388,48.5194356 37.8023703,48.5177705 37.8061739,48.518528 37.8092209,48.5194092 37.8149716,48.5220527 37.8131691,48.5239571 37.8112808,48.5255772 37.8029123,48.5308066 37.7971617,48.5302525 37.7932993,48.5311761 37.7885786,48.5316876 37.7804247,48.5379962 37.7715984,48.540026 37.7703112,48.5430095 37.7685087,48.5499701 37.7888935,48.5513053 37.7984586,48.552364 37.806738,48.555378 37.818182,48.554064 37.8184312,48.5545484 37.817487,48.5547472 37.8168648,48.5551165 37.8160923,48.5560397 37.8151052,48.5580138 37.8155558,48.558525 37.8164356,48.5592919 37.8160494,48.5598174 37.8152125,48.5600162 37.8148048,48.5601724 37.8143542,48.5607831 37.8134744,48.5608257 37.8131067,48.5614395 37.8121626,48.5640809 37.811376,48.564257 37.8083244,48.5675667 37.806682,48.5737362 37.8052758,48.5797655 37.8070653,48.5812759 37.807008,48.5830528 37.8066495,48.5847761 37.806334,48.5866981 37.8057573,48.5874923 37.8045798,48.588173 37.8033334,48.5885114 37.8016578,48.588566 37.7975342,48.5879938 37.7969022,48.5863499 37.7977293,48.5834 37.7932203,48.5803015 37.7895035,48.5781632 37.7855853,48.5775483 37.7836413,48.5765926 37.780955,48.5766119 37.774501,48.57879 37.771978,48.5820099 37.7706958,48.5885403 37.7661065,48.5889349 37.760573,48.5897266 37.7382333,48.5933571 37.7164561,48.5990636 37.7173038,48.6008138 37.7175701,48.6022887 37.7066289,48.6039599 37.7059104,48.6035949 37.7048487,48.6026907 37.7039534,48.600839 37.701574,48.6006408 37.6857895,48.6063174 37.6884375,48.6105182 37.6862791,48.6109166 37.6785288,48.6133019 37.6756032,48.6177895 37.6735824,48.6208839 37.6785998,48.6243186 37.6817991,48.6280657 37.688595,48.630312 37.6964948,48.6329872 37.7028912,48.633332 37.7065409,48.6326555 37.721914,48.6338016 37.7249917,48.6340224 37.7246369,48.6565895 37.7314112,48.6568702 37.7338939,48.6553364 37.7471866,48.6564096 37.7492229,48.6588944 37.7552077,48.65656 37.7670451,48.6564344 37.7693792,48.6559975 37.7719194,48.6555949 37.7742408,48.6554928 37.7757897,48.655901 37.7834458,48.6569186 37.7882699,48.6577942 37.7927456,48.6571787 37.7942103,48.6522531 37.8018973,48.6534229 37.8040941,48.6528417 37.80775,48.653281 37.806934,48.660864 37.8017973,48.6664018 37.8004585,48.6748306 37.8072829,48.6784262 37.8175411,48.6822489 37.8167686,48.6829289 37.804362,48.691789 37.80324,48.693538 37.805456,48.701569 37.81298,48.713667 37.817872,48.720248 37.81843,48.721557 37.814009,48.730566 37.813966,48.731763 37.814975,48.733126 37.820398,48.735561 37.820968,48.736138 37.821194,48.736828 37.820875,48.737472 37.820235,48.738251 37.818269,48.738846 37.813194,48.740603 37.823837,48.755003 37.819697,48.761312 37.837454,48.778892 37.864179,48.805173 37.866558,48.802977 37.868466,48.801516 37.882475,48.79454 37.911368,48.788385 37.919301,48.794569 37.935378,48.795683 37.93025,48.819611 37.915021,48.818723 37.911166,48.835794 37.910115,48.837641 37.913928,48.841116 37.91884,48.843644 37.930136,48.842761 37.935527,48.845144 37.939252,48.845036 37.941948,48.844363 37.952396,48.8443 37.957363,48.84407 37.961047,48.848487 37.965915,48.847772 37.972812,48.846934 37.9787058,48.8462746 37.9782452,48.8475615 37.9749679,48.8478378 37.9752096,48.8499215 37.974838,48.8546543 37.97459,48.8553938 37.9730973,48.8589569 37.9722197,48.8610422 37.9729301,48.8619976 37.9737263,48.8637153 37.9763869,48.8694607 37.9769874,48.8706043 37.9775871,48.8719045 37.9797383,48.8765739 37.9817626,48.8808641 37.9781724,48.8818245 37.9769363,48.8850594 37.9723453,48.8883121 37.9681613,48.8891622 37.966037,48.8924954 37.9592354,48.8918681 37.9578247,48.8909775 37.9558561,48.8903409 37.9516615,48.8906478 37.9475495,48.8911396 37.9463606,48.8909311 37.9451716,48.8908918 37.9430941,48.892492 37.9405345,48.895521 37.9427526,48.897308 37.9447404,48.9013897 37.9452838,48.9016109 37.9457843,48.9018885 37.9470381,48.9046106 37.947262,48.9060633 37.9479901,48.9067191 37.9483106,48.9071915 37.9476548,48.9083777 37.9457248,48.9079822 37.9405527,48.9040896 37.938316,48.9026032 37.9378705,48.9013243 37.9356285,48.8984374 37.9324423,48.8974968 37.9314997,48.8941266 37.9316181,48.8919934 37.929553,48.8910818 37.919248,48.8938099 37.916395,48.8937468 37.9134492,48.8939146 37.9096666,48.8933345 37.9089524,48.8944333 37.9068649,48.8950242 37.9034087,48.8958956 37.9008322,48.8964567 37.9002461,48.897489 37.899381,48.8976185 37.8956768,48.8972426 37.8937927,48.8975984 37.8914795,48.8977004 37.8893423,48.8971708 37.8868705,48.8974093 37.8855532,48.8976468 37.8833174,48.8974975 37.8807813,48.89653 37.8749794,48.8982908 37.8696251,48.8992677 37.8627252,48.9008089 37.8623481,48.9047198 37.8588267,48.9063631 37.8573562,48.9067249 37.8554995,48.9068327 37.8537054,48.9072823 37.8531958,48.9118087 37.8534962,48.9135856 37.853067,48.9143753 37.8514791,48.9153624 37.8503204,48.9164341 37.8494621,48.917534 37.8477884,48.9173084 37.8434111,48.9169982 37.8415228,48.9171956 37.8375746,48.9173648 37.8358395,48.9208355 37.8320967,48.9215529 37.8280549,48.922277 37.8253005,48.9240162 37.8254567,48.9280868 37.8250589,48.9291052 37.8242163,48.9296425 37.8234595,48.9298416 37.8225035,48.9300182 37.8198738,48.9300255 37.818789,48.930216 37.8179617,48.9311678 37.8174241,48.9345159 37.8098484,48.9349885 37.8090623,48.9397286 37.8069029,48.9444119 37.8177795,48.9480627 37.8208147,48.9481122 37.8275405,48.9484157 37.8295566,48.9484547 37.8336755,48.9486909 37.8333156,48.9502538 37.8323548,48.951873 37.830085,48.953464 37.8295317,48.9557313 37.8345457,48.9574825 37.8346197,48.9604186 37.8308879,48.9625145 37.8324537,48.963847 37.8330325,48.9645878 37.83344,48.9654256 37.8347113,48.9684048 37.8370221,48.9694232 37.8459485,48.9686344 37.8523,48.9687471 37.8508408,48.9839862 37.8497912,48.9910834 37.8561544,48.991403 37.855566,49.001916 37.837689,49.0017921 37.8377941,48.9988216 37.8192308,48.9984214 37.8177014,48.9984974 37.812138,48.9990801 37.8049589,49.0030045 37.8060691,49.0041183 37.8072166,49.0051636 37.8009603,49.0080634 37.8015948,49.0084369 37.7971651,49.0110061 37.8050311,49.0184736 37.8107681,49.024514 37.8219201,49.0190065 37.825156,49.0219228 37.8230406,49.0229869 37.8264889,49.026305 37.8292079,49.027034 37.8409663,49.0256214 37.8431822,49.0308201 37.851965,49.030532 37.855791,49.030385 37.857128,49.037863 37.867926,49.037986 37.8674322,49.0437192 37.855432,49.0471886 37.8518426,49.047507 37.8520802,49.0444928 37.852361,49.0386373 37.849552,49.038802 37.842809,49.0336837 37.8336187,49.0347957 37.8323247,49.0351197 37.8249368,49.0375467 37.8291359,49.0409584 37.8253788,49.042552 37.8256363,49.0474606 37.8276104,49.0482201 37.8263873,49.0492608 37.8231043,49.0481216 37.8170103,49.0407235 37.8103686,49.0379223 37.804955,49.034451 37.802967,49.033087 37.794855,49.034009 37.791895,49.033762 37.786718,49.03419 37.780029,49.030162 37.777545,49.032634 37.773527,49.030836 37.769408,49.03455 37.767109,49.037241 37.755603,49.03407 37.74626,49.043809 37.744538,49.045126 37.743108,49.046609 37.7382674,49.0451256 37.7376325,49.0449642 37.7358569,49.0441977 37.7331372,49.0477349 37.7317317,49.0490146 37.730169,49.048325 37.727122,49.04727 37.725556,49.047439 37.723582,49.046876 37.721307,49.047425 37.717166,49.047917 37.71131,49.046732 37.706051,49.042088 37.693103,49.038479 37.681719,49.044718 37.6754113,49.048037 37.6722183,49.0473796 37.6705453,49.0477456 37.6669548,49.046943 37.6636478,49.0445694 37.6568649,49.0473716 37.6527406,49.0485875 37.649606,49.050532 37.6432742,49.0539369 37.6417264,49.0559813 37.6436548,49.0576038 37.6443829,49.058401 37.6438665,49.0599856 37.6432678,49.0616401 37.6423261,49.0616139 37.6409552,49.0619252 37.6395431,49.0626051 37.6381309,49.0637349 37.6369761,49.0642179 37.6360787,49.0649259 37.631498,49.064509 37.6260163,49.0637268 37.6236239,49.0635798 37.6202014,49.0633203 37.6183991,49.0631375 37.6193861,49.0593835 37.6224966,49.0578357 37.6245767,49.054263 37.626161,49.0465544 37.618001,49.0448634 37.6148137,49.0439844 37.6120559,49.0445684 37.606037,49.0447587 37.5987401,49.0431002 37.5920871,49.0403164 37.5837602,49.0381243 37.5824714,49.0378312 37.5768267,49.0349496 37.5737945,49.0378081 37.5728865,49.0408632 37.5743319,49.0437381 37.5767937,49.0447619 37.5791854,49.0441935 37.5807931,49.0426204 37.5839015,49.0445799 37.583981,49.0459811 37.5815067,49.0484512 37.5759605,49.0522887 37.5666041,49.0496945 37.5544911,49.0510034 37.5541844,49.0629635 37.5529359,49.0677803 37.5555118,49.068715 37.5568325,49.0697398 37.5570809,49.0722809 37.5554314,49.0751125 37.5543882,49.0787078 37.5550451,49.0813067 37.5583354,49.0836742 37.572184,49.0873902 37.5761176,49.0944988 37.5779127,49.0970274 37.578206,49.097645 37.5784562,49.0996094 37.5775086,49.1033309 37.5821399,49.1088504 37.5850683,49.1086194 37.5875247,49.109428 37.5910977,49.1106863 37.5896229,49.111849 37.5878556,49.1126833 37.5926981,49.1161575 37.5925757,49.1177652 37.5933973,49.118418 37.5917929,49.1208967 37.6052604,49.1270367 37.614308,49.1307612 37.6156436,49.1330851 37.6159499,49.1340329 37.6135335,49.1365026 37.6273879,49.1417463 37.6350477,49.1445517 37.6515976,49.150439 37.6454979,49.155494 37.637253,49.1619513 37.6426882,49.1685334 37.6437434,49.1696134 37.6347144,49.1728683 37.6330998,49.1756453 37.6398457,49.185506 37.6435032,49.1916635 37.6504055,49.1882425 37.6538041,49.1907821 37.6858676,49.181261 37.6869313,49.1828072 37.6979562,49.1780506 37.7028279,49.1762834 37.7044051,49.1765218 37.7224606,49.1703065 37.72465,49.171766 37.726308,49.17292 37.726297,49.174483 37.727746,49.175463 37.729699,49.175603 37.731888,49.175238 37.738089,49.178899 37.741646,49.183002 37.745021,49.185133 37.752916,49.18682 37.754847,49.190242 37.756915,49.191309 37.758517,49.193701 37.7585674,49.1979473 37.768669,49.2037625 37.7761107,49.2015019 37.7790373,49.2011444 37.7826073,49.2048808 37.769819,49.207594 37.710029,49.220578 37.615251,49.233667 37.598759,49.230244 37.582603,49.231469 37.565804,49.230126 37.546989,49.214047 37.512232,49.197987 37.5026,49.187655 37.50013,49.181944 37.504569,49.180034 37.511355,49.180362 37.520214,49.176614 37.533518,49.174033 37.554554,49.166893 37.563103,49.145554 37.551898,49.147535 37.543578,49.147178 37.540065,49.144126 37.548211,49.141692 37.558168,49.138322 37.559885,49.137289 37.561516,49.134622 37.563404,49.134425 37.568855,49.13639 37.572761,49.135639 37.584991,49.126871 37.549651,49.11369 37.546469,49.111876 37.498842,49.103989 37.495079,49.105842 37.488009,49.100034 37.507587,49.081087 37.507845,49.075515 37.504755,49.072029 37.496975,49.068202 37.494075,49.063624 37.479864,49.063425 37.478458,49.059873 37.468865,49.055141 37.466197,49.062488 37.460372,49.056242 37.457907,49.056481 37.45054,49.052926 37.448293,49.055304 37.449823,49.058588 37.449737,49.061569 37.443488,49.057904 37.44117,49.058691 37.438123,49.060955 37.427464,49.06014 37.417644,49.062673 37.41416,49.056462 37.408924,49.053672 37.405834,49.050972 37.393561,49.050747 37.384462,49.048384 37.385063,49.044052 37.389456,49.039212 37.385093,49.034415 37.390616,49.028683 37.391402,49.024679 37.382548,49.024856 37.375823,49.026283 37.370432,49.00506 37.373918,48.994037 37.362856,48.991542 37.358084,48.992788 37.35817,48.996224 37.355547,49.000016 37.346068,49.002136 37.33718,48.995229 37.329026,48.992752 37.32195,48.989071 37.310191,48.988621 37.324305,48.984359 37.324562,48.981599 37.318125,48.981881 37.316151,48.977092 37.312889,48.976754 37.307568,48.980867 37.298899,48.97467 37.295637,48.969543 37.299843,48.96712 37.3104,48.969825 37.309877,48.966415 37.304478,48.963457 37.311123,48.958067 37.320912,48.957566 37.319028,48.953487 37.310188,48.950048 37.308385,48.94599 37.312677,48.941029 37.319286,48.938548 37.3249,48.938111 37.331646,48.939845 37.329156,48.935955 37.331302,48.933756 37.33216,48.929752 37.328177,48.921684 37.311126,48.922133 37.301666,48.918564 37.296878,48.923092 37.266557,48.922145 37.266814,48.907079 37.24423,48.90969 37.243478,48.906438 37.224509,48.908243 37.223522,48.905761 37.22496,48.903138 37.212025,48.887803 37.205991,48.886322 37.198549,48.881469 37.19346,48.882146 37.190674,48.871351 37.193914,48.850754 37.19207,48.813166 37.155822,48.825399 37.150414,48.832236 37.143891,48.833084 37.140029,48.833027 37.14741,48.841897 37.14432,48.844947 37.136203,48.843244 37.130931,48.843422 37.100546,48.850426 37.097371,48.850313 37.076955,48.81673 37.067256,48.817239 37.066054,48.813794 37.046173,48.814776 37.036667,48.814295 37.023224,48.816504 37.01815,48.80161 37.013144,48.802704 37.00748,48.802761 37.005571,48.797917 36.99596,48.788583 37.023941,48.77467 37.022842,48.767331 37.031396,48.766608 37.043198,48.766721 37.037732,48.752782 37.033011,48.749783 37.020808,48.755959 37.01739,48.759968 37.007724,48.765091 37.00297,48.764947 36.983586,48.780873 36.980574,48.784751 36.97246,48.789393 36.969456,48.791938 36.947826,48.795274 36.944541,48.791189 36.924991,48.792462 36.919931,48.798044 36.891079,48.798865 36.880126,48.799901 36.85472,48.800636 36.840214,48.777847 36.840773,48.77278 36.821723,48.772205 36.818642,48.777167 36.789109,48.779951 36.792027,48.786341 36.786577,48.786986 36.781985,48.791205 36.789522,48.800063 36.786298,48.800762 36.765128,48.797014 36.733714,48.804249 36.727735,48.803635 36.719297,48.804395 36.709285,48.79439 36.703706,48.784324 36.689188,48.7741 36.689752,48.772945 36.69229,48.768147 36.695846,48.76825 36.70877,48.767299 36.713111,48.74961 36.71766,48.745478 36.712524,48.743784 36.725774,48.715953 36.736073,48.704456 36.730748,48.694752 36.728302,48.694242 36.722005,48.694036 36.715342,48.693562 36.711093,48.692316 36.715825,48.69007 36.718217,48.689795 36.722079,48.682768 36.718002,48.68274 36.717959,48.680955 36.715814,48.68087 36.715041,48.679368 36.718346,48.677158 36.717284,48.675053 36.717298,48.673992 36.72086,48.673255 36.727126,48.666935 36.72425,48.66634 36.72159,48.664016 36.724637,48.66257 36.725409,48.660416 36.73013,48.660388 36.73013,48.657156 36.728264,48.657225 36.722514,48.655014 36.723973,48.652349 36.727664,48.652122 36.729552,48.650591 36.728179,48.647415 36.735045,48.645771 36.73938,48.62634 36.745216,48.595588 36.778612,48.60019 36.780171,48.597587 36.805939,48.596236 36.809393,48.568789 36.824531,48.569762 36.825621,48.56603 36.857653,48.568774 36.871559,48.549956 36.883913,48.549805 36.884918,48.541101 36.900996,48.543908 36.904214,48.5307</coordinates>
            </LinearRing>
          </outerBoundaryIs>
        </Polygon>
      </Placemark>
      <Placemark>
        <name>Ukrainian-controlled Bakhmut Raion, Donetsk Oblast.</name>
        <Polygon>
          <outerBoundaryIs>
            <LinearRing>
              <tessellate>1</tessellate>
              <coordinates>37.8121626,48.5640809 37.8131067,48.5614395 37.8134744,48.5608257 37.8143542,48.5607831 37.8148048,48.5601724 37.8152125,48.5600162 37.8160494,48.5598174 37.8164356,48.5592919 37.8155558,48.558525 37.8151052,48.5580138 37.8156846,48.556835 37.8160923,48.5560397 37.8168648,48.5551165 37.817487,48.5547472 37.8184312,48.5545484 37.818654,48.555058 37.8204697,48.5557271 37.8219005,48.5562377 37.8239751,48.5563932 37.822484,48.5592476 37.8211644,48.5627837 37.8206278,48.5631532 37.8168083,48.5628257 37.8144477,48.5633092 37.8121626,48.5640809</coordinates>
            </LinearRing>
          </outerBoundaryIs>
        </Polygon>
      </Placemark>
      <Placemark>
        <name>Ukrainian-controlled Zaporizhzhia Raion, Zaporizhzhia Oblast. </name>
        <Polygon>
          <outerBoundaryIs>
            <LinearRing>
              <tessellate>1</tessellate>
              <coordinates>34.9601057,47.5630302 34.9603174,47.5626395 34.9631498,47.5635372 34.9674413,47.5644059 34.9736641,47.565738 34.9967991,47.5725348 35.0113903,47.5757775 35.018679,47.579613 35.0283848,47.5870094 35.0330196,47.5948819 35.030434,47.60303 35.0364529,47.6103918 35.0458942,47.6194179 35.077167,47.633192 35.0892271,47.6456203 35.104675,47.653455 35.108922,47.660456 35.1098265,47.6760276 35.116605,47.688266 35.216688,47.682907 35.223079,47.672167 35.233586,47.666512 35.253035,47.6490608 35.2551808,47.6489452 35.2562751,47.6488873 35.257627,47.6489452 35.2588715,47.6495812 35.2630218,47.6522806 35.269531,47.6561933 35.2740507,47.6578354 35.2771835,47.6593384 35.2838994,47.6621567 35.2867856,47.663479 35.2888295,47.6647759 35.2902728,47.6656683 35.2941783,47.666781 35.2973537,47.6679225 35.2985126,47.6691074 35.3005939,47.6702345 35.3031903,47.6722863 35.3055077,47.6746705 35.3155499,47.672662 35.3175669,47.6718817 35.3199702,47.6730954 35.3229742,47.6715927 35.3270512,47.6728931 35.3294974,47.6737889 35.3257208,47.6852887 35.3285318,47.6848265 35.3313428,47.6851731 35.335892,47.6863144 35.3414281,47.6879538 35.3454618,47.6896511 35.3530277,47.6804586 35.3598621,47.6695303 35.3500129,47.6669437 35.3437689,47.664675 35.3472021,47.6603395 35.348747,47.6591255 35.3631877,47.6554408 35.3993653,47.6562502 35.4005044,47.6380998 35.4276269,47.6386203 35.4278959,47.63687 35.4649969,47.6378411 35.4647601,47.6296708 35.471198,47.6309429 35.4835034,47.6331702 35.4863247,47.6331412 35.4977621,47.6331107 35.50743,47.6261054 35.509763,47.6223916 35.5091108,47.6166786 35.5097449,47.6063348 35.5494826,47.6069093 35.5556195,47.5799647 35.5658763,47.5764038 35.6153379,47.5853002 35.6274474,47.5910415 35.714692,47.6214345 35.7210864,47.6155622 35.7289333,47.607566 35.7369156,47.5976987 35.7535667,47.5968884 35.756632,47.596747 35.7979128,47.6732057 35.7801747,47.7552216 35.7830929,47.7567795 35.7768702,47.7817586 35.7863116,47.7851036 35.7831291,47.7959086 35.7738164,47.794813 35.7714724,47.8018487 35.7913134,47.8051777 35.7907126,47.810971 35.7916568,47.8128443 35.7901858,47.8162132 35.7891559,47.8173371 35.7892846,47.8182016 35.7905292,47.8190949 35.7894992,47.8201323 35.7879542,47.8218324 35.7868814,47.8287763 35.8455068,47.8342892 35.8502438,47.813646 35.8420516,47.7690469 35.873648,47.7713756 35.8916963,47.768825 35.8912243,47.7657963 35.9124384,47.7634557 35.9124384,47.7627345 35.9123955,47.7610902 35.9111509,47.7595323 35.9072886,47.756705 35.9100351,47.7563299 35.9165154,47.756503 35.9410629,47.7587822 35.9436808,47.7588111 35.9457836,47.7581475 35.9488198,47.7574179 35.9503218,47.7566389 35.9525105,47.7563792 35.9553429,47.7551098 35.9551283,47.7540422 35.9518238,47.7533786 35.9519097,47.7523976 35.9533688,47.750926 35.9561154,47.7499161 35.9669744,47.7465958 35.9697108,47.7377796 35.973144,47.7210949 35.9875635,47.7224807 36.0132269,47.7250212 36.0117249,47.7326709 36.0066589,47.7657813 36.0371246,47.7691472 36.0939445,47.7750887 36.1015946,47.7757889 36.0994377,47.7916408 36.1130363,47.7961925 36.1155442,47.7973998 36.1117345,47.8098793 36.1203872,47.8201535 36.1261233,47.8210905 36.1451313,47.8218361 36.1465002,47.8296315 36.1738763,47.8309149 36.1948589,47.8268659 36.21254,47.8244456 36.2369159,47.8243304 36.2389758,47.8129189 36.2660961,47.8151662 36.2609485,47.8342413 36.2397016,47.8341253 36.2387575,47.8387344 36.2138666,47.8385616 36.2122358,47.8432279 36.2023653,47.8431703 36.1986745,47.8467994 36.1900915,47.8464538 36.1830534,47.8495642 36.1702475,47.8508204 36.1025511,47.8424255 36.0998903,47.8476675 36.0994612,47.8489923 36.0953413,47.8494531 36.0893331,47.8491075 36.0762869,47.8485891 36.0725962,47.8508355 36.0699354,47.858265 36.0697637,47.8658663 36.0846124,47.8675361 36.0866724,47.8612596 36.118182,47.865146 36.1176573,47.8677664 36.1174856,47.8717392 36.1184297,47.8740422 36.121348,47.8779569 36.1289972,47.8908727 36.1229032,47.89962 36.128188,47.901814 36.1097859,47.9245196 36.1206237,47.9277474 36.1091224,47.9418935 36.084487,47.930991 36.074963,47.9655184 36.0522179,47.9588514 36.0474114,47.9655184 36.069899,47.972989 36.068932,47.975574 36.0611242,48.0014029 36.041962,48.003922 36.0342592,48.0187439 36.06471,48.025342 36.05483,48.046169 36.0586582,48.0469175 36.0522209,48.058679 36.0405479,48.056499 35.9841571,48.045483 35.9758315,48.0454256 35.9759174,48.0459994 35.9780631,48.0495569 35.9805522,48.0532862 35.982183,48.0564416 35.9847579,48.0573595 35.987762,48.0590805 35.9849328,48.0634059 35.9813279,48.0644384 35.9768647,48.060423 35.9725732,48.0597347 35.9724015,48.0633486 35.9741181,48.0662739 35.9738606,48.0693138 35.9693974,48.0722962 35.9701699,48.0745902 35.9749764,48.0759665 35.978753,48.0779163 35.9839886,48.0788338 35.9867352,48.0817009 35.9849328,48.0847972 35.9798688,48.0854853 35.9762639,48.0857146 35.9742898,48.0882374 35.9738606,48.0923079 35.9701699,48.0937984 35.9663075,48.0946583 35.921676,48.082147 35.816533,48.0657003 35.8064125,48.1010033 35.8050392,48.1004301 35.8006618,48.0987105 35.7949112,48.0969334 35.7895038,48.0949844 35.7811783,48.0934366 35.7724235,48.0969334 35.7627247,48.0967041 35.7566307,48.097736 35.7556866,48.0959016 35.742479,48.095433 35.7031582,48.1408248 35.6958626,48.1369873 35.6062132,48.1025871 35.5245882,48.0746659 35.5184817,48.0939227 35.5166792,48.094496 35.5123877,48.0953559 35.5068945,48.096617 35.498054,48.0973049 35.4841494,48.0955278 35.4716181,48.0965024 35.4515337,48.102693 35.420029,48.101029 35.4201843,48.1023289 35.41679,48.111802 35.379618,48.119339 35.339188,48.123882 35.310492,48.138459 35.286043,48.144228 35.261276,48.137366 35.2589084,48.1370519 35.2431156,48.1355626 35.2201988,48.1419204 35.2111866,48.1395148 35.1953079,48.140374 35.1914455,48.1385984 35.1883556,48.1361354 35.1808883,48.1325839 35.1686146,48.129605 35.1566841,48.1291467 35.1231712,48.1305975 35.112614,48.1314567 35.102486,48.1301965 35.0951045,48.1283632 35.0754493,48.1231497 35.0626605,48.1219465 35.0568241,48.1202276 35.043692,48.1096837 35.0384929,48.0992355 35.0306823,48.0982037 35.0244166,48.0967706 35.0203826,48.0956241 35.0130012,48.0949362 35.008538,48.0944776 34.9984958,48.0920125 34.9945476,48.0904646 34.9906852,48.0885153 34.987252,48.0959107 34.9752461,48.0957835 34.9358498,48.0910826 34.9143063,48.0911973 34.9107014,48.1025474 34.9123322,48.1129782 34.920529,48.114067 34.9200674,48.1183695 34.9156043,48.1304584 34.8812012,48.1267175 34.8771242,48.133907 34.8552803,48.1330191 34.8554519,48.1316157 34.8601992,48.1126518 34.8611433,48.1122793 34.8630531,48.1029231 34.8621948,48.1026365 34.8624523,48.1021207 34.8704343,48.0710782 34.8754593,48.0544764 34.8659321,48.053788 34.8562332,48.0527553 34.839861,48.0507328 34.8405476,48.0498578 34.8396893,48.0490545 34.8466739,48.0135021 34.8581752,48.0148227 34.8657922,47.9991082 34.8664359,47.994499 34.8699477,47.982848 34.8767284,47.9835949 34.8797324,47.9832789 34.9050096,47.9861226 34.9125589,47.9579233 34.9088681,47.9574634 34.9094688,47.9540763 34.9119794,47.9478821 34.9110138,47.9471779 34.9126633,47.9412591 34.9184568,47.9335826 34.9176059,47.9335236 34.9072633,47.9319422 34.8984872,47.9314965 34.8884879,47.93003 34.8870931,47.9299869 34.8834024,47.9289661 34.8822008,47.9296131 34.8808489,47.9307058 34.8806987,47.9313096 34.879025,47.9363126 34.8781327,47.9398073 34.8771456,47.9426678 34.8766306,47.9427828 34.8574689,47.939563 34.8547867,47.9394192 34.852877,47.939103 34.8497227,47.9369898 34.852654,47.9254545 34.8534264,47.9215721 34.8490062,47.9208243 34.8471179,47.9204217 34.8441996,47.9201341 34.801928,47.9152446 34.8137342,47.8762174 34.8145067,47.8709207 34.8148071,47.8690783 34.8160945,47.8674085 34.8169528,47.8651053 34.8185836,47.8645871 34.8197853,47.8648462 34.8216306,47.8658251 34.8236476,47.8665448 34.825493,47.8673222 34.8274671,47.8680419 34.8300849,47.868704 34.8347198,47.8694526 34.8369085,47.869942 34.8386251,47.8707192 34.8404705,47.8716116 34.8431741,47.8723025 34.845343,47.8739968 34.8502353,47.8778252 34.8523382,47.8786024 34.8552135,47.879322 34.8580888,47.8794659 34.8601058,47.879178 34.861565,47.8786312 34.8643974,47.8784009 34.8712291,47.8515519 34.8756065,47.8512928 34.8799409,47.8508608 34.8975791,47.8525599 34.9030294,47.8301502 34.8795786,47.8201372 34.8790207,47.8182065 34.8922922,47.7609079 34.8935367,47.760129 34.956793,47.769503 34.9653643,47.7405282 34.9549788,47.7388543 34.9579829,47.7275973 34.9515456,47.7270777 34.9550646,47.7125264 34.952318,47.7122954 34.9521464,47.7116601 34.9301737,47.7106783 34.9372865,47.6779709 34.9215795,47.6760927 34.9139406,47.6743589 34.9055292,47.6732319 34.9128937,47.6443071 34.9145674,47.6382928 34.9158548,47.6335502 34.9324631,47.635777 34.9398667,47.6004471 34.9376798,47.59848 34.9375082,47.5947757 34.9348474,47.5910133 34.9266077,47.5939075 34.9276376,47.5914185 34.9339033,47.5888136 34.9345041,47.5826191 34.9272085,47.5816928 34.9280668,47.5809402 34.9363924,47.5819823 34.9444845,47.5739174 34.9328973,47.5691111 34.9340131,47.5662155 34.9413087,47.5692848 34.9462011,47.5711958 34.9490335,47.5721802 34.9522951,47.5716591 34.9550417,47.5705009 34.9571874,47.5688794 34.9588182,47.5666788 34.9601057,47.5630302</coordinates>
            </LinearRing>
          </outerBoundaryIs>
        </Polygon>
      </Placemark>
      <Placemark>
        <name>Ukrainian-controlled Polohy Raion, Zaporizhzhia Oblast. </name>
        <Polygon>
          <outerBoundaryIs>
            <LinearRing>
              <tessellate>1</tessellate>
              <coordinates>36.1578356,47.7645109 36.1432331,47.7659013 36.1291031,47.765995 36.1285343,47.7720315 36.1032203,47.7700461 36.1015946,47.7757889 36.0066589,47.7657813 36.0132269,47.7250212 35.973144,47.7210949 35.9697108,47.7377796 35.9669744,47.7465958 35.9533688,47.750926 35.9519097,47.7523976 35.9518238,47.7533786 35.9551283,47.7540422 35.9553429,47.7551098 35.9525105,47.7563792 35.9503218,47.7566389 35.9485547,47.7576423 35.9452502,47.7581327 35.9436808,47.7588111 35.9165154,47.756503 35.9100167,47.7561132 35.9072886,47.756705 35.9104459,47.7596041 35.9119479,47.7605561 35.9125058,47.7618831 35.9124384,47.7634557 35.8912243,47.7657963 35.8916963,47.768825 35.873648,47.7713756 35.8420516,47.7690469 35.8502438,47.813646 35.8455068,47.8342892 35.7868814,47.8287763 35.7883319,47.8213081 35.7905292,47.8190949 35.7892846,47.8182016 35.7891559,47.8173371 35.7901858,47.8162132 35.7916568,47.8128443 35.7907126,47.810971 35.7913134,47.8051777 35.7714724,47.8018487 35.7738164,47.794813 35.7831291,47.7959086 35.7863116,47.7851036 35.7768702,47.7817586 35.7830929,47.7567795 35.7801747,47.7552216 35.7979128,47.6732057 35.756632,47.596747 35.7369156,47.5976987 35.7278642,47.6083325 35.714692,47.6214345 35.627614,47.5914327 35.6153379,47.5853002 35.5658763,47.5764038 35.5556195,47.5799647 35.5595503,47.5616712 35.572374,47.562975 35.573572,47.56288 35.57546,47.55564 35.584644,47.553554 35.589536,47.555292 35.602266,47.549363 35.605452,47.549508 35.6075041,47.5416945 35.607195,47.540832 35.603874,47.538297 35.603465,47.536153 35.6129114,47.5240197 35.6302442,47.5280403 35.6340206,47.522621 35.6490411,47.5305038 35.6620872,47.5347628 35.6725591,47.5387612 35.6787435,47.5316699 35.682258,47.532619 35.7049219,47.5354366 35.7143582,47.5353421 35.7200667,47.5327338 35.7230273,47.5191724 35.737361,47.507404 35.745,47.508448 35.7544722,47.5082305 35.7564892,47.5061433 35.760964,47.50265 35.76002,47.500562 35.7658304,47.4999191 35.779032,47.500968 35.775632,47.490272 35.7853139,47.4900894 35.7878889,47.4897994 35.8003941,47.4952885 35.8071838,47.5116656 35.8031016,47.5167526 35.8036093,47.5185692 35.8093835,47.5178543 35.8139648,47.5176079 35.8173422,47.5232353 35.8279852,47.5267128 35.8311,47.5244461 35.8368886,47.5252859 35.8404864,47.5109985 35.8542494,47.511468 35.8529656,47.5027664 35.8846335,47.4982483 35.885762,47.490008 35.9021353,47.4893639 35.9116406,47.5001555 35.9217905,47.5010202 35.9222399,47.515027 35.9140597,47.5172374 35.8999496,47.5171033 35.8997725,47.5303301 35.9106095,47.5408614 35.9171365,47.5460714 35.9229048,47.543603 35.9275273,47.5379935 35.938792,47.537146 35.9498472,47.5342067 35.950937,47.529569 35.9692487,47.525101 35.9814207,47.5243023 35.9820216,47.5276054 35.9804843,47.5396094 36.0181721,47.5421381 36.0329879,47.5432459 36.033546,47.539567 36.05369,47.5380378 36.0599556,47.5380957 36.0671911,47.552255 36.0672336,47.5537903 36.0667189,47.5545432 36.070624,47.5616098 36.0720399,47.5618992 36.0714153,47.5650401 36.0819296,47.5679358 36.0935415,47.5691093 36.1094509,47.5713025 36.1242011,47.5730607 36.1289219,47.5781561 36.1428898,47.5766526 36.1479116,47.5846999 36.1984653,47.5869297 36.1995809,47.5826159 36.212284,47.582935 36.2127566,47.584932 36.2144509,47.5886796 36.2156255,47.594551 36.2005783,47.5944607 36.1974405,47.6047159 36.2117263,47.6064632 36.2210182,47.6068666 36.2205004,47.6127171 36.2303162,47.6137747 36.2308494,47.6171695 36.2328757,47.6177967 36.2254349,47.626325 36.2166428,47.6242905 36.2093948,47.6319736 36.2111722,47.6326188 36.2107179,47.6334953 36.2062163,47.6405706 36.2056623,47.6403871 36.1996395,47.6389279 36.1990669,47.6407361 36.197235,47.6406511 36.1829292,47.6357958 36.1767178,47.6427402 36.1753667,47.6440214 36.1752892,47.6462832 36.1773062,47.6468904 36.1757613,47.6488275 36.1742163,47.6482781 36.1709977,47.654089 36.1701123,47.6552735 36.1601446,47.6648056 36.1591018,47.6702912 36.148356,47.668187 36.1466376,47.6698307 36.145434,47.6730928 36.1406227,47.6845871 36.1400994,47.6913362 36.1496962,47.6958037 36.1531135,47.7008484 36.1566533,47.7032586 36.1617816,47.7041382 36.1609224,47.7064459 36.1601552,47.7085973 36.1652548,47.7103 36.1640065,47.7141835 36.1654856,47.7158078 36.1671365,47.7165081 36.1695404,47.717224 36.1661713,47.7213497 36.1641333,47.7239741 36.1628718,47.7255331 36.1677044,47.7279582 36.1694043,47.7296182 36.1716193,47.7303256 36.171638,47.7311635 36.1708172,47.7333011 36.1717863,47.741218 36.1716384,47.7428432 36.1667929,47.7445926 36.1665075,47.7450244 36.1583765,47.745334 36.1578356,47.7645109</coordinates>
            </LinearRing>
          </outerBoundaryIs>
        </Polygon>
      </Placemark>
      <Placemark>
        <name>Ukrainian-controlled Vasylivka Raion, Zaporizhzhia Oblast. </name>
        <MultiGeometry>
          <Polygon>
            <outerBoundaryIs>
              <LinearRing>
                <tessellate>1</tessellate>
                <coordinates>35.5097449,47.6063348 35.5102919,47.6044019 35.5112949,47.5992838 35.5136839,47.5819344 35.5200447,47.5778856 35.5213126,47.5694815 35.5214269,47.5685079 35.5187599,47.5683152 35.5172086,47.5683903 35.5168742,47.5682654 35.5121034,47.5682507 35.5081728,47.5677796 35.5037566,47.5663889 35.5019081,47.5645643 35.5049964,47.5625951 35.5040506,47.5575272 35.5039927,47.5559442 35.5057093,47.5474866 35.5152365,47.5480659 35.527014,47.549089 35.52539,47.556179 35.537892,47.557221 35.543579,47.559038 35.5530879,47.5608965 35.5595503,47.5616712 35.5494826,47.6069093 35.5097449,47.6063348</coordinates>
              </LinearRing>
            </outerBoundaryIs>
          </Polygon>
          <Polygon>
            <outerBoundaryIs>
              <LinearRing>
                <tessellate>1</tessellate>
                <coordinates>35.4242911,47.6179546 35.4236042,47.6257354 35.4242907,47.6359298 35.4278959,47.63687 35.4276269,47.6386203 35.4005044,47.6380998 35.3991836,47.6557821 35.3631877,47.6554408 35.3537252,47.6578826 35.348747,47.6591255 35.3472021,47.6603395 35.3466441,47.6579124 35.324457,47.6572466 35.3242862,47.6527135 35.3240993,47.6489826 35.3305901,47.6483438 35.3536159,47.6485448 35.3817876,47.6499005 35.3917056,47.6486214 35.3927394,47.6360082 35.3919932,47.6344406 35.3727941,47.6322937 35.3728855,47.6309787 35.3745217,47.6297794 35.3750475,47.6288846 35.3756063,47.6239031 35.3834294,47.6243887 35.4050703,47.6249327 35.4052119,47.6169151 35.4242911,47.6179546</coordinates>
              </LinearRing>
            </outerBoundaryIs>
          </Polygon>
        </MultiGeometry>
      </Placemark>
      <Placemark>
        <name>Ukrainian-controlled Beryslav Raion, Kherson Oblast. </name>
        <Polygon>
          <outerBoundaryIs>
            <LinearRing>
              <tessellate>1</tessellate>
              <coordinates>33.9296628,47.5160709 33.9291049,47.5157811 33.9256287,47.5149695 33.9208651,47.5138681 33.9146853,47.5128536 33.9095355,47.5125057 33.8208051,47.5040374 33.8150545,47.5041534 33.775744,47.4989927 33.6429486,47.4849182 33.6355672,47.5137958 33.6039815,47.5100275 33.6044106,47.5041137 33.5881028,47.5027221 33.5810817,47.5319157 33.5931838,47.5444896 33.5894073,47.5578714 33.6070884,47.5601882 33.608805,47.5612887 33.6049229,47.5749412 33.5921341,47.5736094 33.588143,47.5885757 33.5828215,47.5880547 33.5797316,47.6000942 33.474111,47.587174 33.4859868,47.5460365 33.4780045,47.5436032 33.4727689,47.5411697 33.4688207,47.5414594 33.4560319,47.5399529 33.4536286,47.5400688 33.3497594,47.5264896 33.3407257,47.5258231 33.3272932,47.5236351 33.3244822,47.5225918 33.3296539,47.5103136 33.3488081,47.493554 33.319454,47.4838682 33.3140467,47.4820411 33.3125446,47.4837232 33.3099268,47.4849413 33.3080814,47.4858693 33.3096693,47.4867684 33.3136175,47.4887114 33.3147333,47.4897263 33.3149479,47.4912343 33.3140467,47.494105 33.3127163,47.4964536 33.3117292,47.4975554 33.3113001,47.4985123 33.3109997,47.5000489 33.3105276,47.5008317 33.3095835,47.5017015 33.3088968,47.5022234 33.307237,47.5027691 33.3034605,47.503001 33.3010143,47.5028561 33.2985252,47.503204 33.2962936,47.5041897 33.2935041,47.5056392 33.2923025,47.5070887 33.290543,47.5084222 33.2872814,47.5099296 33.2851356,47.5113789 33.2821316,47.5148862 33.2791458,47.5171769 33.279017,47.5194955 33.2808195,47.5214663 33.2836948,47.523437 33.2862697,47.5254076 33.2876859,47.5265667 33.2884584,47.5289429 33.2888017,47.5314639 33.2888876,47.5342745 33.288221,47.5378121 33.2886502,47.5419839 33.2875773,47.54378 33.2853457,47.544765 33.2819554,47.545663 33.2778355,47.5464451 33.2738444,47.5460686 33.271527,47.5453733 33.2695958,47.5443305 33.26745,47.5431717 33.264403,47.5418681 33.2617852,47.5404485 33.2598969,47.5394925 33.2587382,47.5381018 33.2573649,47.536885 33.2542321,47.5354363 33.2517859,47.5344512 33.2491681,47.5337268 33.2468507,47.5327417 33.2457349,47.5321332 33.2416464,47.5302425 33.2375265,47.5303584 33.2351233,47.5300976 33.2329775,47.5294891 33.2314325,47.5294891 33.2300593,47.5305612 33.2282139,47.5309959 33.2256819,47.5305612 33.2228495,47.5307351 33.2201458,47.5312856 33.2175709,47.5322708 33.215822,47.533623 33.2189871,47.5358926 33.2211758,47.5379497 33.2222057,47.5402964 33.2226778,47.5421794 33.2208402,47.5457283 33.2177503,47.5476401 33.2192094,47.5497257 33.2246167,47.5525643 33.2293374,47.5544759 33.2344014,47.5577776 33.2365472,47.5612528 33.2367189,47.5691292 33.2369764,47.5724299 33.2361181,47.5748619 33.2323415,47.5778728 33.2295091,47.5755568 33.2268483,47.5737617 33.2212693,47.5721404 33.205219,47.5686659 33.19964,47.5691292 33.1962926,47.5696503 33.1924302,47.5715034 33.1877095,47.573009 33.178869,47.5704032 33.1748349,47.5677393 33.1719167,47.5668127 33.167711,47.5673918 33.1641919,47.568608 33.1598146,47.5697083 33.0924262,47.5792248 33.0885338,47.5537964 33.0947136,47.527491 33.1406849,47.5432852 33.1469658,47.5145956 33.123062,47.5082475 33.1307444,47.4807799 33.1270108,47.4798517 33.1282983,47.4771543 33.1241355,47.4768062 33.1377777,47.4194064 33.1273288,47.4178859 33.1253976,47.4183505 33.0715389,47.4122521 33.0708921,47.4716619 33.07142,47.476586 33.0477178,47.4681807 33.0547559,47.4429934 33.0332982,47.4410777 33.0380189,47.425808 33.0284732,47.4233377 33.0357745,47.3979452 33.0341008,47.3975966 33.038418,47.379011 33.1211332,47.3890844 33.1314713,47.3496468 33.1388527,47.3329836 33.1328446,47.3319365 33.1328446,47.3284751 33.1013868,47.3221087 33.1109998,47.3015081 33.1109998,47.2948141 33.1097124,47.2933005 33.1013868,47.2907972 33.1050018,47.2793589 33.1183056,47.2815716 33.1194214,47.277612 33.1401066,47.2717885 33.1364159,47.26777 33.1838039,47.2384172 33.1820015,47.2370186 33.1781391,47.2378345 33.1743625,47.2357948 33.1734184,47.2343961 33.1717018,47.2334053 33.1664661,47.2341047 33.1631187,47.2322397 33.1592563,47.2319483 33.1621746,47.2346292 33.1635479,47.236261 33.158398,47.2359696 33.154364,47.2352703 33.1511882,47.2339881 33.1490425,47.2313655 33.1450943,47.2306078 33.1403736,47.2313655 33.1363395,47.2327643 33.1313614,47.2330557 33.1277565,47.2313655 33.1267265,47.2289759 33.1284856,47.2201145 33.1330346,47.2147511 33.1364679,47.212419 33.1416177,47.2104949 33.1429052,47.2083959 33.138957,47.2061802 33.1356954,47.2060052 33.1326055,47.2046058 33.1301164,47.2034395 33.126769,47.2022732 33.1188726,47.2043725 33.115096,47.2050139 33.1107187,47.207288 33.1069421,47.2095037 33.1050538,47.212419 33.1064271,47.2162669 33.1031656,47.2199979 33.0987882,47.2227377 33.0922651,47.2233789 33.0872011,47.2215135 33.0780172,47.2209889 33.073528,47.222828 33.0685758,47.221222 33.06643,47.2191234 33.0666875,47.2145762 33.0668592,47.211078 33.06746,47.2064134 33.0655717,47.2016318 33.0635118,47.1991825 33.056893,47.1936827 33.051314,47.1913497 33.046765,47.1905915 33.0383536,47.18855 33.035607,47.1851084 33.0374953,47.1816083 33.0368944,47.178808 33.0308005,47.1769411 33.0224749,47.1775245 33.0204149,47.178633 33.0153509,47.1806749 33.013291,47.1844084 33.0130335,47.1888416 33.0113169,47.1915247 33.0064245,47.1960739 33.0015322,47.1963072 33.0008456,47.1922829 32.9951807,47.1910581 32.9908034,47.1886083 32.99046,47.1933911 32.9855677,47.1915247 32.9738089,47.1902415 32.9620501,47.1898915 32.9516319,47.170164 32.9370407,47.1560415 32.928286,47.1502047 32.921353,47.147402 32.916098,47.1441337 32.9157547,47.1392297 32.9172996,47.1350259 32.9145531,47.1302378 32.9109482,47.1260333 32.9078583,47.123347 32.9126067,47.1114405 32.9132933,47.1030281 32.9107184,47.0994642 32.909431,47.0964843 32.9114051,47.0918097 32.9137225,47.0883618 32.9187865,47.0842125 32.9307302,47.0807396 33.067141,47.02241 33.022062,46.972701 33.0521601,46.9597906 33.0555933,46.9469599 33.0524605,46.9462275 33.0639887,46.9076639 33.04811,46.9054943 33.0439901,46.9069602 33.0059671,46.9023863 33.0155816,46.8648483 32.9776445,46.8599773 32.9857123,46.8312157 33.0038226,46.833447 33.0224478,46.8357663 33.0453582,46.7478788 33.0490275,46.7505841 33.0536624,46.7532011 33.057396,46.7552593 33.0610009,46.7567587 33.0649491,46.7583758 33.0686827,46.7597282 33.0728884,46.7609041 33.0758496,46.7616097 33.0794116,46.7626386 33.0880625,46.766524 33.093899,46.7691402 33.098448,46.7707863 33.1038554,46.7724911 33.1069882,46.7732259 33.1098635,46.774137 33.1166696,46.7760437 33.1192445,46.7777484 33.1214976,46.7787476 33.1242442,46.7799966 33.1256389,46.7807019 33.1363642,46.7845593 33.1397545,46.785676 33.142265,46.786631 33.1443894,46.7871452 33.1480372,46.7872334 33.1506979,46.7873068 33.153423,46.7874391 33.1550538,46.7876007 33.1659114,46.7892168 33.1706321,46.7891287 33.1743228,46.7887173 33.1820047,46.7889817 33.1871545,46.7892168 33.189944,46.7887761 33.1936347,46.7881884 33.1966817,46.7880708 33.2058629,46.7883662 33.2090387,46.788425 33.2110128,46.7873672 33.2112703,46.7858979 33.2123861,46.7850163 33.2151327,46.7847225 33.2219133,46.785369 33.225604,46.7856628 33.2320413,46.7863093 33.2361612,46.7861918 33.2444867,46.7847225 33.2523832,46.7836646 33.2595071,46.7832532 33.2668886,46.7823716 33.2743558,46.7818426 33.2789049,46.7830181 33.2844839,46.7826654 33.2875738,46.7792564 33.2952127,46.7767877 33.300105,46.7752006 33.307744,46.773731 33.3137521,46.7749067 33.3211336,46.7769053 33.3310899,46.7789625 33.3373556,46.7800793 33.3458528,46.7818426 33.3494577,46.7827242 33.3525476,46.7816075 33.3582982,46.7824891 33.3618173,46.7847813 33.3648214,46.7887188 33.3683404,46.7927149 33.3710012,46.7954179 33.3827835,46.8072545 33.3923107,46.8155372 33.3971173,46.8199424 33.4010655,46.822879 33.4085327,46.8273423 33.4147984,46.8311006 33.4237248,46.8343889 33.4317929,46.8380292 33.4379727,46.8402603 33.4477574,46.8433132 33.4536797,46.844957 33.4626061,46.8463072 33.4687859,46.8478335 33.4747082,46.8495359 33.4802872,46.8510621 33.4847504,46.852823 33.4917885,46.8545839 33.4957367,46.8557578 33.503571,46.8566033 33.5090642,46.8583641 33.514214,46.8588923 33.5193639,46.8580706 33.5282044,46.8581293 33.5327534,46.8579533 33.5394482,46.8578359 33.5464005,46.8576598 33.5548119,46.8563099 33.5706906,46.857425 33.5760121,46.8583641 33.5803895,46.8607117 33.5857968,46.8619442 33.589745,46.8649958 33.5918908,46.8674018 33.5926633,46.8720375 33.5926633,46.8748538 33.5940735,46.8860054 33.5960476,46.8959182 33.5962193,46.9131 33.5956707,46.928163 33.5991789,46.939299 33.6048437,46.9480887 33.610766,46.9538306 33.6162592,46.9578729 33.6205507,46.961212 33.6243273,46.9640823 33.6297346,46.967831 33.6338545,46.9711109 33.6367727,46.9737464 33.6472341,46.9799134 33.6519977,46.9842758 33.6536714,46.986735 33.6532422,46.9902187 33.6522981,46.9927361 33.652341,46.9962194 33.6540147,46.9985025 33.656418,47.0017219 33.6587745,47.0051738 33.6596328,47.0172298 33.6575083,47.0261514 33.6559634,47.0310658 33.6533885,47.0378517 33.656892,47.045688 33.6648898,47.0529412 33.6765627,47.0612445 33.7031703,47.0710665 33.7155299,47.076912 33.7306361,47.0827569 33.7419657,47.0881336 33.7490038,47.0926917 33.7587885,47.0968988 33.765655,47.1033258 33.7760075,47.1149109 33.7815006,47.1230878 33.7845906,47.1277013 33.7864788,47.1306794 33.7882813,47.1359345 33.7845047,47.1502375 33.7827023,47.1564245 33.781844,47.1636612 33.7816723,47.1693799 33.781844,47.1736393 33.7837322,47.1783068 33.7868221,47.1817488 33.7943852,47.1866063 33.8001359,47.1898144 33.8052857,47.1916809 33.8125813,47.193314 33.8207352,47.1950637 33.8288891,47.1982713 33.8369572,47.2010122 33.844682,47.204686 33.8506901,47.207135 33.8571274,47.2085344 33.8622773,47.2098172 33.8682854,47.2126741 33.8729203,47.2146564 33.8795292,47.2183875 33.8873398,47.223051 33.8924897,47.2268981 33.8963521,47.2293462 33.9008152,47.2322603 33.9049351,47.2356988 33.9068234,47.2394284 33.9113719,47.2438099 33.9135176,47.2527825 33.9153201,47.2577343 33.9159402,47.2676505 33.9209184,47.2765026 33.9264115,47.2804041 33.9311322,47.2834901 33.9361962,47.2869835 33.9404019,47.2894869 33.9477834,47.2933874 33.9518174,47.2955413 33.9548215,47.2974622 33.9584264,47.2994413 33.961173,47.3018278 33.9629754,47.3046216 33.9645733,47.3092229 33.9650024,47.3132383 33.9653457,47.3158569 33.9654316,47.3200464 33.9654316,47.3226646 33.967234,47.3257482 33.9692081,47.3305186 33.9704956,47.3417449 33.9711822,47.3466883 33.9713539,47.3499449 33.9732422,47.3545387 33.9744438,47.3589577 33.9748306,47.3675448 33.9738006,47.3742877 33.9734573,47.3792281 33.9731998,47.3830058 33.9723415,47.3875967 33.9708824,47.3928845 33.9688224,47.3963706 33.9671916,47.3996823 33.9641017,47.4047365 33.9620418,47.409674 33.9586086,47.4128687 33.9560336,47.4191993 33.953802,47.4236128 33.9526004,47.4273873 33.9489097,47.4319744 33.9459056,47.4341226 33.9450473,47.4393476 33.9480514,47.4435854 33.948738,47.4480549 33.9485664,47.4511312 33.9372537,47.4778293 33.9363954,47.4852542 33.9372537,47.4905322 33.9354512,47.4943018 33.9317605,47.4984192 33.9302156,47.5017824 33.9286706,47.5074645 33.9287564,47.5102474 33.9303872,47.5123924 33.930473,47.5146533 33.9296628,47.5160709</coordinates>
            </LinearRing>
          </outerBoundaryIs>
        </Polygon>
      </Placemark>
      <Placemark>
        <name>Ukrainian-controlled Kherson Raion, Kherson Oblast.</name>
        <Polygon>
          <outerBoundaryIs>
            <LinearRing>
              <tessellate>1</tessellate>
              <coordinates>33.0459053,46.7478978 33.0224478,46.8357663 32.9857123,46.8312157 32.9776445,46.8599773 33.0155816,46.8648483 33.0059671,46.9023863 33.0439901,46.9069602 33.04811,46.9054943 33.0639887,46.9076639 33.0524605,46.9462275 33.0555933,46.9469599 33.0521601,46.9597906 33.0225031,46.9725124 33.0221001,46.9721081 32.9503215,47.0030709 32.9340995,46.9852739 32.9424925,46.9713178 32.949359,46.9457175 32.9760953,46.9487937 32.9798177,46.9332607 32.9746679,46.9328504 32.9706338,46.932616 32.9667714,46.9320299 32.9632524,46.9314438 32.9594758,46.9310921 32.954326,46.9303887 32.9483178,46.9292165 32.9442838,46.929744 32.9221395,46.9270477 32.9264739,46.9098411 32.8451265,46.9000356 32.8410925,46.8993318 32.839805,46.8968686 32.840835,46.8955783 32.8421224,46.8939361 32.8422083,46.8927044 32.8414358,46.889537 32.8358568,46.8839056 32.8400625,46.8817936 32.856027,46.8770415 32.8591169,46.8765135 32.916343,46.882892 32.9201128,46.8662768 32.9462911,46.8685654 32.949381,46.8577671 32.8940203,46.8499605 32.8929903,46.8492561 32.8359987,46.842417 32.8357841,46.8429747 32.8136032,46.8400428 32.814719,46.8343475 32.7740353,46.8305307 32.7792709,46.8246582 32.7723187,46.8204296 32.7679413,46.8203121 32.7657097,46.8252455 32.7648514,46.827712 32.7478569,46.8260677 32.7453678,46.827066 32.7093189,46.8235424 32.7080315,46.8226614 32.7069157,46.8214281 32.7044266,46.820782 32.7007359,46.8208407 32.698597,46.82177 32.6953285,46.8354631 32.6964443,46.8361677 32.6904577,46.8593246 32.6895136,46.8626111 32.6185316,46.8537487 32.6129526,46.8547465 32.6114935,46.8575638 32.5855359,46.8553713 32.5839051,46.8594211 32.5781544,46.8583059 32.5776395,46.862825 32.5720605,46.8632358 32.5725755,46.8647029 32.5730904,46.8683999 32.5721463,46.8726834 32.5465688,46.8691041 32.5455388,46.8833027 32.533974,46.881623 32.54179,46.850578 32.5257977,46.8480927 32.5318059,46.8233732 32.4694928,46.8165014 32.4630555,46.8407543 32.365981,46.8298918 32.3736199,46.7981135 32.3680409,46.7978785 32.3434075,46.7951168 32.3341378,46.7986423 32.227427,46.8452602 32.2295727,46.8413267 32.2318043,46.8384499 32.2348084,46.83616 32.2441639,46.8272345 32.2440781,46.8252378 32.2511162,46.8194822 32.2379234,46.8114073 32.2357777,46.8107611 32.2330311,46.8087638 32.228482,46.8078826 32.2265938,46.8081176 32.2105434,46.8057677 32.2141483,46.7967196 32.2131184,46.7910197 32.2186974,46.771565 32.1672972,46.7628786 32.1698721,46.7523531 32.1130893,46.7455636 32.1129177,46.7484455 32.1093986,46.7488571 32.1092269,46.7529737 32.0570419,46.7445049 32.0604751,46.7285047 32.0755813,46.729799 32.088199,46.684092 32.0718046,46.6821323 32.071289,46.6835872 32.0663526,46.6833757 32.0211644,46.6774679 32.03258,46.666661 32.0079486,46.6646865 32.0073477,46.6663947 31.9987647,46.6661002 31.9856326,46.6645098 31.9870917,46.6562628 31.9838301,46.6558504 31.9886834,46.6520444 31.9935757,46.6476254 32.0033604,46.639199 32.0085103,46.6354273 32.0145184,46.6322448 32.0207841,46.6302409 32.0342393,46.6241374 32.0416207,46.6201878 32.0470281,46.6165917 32.0548387,46.6154126 32.0604177,46.6142334 32.0639367,46.6141155 32.0683999,46.6151178 32.0735498,46.6160021 32.076983,46.6167685 32.0885701,46.617476 32.0925183,46.6167685 32.0988698,46.6139386 32.1041913,46.6117571 32.1085687,46.608809 32.1111436,46.6063325 32.1156926,46.6019688 32.1186967,46.5978997 32.1212716,46.5927686 32.1258498,46.5837612 32.1282531,46.5783927 32.130313,46.5723157 32.1334029,46.565943 32.1355487,46.5621662 32.1372653,46.5594515 32.1400119,46.5572678 32.1440459,46.5585662 32.1457625,46.5600416 32.1496249,46.5615761 32.1555472,46.5637596 32.1641303,46.5672412 32.1696235,46.5698965 32.1747733,46.5725517 32.1782924,46.5742628 32.1856738,46.5759738 32.1938553,46.5771076 32.1981468,46.5771076 32.2035542,46.5769896 32.2085324,46.5771666 32.2123947,46.5781105 32.2160855,46.5799394 32.2215786,46.5820042 32.2286167,46.5845998 32.2323075,46.5867234 32.2377148,46.5892598 32.2414913,46.5912653 32.245697,46.5924449 32.2510185,46.5919731 32.2553101,46.5913832 32.2615757,46.5902626 32.2657814,46.588434 32.2699013,46.5863695 32.2758236,46.5846588 32.2808673,46.5804421 32.2823265,46.5777873 32.286618,46.5768433 32.2900512,46.5757814 32.2932269,46.5743064 32.2956302,46.5721233 32.3010375,46.5678158 32.3029258,46.5666357 32.306359,46.5612655 32.3050716,46.5588459 32.3042133,46.55619 32.3067882,46.5548915 32.3108222,46.553534 32.3155429,46.5523535 32.319062,46.5516452 32.3247268,46.5507008 32.3269584,46.5502876 32.3309925,46.5503466 32.3348548,46.5501695 32.3382881,46.5494022 32.3427513,46.5486348 32.3460987,46.5504647 32.350844,46.553825 32.360972,46.554888 32.3869387,46.5638455 32.402474,46.5649667 32.432555,46.570822 32.448519,46.562914 32.4511223,46.564332 32.4541264,46.5656892 32.457388,46.5666924 32.461422,46.5682856 32.4651986,46.5699378 32.4682885,46.571295 32.47361,46.5730651 32.4768715,46.5747761 32.4785023,46.5762511 32.4804764,46.5777851 32.4835663,46.5797909 32.4863129,46.5817377 32.4899178,46.5835075 32.4939518,46.5855721 32.5049211,46.5905978 32.5067236,46.5918954 32.510071,46.5939008 32.5129892,46.5953163 32.5174524,46.5967907 32.5220014,46.5965548 32.5267221,46.5953752 32.5337602,46.5948444 32.5413992,46.5954932 32.5462057,46.5962009 32.5486089,46.5969086 32.5537588,46.5982651 32.5564195,46.5993266 32.5603677,46.6009779 32.5667192,46.6021573 32.571429,46.602203 32.574774,46.6019929 32.5774348,46.6020518 32.5799239,46.6021698 32.5837863,46.6027595 32.5879061,46.6034082 32.5894511,46.6048234 32.591511,46.6060028 32.5936568,46.6071821 32.5958026,46.6084793 32.5972617,46.6099534 32.5998366,46.612017 32.6024974,46.6137858 32.6052439,46.6155545 32.6073897,46.6175 32.608508,46.619066 32.6109088,46.6211551 32.6152003,46.6236899 32.6218645,46.6268495 32.6261561,46.6286178 32.6293318,46.6306807 32.6315634,46.6326257 32.6339667,46.6344527 32.6360266,46.6359851 32.6377432,46.6374584 32.6390307,46.6388138 32.640404,46.6405228 32.6421206,46.6418781 32.6437514,46.6432924 32.6480429,46.6464743 32.6504462,46.6480652 32.6519053,46.6494203 32.654566,46.6527197 32.659835,46.65584 32.697648,46.666764 32.700653,46.659518 32.7057737,46.6603372 32.711564,46.662178 32.7176183,46.6622811 32.71912,46.659396 32.721878,46.658839 32.724114,46.659012 32.7273172,46.6590412 32.7307504,46.6592769 32.7353853,46.6606906 32.7377885,46.6618688 32.7399343,46.662988 32.742595,46.6652263 32.748117,46.671947 32.7495632,46.6722838 32.7535972,46.6726961 32.7604637,46.6720483 32.7645836,46.6721072 32.7772007,46.6726961 32.7853546,46.673874 32.7916202,46.6749929 32.7960834,46.6765241 32.8002033,46.6782319 32.8034649,46.6797629 32.8100738,46.6828249 32.816597,46.6844147 32.8217468,46.6855335 32.8247509,46.6864167 32.8281841,46.6878886 32.8354797,46.6914212 32.838073,46.6945079 32.8388454,46.6950966 32.8598739,46.7029845 32.8637363,46.7045149 32.8688003,46.7073989 32.8716328,46.7094589 32.8748085,46.7123426 32.8778984,46.7154028 32.8870823,46.7194631 32.8954079,46.7229347 32.9123687,46.7320473 32.9164027,46.7334004 32.9201792,46.7342828 32.924385,46.7350475 32.9297065,46.7359299 32.9338263,46.7370476 32.9370021,46.7383417 32.9430102,46.7395181 32.9487609,46.7402828 32.9627513,46.7413415 32.9753684,46.742812 32.9859256,46.7434002 32.9968261,46.7436354 33.0042075,46.7433414 33.0106448,46.7425179 33.0210303,46.7426944 33.0279826,46.7432237 33.0325316,46.7436943 33.0363082,46.7446941 33.0395697,46.7459881 33.0459053,46.7478978</coordinates>
            </LinearRing>
          </outerBoundaryIs>
        </Polygon>
      </Placemark>
      <Placemark>
        <name>Ukrainian-controlled Mykolaiv Raion, Mykolaiv Oblast.</name>
        <Polygon>
          <outerBoundaryIs>
            <LinearRing>
              <tessellate>1</tessellate>
              <coordinates>31.9838301,46.6558504 31.9870917,46.6562628 31.9856326,46.6645098 31.9987647,46.6661002 32.0073477,46.6663947 32.0079486,46.6646865 32.03258,46.666661 32.0211644,46.6774679 32.0663526,46.6833757 32.071289,46.6835872 32.0718046,46.6821323 32.088199,46.684092 32.0755813,46.729799 32.0604751,46.7285047 32.0570419,46.7445049 32.107769,46.751647 32.1138775,46.7459987 32.169223,46.751882 32.1672972,46.7628786 32.2186974,46.771565 32.2131184,46.7910197 32.2140419,46.7959087 32.2105434,46.8057677 32.2265938,46.8081176 32.228482,46.8078826 32.232746,46.809696 32.2357777,46.8107611 32.2379234,46.8114073 32.252641,46.820113 32.227427,46.8452602 32.340934,46.796116 32.369945,46.800111 32.363384,46.829392 32.4643,46.840401 32.4703533,46.8177716 32.53244,46.824816 32.526525,46.849034 32.54179,46.850578 32.533974,46.881623 32.546236,46.882594 32.5500558,46.8864199 32.5676511,46.8878277 32.5764058,46.9026664 32.57469,46.9165622 32.5684236,46.9232461 32.5690244,46.9303974 32.5709126,46.9321557 32.5146077,46.9254737 32.5085996,46.9523726 32.5432512,46.9566581 32.5261709,47.0181943 32.5405904,47.0197157 32.5450536,47.0023925 32.6093408,47.0104696 32.6057359,47.0286677 32.6177522,47.0304228 32.6005702,47.0906657 32.5797992,47.0882113 32.5733619,47.1124582 32.5643497,47.1114068 32.5525051,47.155608 32.3787837,47.1335412 32.3756938,47.1417151 32.3204189,47.1355264 32.338615,47.1579426 32.2406822,47.1452763 32.2384506,47.1425909 32.2196537,47.1481367 32.2234302,47.1507634 32.2249752,47.1514055 32.2273784,47.1534484 32.2284084,47.1550827 32.2247177,47.1567753 32.2232585,47.1578258 32.2236877,47.1591682 32.2249752,47.1623196 32.2277217,47.1635451 32.2284084,47.1643621 32.2310691,47.1670464 32.2319274,47.1682135 32.2342449,47.1688554 32.2371631,47.168797 32.2391372,47.1694972 32.2411113,47.1719479 32.2428709,47.1743693 32.2342449,47.1795034 32.2292667,47.1829453 32.2072082,47.1799993 32.2013717,47.1785408 32.1935182,47.17892 32.1906429,47.1795034 32.1146827,47.1691471 32.111507,47.1665796 32.096272,47.2113763 32.1029668,47.2124258 32.0870023,47.2726188 32.1238208,47.2775318 32.1059578,47.3421405 32.1329344,47.3459625 32.1188581,47.4211921 32.1083439,47.4201177 32.1056831,47.422673 32.0972717,47.4221213 32.0815647,47.4266798 32.0752132,47.426041 32.0749128,47.4283346 32.0728958,47.4284217 32.0700807,47.4434306 32.0581503,47.4426179 32.0493955,47.4852672 32.0493097,47.4877032 32.0671623,47.4891543 32.0817537,47.4892112 32.0835561,47.4872972 32.0960874,47.4885152 32.0985765,47.4896172 32.1051854,47.4899651 32.1069879,47.4898492 32.1087474,47.4906322 32.1111936,47.4911251 32.1121378,47.492285 32.109992,47.4935029 32.1078462,47.4957646 32.1079321,47.5001137 32.1105928,47.5011575 32.1127386,47.5002877 32.115056,47.4983741 32.1168584,47.4970404 32.1191759,47.4963445 32.1232099,47.4975043 32.1258439,47.5000384 32.1291054,47.5034015 32.1300496,47.5063006 32.1292771,47.5090255 32.1265305,47.5123301 32.1291913,47.5134895 32.1497048,47.5149388 32.1494473,47.5184748 32.1501339,47.5226482 32.153138,47.5279804 32.1550403,47.5308061 32.1593319,47.5360216 32.1606193,47.5418159 32.1624218,47.5437858 32.1574436,47.5638865 32.1219955,47.5617435 32.121223,47.565566 32.105516,47.564176 32.107576,47.5554301 32.0988298,47.554072 32.0979715,47.5516969 31.9989921,47.5326812 31.9965888,47.5419524 31.9939281,47.5449073 31.9524718,47.5402142 31.9484378,47.5590419 31.9458629,47.5600845 31.8874122,47.555219 31.8834221,47.5679422 31.8592179,47.5660311 31.8240273,47.5627878 31.8027842,47.5614268 31.8035138,47.5643805 31.8080628,47.5646701 31.8107235,47.5661759 31.8100369,47.5675658 31.8083203,47.5698243 31.8083203,47.572546 31.8050587,47.5748042 31.8060028,47.5771203 31.801883,47.5774098 31.7935574,47.5809417 31.7908966,47.5785678 31.784116,47.5778731 31.7850602,47.5635118 31.7768204,47.5616005 31.7771637,47.560558 31.7786229,47.5587045 31.7829144,47.5574882 31.7880642,47.5524486 31.7939865,47.5514059 31.7959607,47.5489728 31.7982781,47.5416728 31.8017113,47.5386019 31.8023569,47.5358653 31.7960912,47.5296646 31.7878515,47.5286794 31.7833883,47.5245645 31.7810709,47.5181886 31.7748911,47.5146525 31.7676813,47.5124496 31.761244,47.5109423 31.7536051,47.5077536 31.7493135,47.5024194 31.7453708,47.4897756 31.7456283,47.4860636 31.7451133,47.4817713 31.7427958,47.479103 31.738676,47.4768406 31.7342128,47.4761444 31.731037,47.4755063 31.7300929,47.4727796 31.7335261,47.4692985 31.733612,47.4673257 31.7313804,47.4652949 31.7301787,47.463264 31.7295779,47.461175 31.727003,47.4594921 31.7241706,47.457461 31.7245139,47.4559521 31.7271747,47.4535726 31.7284621,47.4512511 31.7291488,47.4491616 31.7279471,47.44713 31.7237414,47.4452145 31.7213382,47.4437053 31.71533,47.4431248 31.6992797,47.4413833 31.6941298,47.4405706 31.6535319,47.4352876 31.6516437,47.4462013 31.6126804,47.4412912 31.6029815,47.4397237 31.5922527,47.4264279 31.5997549,47.4228958 31.6026731,47.4173206 31.6038889,47.4145401 31.6153687,47.4047236 31.6172785,47.396837 31.6016144,47.39338 31.5929455,47.391201 31.5907568,47.3903875 31.5914863,47.3795494 31.6007131,47.3766433 31.6041899,47.3744642 31.6138673,47.3668202 31.6239499,47.3577755 31.6321896,47.3498674 31.6359662,47.3478902 31.6503783,47.3439039 31.6584464,47.340676 31.6627808,47.3369826 31.6330687,47.3249375 31.6264168,47.3223484 31.5768282,47.3032925 31.5840918,47.2940588 31.5827185,47.2869563 31.5647249,47.2761065 31.4970045,47.2960185 31.4503126,47.3022468 31.3997583,47.2993947 31.411045,47.259624 31.3682584,47.2542063 31.3688592,47.2520216 31.3668851,47.2516138 31.3687734,47.2477685 31.3583879,47.2463119 31.3564567,47.2438355 31.3246564,47.2394943 31.3237981,47.2353859 31.3295917,47.2353859 31.3461141,47.2345263 31.3532332,47.2330847 31.3584689,47.2308117 31.3604859,47.225158 31.3691582,47.19648 31.3710036,47.1901519 31.3741793,47.1769682 31.3843932,47.1456291 31.3624179,47.1423651 31.2952125,47.1458678 31.2899768,47.1617438 31.2732469,47.1593358 31.2884922,47.1064613 31.2920112,47.0934905 31.3023109,47.0826792 31.2932987,47.0815102 31.3056393,47.0477989 31.3001461,47.0470971 31.2944274,47.0478241 31.295629,47.0409225 31.2976032,47.0324406 31.2894492,47.0312706 31.2911658,47.0247764 31.2763171,47.0228456 31.2678199,47.0216168 31.26576,47.0280528 31.2364917,47.0238988 31.2365775,47.0224945 31.2297969,47.0212658 31.2305694,47.0185741 31.2321143,47.0188667 31.2370067,47.0014261 31.237865,46.9979139 31.2395816,46.9953967 31.2441306,46.9920597 31.2404399,46.9908888 31.2109142,46.9869661 31.195808,46.9854437 31.1556353,46.9799367 31.1401858,46.978707 31.1369242,46.9887783 31.1346926,46.9891882 31.1142649,46.9863192 31.1116041,46.9855581 31.0868853,46.9827014 31.0903186,46.9739173 31.0470599,46.9701691 31.0379619,46.9685291 31.0326403,46.9667719 31.0268039,46.9648976 31.0225123,46.9640775 31.0187358,46.9631403 31.0175341,46.9596256 31.0175341,46.9538844 31.0206241,46.9446269 31.0230899,46.937797 31.0239482,46.9366249 31.0256648,46.9351598 31.0269522,46.9343393 31.0292697,46.9332843 31.0321021,46.9319949 31.0355353,46.9301193 31.0381102,46.928185 31.0393977,46.9252542 31.0405135,46.917516 31.0399192,46.9013333 31.0399192,46.900307 31.0403913,46.8988702 31.0413783,46.8980784 31.0429662,46.8981957 31.0474294,46.8984303 31.0502189,46.8987822 31.0558837,46.8989875 31.0639089,46.8983717 31.0723203,46.8955565 31.0839074,46.8879314 31.1003478,46.873576 31.1115058,46.8446415 31.1127074,46.843937 31.1247237,46.8452286 31.1335722,46.8456211 31.1382071,46.8447405 31.1425845,46.843038 31.1518542,46.8380476 31.1558882,46.8350531 31.157519,46.8324695 31.1568324,46.8224862 31.1515109,46.8046292 31.1530558,46.7939356 31.1544291,46.7899984 31.1784523,46.7682599 31.1730879,46.7602932 31.1647436,46.7545673 31.1538431,46.7470397 31.153414,46.7444519 31.1525557,46.7389818 31.1556456,46.7328051 31.1560747,46.7252157 31.1576197,46.7219208 31.1620829,46.7162129 31.1687777,46.7123878 31.1791872,46.7089683 31.1791014,46.6794742 31.1835646,46.6705816 31.1856084,46.6615918 31.1937623,46.6606198 31.1974101,46.6595889 31.196981,46.6568496 31.1908441,46.654935 31.1828618,46.6539334 31.1796432,46.6526668 31.177712,46.6504279 31.178742,46.6486309 31.1806731,46.6480417 31.1830335,46.6480122 31.1869817,46.6480417 31.1901611,46.6468992 31.1909336,46.6448663 31.1913198,46.6430691 31.1935085,46.6403879 31.1923927,46.6387968 31.190719,46.638178 31.1879295,46.6373824 31.1862129,46.636852 31.1829943,46.6358207 31.1817926,46.635526 31.179089,46.6349956 31.178059,46.6344357 31.1769861,46.6323729 31.1774153,46.6305753 31.1771873,46.6270869 31.1822513,46.6267037 31.1916069,46.6255248 31.203194,46.6233438 31.2202801,46.6182139 31.2244858,46.6158557 31.2280049,46.6136743 31.2316956,46.6122593 31.2346997,46.6113749 31.2377037,46.6107263 31.2413944,46.6100188 31.2450852,46.6099598 31.2476601,46.6099008 31.2508358,46.609665 31.2546124,46.6093112 31.2589039,46.6090754 31.2618222,46.609665 31.2645687,46.6104315 31.2661137,46.6107853 31.2734951,46.6120235 31.2782158,46.6123772 31.2827648,46.6120235 31.2936653,46.6116107 31.3050808,46.6091343 31.31766,46.6066247 31.3237111,46.605976 31.3305346,46.6055928 31.3348262,46.6049736 31.3383023,46.6037647 31.3414351,46.6029392 31.3440959,46.6022905 31.3461558,46.6017598 31.3483016,46.6010816 31.3504903,46.6006393 31.3522069,46.6012585 31.351124,46.6026636 31.3514673,46.6036661 31.3533985,46.6054352 31.3523256,46.6070567 31.3529264,46.6080002 31.3540851,46.6095627 31.3536989,46.6107714 31.3541281,46.6119801 31.3545572,46.612953 31.3539993,46.6146628 31.3550225,46.616855 31.357812,46.6186236 31.3588849,46.619449 31.3606873,46.6203038 31.3627473,46.6209228 31.3652364,46.6219544 31.3681975,46.6228681 31.370987,46.6234281 31.3746777,46.6236934 31.3805571,46.6238702 31.3849774,46.6238997 31.3896981,46.6234576 31.3991459,46.6217367 31.4043815,46.6195556 31.4080723,46.6183176 31.4105614,46.6183176 31.4128788,46.6201451 31.4185436,46.6260399 31.421937,46.626034 31.4244659,46.6252736 31.4303024,46.6247431 31.4326198,46.624802 31.4363106,46.6249789 31.4407738,46.6251557 31.443692,46.6261578 31.447514,46.626741 31.4513309,46.6271009 31.455365,46.6273367 31.4596565,46.6275135 31.4646347,46.6271598 31.471587,46.6266293 31.4783676,46.6262757 31.4842041,46.6260399 31.4889248,46.6255683 31.4945038,46.624802 31.503001,46.6229157 31.5102108,46.6210293 31.5191372,46.6186713 31.5269916,46.6138838 31.528279,46.6131763 31.5294807,46.6129699 31.530811,46.6120855 31.5319268,46.6109653 31.5345447,46.6094912 31.5361755,46.6095207 31.5378492,46.6087247 31.5387933,46.6073685 31.5402524,46.6066609 31.5424411,46.6059533 31.5437715,46.6049509 31.5457027,46.6032998 31.5469901,46.6023562 31.5490071,46.6009114 31.5503804,46.6004986 31.551625,46.6012063 31.5529983,46.6023857 31.5544145,46.6029459 31.5564315,46.6029754 31.5570102,46.6069635 31.5574822,46.6087324 31.5585551,46.6105308 31.5591559,46.61171 31.5590272,46.6127713 31.559628,46.61398 31.5609584,46.6145695 31.5619454,46.6156013 31.5634475,46.6171931 31.5645633,46.6174878 31.5656361,46.6186669 31.5642629,46.6191091 31.5646062,46.6203176 31.5675244,46.6244145 31.5700564,46.6256229 31.5738577,46.6288969 31.576261,46.6300462 31.5791792,46.6305767 31.5813679,46.6306651 31.5830416,46.6319028 31.5849728,46.633111 31.5861315,46.6340246 31.5880198,46.6355863 31.5892076,46.6396193 31.5923833,46.641564 31.6005372,46.6445103 31.6050004,46.6462191 31.6134976,46.6473386 31.6190766,46.6480457 31.6247415,46.6492241 31.6323804,46.6493419 31.63823,46.649489 31.645255,46.6499311 31.6516923,46.6500489 31.6603612,46.6482814 31.6925149,46.641655 31.6999392,46.6396514 31.7109685,46.6353788 31.7265896,46.6288367 31.7398505,46.6265968 31.7419962,46.626479 31.7447428,46.6268031 31.7477898,46.6270389 31.7504506,46.62698 31.759334,46.6263611 31.7634539,46.6255948 31.7672734,46.6253295 31.7713933,46.624858 31.7812638,46.6207316 31.790431,46.6152659 31.7955808,46.6095468 31.7976408,46.6097237 31.7998568,46.6124696 31.8011443,46.6132951 31.8047492,46.6143563 31.8092124,46.616184 31.8130748,46.617481 31.8164222,46.6187779 31.8212287,46.6203107 31.8280093,46.6223739 31.8333308,46.6236118 31.8390815,46.6248497 31.8453471,46.6260286 31.8546168,46.6274433 31.8601958,46.629742 31.8668048,46.6316281 31.8772761,46.6335731 31.8849024,46.6371812 31.8883356,46.6390081 31.8908247,46.6404814 31.8946871,46.6434277 31.8968328,46.6459026 31.8996652,46.6494379 31.9026693,46.652914 31.9043001,46.6553295 31.9042143,46.6579216 31.9037851,46.6599245 31.9009527,46.6649903 31.9008879,46.6684312 31.9002013,46.6718473 31.899858,46.6764998 31.9000296,46.6809163 31.9024329,46.6838605 31.9051795,46.6868045 31.9068961,46.6893951 31.9070678,46.6918678 31.9075827,46.6974605 31.908441,46.7001094 31.9097285,46.7040532 31.9090034,46.7123378 31.9085742,46.7146329 31.9115783,46.7170456 31.9131233,46.7193406 31.9150974,46.7220473 31.9156123,46.7239301 31.9175865,46.7258718 31.9195606,46.7274015 31.9241096,46.7291665 31.9435932,46.7372847 31.9503738,46.7397553 31.9533779,46.7399906 31.9550945,46.7382847 31.9568969,46.7366965 31.9600726,46.7332258 31.9624759,46.7306373 31.96445,46.7285193 31.9662525,46.7268131 31.9690849,46.7244008 31.9696857,46.7220473 31.970544,46.7198113 31.9735518,46.7150255 31.9738522,46.7142604 31.9748392,46.7127892 31.9753542,46.7119947 31.9761267,46.7104351 31.9762554,46.7093169 31.975955,46.7074335 31.9747105,46.703284 31.974453,46.7015476 31.9743242,46.7003998 31.9744959,46.698781 31.9747534,46.6971327 31.9743242,46.6929824 31.9729939,46.6904803 31.9727364,46.6890379 31.9723931,46.6879781 31.9717493,46.6861234 31.9720094,46.6850077 31.9715373,46.6832118 31.9708936,46.6822108 31.9693486,46.6810625 31.969177,46.6801792 31.969692,46.6794137 31.9704644,46.6783832 31.9711511,46.6774704 31.9719665,46.676646 31.9733398,46.6746437 31.9741552,46.6724941 31.9777171,46.6649256 31.9814937,46.6585049 31.9838301,46.6558504</coordinates>
            </LinearRing>
          </outerBoundaryIs>
        </Polygon>
      </Placemark>
      <Placemark>
        <name>Ukrainian-controlled Bashtanka Raion, Mykolaiv Oblast. </name>
        <Polygon>
          <outerBoundaryIs>
            <LinearRing>
              <tessellate>1</tessellate>
              <coordinates>32.121223,47.565566 32.1219955,47.5617435 32.1574436,47.5638865 32.1624218,47.5437858 32.1606193,47.5418159 32.1593319,47.5360216 32.1555248,47.5299378 32.1510616,47.5233887 32.1494473,47.5184748 32.1502891,47.5150997 32.1291913,47.5134895 32.1265305,47.5123301 32.1298084,47.5090156 32.1300496,47.5063006 32.1291054,47.5034015 32.1232099,47.4975043 32.1191759,47.4963445 32.1168584,47.4970404 32.1130714,47.4996806 32.1105928,47.5011575 32.1079321,47.5001137 32.1078462,47.4957646 32.109992,47.4935029 32.1121378,47.492285 32.1111936,47.4911251 32.1093807,47.4907499 32.1069879,47.4898492 32.1051854,47.4899651 32.0996819,47.4895899 32.0960874,47.4885152 32.0835561,47.4872972 32.0817537,47.4892112 32.0671623,47.4891543 32.0493097,47.4877032 32.0493955,47.4852672 32.0581503,47.4426179 32.0700807,47.4434306 32.0728958,47.4284217 32.0749128,47.4283346 32.0752132,47.426041 32.0815647,47.4266798 32.0972717,47.4221213 32.1056831,47.422673 32.1097671,47.4201054 32.1188581,47.4211921 32.1329344,47.3459625 32.1059578,47.3421405 32.1238208,47.2775318 32.0870023,47.2726188 32.1029668,47.2124258 32.096272,47.2113763 32.111507,47.1665796 32.1146827,47.1691471 32.1906429,47.1795034 32.1935182,47.17892 32.2013717,47.1785408 32.2072082,47.1799993 32.2292667,47.1829453 32.2432986,47.1736233 32.2391372,47.1694972 32.2371631,47.168797 32.2342449,47.1688554 32.2310691,47.1670464 32.2277217,47.1635451 32.2249752,47.1623196 32.2232585,47.1578258 32.2284084,47.1550827 32.2249752,47.1514055 32.2234302,47.1507634 32.2196537,47.1481367 32.2384506,47.1425909 32.2406822,47.1452763 32.338615,47.1579426 32.3204189,47.1355264 32.3756938,47.1417151 32.3787837,47.1335412 32.5525051,47.155608 32.5643497,47.1114068 32.5733619,47.1124582 32.5797992,47.0882113 32.6005702,47.0906657 32.6177522,47.0304228 32.6057359,47.0286677 32.6093408,47.0104696 32.5450536,47.0023925 32.5405904,47.0197157 32.5267048,47.0174883 32.5430127,46.9558927 32.5085996,46.9523726 32.5146077,46.9254737 32.5714305,46.9321996 32.5690244,46.9303974 32.5678257,46.9234073 32.57469,46.9165622 32.5764058,46.9026664 32.5676511,46.8878277 32.5500558,46.8864199 32.546236,46.882594 32.5465688,46.8691041 32.5721463,46.8726834 32.5730904,46.8683999 32.5727865,46.8632162 32.5776395,46.862825 32.5787947,46.8582863 32.5839051,46.8594211 32.5855359,46.8553713 32.6114935,46.8575638 32.6129526,46.8547465 32.6185316,46.8537487 32.6895136,46.8626111 32.6964443,46.8361677 32.695591,46.835042 32.698597,46.82177 32.7007359,46.8208407 32.7034015,46.8208307 32.7069157,46.8214281 32.7093189,46.8235424 32.7453678,46.827066 32.7478569,46.8260677 32.7648514,46.827712 32.7679413,46.8203121 32.7723187,46.8204296 32.7789068,46.8246925 32.7740353,46.8305307 32.814719,46.8343475 32.8136032,46.8400428 32.8357841,46.8429747 32.8359987,46.842417 32.8929903,46.8492561 32.8940203,46.8499605 32.949381,46.8577671 32.9462911,46.8685654 32.9201128,46.8662768 32.916343,46.882892 32.8591169,46.8765135 32.8388552,46.8814281 32.8358568,46.8839056 32.8412585,46.8903446 32.8422083,46.8927044 32.839805,46.8968686 32.8410925,46.8993318 32.9264739,46.9098411 32.9209093,46.9270509 32.9442838,46.929744 32.9483178,46.9292165 32.954326,46.9303887 32.9706338,46.932616 32.9798177,46.9332607 32.9760953,46.9487937 32.949359,46.9457175 32.9424925,46.9713178 32.9340995,46.9852739 32.9503215,47.0030709 33.022062,46.972701 33.067141,47.02241 32.9332034,47.080326 32.9187865,47.0842125 32.913634,47.0906119 32.909431,47.0964843 32.9132933,47.1030281 32.9126067,47.1114405 32.9078583,47.123347 32.9115741,47.1270642 32.917071,47.1334558 32.9157547,47.1392297 32.916098,47.1441337 32.921353,47.147402 32.928286,47.1502047 32.9370407,47.1560415 32.9516319,47.170164 32.9620501,47.1898915 32.9738089,47.1902415 32.9855677,47.1915247 32.99046,47.1933911 32.9908034,47.1886083 32.9963786,47.1907639 33.0008456,47.1922829 33.0015322,47.1963072 33.0064245,47.1960739 33.0113169,47.1915247 33.0130335,47.1888416 33.013291,47.1844084 33.0153509,47.1806749 33.0186946,47.1790972 33.0224749,47.1775245 33.0308005,47.1769411 33.0368944,47.178808 33.0374953,47.1816083 33.035607,47.1851084 33.0383536,47.18855 33.0509669,47.1909389 33.056893,47.1936827 33.0657298,47.2023114 33.06746,47.2064134 33.0665022,47.2195114 33.0685758,47.221222 33.073528,47.222828 33.0780172,47.2209889 33.0878282,47.2215315 33.0922651,47.2233789 33.0987882,47.2227377 33.1031656,47.2199979 33.1069684,47.2157601 33.1050538,47.212419 33.1069421,47.2095037 33.1107187,47.207288 33.115096,47.2050139 33.1188726,47.2043725 33.126769,47.2022732 33.1356954,47.2060052 33.138957,47.2061802 33.1429052,47.2083959 33.1416177,47.2104949 33.1339629,47.2134536 33.1284856,47.2201145 33.126324,47.2285517 33.1275256,47.2309413 33.1313614,47.2330557 33.1363395,47.2327643 33.1392844,47.2316407 33.1438335,47.2309413 33.1495841,47.2321653 33.1511882,47.2339881 33.1525024,47.2347296 33.158398,47.2359696 33.1635479,47.236261 33.1592563,47.2319483 33.1625446,47.2322236 33.1664661,47.2341047 33.1717018,47.2334053 33.1734184,47.2343961 33.1743625,47.2357948 33.1781391,47.2378345 33.1820015,47.2370186 33.1838039,47.2384172 33.1364159,47.26777 33.1401066,47.2717885 33.1194214,47.277612 33.1183056,47.2815716 33.1050018,47.2793589 33.1013868,47.2907972 33.1097124,47.2933005 33.1109998,47.2948141 33.1109998,47.3015081 33.1013868,47.3221087 33.1328446,47.3284751 33.1328446,47.3319365 33.1388527,47.3329836 33.1314713,47.3496468 33.1211332,47.3890844 33.038418,47.379011 33.0284732,47.4233377 33.0380189,47.425808 33.0332982,47.4410777 33.0547559,47.4429934 33.0477178,47.4681807 33.07142,47.476586 33.0708921,47.4716619 33.0715389,47.4122521 33.1253976,47.4183505 33.1273288,47.4178859 33.1377777,47.4194064 33.1241355,47.4768062 33.1282983,47.4771543 33.1270108,47.4798517 33.1307444,47.4807799 33.123062,47.5082475 33.1469658,47.5145956 33.1406849,47.5432852 33.0947136,47.527491 33.0885338,47.5537964 33.0924262,47.5792248 33.0946096,47.5970014 33.0711779,47.5963068 33.0371889,47.5940495 32.9923853,47.5915605 32.9606279,47.590287 32.9604563,47.5911553 32.9598555,47.5942231 32.9608854,47.5976381 32.9650911,47.5992586 32.9681411,47.6016305 32.9710593,47.6029037 32.9702869,47.6047556 32.9721751,47.6048135 32.9734626,47.6035403 32.9756942,47.602788 32.9764667,47.6036561 32.9771533,47.605508 32.9787841,47.6066653 32.9812732,47.6064917 32.9805007,47.603251 32.9823032,47.6030195 32.9860797,47.6044084 32.9904571,47.6058552 32.9906287,47.6082278 32.9889979,47.6103109 32.9877963,47.6150556 32.9895988,47.6163863 32.9934611,47.6162706 32.9962077,47.6156342 32.9997268,47.6145349 33.00419,47.6149399 33.0073657,47.6171385 33.0093398,47.6179485 33.0123439,47.6184113 33.015348,47.6203205 33.0134597,47.623618 33.0093398,47.6255849 33.0074515,47.625527 33.0053058,47.6238494 33.0024734,47.622461 32.9994693,47.6219982 32.9938045,47.6234445 32.9950061,47.6270889 32.9928603,47.6335672 32.972519,47.7226192 33.0053995,47.7260628 33.005142,47.731865 33.0723794,47.738753 33.071564,47.7420431 33.0708774,47.7441786 33.0669292,47.7617791 33.0652555,47.7626734 33.0560716,47.761404 33.0502667,47.7817795 33.0665745,47.7833078 33.0685057,47.7848073 33.0674328,47.7856435 33.056771,47.8314303 33.0818764,47.8349738 33.0700714,47.8824277 33.0859501,47.8852482 33.0860359,47.8870901 33.0780927,47.9202475 33.0629436,47.918263 33.0630723,47.919356 33.0547468,47.9161922 33.0411855,47.9143801 33.0345336,47.9128844 33.0150501,47.9097202 33.0142347,47.9107845 33.0108444,47.9128556 33.0097286,47.9120214 33.0078403,47.9125967 33.0081407,47.9138336 33.00342,47.9160196 33.0029909,47.917055 33.0026475,47.9182055 33.0018751,47.9191834 33.0007593,47.9206214 32.9997293,47.9225195 32.9992143,47.9237274 32.9986135,47.9252228 32.9979268,47.9265457 32.997326,47.9276959 32.9974119,47.9288462 32.9954378,47.931089 32.992777,47.935287 33.0073682,47.9368396 33.0017205,47.9673291 32.9982015,47.9676739 32.9966565,47.9681911 32.9951974,47.9711218 32.9949399,47.9759486 32.9957982,47.9860316 32.9970857,47.9865486 32.9976436,47.9861178 33.0006047,47.9867497 33.0042096,47.9885592 32.9898684,48.0483586 32.9832594,48.0470963 32.9649927,48.0392931 32.9513456,48.0356776 32.9453374,48.0421625 32.9281713,48.0399818 32.9128934,48.0381454 32.9154684,48.0318321 32.8830244,48.0276994 32.8795911,48.0279864 32.8772737,48.0330948 32.8701498,48.0321191 32.8719522,48.0244849 32.8755571,48.0238534 32.8787328,48.0221312 32.8856851,48.0201793 32.8896333,48.0061695 32.8890325,48.0053081 32.8948474,47.9849941 32.8673816,47.9829833 32.8654933,47.9835578 32.8645492,47.985109 32.8111625,47.9787892 32.8107333,47.975744 32.8069568,47.975744 32.8022361,47.9743075 32.8006053,47.9766059 32.8013778,47.9805129 32.7976012,47.9805703 32.7954555,47.9822939 32.7941449,47.9840995 32.7951749,47.9854495 32.7935012,47.9865411 32.7924283,47.989241 32.791055,47.9898154 32.791055,47.9908494 32.7898534,47.9908494 32.7883367,47.9924374 32.7641753,47.9894504 32.7640895,47.9900823 32.7300147,47.9863771 32.7296714,47.9869228 32.6895885,47.9820396 32.696927,47.9466946 32.7368812,47.9517536 32.7383403,47.9513799 32.7421169,47.9518973 32.7407436,47.9502877 32.737482,47.9477294 32.7373532,47.9460909 32.7356366,47.9437337 32.7387265,47.9424688 32.7391557,47.9404564 32.7413873,47.9387314 32.7461938,47.9326361 32.6508016,47.9212833 32.6544995,47.9072032 32.6555295,47.9067717 32.6563878,47.9047579 32.6629967,47.9055922 32.6653142,47.9052182 32.6666874,47.9061964 32.6765683,47.9070957 32.6794007,47.8947817 32.6815465,47.892192 32.6804307,47.8917891 32.6810315,47.8909834 32.6856843,47.8733377 32.66457,47.8709195 32.6694623,47.8531833 32.6749555,47.8575027 32.6776162,47.8549111 32.6804486,47.8521465 32.6769305,47.8496505 32.673626,47.8430261 32.6719094,47.8417876 32.666545,47.8401169 32.6642705,47.8391087 32.6570607,47.8260583 32.6590777,47.8197479 32.6335431,47.8167221 32.631569,47.8163763 32.6309682,47.8157711 32.6243592,47.8148489 32.6244021,47.8130909 32.5817632,47.8079661 32.5384616,47.8026337 32.5364017,47.8034984 32.5294677,47.8025688 32.5226441,47.8024535 32.5227729,47.8014446 32.5104132,47.7990231 32.5081387,47.7993114 32.5026885,47.7991096 32.4942771,47.7975241 32.4261564,47.7894133 32.4250836,47.800484 32.4243111,47.8010317 32.4210924,47.8018677 32.4187321,47.8012047 32.417273,47.7993021 32.4155134,47.7976012 32.4093967,47.7959691 32.4071222,47.7953637 32.4034744,47.7948736 32.4006849,47.7950754 32.396093,47.7976988 32.3975092,47.7985925 32.3990541,47.7985925 32.4007707,47.7982754 32.4024015,47.7984195 32.4048477,47.7991691 32.403689,47.8000339 32.4012428,47.8002645 32.3987537,47.8001492 32.3956209,47.7996879 32.3939043,47.7993132 32.3902136,47.7980448 32.3881107,47.7975259 32.3870378,47.7985637 32.3848062,47.7985348 32.3776394,47.7963727 32.3754936,47.7949601 32.3730045,47.794124 32.3708158,47.7934609 32.3693138,47.7921923 32.3686701,47.7906354 32.3672968,47.7893379 32.3648077,47.7884729 32.3616319,47.7891938 32.3589712,47.7905201 32.3551088,47.7923365 32.3511177,47.7940952 32.3475986,47.7963727 32.3440367,47.7983619 32.3409467,47.7996879 32.3385435,47.8005528 32.336269,47.8018211 32.3333936,47.8032048 32.3314625,47.8046172 32.3294025,47.8062313 32.3291403,47.8081315 32.3288399,47.8097167 32.328282,47.8108408 32.3270374,47.8126277 32.32575,47.8133482 32.3237329,47.8136652 32.3214584,47.814328 32.3211151,47.8147891 32.3193985,47.8168352 32.3173385,47.8179591 32.3151499,47.8185354 32.3121458,47.8190541 32.3087984,47.8193423 32.3073822,47.8208407 32.303949,47.822512 32.3020607,47.8240392 32.2984129,47.8244426 32.2973829,47.822829 32.2946363,47.8219933 32.2890573,47.8216764 32.2366148,47.8150197 32.2398816,47.7939394 32.2230158,47.7914887 32.2278349,47.7731292 32.2270409,47.7720476 32.2277276,47.771341 32.2283499,47.7713121 32.2313515,47.7601128 32.2078339,47.7572855 32.2207297,47.7115595 32.2006453,47.7094804 32.1768702,47.7069968 32.1893157,47.6479932 32.1859683,47.6472993 32.1930922,47.6159496 32.2173823,47.6182639 32.2235621,47.5937852 32.1757544,47.5885176 32.1705187,47.6138088 32.149576,47.6117258 32.1547483,47.5903069 32.1170687,47.5857915 32.1177553,47.5838232 32.112863,47.5830706 32.1150087,47.5752542 32.1186136,47.5754279 32.121223,47.565566</coordinates>
            </LinearRing>
          </outerBoundaryIs>
        </Polygon>
      </Placemark>
    </Folder>
    <Folder>
      <name>Confirmed Russian advances</name>
      <Placemark>
        <name>Polygon 20</name>
        <Polygon>
          <outerBoundaryIs>
            <LinearRing>
              <tessellate>1</tessellate>
              <coordinates>38.0001159,48.8397945 38.006859,48.8404003 38.0098415,48.8462749 38.0024762,48.8601554 38.0019896,48.8611001 38.0121489,48.8636338 38.0104938,48.8740094 37.9927188,48.8747174 37.9876119,48.8758182 37.9854567,48.8717588 37.9853615,48.869393 37.9859409,48.8681861 37.9882905,48.8680485 37.9883227,48.864495 37.9868876,48.8632926 37.9860534,48.8629371 37.9790636,48.8630729 37.9785593,48.8626669 37.9823897,48.8605672 37.9837736,48.8586649 37.9808723,48.8563607 37.9827781,48.8557224 37.9858464,48.8538658 37.9838938,48.8505407 37.9845912,48.8492205 37.9863186,48.8475049 37.9884805,48.8466012 37.9895695,48.8460929 37.9923482,48.8453021 37.9962106,48.8451044 37.9988284,48.8441724 38.0001159,48.8397945</coordinates>
            </LinearRing>
          </outerBoundaryIs>
        </Polygon>
      </Placemark>
      <Placemark>
        <name>Polygon 20</name>
        <Polygon>
          <outerBoundaryIs>
            <LinearRing>
              <tessellate>1</tessellate>
              <coordinates>38.0040515,48.8368856 37.9995989,48.8376977 37.9980647,48.8339902 38.0025494,48.8331286 38.0083044,48.8320685 38.0106218,48.8357973 38.0040515,48.8368856</coordinates>
            </LinearRing>
          </outerBoundaryIs>
        </Polygon>
      </Placemark>
      <Placemark>
        <name>Polygon 21</name>
        <Polygon>
          <outerBoundaryIs>
            <LinearRing>
              <tessellate>1</tessellate>
              <coordinates>38.0133684,48.8256554 38.0109297,48.8233621 38.0053507,48.8212147 38.0116164,48.8163827 38.0130059,48.8175507 38.0146608,48.8212958 38.0173595,48.8246947 38.0133684,48.8256554</coordinates>
            </LinearRing>
          </outerBoundaryIs>
        </Polygon>
      </Placemark>
      <Placemark>
        <name>Polygon 37</name>
        <Polygon>
          <outerBoundaryIs>
            <LinearRing>
              <tessellate>1</tessellate>
              <coordinates>37.9246596,48.9001985 37.9331996,48.8993132 37.9342296,48.9001313 37.9349591,48.9013444 37.9364183,48.9033756 37.9376628,48.9045603 37.9392077,48.9057451 37.9404094,48.9065913 37.9413106,48.9073247 37.9435422,48.9085094 37.9450013,48.9094684 37.945556,48.9104414 37.9449122,48.9108363 37.9431527,48.9103286 37.9406207,48.9099901 37.9327162,48.9073318 37.927406,48.902501 37.9246596,48.9001985</coordinates>
            </LinearRing>
          </outerBoundaryIs>
        </Polygon>
      </Placemark>
      <Placemark>
        <name>Polygon 42</name>
        <Polygon>
          <outerBoundaryIs>
            <LinearRing>
              <tessellate>1</tessellate>
              <coordinates>37.9021501,48.899846 37.9033707,48.8987334 37.903435,48.8975344 37.9056666,48.8967021 37.9081343,48.896166 37.9094646,48.8959968 37.9138773,48.8967493 37.9117315,48.8970314 37.9113882,48.8978778 37.9111736,48.8990909 37.907233,48.8999183 37.9052142,48.9005922 37.9031372,48.9005371 37.9021501,48.899846</coordinates>
            </LinearRing>
          </outerBoundaryIs>
        </Polygon>
      </Placemark>
      <Placemark>
        <name>Polygon 27</name>
        <Polygon>
          <outerBoundaryIs>
            <LinearRing>
              <tessellate>1</tessellate>
              <coordinates>37.794148,48.6436052 37.7870515,48.6465071 37.7852061,48.6495409 37.7820733,48.651242 37.7788117,48.6515823 37.7770522,48.6509302 37.7750352,48.6477263 37.7735331,48.6409777 37.7793401,48.6412662 37.7810567,48.6418617 37.7924599,48.6425742 37.794148,48.6436052</coordinates>
            </LinearRing>
          </outerBoundaryIs>
        </Polygon>
      </Placemark>
      <Placemark>
        <name>Polygon 32</name>
        <Polygon>
          <outerBoundaryIs>
            <LinearRing>
              <tessellate>1</tessellate>
              <coordinates>37.9992199,48.8024616 37.9922266,48.8024772 37.9853601,48.8013465 37.9822702,48.800442 37.9872913,48.791763 37.9900263,48.794259 37.9993057,48.7991261 37.9992199,48.8024616</coordinates>
            </LinearRing>
          </outerBoundaryIs>
        </Polygon>
      </Placemark>
      <Placemark>
        <name>Polygon 36</name>
        <Polygon>
          <outerBoundaryIs>
            <LinearRing>
              <tessellate>1</tessellate>
              <coordinates>37.8013253,49.1923354 37.7881503,49.1944107 37.7854037,49.1946351 37.7814984,49.1937096 37.7780223,49.1892222 37.7754902,49.1854145 37.7781028,49.1846835 37.7828351,49.1821714 37.7925541,49.1790242 37.79845,49.1869502 37.8013253,49.1923354</coordinates>
            </LinearRing>
          </outerBoundaryIs>
        </Polygon>
      </Placemark>
      <Placemark>
        <name>Polygon 26</name>
        <Polygon>
          <outerBoundaryIs>
            <LinearRing>
              <tessellate>1</tessellate>
              <coordinates>36.8628197,50.2287005 36.8667208,50.2251546 36.8697678,50.223315 36.878265,50.2226285 36.8855177,50.222656 36.8880497,50.2238092 36.8920409,50.2236719 36.8930279,50.2257311 36.8935429,50.2274608 36.8900743,50.2265662 36.8806683,50.2266921 36.8774388,50.2264781 36.8727719,50.2271588 36.869167,50.227955 36.8628197,50.2287005</coordinates>
            </LinearRing>
          </outerBoundaryIs>
        </Polygon>
      </Placemark>
      <Placemark>
        <name>Polygon 27</name>
        <Polygon>
          <outerBoundaryIs>
            <LinearRing>
              <tessellate>1</tessellate>
              <coordinates>36.7995976,50.2488424 36.8047473,50.2452787 36.8066356,50.2434673 36.8111506,50.2437151 36.8085757,50.2464596 36.8036101,50.2483621 36.7995976,50.2488424</coordinates>
            </LinearRing>
          </outerBoundaryIs>
        </Polygon>
      </Placemark>
      <Placemark>
        <name>Polygon 28</name>
        <Polygon>
          <outerBoundaryIs>
            <LinearRing>
              <tessellate>1</tessellate>
              <coordinates>37.9564171,49.3339549 37.9559279,49.3354662 37.9487988,49.3376746 37.9407307,49.3378423 37.9391842,49.3395247 37.9322749,49.3386858 37.9272447,49.3373952 37.9234682,49.3372834 37.9249387,49.3353811 37.930346,49.3326684 37.9318051,49.3325845 37.9361396,49.3336752 37.9385643,49.3337871 37.9416328,49.3336612 37.9515247,49.3333396 37.9564171,49.3339549</coordinates>
            </LinearRing>
          </outerBoundaryIs>
        </Polygon>
      </Placemark>
      <Placemark>
        <name>Polygon 29</name>
        <Polygon>
          <outerBoundaryIs>
            <LinearRing>
              <tessellate>1</tessellate>
              <coordinates>37.9332332,48.7415168 37.9323258,48.7423929 37.9332699,48.7447135 37.9490417,48.7427424 37.9559934,48.7427041 37.9566698,48.7544576 37.9556913,48.759074 37.9513998,48.762582 37.9503698,48.7706154 37.9469154,48.7735239 37.9438469,48.7751078 37.9431011,48.7782399 37.9318647,48.7742026 37.9416494,48.7628035 37.9383449,48.7575132 37.9389457,48.7512603 37.9318322,48.7462699 37.9267578,48.7465348 37.9225687,48.746738 37.9189209,48.7448137 37.916346,48.7425215 37.9194788,48.7411913 37.9250364,48.7423375 37.92877,48.7351629 37.9363093,48.7253731 37.9379919,48.7261723 37.9436567,48.7293853 37.9457381,48.7301638 37.9404157,48.7373227 37.9379048,48.7392797 37.9332332,48.7415168</coordinates>
            </LinearRing>
          </outerBoundaryIs>
        </Polygon>
      </Placemark>
      <Placemark>
        <name>Polygon 28</name>
        <Polygon>
          <outerBoundaryIs>
            <LinearRing>
              <tessellate>1</tessellate>
              <coordinates>37.760077,49.485273 37.7544548,49.4757944 37.7528883,49.4730267 37.7534677,49.4721343 37.7540363,49.4719112 37.759508,49.469234 37.7600445,49.4686553 37.7657093,49.4675258 37.7689387,49.4667239 37.7704419,49.4611481 37.7812101,49.4587101 37.7936583,49.4773114 37.7601411,49.4853807 37.760077,49.485273</coordinates>
            </LinearRing>
          </outerBoundaryIs>
        </Polygon>
      </Placemark>
      <Placemark>
        <name>Polygon 30</name>
        <Polygon>
          <outerBoundaryIs>
            <LinearRing>
              <tessellate>1</tessellate>
              <coordinates>37.9679571,48.8945771 37.9675197,48.8963362 37.9672563,48.9013024 37.9672885,48.9020121 37.965331,48.9022325 37.9616648,48.9022318 37.9564955,48.9078974 37.9530572,48.8999615 37.9514264,48.8979725 37.946476,48.8961922 37.9466757,48.8932408 37.946731,48.8923936 37.9470008,48.8921389 37.9535486,48.8927018 37.9573531,48.8935594 37.9616788,48.8947526 37.964657,48.8944392 37.9679571,48.8945771</coordinates>
            </LinearRing>
          </outerBoundaryIs>
        </Polygon>
      </Placemark>
      <Placemark>
        <name>Polygon 31</name>
        <Polygon>
          <outerBoundaryIs>
            <LinearRing>
              <tessellate>1</tessellate>
              <coordinates>37.6620529,48.4657254 37.6678035,48.4691969 37.6696236,48.4694771 37.6665855,48.4754215 37.6671565,48.476623 37.6661398,48.4833586 37.6657893,48.4887795 37.6723964,48.4895658 37.6720093,48.4919216 37.661494,48.4911769 37.658057,48.4881702 37.6563971,48.4832296 37.6560791,48.4773824 37.6539673,48.4690659 37.65601,48.4625608 37.6566108,48.4578651 37.6516376,48.4560926 37.6533114,48.4532316 37.6493202,48.4507268 37.6376473,48.4478803 37.6334644,48.4429585 37.6365543,48.4368089 37.6438499,48.4356131 37.6582947,48.4322352 37.6658047,48.4336802 37.6663178,48.4342241 37.6680523,48.4374298 37.6717467,48.4411448 37.6733131,48.4438778 37.6734487,48.4456649 37.672762,48.449394 37.6703657,48.4500163 37.6699145,48.4527136 37.6668594,48.4600909 37.6620529,48.4657254</coordinates>
            </LinearRing>
          </outerBoundaryIs>
        </Polygon>
      </Placemark>
      <Placemark>
        <name>Polygon 32</name>
        <Polygon>
          <outerBoundaryIs>
            <LinearRing>
              <tessellate>1</tessellate>
              <coordinates>37.6995464,48.4558639 37.695285,48.4599427 37.6945984,48.4609956 37.6825391,48.4599996 37.6767885,48.4598004 37.6771989,48.457695 37.6838937,48.4583211 37.6874443,48.4551239 37.6947399,48.4560062 37.6995464,48.4558639</coordinates>
            </LinearRing>
          </outerBoundaryIs>
        </Polygon>
      </Placemark>
      <Placemark>
        <name>Polygon 33</name>
        <Polygon>
          <outerBoundaryIs>
            <LinearRing>
              <tessellate>1</tessellate>
              <coordinates>34.3229781,51.7141135 34.3384276,51.712199 34.3490706,51.712199 34.3489042,51.7166028 34.3485634,51.7179272 34.3477077,51.7186136 34.3442219,51.7187774 34.3416803,51.7187816 34.3378846,51.7191089 34.332782,51.7206141 34.3306198,51.7210695 34.3284575,51.7218971 34.3269389,51.72315 34.3258493,51.7246687 34.3239998,51.7258926 34.3217682,51.7270889 34.3183564,51.7268363 34.3135713,51.7268097 34.3111252,51.7278331 34.3098591,51.7285907 34.3082284,51.7289496 34.307413,51.728604 34.306898,51.7266104 34.3065547,51.724404 34.3028425,51.7236463 34.3011044,51.7236065 34.2996668,51.7233007 34.2988299,51.7227425 34.2983364,51.7219848 34.2978643,51.7214265 34.2973493,51.7209879 34.29677,51.7205093 34.2956971,51.719951 34.2954181,51.7196585 34.2948602,51.7189141 34.2941629,51.7173654 34.2936908,51.7169134 34.2935299,51.7165678 34.2930358,51.7150721 34.2924887,51.7148527 34.2918986,51.7145669 34.2918986,51.7140284 34.2908793,51.7132174 34.2892915,51.7126657 34.2876714,51.710565 34.2854827,51.7062104 34.2860477,51.7028667 34.3003798,51.706111 34.3040953,51.713688 34.308556,51.7170005 34.3177121,51.7153114 34.322347,51.7142212 34.3229781,51.7141135</coordinates>
            </LinearRing>
          </outerBoundaryIs>
        </Polygon>
      </Placemark>
      <Placemark>
        <name>Polygon 34</name>
        <Polygon>
          <outerBoundaryIs>
            <LinearRing>
              <tessellate>1</tessellate>
              <coordinates>37.1608774,48.3291891 37.162551,48.3245062 37.2018185,48.3237493 37.2167275,48.3246389 37.2208187,48.3252171 37.2173539,48.3393777 37.2058416,48.3434433 37.2059168,48.3445698 37.2053979,48.3489733 37.2048546,48.3498751 37.2000052,48.3493617 37.1990035,48.3488878 37.1964286,48.3476043 37.1830819,48.3467201 37.185571,48.3366222 37.1697781,48.3353669 37.1706365,48.3292614 37.1608774,48.3291891</coordinates>
            </LinearRing>
          </outerBoundaryIs>
        </Polygon>
      </Placemark>
      <Placemark>
        <name>Polygon 35</name>
        <Polygon>
          <outerBoundaryIs>
            <LinearRing>
              <tessellate>1</tessellate>
              <coordinates>37.3918903,48.5095185 37.400599,48.5077322 37.415086,48.5063341 37.4176578,48.51022 37.4145679,48.512068 37.3971228,48.5119116 37.3968653,48.5143281 37.396007,48.5149962 37.3918903,48.5095185</coordinates>
            </LinearRing>
          </outerBoundaryIs>
        </Polygon>
      </Placemark>
      <Placemark>
        <name>Polygon 37</name>
        <Polygon>
          <outerBoundaryIs>
            <LinearRing>
              <tessellate>1</tessellate>
              <coordinates>35.4552237,47.6127612 35.455464,47.6056039 35.4609142,47.6057194 35.4616438,47.5984273 35.4751636,47.5986153 35.4759361,47.5922484 35.4850294,47.5923661 35.4841926,47.6021476 35.4949214,47.6032183 35.4999854,47.6029868 35.4986122,47.6073271 35.4949214,47.6109437 35.4964664,47.6123613 35.5038038,47.6182578 35.5001989,47.6227993 35.4970661,47.6238984 35.4926458,47.6192414 35.4811875,47.6238695 35.4762093,47.6261256 35.4690734,47.61869 35.454472,47.6181957 35.4552237,47.6127612</coordinates>
            </LinearRing>
          </outerBoundaryIs>
        </Polygon>
      </Placemark>
      <Placemark>
        <name>Polygon 38</name>
        <Polygon>
          <outerBoundaryIs>
            <LinearRing>
              <tessellate>1</tessellate>
              <coordinates>36.8293993,50.2457584 36.8363118,50.2436498 36.8378139,50.2425245 36.8370629,50.2406444 36.8382859,50.2384349 36.8416547,50.238778 36.8435196,50.2387829 36.8462856,50.2378958 36.8508089,50.2354077 36.8520667,50.2378015 36.8520131,50.2391397 36.8499853,50.2413562 36.8498082,50.2424746 36.8505597,50.2431832 36.8515946,50.2445124 36.8517448,50.2466531 36.8469576,50.2536445 36.8384859,50.2575256 36.8366091,50.2564604 36.8337338,50.2555001 36.8329613,50.2527287 36.831073,50.2510274 36.8293993,50.2457584</coordinates>
            </LinearRing>
          </outerBoundaryIs>
        </Polygon>
      </Placemark>
      <Placemark>
        <name>Polygon 39</name>
        <Polygon>
          <outerBoundaryIs>
            <LinearRing>
              <tessellate>1</tessellate>
              <coordinates>36.9109202,50.2372949 36.9094946,50.2374799 36.9049456,50.2375896 36.9044618,50.2354347 36.8965086,50.2338667 36.894564,50.2299926 36.8948726,50.2283518 36.9015646,50.2302125 36.9091607,50.2299929 36.9109202,50.2372949</coordinates>
            </LinearRing>
          </outerBoundaryIs>
        </Polygon>
      </Placemark>
      <Placemark>
        <name>Polygon 41</name>
        <Polygon>
          <outerBoundaryIs>
            <LinearRing>
              <tessellate>1</tessellate>
              <coordinates>35.3121422,51.0657798 35.3098891,51.0665214 35.3074957,51.0662926 35.3033115,51.0669668 35.2983119,51.0689489 35.2913274,51.0686995 35.2893211,51.0675466 35.2864375,51.0668718 35.2912011,51.0645255 35.295321,51.0629072 35.2971663,51.0623948 35.2997842,51.0617744 35.3028312,51.0614778 35.3052773,51.0617475 35.3083243,51.0625027 35.3115859,51.0648221 35.3121422,51.0657798</coordinates>
            </LinearRing>
          </outerBoundaryIs>
        </Polygon>
      </Placemark>
      <Placemark>
        <name>Polygon 42</name>
        <Polygon>
          <outerBoundaryIs>
            <LinearRing>
              <tessellate>1</tessellate>
              <coordinates>34.8453577,51.1097537 34.8398646,51.1115859 34.8360022,51.1120708 34.8331698,51.1141453 34.833084,51.1180247 34.8284939,51.1218687 34.8275563,51.1223183 34.8271271,51.1196785 34.825341,51.1103583 34.8453577,51.1097537</coordinates>
            </LinearRing>
          </outerBoundaryIs>
        </Polygon>
      </Placemark>
      <Placemark>
        <name>Polygon 43</name>
        <Polygon>
          <outerBoundaryIs>
            <LinearRing>
              <tessellate>1</tessellate>
              <coordinates>36.7542352,50.2557186 36.7540766,50.2520734 36.7535187,50.2492743 36.7524458,50.247024 36.7536903,50.2443345 36.7543341,50.242825 36.7558361,50.2420016 36.7611576,50.2427152 36.7658783,50.2431543 36.7713285,50.2430446 36.7687965,50.2444717 36.7666078,50.24653 36.7600608,50.2464274 36.7585158,50.2468391 36.759956,50.250372 36.7609729,50.2515204 36.7569389,50.2545113 36.7542352,50.2557186</coordinates>
            </LinearRing>
          </outerBoundaryIs>
        </Polygon>
      </Placemark>
      <Placemark>
        <name>Polygon 44</name>
        <Polygon>
          <outerBoundaryIs>
            <LinearRing>
              <tessellate>1</tessellate>
              <coordinates>37.8617076,48.9736255 37.8652496,48.9733738 37.8714523,48.9736852 37.8712848,48.975228 37.8707946,48.9771851 37.8699996,48.985324 37.8565671,48.984817 37.85661,48.9808177 37.8614165,48.9809022 37.8614594,48.9780855 37.8617076,48.9736255</coordinates>
            </LinearRing>
          </outerBoundaryIs>
        </Polygon>
      </Placemark>
      <Placemark>
        <name>Polygon 45</name>
        <Polygon>
          <outerBoundaryIs>
            <LinearRing>
              <tessellate>1</tessellate>
              <coordinates>37.8383577,48.9474637 37.8381431,48.9441378 37.8421914,48.9386399 37.8488003,48.9386681 37.8534781,48.9406131 37.8556239,48.9434883 37.8559243,48.9447567 37.8544024,48.9466195 37.8501558,48.950005 37.8509252,48.952552 37.8483329,48.9550486 37.8455434,48.959839 37.8446109,48.9575091 37.8452117,48.9555929 37.8463704,48.9539302 37.8485591,48.9516757 37.8477008,48.9505202 37.8454692,48.9492238 37.8437526,48.9486037 37.8422506,48.948491 37.8383577,48.9474637</coordinates>
            </LinearRing>
          </outerBoundaryIs>
        </Polygon>
      </Placemark>
      <Placemark>
        <name>Polygon 46</name>
        <Polygon>
          <outerBoundaryIs>
            <LinearRing>
              <tessellate>1</tessellate>
              <coordinates>37.5936066,49.1097686 37.5914507,49.108236 37.5898629,49.1076741 37.5874596,49.1072246 37.5851422,49.1069156 37.5838547,49.1065222 37.5826102,49.1060446 37.5817519,49.1052018 37.581666,49.1038251 37.5826102,49.1019988 37.584713,49.1005658 37.5869017,49.0993857 37.5884467,49.0979807 37.5890243,49.0995508 37.5931345,49.1005533 37.5931775,49.1084763 37.5936066,49.1097686</coordinates>
            </LinearRing>
          </outerBoundaryIs>
        </Polygon>
      </Placemark>
      <Placemark>
        <name>Polygon 48</name>
        <Polygon>
          <outerBoundaryIs>
            <LinearRing>
              <tessellate>1</tessellate>
              <coordinates>37.5687458,49.0737399 37.5662566,49.0725379 37.5651837,49.0714695 37.5646687,49.0695858 37.5626088,49.0691641 37.5606776,49.0689673 37.5599051,49.0685455 37.5596047,49.0666336 37.5593043,49.0657619 37.5583172,49.0652839 37.5566435,49.0644123 37.5563431,49.0626408 37.5566674,49.0609351 37.5566674,49.0589948 37.5575687,49.0578137 37.5597144,49.0571387 37.5613881,49.0569419 37.5628043,49.056295 37.5645209,49.0547482 37.5655938,49.0542701 37.5691129,49.0554795 37.571602,49.0558732 37.5733186,49.0566606 37.5730826,49.0582636 37.5722457,49.0596978 37.5713874,49.0619475 37.5716878,49.064197 37.5733615,49.0667839 37.5834037,49.0671213 37.5815774,49.0687636 37.5763227,49.0690613 37.5729324,49.06923 37.5695612,49.0697757 37.5687458,49.0737399</coordinates>
            </LinearRing>
          </outerBoundaryIs>
        </Polygon>
      </Placemark>
      <Placemark>
        <name>Polygon 50</name>
        <Polygon>
          <outerBoundaryIs>
            <LinearRing>
              <tessellate>1</tessellate>
              <coordinates>37.652434,49.052883 37.6537429,49.0513079 37.6549231,49.0504079 37.6567899,49.0500563 37.6584636,49.0499157 37.6603733,49.0509704 37.6627766,49.0519126 37.6667892,49.0527142 37.6621413,49.0553687 37.652434,49.052883</coordinates>
            </LinearRing>
          </outerBoundaryIs>
        </Polygon>
      </Placemark>
      <Placemark>
        <name>Polygon 51</name>
        <Polygon>
          <outerBoundaryIs>
            <LinearRing>
              <tessellate>1</tessellate>
              <coordinates>37.6197522,49.7350397 37.6201266,49.7365036 37.6204151,49.7401146 37.6187721,49.7402032 37.6153761,49.7399879 37.6115566,49.7377414 37.6154569,49.7353463 37.6197522,49.7350397</coordinates>
            </LinearRing>
          </outerBoundaryIs>
        </Polygon>
      </Placemark>
      <Placemark>
        <name>Polygon 52</name>
        <Polygon>
          <outerBoundaryIs>
            <LinearRing>
              <tessellate>1</tessellate>
              <coordinates>37.6264661,49.717954 37.6280969,49.7158035 37.6287192,49.7146936 37.6315301,49.7138472 37.6346844,49.7138334 37.636401,49.7154567 37.6428514,49.7167159 37.6418904,49.7195706 37.63668,49.7199517 37.6311922,49.7202663 37.6285028,49.7182707 37.6264661,49.717954</coordinates>
            </LinearRing>
          </outerBoundaryIs>
        </Polygon>
      </Placemark>
    </Folder>
    <Folder>
      <name>Confirmed Ukrainian advances</name>
      <Placemark>
        <name>Polygon 6</name>
        <Polygon>
          <outerBoundaryIs>
            <LinearRing>
              <tessellate>1</tessellate>
              <coordinates>37.7086962,48.6037555 37.7111853,48.6065933 37.7130306,48.6093741 37.7139319,48.6119278 37.7156056,48.6140274 37.7213991,48.6185101 37.7190393,48.621703 37.7180951,48.6235186 37.7231592,48.6283975 37.7249917,48.6340224 37.705993,48.6328222 37.7028912,48.633332 37.6964948,48.6329872 37.6817991,48.6280657 37.6785998,48.6243186 37.6735824,48.6208839 37.6785288,48.6133019 37.6862791,48.6109166 37.6884375,48.6105182 37.6857895,48.6063174 37.701574,48.6006408 37.7039534,48.600839 37.7048487,48.6026907 37.7066289,48.6039599 37.7086962,48.6037555</coordinates>
            </LinearRing>
          </outerBoundaryIs>
        </Polygon>
      </Placemark>
      <Placemark>
        <name>Polygon 5</name>
        <Polygon>
          <outerBoundaryIs>
            <LinearRing>
              <tessellate>1</tessellate>
              <coordinates>37.9287213,49.249658 37.9349376,49.2466184 37.9366971,49.2453577 37.938285,49.2439849 37.9421474,49.2417715 37.9441215,49.2410991 37.9445936,49.2419957 37.9415037,49.2434806 37.9399587,49.2453997 37.9401304,49.2483553 37.9400445,49.2491677 37.9353239,49.2521091 37.9306525,49.24977 37.9287213,49.249658</coordinates>
            </LinearRing>
          </outerBoundaryIs>
        </Polygon>
      </Placemark>
    </Folder>
    <Folder>
      <name>Cities</name>
      </Folder>
    <Folder>
      <name>Zones of control, but low consolidation</name>
      <Placemark>
        <name>Polygon 2</name>
        <Polygon>
          <outerBoundaryIs>
            <LinearRing>
              <tessellate>1</tessellate>
              <coordinates>36.2478913,47.7391311 36.2468614,47.7421326 36.2449731,47.7439795 36.244544,47.7478464 36.2662591,47.7503856 36.2628259,47.7645802 36.2621392,47.7656764 36.2733831,47.7665417 36.2686624,47.7886905 36.256997,47.7875941 36.2480167,47.788311 36.2459022,47.7939868 36.2384112,47.7939205 36.2366459,47.7996693 36.219896,47.7981342 36.2142648,47.8120403 36.2022294,47.8161326 36.1981096,47.80887 36.1929597,47.8054112 36.1896981,47.8027593 36.1883249,47.8004532 36.1854066,47.7973975 36.1824884,47.7948028 36.1788835,47.7935343 36.1769094,47.7918044 36.1763086,47.7844807 36.1758794,47.7818277 36.1781552,47.7777961 36.1937678,47.7785911 36.2210526,47.7759213 36.2229653,47.7631331 36.2359011,47.7638074 36.2387372,47.7471622 36.2312142,47.7471536 36.2261249,47.7462128 36.1887027,47.7433848 36.1914493,47.7358233 36.193595,47.7313782 36.1953975,47.7254317 36.1950542,47.7226025 36.1959983,47.7194267 36.2002898,47.7119772 36.2021715,47.710508 36.2160761,47.7120096 36.2280924,47.7127603 36.2402803,47.710277 36.2383062,47.7198055 36.2558157,47.7215378 36.2524683,47.7363751 36.2478913,47.7391311</coordinates>
            </LinearRing>
          </outerBoundaryIs>
        </Polygon>
      </Placemark>
      <Placemark>
        <name>Polygon 4</name>
        <Polygon>
          <outerBoundaryIs>
            <LinearRing>
              <tessellate>1</tessellate>
              <coordinates>36.1936143,47.8778929 36.1941514,47.8746113 36.191276,47.8687963 36.1900744,47.8634125 36.1899456,47.861944 36.1960396,47.8588343 36.1969296,47.857499 36.1961141,47.8539409 36.2362312,47.8509031 36.2492863,47.8517972 36.2462822,47.8744278 36.2283436,47.8754065 36.2309185,47.8800695 36.2334973,47.8814833 36.2344414,47.885455 36.2360722,47.8871818 36.2402779,47.8851672 36.2441403,47.8851672 36.2436253,47.8830375 36.243797,47.8815408 36.246286,47.8805622 36.2485176,47.8808501 36.2500626,47.8806774 36.2522942,47.8813106 36.2534958,47.8828648 36.2552124,47.8841887 36.2558133,47.8843038 36.258474,47.884016 36.2596756,47.8821165 36.2589032,47.8806198 36.2592465,47.8787201 36.2605339,47.8775688 36.262508,47.8768204 36.2647396,47.8775112 36.2660271,47.8794685 36.2686879,47.8796988 36.2703186,47.8780869 36.2712628,47.8776839 36.2745243,47.8771082 36.2773568,47.8765901 36.2836881,47.8787433 36.2908121,47.8807005 36.2869497,47.891464 36.2826582,47.8959529 36.2634963,47.9075739 36.252957,47.9074722 36.2467342,47.9119022 36.2415453,47.9079789 36.2478967,47.9017649 36.240172,47.8977368 36.2343355,47.8919819 36.2301298,47.8882985 36.2228342,47.8882985 36.2114187,47.8975066 36.2047239,47.8936509 36.2092729,47.8870898 36.1940809,47.8788008 36.1936143,47.8778929</coordinates>
            </LinearRing>
          </outerBoundaryIs>
        </Polygon>
      </Placemark>
      <Placemark>
        <name>Polygon 5</name>
        <Polygon>
          <outerBoundaryIs>
            <LinearRing>
              <tessellate>1</tessellate>
              <coordinates>36.4952475,47.9368874 36.49602,47.9378361 36.4958483,47.9392737 36.4937026,47.9405386 36.4928014,47.9413723 36.4913851,47.9412286 36.489411,47.9411136 36.4878661,47.9414586 36.4861066,47.942436 36.4844758,47.9435859 36.4831454,47.9438447 36.4816434,47.9432697 36.4809567,47.942321 36.4791114,47.9420048 36.4775235,47.9422348 36.4762789,47.9425223 36.4753777,47.9420911 36.4744336,47.9418611 36.4735753,47.9424648 36.4731461,47.9437297 36.4731461,47.9444771 36.4718587,47.9453108 36.4704425,47.945167 36.4689833,47.9449083 36.468125,47.9455982 36.4673526,47.9468343 36.4645201,47.9477541 36.4491564,47.9433272 36.4547354,47.9239478 36.4628035,47.9204967 36.4761073,47.9230275 36.4967067,47.9256732 36.4967067,47.9287789 36.4963633,47.9312519 36.4948184,47.9345872 36.4952475,47.9368874</coordinates>
            </LinearRing>
          </outerBoundaryIs>
        </Polygon>
      </Placemark>
      <Placemark>
        <name>Polygon 6</name>
        <Polygon>
          <outerBoundaryIs>
            <LinearRing>
              <tessellate>1</tessellate>
              <coordinates>36.337967,47.9183164 36.337967,47.9057749 36.3398553,47.8828702 36.3673211,47.8824097 36.3832856,47.8788407 36.4026834,47.8797617 36.4001084,47.8901225 36.3930703,47.889547 36.3872338,47.9139445 36.3750459,47.9134842 36.3716126,47.9284394 36.3537599,47.9248736 36.3534165,47.9202721 36.337967,47.9183164</coordinates>
            </LinearRing>
          </outerBoundaryIs>
        </Polygon>
      </Placemark>
      <Placemark>
        <name>Polygon 7</name>
        <Polygon>
          <outerBoundaryIs>
            <LinearRing>
              <tessellate>1</tessellate>
              <coordinates>36.654613,48.0469627 36.65201,48.0562273 36.6395646,48.0548504 36.6375046,48.0628243 36.6392212,48.0632832 36.6375046,48.0691911 36.6311532,48.0685602 36.6302949,48.0737793 36.6211968,48.0733205 36.6206818,48.0754424 36.6116696,48.0752704 36.6086655,48.0732632 36.6044598,48.0691911 36.6048312,48.0672711 36.6092086,48.0609041 36.6116118,48.0562574 36.6129851,48.0515529 36.6250014,48.0528725 36.631782,48.0535036 36.6340995,48.0447823 36.654613,48.0469627</coordinates>
            </LinearRing>
          </outerBoundaryIs>
        </Polygon>
      </Placemark>
      <Placemark>
        <name>Polygon 8</name>
        <Polygon>
          <outerBoundaryIs>
            <LinearRing>
              <tessellate>1</tessellate>
              <coordinates>36.761475,48.1225563 36.7482865,48.1161515 36.7494587,48.1153366 36.751347,48.1136175 36.7489438,48.1120702 36.7492013,48.1105802 36.7479996,48.109434 36.747313,48.1081732 36.7507462,48.1067977 36.7507462,48.1054222 36.7497162,48.1022698 36.7537503,48.1008941 36.7575268,48.0970536 36.7683415,48.0959644 36.7710881,48.0857022 36.7842202,48.0873649 36.7822461,48.0957351 36.7794137,48.113904 36.7764096,48.1156804 36.761475,48.1225563</coordinates>
            </LinearRing>
          </outerBoundaryIs>
        </Polygon>
      </Placemark>
      <Placemark>
        <name>Polygon 9</name>
        <Polygon>
          <outerBoundaryIs>
            <LinearRing>
              <tessellate>1</tessellate>
              <coordinates>37.2082239,48.2982072 37.2072142,48.3078196 37.2060125,48.3139848 37.1984594,48.3129573 37.1991461,48.3103315 37.1903055,48.3094181 37.1787184,48.3114732 37.1671312,48.3105598 37.1681612,48.3063353 37.157034,48.3051575 37.145361,48.3064706 37.1327439,48.3056713 37.1342889,48.3003045 37.1257916,48.3002474 37.1252766,48.2965931 37.12356,48.294309 37.1269933,48.29271 37.1282807,48.2896834 37.1335164,48.2889981 37.1406403,48.2896834 37.1419278,48.2928814 37.1390954,48.30059 37.1466485,48.3016177 37.1548024,48.299448 37.155489,48.2912824 37.1597806,48.292139 37.1674195,48.29054 37.1766892,48.2879701 37.1795216,48.2887125 37.178835,48.2909969 37.184929,48.2918535 37.1824399,48.29882 37.1792641,48.302988 37.1775475,48.3068131 37.1927396,48.3051575 37.1912804,48.3011609 37.1938902,48.3005482 37.2082239,48.2982072</coordinates>
            </LinearRing>
          </outerBoundaryIs>
        </Polygon>
      </Placemark>
      <Placemark>
        <name>Polygon 10</name>
        <Polygon>
          <outerBoundaryIs>
            <LinearRing>
              <tessellate>1</tessellate>
              <coordinates>37.2193583,48.3402084 37.2334828,48.3387682 37.2335686,48.3436746 37.2331394,48.3502348 37.2433533,48.3510333 37.2431816,48.3549119 37.241465,48.354969 37.2383751,48.355026 37.2358002,48.3561667 37.2344269,48.3587332 37.2322811,48.3595316 37.2273459,48.3586476 37.2255005,48.3581058 37.2224964,48.357621 37.2197069,48.3569366 37.218677,48.3560241 37.2187628,48.3544556 37.2170891,48.3504915 37.2147288,48.3509193 37.2112955,48.3505485 37.2106518,48.3532293 37.2064461,48.352773 37.2068753,48.3500351 37.2082485,48.3502348 37.2094073,48.3471259 37.2164883,48.3477819 37.2175612,48.3486661 37.2203025,48.3428328 37.2193583,48.3402084</coordinates>
            </LinearRing>
          </outerBoundaryIs>
        </Polygon>
      </Placemark>
      <Placemark>
        <name>Polygon 11</name>
        <Polygon>
          <outerBoundaryIs>
            <LinearRing>
              <tessellate>1</tessellate>
              <coordinates>37.8446166,48.4105654 37.8465359,48.4127958 37.8437035,48.414277 37.837867,48.4164988 37.8296145,48.4216789 37.8230183,48.4221382 37.8166668,48.4222521 37.809972,48.4191192 37.8068821,48.4184926 37.8049938,48.4199736 37.8017323,48.4208281 37.7986424,48.4228217 37.7966683,48.4256126 37.798299,48.4270365 37.8021614,48.426467 37.806453,48.4244735 37.8112595,48.4265239 37.8094732,48.4288436 37.8081857,48.428929 37.805997,48.4298972 37.8048812,48.431264 37.8021346,48.4320044 37.8001605,48.4325169 37.7987014,48.4341684 37.796899,48.4361615 37.7950965,48.4392934 37.7911483,48.4412863 37.7869075,48.4426905 37.7853678,48.4452101 37.7846812,48.4469181 37.7846812,48.4495939 37.7861403,48.4522126 37.7868269,48.4550019 37.7881144,48.4568803 37.7912901,48.4561973 37.79541,48.4550588 37.8053664,48.4575634 37.8148078,48.455685 37.8207982,48.4604489 37.8201974,48.4611889 37.8103269,48.4662542 37.8182233,48.4735383 37.8072369,48.4772937 37.8001988,48.4796265 37.7887834,48.4849176 37.7776254,48.475416 37.7846635,48.4708069 37.7886975,48.4677339 37.7868049,48.4674383 37.7813976,48.4661293 37.7765052,48.4645358 37.7712695,48.4639667 37.7683513,48.4660724 37.7647464,48.468235 37.7645747,48.4708527 37.7673213,48.4730151 37.7644031,48.475405 37.7662055,48.478193 37.7637164,48.4796724 37.7601115,48.4791034 37.7565925,48.4773965 37.7545325,48.4759171 37.7575366,48.473072 37.7600257,48.4699991 37.7627723,48.4673244 37.7668922,48.4646496 37.7679221,48.4627715 37.7650917,48.4621096 37.7620018,48.461199 37.7580536,48.4602883 37.754792,48.4585807 37.7534187,48.456987 37.7541912,48.4545393 37.7577961,48.45397 37.7615726,48.4538562 37.7658642,48.4537993 37.7710998,48.4554501 37.7759922,48.4545393 37.777108,48.4506114 37.777108,48.4446335 37.7777453,48.4371337 37.7768012,48.4342865 37.7780887,48.431496 37.7792045,48.4281358 37.7818479,48.4263351 37.7830668,48.4244337 37.7848693,48.422611 37.7875986,48.4206677 37.78959,48.4184528 37.7904483,48.4157184 37.78959,48.4132118 37.7859084,48.4088562 37.7844493,48.4077736 37.7826468,48.4057794 37.7835909,48.4033863 37.7848784,48.4019617 37.7877404,48.4001764 37.7917449,48.3972889 37.8037612,48.4020757 37.8098551,48.4045829 37.8133742,48.4028734 37.8180949,48.404241 37.8242747,48.4064062 37.8289954,48.4062922 37.831742,48.4066911 37.8360335,48.4076597 37.8420416,48.4080585 37.8446166,48.4105654</coordinates>
            </LinearRing>
          </outerBoundaryIs>
        </Polygon>
      </Placemark>
      <Placemark>
        <name>Polygon 12</name>
        <Polygon>
          <outerBoundaryIs>
            <LinearRing>
              <tessellate>1</tessellate>
              <coordinates>37.7809722,48.4970441 37.7871007,48.5041759 37.8086442,48.5069055 37.8132791,48.49792 37.8197164,48.4976925 37.820918,48.4992281 37.8245229,48.4999674 37.8334493,48.5003087 37.8325052,48.5084408 37.8314752,48.5182204 37.8356809,48.5186753 37.8348349,48.5298735 37.8309904,48.5310413 37.8270422,48.5319507 37.8244673,48.5314392 37.8208624,48.53394 37.8165068,48.5379469 37.8081165,48.5347925 37.8133093,48.5291656 37.818545,48.5251866 37.8213126,48.5233142 37.8197677,48.5221204 37.8146178,48.5203012 37.8116996,48.5190505 37.8068931,48.5175723 37.8047473,48.520756 37.802859,48.5209265 37.7980525,48.5193347 37.7963359,48.5171743 37.7975375,48.5139336 37.7936751,48.5127395 37.7889545,48.5112043 37.7863795,48.5100671 37.7842338,48.5079632 37.7781398,48.5067121 37.7702434,48.5053473 37.7696425,48.5038688 37.7705867,48.5017077 37.7723033,48.4998309 37.7809722,48.4970441</coordinates>
            </LinearRing>
          </outerBoundaryIs>
        </Polygon>
      </Placemark>
      <Placemark>
        <name>Polygon 15</name>
        <Polygon>
          <outerBoundaryIs>
            <LinearRing>
              <tessellate>1</tessellate>
              <coordinates>38.0401002,48.8350212 38.0405293,48.8297668 38.0392419,48.8276762 38.0399285,48.8251334 38.0383836,48.8209517 38.0377828,48.8185781 38.0430184,48.8177304 38.0489407,48.8169957 38.0526315,48.8276762 38.0589829,48.8281847 38.0592404,48.8330438 38.0589829,48.8367161 38.050314,48.8355862 38.0469666,48.8350777 38.0401002,48.8350212</coordinates>
            </LinearRing>
          </outerBoundaryIs>
        </Polygon>
      </Placemark>
      <Placemark>
        <name>Polygon 16</name>
        <Polygon>
          <outerBoundaryIs>
            <LinearRing>
              <tessellate>1</tessellate>
              <coordinates>38.0608396,48.9020343 38.0598097,48.9033884 38.0548315,48.9098762 38.0531149,48.9092557 38.0516557,48.9102147 38.0469351,48.9120762 38.0374937,48.9172092 38.0367212,48.9160811 38.0334596,48.9165323 38.0310564,48.9141069 38.0263357,48.9101018 38.0235891,48.9069991 38.0191259,48.9041783 38.0179243,48.901188 38.022645,48.8985361 38.0248766,48.8966741 38.0260782,48.8932319 38.0278806,48.8907489 38.0325155,48.8895638 38.0521707,48.8931191 38.0489092,48.8960534 38.0523424,48.898254 38.0562048,48.9004545 38.0608396,48.9020343</coordinates>
            </LinearRing>
          </outerBoundaryIs>
        </Polygon>
      </Placemark>
      <Placemark>
        <name>Polygon 17</name>
        <Polygon>
          <outerBoundaryIs>
            <LinearRing>
              <tessellate>1</tessellate>
              <coordinates>37.9477944,49.0044776 37.9430288,49.0048468 37.9380506,49.0054098 37.9374498,49.0033265 37.9357332,48.9992723 37.9360356,48.990343 37.9362073,48.984598 37.9204144,48.9829081 37.9141488,48.9813309 37.9128613,48.9825138 37.8911462,48.9820632 37.8905453,48.9795846 37.8793874,48.9781762 37.8799882,48.9750777 37.8768983,48.9737819 37.874495,48.9702324 37.8782716,48.9682604 37.8824773,48.9679786 37.8895154,48.9678096 37.8966393,48.9674715 37.9004159,48.9668517 37.9058232,48.9654993 37.9103722,48.9651612 37.9150929,48.9649922 37.9186978,48.9657247 37.9240193,48.9660628 37.9238477,48.969838 37.9284825,48.9715283 37.9425587,48.9716973 37.9474511,48.9747397 37.948996,48.9806549 37.9485669,48.9858935 37.9476228,48.9926521 37.9472794,48.9989594 37.9477944,49.0044776</coordinates>
            </LinearRing>
          </outerBoundaryIs>
        </Polygon>
      </Placemark>
      <Placemark>
        <name>Polygon 18</name>
        <Polygon>
          <outerBoundaryIs>
            <LinearRing>
              <tessellate>1</tessellate>
              <coordinates>37.7194275,49.1664306 37.7272526,49.1619721 37.7321449,49.1635997 37.7372089,49.1632629 37.7410713,49.1625333 37.7444187,49.1643854 37.7456203,49.1668548 37.7469078,49.1699975 37.7497402,49.1722983 37.750856,49.1737572 37.7538601,49.1754406 37.7591816,49.1766751 37.765533,49.1766751 37.7692238,49.179761 37.7619282,49.1823979 37.7555271,49.1848999 37.7524868,49.1834078 37.7499977,49.1830151 37.7469078,49.1818369 37.7374232,49.1756209 37.732712,49.173586 37.7293125,49.1715127 37.7274242,49.1694925 37.7253091,49.1689101 37.7237731,49.1674714 37.7194275,49.1664306</coordinates>
            </LinearRing>
          </outerBoundaryIs>
        </Polygon>
      </Placemark>
    </Folder>
  </Document>
</kml>