<?xml version='1.0' encoding='utf-8'?>
<kml xmlns="http://www.opengis.net/kml/2.2">
  <Document>
    <name>Война на Украине, карта - Анатолий Радов</name>
    <Folder>
      <name>Россия</name>
      <Placemark>
        <name>UA_Многоугольник 18</name>
        <ExtendedData>
          <Data name="descripción">
            <value />
          </Data>
          <Data name="nombre">
            <value />
          </Data>
          <Data name="nom">
            <value />
          </Data>
        </ExtendedData>
        <Polygon>
          <outerBoundaryIs>
            <LinearRing>
              <tessellate>1</tessellate>
              <coordinates>46.5511522,40.1476592 46.4306466,40.1396236 46.3442999,40.1670971 46.3246257,40.1663391 46.3094601,40.106621 46.3652464,40.0953282 46.5567112,40.1282782 46.5511522,40.1476592</coordinates>
            </LinearRing>
          </outerBoundaryIs>
        </Polygon>
      </Placemark>
      <Placemark>
        <name>UA_Многоугольник 19</name>
        <ExtendedData>
          <Data name="descripción">
            <value />
          </Data>
          <Data name="nombre">
            <value />
          </Data>
          <Data name="nom">
            <value />
          </Data>
        </ExtendedData>
        <Polygon>
          <outerBoundaryIs>
            <LinearRing>
              <tessellate>1</tessellate>
              <coordinates>46.6718915,39.7225835 46.7783216,39.6998701 46.8599779,39.7288623 46.8067227,39.7639029 46.7425967,39.7686666 46.7113007,39.7632379 46.6718915,39.7225835</coordinates>
            </LinearRing>
          </outerBoundaryIs>
        </Polygon>
      </Placemark>
      <Placemark>
        <name>UA_Многоугольник 20</name>
        <ExtendedData>
          <Data name="descripción">
            <value />
          </Data>
          <Data name="nombre">
            <value />
          </Data>
          <Data name="nom">
            <value />
          </Data>
        </ExtendedData>
        <Polygon>
          <outerBoundaryIs>
            <LinearRing>
              <tessellate>1</tessellate>
              <coordinates>46.8775454,39.9868623 46.86347,39.9818292 46.8483686,39.9728149 46.8495747,39.9657742 46.8583332,39.9629434 46.871828,39.9698832 46.893629,39.9730405 46.8891658,39.9854053 46.880292,39.9896331 46.8775454,39.9868623</coordinates>
            </LinearRing>
          </outerBoundaryIs>
        </Polygon>
      </Placemark>
      <Placemark>
        <name>RU_Многоугольник 18</name>
        <ExtendedData>
          <Data name="descripción">
            <value />
          </Data>
          <Data name="nombre">
            <value />
          </Data>
          <Data name="nom">
            <value />
          </Data>
        </ExtendedData>
        <Polygon>
          <outerBoundaryIs>
            <LinearRing>
              <tessellate>1</tessellate>
              <coordinates>46.5570535,40.1278846 46.3652464,40.0953282 46.3658518,40.07353 46.3733212,40.0522572 46.3976066,40.0361084 46.4143296,40.0178538 46.4337247,39.9969371 46.4362046,39.9699073 46.4503487,39.9249837 46.4782,39.8654955 46.4813073,39.8154914 46.5177004,39.8056357 46.5293518,39.7812704 46.4761237,39.7247465 46.5011912,39.693568 46.5807848,39.6702217 46.6233596,39.7229856 46.6151475,39.7557219 46.646742,39.7668793 46.7113007,39.7632379 46.7425967,39.7686666 46.8067227,39.7639029 46.8599779,39.7288623 46.8906912,39.6875381 46.9087676,39.6647381 46.9521274,39.658083 47.0479712,39.6832826 47.0868746,39.7174399 47.1289353,39.7287413 47.1504144,39.7558757 47.1199425,39.8475765 46.8902697,39.9558302 46.8583332,39.9629434 46.8495747,39.9657742 46.8483686,39.9728149 46.86347,39.9818292 46.8775454,39.9868623 46.880292,39.9896331 46.8789188,39.992667 46.8715367,39.9975507 46.840788,40.0128224 46.8346731,40.0183512 46.8032893,40.0321571 46.7756655,40.0488495 46.7024198,40.0497272 46.6799843,40.0541546 46.671278,40.0659379 46.6790539,40.0814054 46.7671886,40.0968506 46.7913031,40.1167503 46.8003206,40.1345472 46.8282328,40.1780619 46.8321284,40.2215711 46.8140611,40.2610474 46.7904809,40.2858476 46.76115,40.3034876 46.7395467,40.3141498 46.6997217,40.3391329 46.664648,40.3592506 46.5694231,40.367817 46.540113,40.3627473 46.5188389,40.3563172 46.4996312,40.340988 46.4279409,40.3054946 46.3489061,40.2421515 46.3260008,40.2113359 46.3190761,40.1977074 46.3246257,40.1663391 46.3442999,40.1670971 46.4309896,40.13923 46.5514946,40.1472656 46.5570535,40.1278846</coordinates>
            </LinearRing>
          </outerBoundaryIs>
        </Polygon>
      </Placemark>
      <Placemark>
        <name>UA_Многоугольник 145</name>
        <ExtendedData>
          <Data name="descripción">
            <value />
          </Data>
          <Data name="nombre">
            <value />
          </Data>
          <Data name="nom">
            <value />
          </Data>
        </ExtendedData>
        <Polygon>
          <outerBoundaryIs>
            <LinearRing>
              <tessellate>1</tessellate>
              <coordinates>31.5563148,46.5738023 31.5576022,46.5691999 31.5621513,46.5674887 31.5646403,46.5690229 31.5631812,46.5753363 31.558718,46.5774602 31.5563148,46.5738023</coordinates>
            </LinearRing>
          </outerBoundaryIs>
        </Polygon>
      </Placemark>
      <Placemark>
        <name>UA_Многоугольник 129</name>
        <ExtendedData>
          <Data name="descripción">
            <value />
          </Data>
          <Data name="nombre">
            <value />
          </Data>
          <Data name="nom">
            <value />
          </Data>
        </ExtendedData>
        <Polygon>
          <outerBoundaryIs>
            <LinearRing>
              <tessellate>1</tessellate>
              <coordinates>35.3755719,47.6171543 35.3755914,47.6148302 35.4051085,47.6160291 35.4050923,47.6127684 35.4208683,47.61298 35.428999,47.6126355 35.4345547,47.6086446 35.4522981,47.6093406 35.4523499,47.6112818 35.4650789,47.6117896 35.4760943,47.6242153 35.493713,47.6172187 35.5007918,47.5985921 35.4610072,47.5839045 35.4205582,47.5752201 35.4216307,47.5659454 35.426383,47.5623656 35.4430288,47.5509466 35.461654,47.553843 35.495211,47.5563968 35.4976115,47.5413931 35.5079483,47.5424942 35.5143381,47.5499678 35.5357079,47.5527386 35.5517948,47.5553625 35.5623023,47.5536986 35.5683475,47.5542785 35.5764336,47.5553789 35.5833631,47.5547622 35.5932762,47.5477745 35.5855723,47.5402353 35.5863664,47.5361144 35.6023763,47.5177929 35.61295,47.5133821 35.6222255,47.5130598 35.6666978,47.5268758 35.673524,47.518638 35.6887601,47.5196732 35.7017237,47.5242918 35.7054473,47.5202999 35.7136336,47.5187422 35.7239968,47.5164956 35.7427957,47.5159761 35.75359,47.5081637 35.7705603,47.5018565 35.7760536,47.4901423 35.7894699,47.4905721 35.790849,47.4957569 35.8007426,47.496161 35.8113263,47.513612 35.8151426,47.5222866 35.8527781,47.5259163 35.8514442,47.5105125 35.8613759,47.510897 35.8617789,47.5003812 35.8651098,47.5000636 35.8866945,47.4959005 35.8989582,47.4952758 35.8994776,47.4872271 35.9180384,47.4860105 35.9214181,47.5018197 35.9150145,47.5088141 35.9132761,47.5108355 35.9129107,47.5203932 35.8723467,47.5191597 35.8732343,47.5330495 35.8825163,47.535562 35.8899257,47.5446188 35.9055104,47.5461294 35.9195503,47.5420768 35.9278884,47.5396484 35.9594753,47.5311892 35.9630803,47.5326369 35.9650081,47.5432727 35.9986352,47.5463642 36.0115009,47.5408365 36.0489114,47.5392431 36.0735451,47.5636315 36.0829865,47.5860983 36.1070193,47.5995275 36.1719152,47.5826351 36.2129351,47.5818141 36.244459,47.5947565 36.2463216,47.6075327 36.2638087,47.6094281 36.2680696,47.5954508 36.304088,47.603347 36.297047,47.6139929 36.2943035,47.6300773 36.2802381,47.6303819 36.2610199,47.6275254 36.2405912,47.6351417 36.2158167,47.6451862 36.1984192,47.6613571 36.1855911,47.6807095 36.1730782,47.6830038 36.1774857,47.6928555 36.1749553,47.6997661 36.1772252,47.7051767 36.1709113,47.7177492 36.1569095,47.7182905 36.1525478,47.7270766 36.1576276,47.7359781 36.156629,47.7407345 36.1684274,47.7405696 36.1680372,47.7455302 36.1454158,47.7452717 36.144539,47.7552102 36.1304377,47.7551045 36.1294591,47.7907446 36.1375507,47.8040059 36.156803,47.8081514 36.1787894,47.8096352 36.1983006,47.8089145 36.1973283,47.8214133 36.1861145,47.8210473 36.1787524,47.8494158 36.1873542,47.8509373 36.1806968,47.8719495 36.173968,47.8779648 36.1718065,47.8827561 36.1714971,47.8866485 36.1603075,47.8843406 36.1575729,47.8906709 36.1534664,47.8943526 36.1481716,47.8954999 36.1440178,47.8996659 36.1430131,47.9084229 36.1466435,47.9110812 36.1541044,47.9097685 36.1682611,47.9158186 36.1691522,47.9269866 36.2033336,47.9261592 36.2189686,47.9140515 36.2866403,47.9407725 36.303551,47.9348121 36.3214988,47.9435596 36.3373074,47.9506051 36.3447286,47.9583645 36.3469923,47.9687701 36.3550934,47.9757065 36.3625088,47.9752874 36.378442,47.9716586 36.4100482,47.9582867 36.423193,47.9569237 36.4410774,47.9613298 36.4569053,47.9659634 36.4728336,47.961625 36.4809934,47.9619067 36.4896195,47.9707215 36.5026013,47.974206 36.5195825,47.9844627 36.4878845,47.9907278 36.4587246,47.988002 36.353446,48.0116708 36.2686143,48.0308553 36.0595638,48.0280654 36.0443874,48.0534913 35.9728094,48.0396005 35.9518373,48.0838938 35.8172261,48.0621322 35.7361284,48.0894012 35.6946978,48.1255468 35.5281738,48.0682956 35.4935422,48.091555 35.40272,48.0972008 35.3957535,48.1091515 35.2830832,48.1380397 35.2040748,48.13112 35.1041505,48.1256301 35.0433985,48.0944438 34.9677761,48.0843474 34.8788856,48.0875366 34.8901042,47.9968582 34.9383408,47.9815003 34.9288093,47.9188338 34.8989509,47.8803767 34.908579,47.8292525 34.8843405,47.8172023 34.8986604,47.7662031 34.95894,47.7733322 34.9723943,47.7377414 34.9612647,47.7331153 34.9560469,47.7112864 34.9298998,47.7109298 34.9375282,47.6780252 34.9203197,47.6756704 34.9139503,47.6740314 34.9061317,47.6734436 34.9156133,47.6339506 34.9334958,47.6362062 34.9435861,47.5909361 34.9684437,47.5521444 35.0304114,47.579197 35.0621266,47.6200259 35.1337452,47.6580546 35.197628,47.6897469 35.2199693,47.673412 35.2534464,47.649055 35.2863915,47.6641224 35.3061793,47.6769363 35.3146899,47.6879129 35.3316504,47.6853104 35.3435627,47.6878216 35.3558166,47.6778506 35.3403659,47.6657964 35.3517848,47.6559534 35.3548358,47.6381936 35.3360875,47.6407892 35.3374717,47.6349443 35.353998,47.63394 35.3409734,47.6163144 35.3432275,47.615292 35.3755719,47.6171543</coordinates>
            </LinearRing>
          </outerBoundaryIs>
        </Polygon>
      </Placemark>
      <Placemark>
        <name>UA_Херсонская Область</name>
        <ExtendedData>
          <Data name="descripción">
            <value />
          </Data>
          <Data name="nombre">
            <value />
          </Data>
          <Data name="nom">
            <value />
          </Data>
        </ExtendedData>
        <Polygon>
          <outerBoundaryIs>
            <LinearRing>
              <tessellate>1</tessellate>
              <coordinates>33.3093436,47.4735862 33.164116,47.4797636 33.1905942,47.3319767 33.1934366,47.200358 32.9976651,47.1382564 33.1060523,47.026401 33.0370723,46.9442992 32.9781201,46.8955225 32.9563633,46.8456202 32.7067285,46.8575976 32.6666357,46.8487985 32.5637262,46.8510692 32.5329564,46.8144807 32.4710012,46.8065096 32.4497,46.8315925 32.3827047,46.8234197 32.3932219,46.7985976 32.3353485,46.7777457 32.2790183,46.8142933 32.2288616,46.7676288 32.0824569,46.731683 32.1091709,46.6919407 32.069291,46.6595191 31.9813856,46.6567883 32.02657,46.6236172 32.0969373,46.6082676 32.1359119,46.5532887 32.2084072,46.5732615 32.2314033,46.58531 32.2628735,46.5888959 32.2951083,46.5377652 32.3050724,46.5413455 32.3260494,46.5422094 32.3370711,46.5453144 32.3447898,46.5508069 32.414827,46.5460723 32.4415895,46.5596359 32.4781356,46.5755733 32.5070365,46.5952594 32.5471678,46.596938 32.557905,46.6004662 32.5644846,46.6021069 32.5860851,46.6029204 32.6077411,46.6225814 32.6322172,46.6369633 32.6468997,46.650125 32.665022,46.6585707 32.7190125,46.6740232 32.7403812,46.6740636 32.7557814,46.6723321 32.7692935,46.6724841 32.7852694,46.6743708 32.7997024,46.6785531 32.8210223,46.6889142 32.8580481,46.7106137 32.8726264,46.7279503 32.9113481,46.7444604 32.9599778,46.7491091 33.0337185,46.7438453 33.0676731,46.7592863 33.0783166,46.7625625 33.0850129,46.7652502 33.1262135,46.7814263 33.1565041,46.7881618 33.2074203,46.7885943 33.2579203,46.78285 33.2811787,46.7843675 33.3075711,46.7751887 33.3521573,46.7808111 33.3935848,46.8173036 33.4515558,46.8500155 33.499985,46.8573458 33.5818936,46.8563048 33.5967738,46.87737 33.5924329,46.9059445 33.5976006,46.9347087 33.6165129,46.9578452 33.6461249,46.9834914 33.6596886,47.0094923 33.6527493,47.0468312 33.7090116,47.0748068 33.7667224,47.0986377 33.7829217,47.1311049 33.7791788,47.1755235 33.7854259,47.1820535 33.8575885,47.2089123 33.8837244,47.2144174 33.9070783,47.2377021 33.9194651,47.2712401 33.9352979,47.2847336 33.9662543,47.3056824 33.9740859,47.3582582 33.974519,47.369358 33.973236,47.3820849 33.9638832,47.4064325 33.951088,47.4256669 33.9465709,47.45295 33.9386164,47.4904466 33.9350599,47.5078777 33.6483589,47.4758908 33.4377463,47.5069924 33.3093436,47.4735862</coordinates>
            </LinearRing>
          </outerBoundaryIs>
        </Polygon>
      </Placemark>
      <Placemark>
        <name>UA_Многоугольник 154</name>
        <ExtendedData>
          <Data name="descripción">
            <value />
          </Data>
          <Data name="nombre">
            <value />
          </Data>
          <Data name="nom">
            <value />
          </Data>
        </ExtendedData>
        <Polygon>
          <outerBoundaryIs>
            <LinearRing>
              <tessellate>1</tessellate>
              <coordinates>34.9140796,51.1299774 34.8984744,51.1318717 34.9042902,51.1122419 34.882206,51.1086557 34.8736399,51.1041262 34.8564588,51.1016841 34.8362776,51.1068287 34.8150139,51.1162898 34.7932928,51.1229669 34.7825505,51.1386892 34.7708528,51.155267 34.7521095,51.1535967 34.7498714,51.1601542 34.7257785,51.1545343 34.6993506,51.163351 34.695923,51.1714103 34.6825405,51.1780539 34.6440207,51.1943009 34.6205465,51.1946744 34.6087438,51.2012849 34.6231596,51.211385 34.6403234,51.2133062 34.6388741,51.2317899 34.5907272,51.2193053 34.5658358,51.2203703 34.5447171,51.2270215 34.534924,51.2395279 34.540541,51.2546168 34.523283,51.253374 34.5138641,51.2438293 34.5010561,51.2350878 34.4320781,51.2569318 34.3918546,51.2664892 34.3650281,51.2468173 34.3325815,51.2372534 34.3077703,51.2396673 34.2787118,51.2394281 34.2681609,51.2430078 34.2622354,51.2499228 34.241801,51.2545279 34.2376386,51.26154 34.2196459,51.2600881 34.1783574,51.2878209 34.0268955,51.287517 34.0080129,51.1202986 34.1876097,51.0057872 34.562485,50.9196263 34.8776023,50.8330283 35.1872043,50.8768869 35.2292803,50.9415659 35.3218973,51.0155784 35.3273463,51.0270078 35.3154269,51.0460086 35.3165168,51.057224 35.2917128,51.0622605 35.2805192,51.0572889 35.2772802,51.0475178 35.2668843,51.0445064 35.2449897,51.037502 35.2307653,51.0269963 35.2104847,51.0328616 35.2121684,51.0447722 35.1973637,51.0480302 35.1801053,51.045517 35.1603238,51.0617741 35.1357241,51.070043 35.1362187,51.0770404 35.1417779,51.0775109 35.1488489,51.0942452 35.1409864,51.1007349 35.1489532,51.1081273 35.1483382,51.1173518 35.1392403,51.1190109 35.1237909,51.118617 35.0889551,51.1190487 35.0800372,51.1151004 35.0726555,51.1118621 35.0453824,51.112371 35.0358964,51.1121451 35.0270322,51.1069685 35.0118165,51.1066952 34.9999869,51.1130879 34.9807538,51.1136631 34.9665432,51.1158076 34.9453617,51.1196407 34.9395418,51.1243882 34.9246069,51.1281445 34.9140796,51.1299774</coordinates>
            </LinearRing>
          </outerBoundaryIs>
        </Polygon>
      </Placemark>
      <Placemark>
        <name>RU_Crimean Axis [Z]</name>
        <ExtendedData>
          <Data name="descripción">
            <value>description: 
descripción: 
nombre:</value>
          </Data>
          <Data name="nombre">
            <value>Crimean Axis Z</value>
          </Data>
          <Data name="nom">
            <value />
          </Data>
        </ExtendedData>
        <MultiGeometry>
          <Polygon>
            <outerBoundaryIs>
              <LinearRing>
                <tessellate>1</tessellate>
                <coordinates>37.5243724,47.1106329 37.5243691,47.1109429 37.5240175,47.1107474 37.5243724,47.1106329</coordinates>
              </LinearRing>
            </outerBoundaryIs>
            <innerBoundaryIs>
              <LinearRing>
                <tessellate>1</tessellate>
                <coordinates>37.5245495,47.1094791 37.5258965,47.1098186 37.5249301,47.1106575 37.5245495,47.1094791</coordinates>
              </LinearRing>
            </innerBoundaryIs>
          </Polygon>
          <Polygon>
            <outerBoundaryIs>
              <LinearRing>
                <tessellate>1</tessellate>
                <coordinates>37.3356333,47.511867 37.3908771,47.5635144 37.429698,47.6027917 37.44032,47.6253662 37.4653803,47.6775681 37.4870535,47.7309196 37.4920088,47.755108 37.417224,47.7751085 37.4120727,47.7776637 37.4055216,47.7808151 37.4050615,47.7867515 37.3957663,47.7916228 37.3960383,47.7968621 37.4005168,47.8087895 37.3867897,47.8096038 37.3524652,47.8192898 37.3040229,47.8336998 37.2712141,47.8422693 37.2495074,47.8460455 37.2371944,47.8617324 37.2391245,47.8793149 37.2437148,47.8945814 37.2483776,47.9045207 37.2350895,47.9090699 37.2275793,47.91396 37.220132,47.9244763 37.2197143,47.9308334 37.1970273,47.9379335 37.1767284,47.9411966 37.1780342,47.9497967 37.176563,47.957579 37.144429,47.9689373 37.1331858,47.9820246 37.1337828,47.998324 37.1015962,48.0014253 37.0888278,48.0007365 37.0571156,48.0011688 37.0422159,48.0043955 37.0297005,48.0049983 37.0082196,48.0054638 36.9973374,48.0105632 36.9707391,48.0119355 36.9607741,48.0099456 36.9204309,48.0181071 36.8997395,48.0201752 36.8752318,48.0242518 36.8796682,48.0521867 36.8901088,48.0565297 36.8887905,48.0587116 36.888772,48.0803012 36.874858,48.0857253 36.836835,48.082113 36.8342601,48.0924332 36.8591494,48.0946985 36.8579481,48.1006314 36.8634425,48.1010318 36.8648158,48.0957582 36.8867885,48.0971913 36.8849262,48.1146712 36.9010554,48.1158577 36.8970705,48.1342501 36.8263256,48.1279384 36.8280421,48.1180837 36.7959942,48.1137083 36.7964329,48.1219788 36.7899652,48.1258783 36.7823917,48.125574 36.7670908,48.1243901 36.7637859,48.1247055 36.7567907,48.1241038 36.7556753,48.1216399 36.7708361,48.1155904 36.7564166,48.0982819 36.7356034,48.1048978 36.7201539,48.1036369 36.6931378,48.0955172 36.6795766,48.0923642 36.6691846,48.0962409 36.6755352,48.1114049 36.6644185,48.1140581 36.6543314,48.1137304 36.6370338,48.1083948 36.6238045,48.1006385 36.6174433,48.1011916 36.6085588,48.0989552 36.5965376,48.0967455 36.5915357,48.094321 36.5822546,48.0933378 36.575549,48.0908636 36.5782956,48.0808871 36.5881961,48.0827417 36.598511,48.0809476 36.5967521,48.0713734 36.6006237,48.0648878 36.5893051,48.052608 36.5778379,48.0417104 36.5887719,48.0379267 36.5928738,48.0218682 36.5974787,48.003944 36.5951305,48.001409 36.5765478,47.9965683 36.5734812,47.968315 36.5621962,47.9685334 36.5354596,47.9740355 36.5290207,47.9722821 36.5303942,47.9633726 36.5310809,47.9613898 36.5311238,47.9565904 36.5306088,47.9540037 36.5276906,47.9521642 36.5239998,47.9505546 36.5230424,47.946373 36.4939323,47.9369013 36.4926741,47.9275144 36.4746251,47.9246891 36.4407274,47.931562 36.4374699,47.9422825 36.44821,47.9418766 36.4674167,47.9447327 36.4712606,47.9541406 36.4641865,47.960539 36.4585216,47.9622633 36.4362915,47.9558833 36.4039519,47.9430083 36.3984417,47.9431648 36.3858928,47.9463103 36.3770765,47.9549744 36.3734073,47.9684666 36.3617828,47.970892 36.3583976,47.9692938 36.3661218,47.9386284 36.3533436,47.9316214 36.3016511,47.9192368 36.2862684,47.9230592 36.237393,47.9086977 36.2329613,47.9062834 36.1951983,47.9050924 36.1857569,47.9186695 36.181637,47.9191297 36.1823237,47.9165986 36.1801953,47.9111523 36.1513612,47.9058384 36.1617467,47.8913947 36.1685274,47.8931212 36.1704156,47.8904163 36.1754796,47.8911069 36.1690423,47.9026162 36.182667,47.9062432 36.1942011,47.8997224 36.1927267,47.8969976 36.1851226,47.8889595 36.1909325,47.8798758 36.2039634,47.8812048 36.2063632,47.8787738 36.2238688,47.8787597 36.2281519,47.8768889 36.2199122,47.8674468 36.216479,47.8581181 36.1989695,47.8599037 36.1963946,47.8498245 36.195778,47.8475022 36.1900644,47.8424167 36.1906166,47.8391744 36.1944675,47.8384506 36.1953029,47.8356204 36.19869,47.8331865 36.2004858,47.8315453 36.2021403,47.828391 36.2077193,47.824703 36.2064319,47.8221098 36.202827,47.8214758 36.2071185,47.8186519 36.2079768,47.8094297 36.2040458,47.7998846 36.1407153,47.7922717 36.1407153,47.7628553 36.1639596,47.7637743 36.1649037,47.7544558 36.1737013,47.7533306 36.180482,47.7441545 36.1879464,47.7419208 36.1958619,47.7260166 36.1988599,47.7121944 36.1864068,47.7035689 36.2083589,47.6856863 36.2079896,47.6742196 36.2247892,47.6534887 36.2337457,47.6450535 36.2884755,47.6413549 36.2963331,47.640388 36.3069803,47.628795 36.3279288,47.6247066 36.3293479,47.6167422 36.3200553,47.61594 36.3215792,47.6032182 36.3167087,47.5984803 36.3137266,47.5939739 36.3014894,47.5906676 36.288224,47.5874754 36.2702391,47.5894635 36.2603204,47.5942285 36.2579241,47.5953582 36.2515332,47.5947192 36.2499948,47.5931582 36.2449562,47.5888604 36.2465702,47.5786275 36.2259447,47.5767465 36.2272524,47.568703 36.2058459,47.5705498 36.1741348,47.5745868 36.1260407,47.5820821 36.1134815,47.5840393 36.0971272,47.5811229 36.0928504,47.5719776 36.0932034,47.5639317 36.0937206,47.5516102 36.083596,47.5513372 36.0687253,47.5376576 36.0522834,47.5259403 36.0289493,47.5277116 36.0101821,47.5290926 36.0089805,47.5307733 35.9899261,47.5297881 35.9840037,47.5271801 35.9741332,47.5274119 35.9729002,47.5191426 35.9574562,47.5215186 35.9457854,47.5255397 35.9382323,47.5349281 35.918784,47.5368634 35.9068855,47.54123 35.8957275,47.5335813 35.8969291,47.5262792 35.9290298,47.522222 35.9308509,47.5179756 35.9294621,47.5132513 35.9303198,47.5015118 35.9231448,47.4953864 35.9245723,47.480878 35.9165242,47.4802668 35.9049652,47.4775574 35.8876273,47.4841123 35.8702037,47.4901444 35.8541182,47.4972617 35.8426657,47.5077808 35.8359513,47.5078219 35.8349013,47.5119213 35.8241355,47.5117187 35.8211038,47.5094005 35.8261397,47.4885283 35.8164353,47.4828625 35.7948077,47.48155 35.7841,47.4821034 35.7679767,47.4849567 35.7654283,47.4900599 35.7579899,47.5034538 35.7353064,47.5057398 35.7257901,47.5102806 35.7075554,47.5151594 35.6723442,47.5119194 35.6525823,47.5156294 35.6144529,47.5032683 35.5923173,47.5170335 35.5794857,47.5257513 35.5778858,47.533689 35.5667381,47.5351478 35.5355384,47.5318453 35.5215718,47.5363875 35.5077141,47.5342425 35.4958791,47.5355267 35.4792295,47.5324725 35.4520223,47.5344025 35.4416188,47.5408248 35.4227091,47.5516231 35.3921479,47.5507942 35.3851033,47.5552328 35.3845827,47.5654872 35.3787462,47.5652555 35.3777163,47.5773003 35.3926508,47.5778793 35.4032079,47.5871426 35.4092794,47.5916287 35.4139455,47.5881314 35.4345449,47.5875525 35.4625899,47.5940021 35.4600366,47.6061318 35.4109758,47.6053746 35.4010622,47.598372 35.3835528,47.5975617 35.3813212,47.5876057 35.3608076,47.5871426 35.3608934,47.5916144 35.368747,47.5918314 35.3705065,47.597417 35.3443275,47.5965249 35.3345428,47.602544 35.3218399,47.6031228 35.3146194,47.6122655 35.3239224,47.6126041 35.3277848,47.6521088 35.3130219,47.6577747 35.3112195,47.6654631 35.2976582,47.6601449 35.2901729,47.6497999 35.2807496,47.6454015 35.2785705,47.6332075 35.2803229,47.6290674 35.2816491,47.6102059 35.2937921,47.5883134 35.2986589,47.5816634 35.3218874,47.5730435 35.3287035,47.5625605 35.3313584,47.5485335 35.3362846,47.5283974 35.3281668,47.5190372 35.31519,47.5130628 35.3004982,47.5110287 35.284012,47.5056838 35.2725708,47.4962332 35.265272,47.4744902 35.2060096,47.446008 35.1708857,47.4446956 35.1336935,47.448131 35.1078951,47.4516975 35.066993,47.4503739 35.0559176,47.4463595 35.0370536,47.4283404 34.9750016,47.3904054 34.9436444,47.3885601 34.9056581,47.3972718 34.8757772,47.4074928 34.865702,47.4157826 34.8660933,47.4245925 34.8744892,47.4477686 34.8264545,47.4613305 34.8028637,47.4648041 34.7702567,47.4756887 34.7489582,47.4918908 34.6890734,47.4974901 34.6524839,47.5420652 34.6163794,47.5468133 34.5308596,47.5269171 34.5027573,47.5000581 34.4629998,47.4987024 34.4139759,47.4987323 34.3955762,47.5020699 34.3738802,47.4939069 34.3482378,47.4786732 34.3392431,47.468388 34.3411639,47.4517734 34.3278173,47.4368819 34.3110643,47.4319404 34.294038,47.4278679 34.2749774,47.4369016 34.2567886,47.4337815 34.2144103,47.4161847 34.1767495,47.4150335 34.1459856,47.4242171 34.1064069,47.4171058 34.0877466,47.4190605 34.0627948,47.4197115 34.0465545,47.4145028 34.0424224,47.4042714 34.0134091,47.3369902 33.9871567,47.2455408 33.9714291,47.2131869 33.8898536,47.1564821 33.8524015,47.1318977 33.8309953,47.0850065 33.7575177,47.0277145 33.7011565,46.9994409 33.6874435,46.9279045 33.6808216,46.9084629 33.6370735,46.8994307 33.6407774,46.8606575 33.6183984,46.8256285 33.5804835,46.8166263 33.4827321,46.8201788 33.4652473,46.816363 33.457726,46.8076158 33.4286218,46.788465 33.4097895,46.7773178 33.394731,46.7741925 33.3752541,46.7726798 33.3652244,46.766819 33.3526914,46.7603233 33.3281468,46.753702 33.28829,46.7465941 33.2374163,46.7554516 33.2105147,46.764335 33.1587867,46.7626429 33.1156583,46.7622184 33.0789667,46.7475175 33.0666256,46.7299888 33.0523836,46.7254933 33.0488881,46.7246907 32.9856321,46.7104936 32.9466948,46.7095101 32.932126,46.7081764 32.9314624,46.7044879 32.9201794,46.7047025 32.9091174,46.6990682 32.9064318,46.7009049 32.8993269,46.698944 32.8876073,46.6959047 32.8779564,46.6881604 32.8724219,46.6825991 32.8705161,46.6805 32.8686949,46.6766308 32.862411,46.6723492 32.8550987,46.66686 32.8512432,46.663956 32.8493622,46.6600505 32.8445707,46.6580119 32.8151493,46.6457022 32.8106245,46.6448205 32.797843,46.6373445 32.7701306,46.6349329 32.7554944,46.6299436 32.7460522,46.642968 32.7278647,46.659523 32.7168474,46.6585445 32.7121458,46.634675 32.695395,46.62727 32.67386,46.6145133 32.6060642,46.5829706 32.5401044,46.5740618 32.5252372,46.5700943 32.5218815,46.5657495 32.5142817,46.563754 32.5077675,46.5585383 32.4813006,46.5684538 32.3906539,46.5320158 32.3592492,46.5351826 32.2914573,46.5265187 32.2803286,46.5029706 32.3014692,46.4931276 32.2440875,46.4783812 32.2087992,46.4786599 32.1493641,46.4901711 32.1053416,46.4974062 32.0712219,46.4969789 31.9981837,46.4899129 31.9179279,46.5097485 31.9249506,46.5211403 31.8854034,46.5306172 31.8572006,46.5126897 31.7548116,46.546152 31.6240077,46.5420563 31.5153558,46.5730731 31.5143663,46.5613957 31.554399,46.5319632 31.606741,46.5034619 31.7079939,46.4293838 31.7126415,46.4330676 31.6981463,46.4512491 31.6991392,46.4620017 31.7123327,46.4780235 31.7419365,46.4865142 31.765027,46.486249 31.7967223,46.4795035 32.0659606,46.4022619 32.0056936,46.3685929 31.9847894,46.3442521 31.8870374,46.3274158 31.8188667,46.324781 31.7828235,46.3184257 31.7420321,46.3068438 31.5507749,46.4008417 31.4910655,46.358915 31.5185703,46.2743396 31.5734116,46.2049471 32.9327479,45.9806116 33.2279973,46.0319461 33.3797738,46.0179308 33.4306909,46.003048 33.5310173,46.0110274 33.5972618,46.0122419 33.6099818,45.9294529 33.3756254,45.8197659 33.3319755,45.7907102 33.241688,45.7692563 33.2011397,45.7819247 33.2175457,45.8209298 33.1666536,45.8263842 33.1224469,45.7532142 33.0070336,45.6972048 32.6648909,45.5093444 32.5128151,45.4398645 32.458316,45.3850008 32.475164,45.3253461 32.6483534,45.2937602 32.7465087,45.3411011 32.9038076,45.328451 33.2234367,45.1290968 33.2638169,45.1230831 33.3847679,45.1651384 33.5036651,45.093176 33.5617935,44.9611013 33.5650193,44.8491727 33.5176123,44.8297388 33.4941975,44.628356 33.3637071,44.5872243 33.4625426,44.4823349 33.6248577,44.4110267 33.7140247,44.3667839 33.9423374,44.3697893 34.1200007,44.4019344 34.3359849,44.5315059 34.4276308,44.6501507 34.713904,44.7736909 34.8920258,44.7898117 35.0697884,44.7812077 35.3806366,44.9238546 35.4457593,44.997755 35.6769902,45.0775152 35.7936342,44.9801633 35.954168,44.9851788 36.1993418,45.0066742 36.4393079,45.0625939 36.6422685,45.3794302 36.5890149,45.4356038 36.288273,45.4913493 36.0596848,45.4502633 36.0442803,45.4024269 35.9995244,45.3823403 35.9272932,45.3892174 35.8800161,45.4206864 35.8952931,45.4566589 35.837946,45.4803299 35.7114498,45.3542226 35.4975102,45.3088617 35.3536115,45.3790952 35.1060825,45.6019086 34.8690849,46.0138662 35.1699447,46.0993501 35.4263755,46.3915297 35.8901624,46.5384764 35.9725006,46.4957968 36.0316015,46.4714464 36.1677242,46.47564 36.4041671,46.6199097 36.6127811,46.6015709 36.6974418,46.6032258 36.7433594,46.6017125 36.7930819,46.6117546 36.9125233,46.709284 36.9886909,46.8051134 37.0765362,46.8398341 37.1644948,46.8744873 37.2965592,46.8478359 37.3236204,46.8792799 37.3762484,46.9372304 37.3987787,46.9538931 37.428501,46.9792389 37.4654149,47.0228988 37.4712017,47.0288237 37.4741227,47.0306387 37.4759731,47.0309614 37.4838421,47.0358424 37.4862746,47.0365365 37.4906602,47.041096 37.4927699,47.0412999 37.4971999,47.0419089 37.5039863,47.047461 37.5003227,47.0507401 37.5071622,47.0555627 37.517038,47.0592076 37.5200812,47.0707929 37.5313884,47.078519 37.5509155,47.0948542 37.5531536,47.0965395 37.5629642,47.1040439 37.5622417,47.1110411 37.5606259,47.1261084 37.4976191,47.2441447 37.3356333,47.511867</coordinates>
              </LinearRing>
            </outerBoundaryIs>
            <innerBoundaryIs>
              <LinearRing>
                <tessellate>1</tessellate>
                <coordinates>37.5552982,47.1236313 37.5564028,47.1241475 37.5549835,47.1248797 37.5552982,47.1236313</coordinates>
              </LinearRing>
            </innerBoundaryIs>
            <innerBoundaryIs>
              <LinearRing>
                <tessellate>1</tessellate>
                <coordinates>37.5552982,47.1236313 37.5528097,47.1224826 37.5503146,47.1213139 37.5552982,47.1236313</coordinates>
              </LinearRing>
            </innerBoundaryIs>
            <innerBoundaryIs>
              <LinearRing>
                <tessellate>1</tessellate>
                <coordinates>37.5503146,47.1213139 37.5497299,47.1194554 37.5497703,47.1193598 37.5503146,47.1213139</coordinates>
              </LinearRing>
            </innerBoundaryIs>
            <innerBoundaryIs>
              <LinearRing>
                <tessellate>1</tessellate>
                <coordinates>37.5531536,47.0965395 37.5520547,47.0957325 37.5511064,47.0950138 37.5531536,47.0965395</coordinates>
              </LinearRing>
            </innerBoundaryIs>
            <innerBoundaryIs>
              <LinearRing>
                <tessellate>1</tessellate>
                <coordinates>37.5509155,47.0948542 37.5511064,47.0950138 37.5478824,47.09257 37.5509155,47.0948542</coordinates>
              </LinearRing>
            </innerBoundaryIs>
          </Polygon>
        </MultiGeometry>
      </Placemark>
      <Placemark>
        <name>UA_Многоугольник 210</name>
        <ExtendedData>
          <Data name="descripción">
            <value />
          </Data>
          <Data name="nombre">
            <value />
          </Data>
          <Data name="nom">
            <value />
          </Data>
        </ExtendedData>
        <Polygon>
          <outerBoundaryIs>
            <LinearRing>
              <tessellate>1</tessellate>
              <coordinates>36.5338793,35.3660681 36.0262924,33.4425031 37.169141,33.4799505 38.4273224,34.2740268 38.5638146,34.6824313 36.8785082,35.6587294 37.0962326,35.7082687 37.100839,35.7511147 37.0559925,35.7649774 36.8861912,35.8913088 36.9626424,36.0242629 37.1910618,36.1545425 37.3387764,36.0535203 37.3853809,36.0611548 37.3971413,36.0797459 37.3064376,36.2788824 37.2786221,36.2963193 37.158799,36.3445468 37.0182639,36.4018913 36.628245,36.3728342 36.5325826,36.2503761 36.4058827,36.0532961 36.3777302,35.9905412 36.2052942,35.94227 36.1636436,35.8152456 36.1524192,35.8066404 36.1405081,35.8150179 36.111182,35.8504174 36.1065908,35.8582184 36.0257654,35.8810291 36.0131215,35.869333 36.0621848,35.8287153 36.1305871,35.7680751 36.2338755,35.7057024 36.3321391,35.6673829 36.537271,35.4897999 36.5338793,35.3660681</coordinates>
            </LinearRing>
          </outerBoundaryIs>
        </Polygon>
      </Placemark>
      <Placemark>
        <name>RU_Многоугольник 222</name>
        <ExtendedData>
          <Data name="descripción">
            <value />
          </Data>
          <Data name="nombre">
            <value />
          </Data>
          <Data name="nom">
            <value />
          </Data>
        </ExtendedData>
        <Polygon>
          <outerBoundaryIs>
            <LinearRing>
              <tessellate>1</tessellate>
              <coordinates>37.0182639,36.4018913 37.1471515,36.349656 37.1231189,36.3983078 37.1457782,36.4336719 37.1416583,36.4850315 37.0908466,36.4850315 37.0290485,36.4629455 37.0182639,36.4018913</coordinates>
            </LinearRing>
          </outerBoundaryIs>
        </Polygon>
      </Placemark>
      <Placemark>
        <name>RU_Бункер</name>
        <ExtendedData>
          <Data name="descripción">
            <value />
          </Data>
          <Data name="nombre">
            <value />
          </Data>
          <Data name="nom">
            <value />
          </Data>
        </ExtendedData>
        <Polygon>
          <outerBoundaryIs>
            <LinearRing>
              <tessellate>1</tessellate>
              <coordinates>38.2525916,48.9197822 38.2491538,48.9199821 38.247008,48.918008 38.2455489,48.9150186 38.2492396,48.9155263 38.2525916,48.9197822</coordinates>
            </LinearRing>
          </outerBoundaryIs>
        </Polygon>
      </Placemark>
      <Placemark>
        <name>UA_Многоугольник 194</name>
        <ExtendedData>
          <Data name="descripción">
            <value />
          </Data>
          <Data name="nombre">
            <value />
          </Data>
          <Data name="nom">
            <value />
          </Data>
        </ExtendedData>
        <Polygon>
          <outerBoundaryIs>
            <LinearRing>
              <tessellate>1</tessellate>
              <coordinates>35.1905932,50.7811087 35.276314,50.6747862 35.4018152,50.6884797 35.4221007,50.7561751 35.4825711,50.7749753 35.4491903,50.7798362 35.4054897,50.7991161 35.414088,50.8366429 35.3621861,50.8860013 35.3844175,50.9015633 35.3876772,50.9212189 35.4003634,50.9258918 35.4033475,50.9293011 35.3829282,50.929329 35.3668035,50.926487 35.3559408,50.9290167 35.3426784,50.9332724 35.3331592,50.9340265 35.3255588,50.9468454 35.2717051,50.9390755 35.1905932,50.7811087</coordinates>
            </LinearRing>
          </outerBoundaryIs>
        </Polygon>
      </Placemark>
      <Placemark>
        <name>RU_Многоугольник 169</name>
        <ExtendedData>
          <Data name="descripción">
            <value />
          </Data>
          <Data name="nombre">
            <value />
          </Data>
          <Data name="nom">
            <value />
          </Data>
        </ExtendedData>
        <Polygon>
          <outerBoundaryIs>
            <LinearRing>
              <tessellate>1</tessellate>
              <coordinates>35.1560285,51.0809188 35.1874351,51.0628484 35.1913791,51.0570004 35.2043583,51.0517765 35.2132941,51.051404 35.219287,51.0433377 35.2470839,51.0448862 35.2501637,51.0539887 35.2894194,51.0721147 35.305192,51.0738365 35.3239204,51.0735077 35.3502507,51.0614246 35.3634499,51.0668171 35.3770795,51.0675148 35.3897971,51.0553404 35.3956384,51.0558344 35.4086884,51.0497456 35.4108507,51.0188857 35.3625832,51.0041326 35.3438706,50.9932988 35.3536571,50.9733872 35.3367028,50.9515413 35.3832378,50.9392807 35.3961785,50.9403339 35.4342822,50.9594382 35.6875721,50.9662962 35.8379262,51.0388028 35.8343497,51.1437205 36.2357678,51.3984839 36.3652191,51.8242623 35.4474776,51.9075845 34.6209377,51.8723691 34.4621037,51.7203812 34.185918,51.6614106 34.3133552,51.5371269 34.3172154,51.4887966 34.2667847,51.4605378 34.2720293,51.408706 34.3538907,51.3598414 34.3173713,51.325468 34.3082282,51.2967538 34.2898266,51.2877859 34.2768166,51.2856518 34.2713115,51.2776251 34.262107,51.2735431 34.2888515,51.2633019 34.2970372,51.2705527 34.2989799,51.2714199 34.3043326,51.2711879 34.3381656,51.269031 34.3521738,51.2626308 34.3604977,51.2605124 34.3838844,51.2736574 34.4006665,51.2710117 34.407215,51.2756357 34.4558136,51.2587372 34.4650023,51.2518539 34.4742307,51.250775 34.4789739,51.2481667 34.4864531,51.2501936 34.4918727,51.2506621 34.512619,51.251771 34.5091625,51.2581169 34.5261114,51.2569746 34.5306546,51.2553338 34.5341033,51.2565931 34.542659,51.2564822 34.5555128,51.2449736 34.5808038,51.2337562 34.5979168,51.2466623 34.6016452,51.254947 34.6061993,51.2549744 34.6110513,51.2519795 34.6205149,51.2509115 34.6334119,51.2524208 34.6455257,51.2499927 34.662788,51.2483147 34.6727151,51.2352971 34.6749143,51.2244397 34.6753656,51.2120096 34.6929865,51.1964917 34.7196536,51.1840297 34.7531276,51.1803711 34.7603199,51.1670944 34.7653457,51.1681683 34.7708018,51.1722555 34.7786247,51.1733255 34.7944424,51.1707274 34.8194854,51.1684809 34.8243303,51.1621936 34.8460821,51.1634424 34.8560678,51.1476176 34.8378288,51.1374671 34.8161994,51.1333739 34.813625,51.1291302 34.8342244,51.118787 34.8373143,51.1114592 34.8500172,51.1071482 34.8650568,51.1094447 34.8669124,51.1114545 34.8749482,51.1130331 34.8789397,51.1174074 34.8749076,51.1235705 34.8725043,51.1271797 34.900096,51.1411578 34.9200215,51.138662 34.9345397,51.1368644 34.9671698,51.1292876 34.9845076,51.1259479 34.9965239,51.1290721 35.0045062,51.126325 35.0083671,51.1197493 35.015113,51.1184298 35.0121436,51.1108051 35.0229744,51.110447 35.0265364,51.1138148 35.0354895,51.1158162 35.0529132,51.1154391 35.054176,51.1206416 35.1182793,51.1270345 35.1297326,51.1396671 35.1583602,51.1305377 35.1560378,51.1102251 35.1503683,51.1054892 35.1492509,51.0991333 35.1667166,51.095848 35.1560285,51.0809188</coordinates>
            </LinearRing>
          </outerBoundaryIs>
        </Polygon>
      </Placemark>
      <Placemark>
        <name>RU_Многоугольник 197</name>
        <ExtendedData>
          <Data name="descripción">
            <value />
          </Data>
          <Data name="nombre">
            <value />
          </Data>
          <Data name="nom">
            <value />
          </Data>
        </ExtendedData>
        <Polygon>
          <outerBoundaryIs>
            <LinearRing>
              <tessellate>1</tessellate>
              <coordinates>37.4757737,50.4595249 37.4699372,50.4536232 37.431485,50.4429108 37.4345749,50.4339456 37.4641007,50.4300091 37.4840134,50.4308839 37.4843567,50.4453159 37.4915665,50.4575577 37.4757737,50.4595249</coordinates>
            </LinearRing>
          </outerBoundaryIs>
        </Polygon>
      </Placemark>
      <Placemark>
        <name>RU_LPR  [Z]</name>
        <ExtendedData>
          <Data name="descripción">
            <value />
          </Data>
          <Data name="nombre">
            <value />
          </Data>
          <Data name="nom">
            <value />
          </Data>
        </ExtendedData>
        <MultiGeometry>
          <Polygon>
            <outerBoundaryIs>
              <LinearRing>
                <tessellate>1</tessellate>
                <coordinates>37.6318979,49.7121065 37.6324127,49.7117387 37.6322605,49.7120886 37.6318979,49.7121065</coordinates>
              </LinearRing>
            </outerBoundaryIs>
          </Polygon>
          <Polygon>
            <outerBoundaryIs>
              <LinearRing>
                <tessellate>1</tessellate>
                <coordinates>37.6322605,49.7120886 37.6371766,49.7118463 37.6380349,49.7075623 37.642369,49.7062163 37.6524929,49.7066893 37.6555848,49.7156513 37.6531837,49.7246133 37.6523254,49.7341005 37.6651593,49.755519 37.6842352,49.7489338 37.6859208,49.7455708 37.6974316,49.7303378 37.7161427,49.7330007 37.7176877,49.7401012 37.7145978,49.7433183 37.718546,49.7551863 37.7363475,49.7483444 37.7423555,49.7460545 37.7561309,49.7454555 37.7607663,49.7363946 37.7601436,49.7291087 37.7511504,49.7056173 37.7634527,49.6914206 37.7839697,49.684148 37.7778785,49.6725423 37.7997341,49.6676094 37.8158393,49.6639335 37.8303104,49.6581243 37.8286884,49.6466157 37.8281735,49.6357772 37.8407871,49.6254469 37.823637,49.6187194 37.7898284,49.611023 37.785549,49.5980379 37.7672274,49.5940943 37.7662921,49.5881048 37.7336896,49.5778532 37.7336731,49.5743746 37.7143749,49.5719955 37.7064923,49.5759321 37.7047215,49.575974 37.6978011,49.5725094 37.687438,49.5683344 37.6878101,49.5634189 37.6991671,49.5552741 37.7143922,49.5411519 37.7199019,49.5175732 37.708322,49.5119106 37.6980041,49.5113874 37.6945185,49.5031825 37.6931779,49.4962225 37.6872497,49.4855392 37.6952527,49.4844741 37.7092641,49.486419 37.7163114,49.4911954 37.7395183,49.4857577 37.7589457,49.4838888 37.7515764,49.4710872 37.7551613,49.4692126 37.7691189,49.4667174 37.7683123,49.4606772 37.765581,49.4551032 37.7411186,49.4594567 37.7248972,49.4522018 37.7410606,49.4447816 37.7536049,49.4468191 37.7627158,49.4440563 37.766717,49.4416023 37.7733438,49.4149259 37.7404631,49.4134975 37.7389583,49.4072558 37.7637158,49.4000617 37.7838339,49.3910938 37.8099569,49.3929587 37.8241844,49.3865823 37.8381536,49.3845619 37.8421057,49.3774187 37.8751631,49.3761208 37.9006128,49.3776591 37.9057462,49.3719633 37.9359432,49.3796773 37.9399136,49.37638 37.9368457,49.370065 37.9334576,49.3615707 37.9450656,49.3466628 37.9479146,49.3435906 37.9492105,49.3407261 37.9415755,49.3397133 37.9414937,49.33747 37.951182,49.3379232 37.9536056,49.3284536 37.9587982,49.3283688 37.9625495,49.3181374 37.953726,49.307165 37.9577261,49.2930029 37.9664443,49.2916214 37.9677733,49.2909594 37.9690594,49.2878343 37.9711993,49.2851584 37.9816483,49.2804994 37.9926892,49.2668963 37.9730106,49.2576294 37.9565622,49.2524037 37.9386305,49.249283 37.9293468,49.2431242 37.9289048,49.236629 37.9096987,49.2344406 37.8991852,49.2325509 37.8875811,49.2259704 37.8894693,49.2168888 37.8832895,49.2159918 37.8758125,49.2128214 37.8686666,49.1917046 37.8412175,49.1906135 37.8230331,49.1935792 37.8085351,49.2047878 37.7910258,49.2071797 37.7842081,49.2085841 37.7860535,49.2138547 37.773519,49.2167097 37.7694452,49.2114859 37.7738011,49.2041821 37.7795358,49.2011488 37.7683359,49.1892018 37.76061,49.1879692 37.7511792,49.1820017 37.7462124,49.1820928 37.7387781,49.1746379 37.7356534,49.1758322 37.7322712,49.1744452 37.7320005,49.1728338 37.7295626,49.1711803 37.7211066,49.171043 37.7145835,49.1673392 37.7122661,49.1620636 37.7155276,49.1588643 37.7132961,49.1466825 37.6991281,49.1466632 37.6993855,49.1432945 37.6830164,49.1462579 37.6667085,49.1419907 37.6603571,49.1336799 37.6588287,49.1265681 37.6660257,49.1223715 37.6675424,49.1147632 37.6284036,49.0846414 37.6230391,49.0679038 37.6389673,49.0653679 37.6586686,49.0581053 37.6801754,49.0681783 37.6918485,49.0687969 37.69836,49.0622914 37.705484,49.0590856 37.7136579,49.0564578 37.7189221,49.0496813 37.7284946,49.052111 37.7315107,49.0584264 37.7507764,49.0691627 37.7630492,49.069062 37.7705146,49.064012 37.7766944,49.0672174 37.7812435,49.0640682 37.7783081,49.0594884 37.7896378,49.0459883 37.8005354,49.0494535 37.8064584,49.0523578 37.8166317,49.0558057 37.829927,49.0567468 37.8281977,49.0548235 37.8282277,49.0520001 37.8320385,49.0505366 37.8329526,49.0479057 37.8361149,49.048075 37.8359269,49.0571246 37.8359601,49.0635401 37.8647074,49.0648365 37.8782185,49.0640432 37.8866299,49.0634527 37.8930762,49.0598591 37.9025175,49.0603091 37.9113581,49.0650332 37.9169113,49.061281 37.9169908,49.0533073 37.9153664,49.0478939 37.9066625,49.0400305 37.8946527,49.0429965 37.8930603,49.0340455 37.8818417,49.0258854 37.8606882,49.0125546 37.8268404,49.0102505 37.8068731,49.0058626 37.8047031,49.0030995 37.820728,48.997408 37.8547596,49.005702 37.8733246,49.0075936 37.8846828,49.0153384 37.9161529,49.0163143 37.9180741,49.0152582 37.9173601,49.0046526 37.8954572,48.9969849 37.8933864,48.9934828 37.8958969,48.9806267 37.8797711,48.9754594 37.8564255,48.9751197 37.8468112,48.9797358 37.8396014,48.9793978 37.8354815,48.9717922 37.8462849,48.9653595 37.862035,48.9568499 37.8469175,48.9487359 37.8189332,48.9460324 37.819535,48.9374657 37.8364856,48.9372421 37.8513727,48.9261905 37.8611171,48.9152711 37.879397,48.9146499 37.8980482,48.9140142 37.9083484,48.9106862 37.9057735,48.9040577 37.9195059,48.8998968 37.9241407,48.9069064 37.9438163,48.9287918 37.9597808,48.9366858 37.9793608,48.9405534 37.9884558,48.9374244 38.0104328,48.9325186 38.0207256,48.9300373 38.0358294,48.921409 38.0330503,48.9165229 38.0274533,48.9075543 38.0001591,48.89943 37.9931449,48.8990888 37.9887675,48.8923174 37.9892825,48.8841342 37.9892264,48.8784587 37.9821883,48.8633286 37.9984961,48.8608441 38.001071,48.8574559 38.012744,48.8566653 38.0149949,48.8397713 38.0110744,48.833666 38.0037359,48.8348807 38.0020622,48.8319145 38.0150985,48.8286857 38.0120084,48.8247868 38.0070305,48.8222439 38.0120627,48.8178308 38.0023328,48.8034709 37.9940931,48.7975912 37.9896299,48.7915977 37.9717771,48.783907 37.961699,48.7837696 37.9438462,48.7809418 37.9337843,48.7756968 37.9368742,48.7636474 37.9290636,48.7605921 37.9135283,48.7625724 37.9090651,48.7584421 37.922798,48.7459357 37.9183348,48.7429926 37.9277762,48.7355775 37.9360159,48.7241979 37.915533,48.7139617 37.9062425,48.7074108 37.9039047,48.6991962 37.8861045,48.6957121 37.8666053,48.7010071 37.8549691,48.6994159 37.8482956,48.6946782 37.8499911,48.6929996 37.8503132,48.687865 37.8527593,48.687015 37.8536605,48.6831335 37.8465671,48.6773646 37.8381009,48.6799826 37.8327365,48.6733517 37.8211217,48.6723391 37.8190327,48.6713859 37.8191684,48.6704133 37.8215141,48.6696675 37.8234988,48.665324 37.8163641,48.6640697 37.8154846,48.6627801 37.8173752,48.6549583 37.8036785,48.6534377 37.7867899,48.6466655 37.7804582,48.6454504 37.7794586,48.6403377 37.7812765,48.6337826 37.7921071,48.6351116 37.8029971,48.6291187 37.8054376,48.6227753 37.7900264,48.6210836 37.7779545,48.617928 37.781731,48.6059434 37.7829757,48.5966534 37.784134,48.5948038 37.7861077,48.5948298 37.7997538,48.5909951 37.8142263,48.5900982 37.8134584,48.5849786 37.8308312,48.5792301 37.8401975,48.5719043 37.8378048,48.5624761 37.8190359,48.5523297 37.8212313,48.542419 37.8264481,48.5315531 37.8407615,48.5244945 37.8241171,48.5182257 37.8115956,48.5080322 37.7892734,48.5054014 37.7899999,48.5001251 37.8446382,48.5019567 37.8661818,48.4952597 37.8587073,48.4878841 37.8767425,48.4834286 37.8880542,48.4806305 37.8922474,48.4792216 37.9076834,48.4767939 37.9286261,48.4697948 37.9458012,48.4612745 37.956405,48.4601829 38.0103949,48.4503999 38.0287673,48.4481908 38.0522033,48.4417644 38.1163301,48.4410009 38.1368278,48.4438545 38.1420675,48.4478477 38.1603575,48.4428479 38.183069,48.4183682 38.2002267,48.4242067 38.2241407,48.4227335 38.2644303,48.4165891 38.3010557,48.437137 38.3072787,48.4474895 38.3155574,48.4613191 38.3296765,48.4496529 38.3367123,48.4439187 38.3387774,48.44212 38.3409067,48.440364 38.3451435,48.4368661 38.3593897,48.4400108 38.3717289,48.4427189 38.3769947,48.4416398 38.3819161,48.4305385 38.4040045,48.4356541 38.4020624,48.4409965 38.4333765,48.4490571 38.4379274,48.4264828 38.4378666,48.3961726 38.4293748,48.2824092 38.5608261,48.2773146 38.5916333,48.2607748 38.5877927,48.2337584 38.6099063,48.2069847 38.6059146,48.173803 38.8208393,48.1193305 38.8089954,48.0941037 38.8303773,48.0721617 38.8126201,48.0531608 38.8398936,48.0142542 39.0434839,48.0086299 39.0425629,47.9612433 39.0855635,47.9423589 39.0608424,47.9037039 39.0869368,47.8714696 39.1226455,47.844746 39.1501134,47.8456678 39.2407576,47.8714696 39.3877112,47.876076 39.4151792,47.835528 39.4420447,47.861227 39.4750573,47.8643906 39.5197216,47.8311395 39.5695913,47.8404322 39.6304621,47.844167 39.6814536,47.8361721 39.7365544,47.833684 39.7611559,47.8515083 39.7623052,47.8749296 39.7929895,47.8741641 39.7928218,47.9252307 39.8052649,47.9550626 39.8202915,47.9559155 39.8106934,48.0056831 39.787358,48.0199548 39.7777563,48.0443794 39.8789118,48.047637 39.8326844,48.0705997 39.8654227,48.0843844 39.8718776,48.1215695 39.8948293,48.1408732 39.9063256,48.1846206 39.9376061,48.1873609 39.9425644,48.2331797 40.0057322,48.2288389 40.0181014,48.2565022 39.9906334,48.3227537 39.910633,48.27593 39.9075554,48.2971756 39.8879889,48.3124812 39.8381862,48.3154475 39.8436798,48.3373632 39.950805,48.3574444 39.8162119,48.5914428 39.6802451,48.5968929 39.6568972,48.6214111 39.7035928,48.6704118 39.6992698,48.7248033 39.7513186,48.7810098 39.8000116,48.8471327 39.8846572,48.8252948 39.9255758,48.8089257 39.9412188,48.8029961 39.9579654,48.8022913 39.9747106,48.7979657 40.0811092,48.8731404 40.051463,48.9164731 40.0070117,48.9047127 39.9902865,48.8730486 39.9715651,48.8752971 39.9487203,48.8802518 39.9368578,48.8933315 39.9222436,48.9000888 39.8352897,48.8918894 39.7746242,48.9269969 39.7675933,48.9611753 39.7603823,48.9701482 39.7529972,48.9787825 39.7498,48.9805532 39.7478043,48.9829998 39.7499391,48.9854343 39.753276,48.9871928 39.7533511,48.9889512 39.7506794,48.9898085 39.7469664,48.9901988 39.7442835,48.9885615 39.7296491,48.9808923 39.7297992,48.9790041 39.727691,48.9782222 39.7252394,48.979243 39.7251427,48.9809466 39.7271595,48.9817896 39.7260433,48.9830248 39.7181454,48.984819 39.7167689,48.99021 39.7155132,48.9925076 39.7116821,48.9934535 39.7075937,48.9951878 39.707625,48.9968095 39.7053385,48.9987408 39.7045969,49.0014606 39.6991652,49.0035211 39.6961273,49.0017354 39.6932611,49.0017517 39.6916489,48.9988559 39.677097,48.992275 39.6637607,49.0036 39.670869,49.0058558 39.6791811,49.0157685 39.6753465,49.01642 39.6725417,49.017972 39.6730842,49.0208751 39.6751722,49.0233278 39.676688,49.0252906 39.6764874,49.0289419 39.6772312,49.0302487 39.6793484,49.0309926 39.6812223,49.0316179 39.6822381,49.033031 39.6818806,49.0343315 39.6804929,49.0357446 39.6837261,49.0364886 39.684656,49.0390551 39.6821524,49.0411715 39.6800354,49.0405214 39.6787192,49.040946 39.6779753,49.0420204 39.6737397,49.0421436 39.6824375,49.048355 39.6937142,49.053054 39.7420322,49.0445478 39.766824,49.0427816 39.7772582,49.046278 39.8023908,49.0615259 39.8072713,49.06316 39.8117932,49.0632714 39.8166584,49.060908 39.8202083,49.0606804 39.8805293,49.0669629 39.9109717,49.0599059 39.9379765,49.0589159 39.9430951,49.0736842 39.9382573,49.0855286 39.9588343,49.1081063 39.9722152,49.1270853 40.0027472,49.1542248 40.0106084,49.1633587 40.031294,49.1823348 40.0778284,49.1895723 40.0942481,49.2058934 40.1086981,49.2136868 40.1233599,49.2336453 40.1375861,49.2423914 40.1771647,49.2399995 40.2091046,49.2448803 40.2147283,49.2477289 40.2211262,49.2608863 40.2199706,49.2655838 40.2164114,49.2691611 40.1836213,49.2909752 40.1791513,49.2995513 40.1882656,49.3111467 40.1902576,49.320896 40.1946548,49.3327725 40.196425,49.3467642 40.1940748,49.3500187 40.1771457,49.3590727 40.1705139,49.3590127 40.1603361,49.3685079 40.1628111,49.3706184 40.1559957,49.3754549 40.1453591,49.380542 40.1294796,49.3851409 40.1136911,49.3883394 40.0773491,49.4131663 40.0590496,49.4393446 40.0471454,49.4490828 40.029055,49.4574798 40.0418779,49.5038951 40.0389168,49.5243285 40.1693907,49.5731985 40.1403564,49.5996323 40.1356845,49.6207235 40.0640464,49.6032051 40.0573078,49.6111499 39.9513517,49.6013537 39.9347406,49.5773985 39.8910285,49.5627857 39.8685643,49.5638149 39.8385402,49.5679537 39.809052,49.562637 39.8077604,49.5606875 39.7782054,49.5802617 39.7495889,49.6013869 39.7139553,49.6101717 39.6964532,49.6088308 39.6875222,49.6151922 39.6598704,49.6190695 39.6381298,49.6385756 39.6128232,49.6949971 39.591229,49.7236449 39.6101479,49.7376389 39.5636507,49.7410227 39.5355869,49.7446992 39.4800048,49.7607294 39.4580563,49.762108 39.4483336,49.7634208 39.4396403,49.7642895 39.4120606,49.7571689 39.378359,49.7432833 39.3620235,49.7449856 39.3079089,49.7573273 39.2853653,49.7595553 39.2740766,49.7719761 39.264299,49.7728699 39.2511633,49.7808543 39.2478467,49.7862896 39.2436962,49.7908392 39.237411,49.8040304 39.2273949,49.812403 39.2297628,49.8147085 39.2292306,49.8177454 39.2275902,49.8204834 39.2262538,49.8444428 39.2053233,49.8691522 39.1996584,49.8750527 39.1953662,49.8769699 39.1931773,49.8798925 39.1930483,49.8830363 39.1909235,49.8845529 39.1886269,49.8891666 39.1797404,49.892642 39.131121,49.8658065 39.1099495,49.8421837 39.0712371,49.8241622 39.0673511,49.8195679 39.0503041,49.8223647 39.0314786,49.8270806 39.0214808,49.8256576 38.9829224,49.8112684 38.9346177,49.8062331 38.9261402,49.8135991 38.9142113,49.8423501 38.9120185,49.8580532 38.9177883,49.8623631 38.9096859,49.8638543 38.8995223,49.873976 38.8751701,49.8745025 38.8423892,49.8732102 38.8314888,49.8805223 38.7951326,49.8879378 38.790694,49.8827331 38.7684992,49.9002255 38.7446819,49.9014522 38.7324226,49.9102442 38.722854,49.9309988 38.6936855,49.938945 38.6864819,49.9663299 38.7159639,49.9870309 38.7067752,49.997687 38.6961712,50.007208 38.6879487,50.0121884 38.6790388,50.0111003 38.6744191,49.9955756 38.6782108,49.9792777 38.666315,49.9768342 38.6465288,49.9593723 38.6161421,49.978094 38.6112437,49.9797237 38.5823098,49.9815732 38.5264255,49.9623977 38.5079295,49.9673784 38.4880579,49.9683806 38.4822704,49.9813547 38.4787142,49.9816518 38.4765312,49.9872475 38.4652976,49.9882827 38.4675497,49.9987423 38.4356957,50.0045925 38.4158447,49.9862655 38.3568488,50.008096 38.3537384,50.0382638 38.3389585,50.0544526 38.3303468,50.0860693 38.3010573,50.0874665 38.2762812,50.0739496 38.2534228,50.0723633 38.1797574,50.0795611 38.1927826,50.0204317 38.2212139,49.9886527 38.2107871,49.9621817 38.1296554,49.9199687 38.1185968,49.9391742 38.058818,49.9225626 38.0472209,49.9136428 38.033227,49.8983102 38.0196542,49.9094721 38.021027,49.9196973 38.0189673,49.9261652 38.0409471,49.9329122 38.0055864,49.9598898 37.9925348,49.9647989 37.9643481,49.9768272 37.9393948,50.0151807 37.9303883,50.0268337 37.9061248,50.0401018 37.8821927,50.050719 37.8600791,50.0527676 37.7972417,50.083313 37.7559934,50.0779153 37.7422184,50.0938272 37.7225968,50.1081955 37.7018685,50.1309837 37.6758446,50.1478153 37.6491135,50.168161 37.6040242,50.1487305 37.6195685,50.1076697 37.6986927,50.0783359 37.6971731,50.0631773 37.7420798,50.0487623 37.7432814,50.0406046 37.7585593,50.0288065 37.7573576,50.0204248 37.8076544,50.0090631 37.819576,49.9878407 37.8128812,49.9818804 37.8135396,49.9799297 37.8203345,49.9764358 37.8334361,49.9733973 37.8303721,49.9621164 37.8142492,49.9532182 37.8031043,49.9415028 37.7863984,49.9436973 37.7565596,49.9474217 37.7517821,49.9474983 37.7524416,49.9419618 37.7299883,49.9106047 37.6985336,49.9055542 37.6911119,49.8976259 37.6926321,49.8874102 37.6672059,49.8821714 37.6635808,49.8855031 37.6556638,49.8859587 37.6423545,49.8844874 37.6446724,49.8647677 37.6469915,49.8535912 37.6563455,49.844957 37.6491615,49.838879 37.6313442,49.8241421 37.6118309,49.8256909 37.6086552,49.8216486 37.5992138,49.8218148 37.598613,49.8176614 37.6106293,49.814117 37.6055648,49.8065099 37.6119094,49.7926533 37.5936255,49.783842 37.5791007,49.7783824 37.5709892,49.773366 37.5492732,49.7687743 37.5483291,49.7658916 37.5509898,49.7630641 37.5698762,49.7652066 37.5814411,49.7657691 37.5906856,49.7651804 37.5911022,49.7568738 37.5970112,49.7547772 37.6018751,49.7470472 37.5974686,49.7426447 37.5904038,49.7348012 37.5827258,49.7333864 37.5827258,49.72573 37.5926821,49.7224008 37.605027,49.7265481 37.6068109,49.7197109 37.6030161,49.7186447 37.6033444,49.7174556 37.6072404,49.7179908 37.6096683,49.7143648 37.610165,49.7114255 37.605086,49.708665 37.6058869,49.7038507 37.5997928,49.6944686 37.592212,49.6873636 37.5981993,49.6839281 37.6146566,49.6817133 37.6131546,49.6845055 37.6101933,49.6866867 37.6131972,49.6910492 37.6104542,49.6988872 37.6107452,49.7008784 37.6137383,49.7048831 37.6170428,49.707714 37.6136525,49.7284131 37.6190216,49.7328172 37.6190215,49.7404724 37.642625,49.7522302 37.6492228,49.7515226 37.6356509,49.7335109 37.6293228,49.7188423 37.6322605,49.7120886</coordinates>
              </LinearRing>
            </outerBoundaryIs>
          </Polygon>
        </MultiGeometry>
      </Placemark>
      <Placemark>
        <name>RU_DPR  [Z]</name>
        <ExtendedData>
          <Data name="descripción">
            <value />
          </Data>
          <Data name="nombre">
            <value />
          </Data>
          <Data name="nom">
            <value />
          </Data>
        </ExtendedData>
        <MultiGeometry>
          <Polygon>
            <outerBoundaryIs>
              <LinearRing>
                <tessellate>1</tessellate>
                <coordinates>38.2046911,48.3188334 38.2066084,48.3187692 38.2082302,48.3200619 38.2046911,48.3188334</coordinates>
              </LinearRing>
            </outerBoundaryIs>
          </Polygon>
          <Polygon>
            <outerBoundaryIs>
              <LinearRing>
                <tessellate>1</tessellate>
                <coordinates>38.1464954,48.3532397 38.1475939,48.3522879 38.1486549,48.3528804 38.1464954,48.3532397</coordinates>
              </LinearRing>
            </outerBoundaryIs>
          </Polygon>
          <Polygon>
            <outerBoundaryIs>
              <LinearRing>
                <tessellate>1</tessellate>
                <coordinates>37.17675,47.9411823 37.1970489,47.9379192 37.2197358,47.9308191 37.2201535,47.924462 37.2276008,47.9139457 37.235111,47.9090556 37.2483991,47.9045064 37.2437363,47.8945671 37.239146,47.8793006 37.2372159,47.8617181 37.2495289,47.8460312 37.2712356,47.842255 37.2966996,47.8358363 37.3373312,47.823732 37.3867621,47.8096661 37.4007695,47.8089472 37.3962911,47.7970198 37.3960191,47.7917805 37.4053143,47.7869092 37.4057744,47.7809728 37.4174768,47.7752091 37.4922619,47.7552658 37.4880278,47.7295149 37.4738861,47.6920494 37.4310612,47.6016394 37.3369159,47.5107535 37.5123132,47.2171261 37.561557,47.1249021 37.5641756,47.1025153 37.5478462,47.0898833 37.5359447,47.079353 37.6137726,47.0857286 37.6263554,47.0880185 37.6450772,47.0891367 37.6676214,47.0846763 37.6785816,47.079824 37.6876654,47.0786816 37.6870572,47.0821421 37.7143927,47.0818856 37.7325243,47.0830985 37.7522889,47.0870556 37.7734346,47.090572 37.7960393,47.0870128 37.8223648,47.0933294 37.851336,47.1054832 37.8787297,47.1097945 38.0033528,47.0904632 38.0936552,47.1074585 38.1256434,47.0823383 38.1370263,47.0567543 38.1268359,47.0546952 38.1236245,47.0491766 38.1165196,47.0489001 38.0927175,47.0282367 38.1432702,47.057086 38.1704667,47.073281 38.1894414,47.0983566 38.2323615,47.1233471 38.2433468,47.2181085 38.2337337,47.2306995 38.289353,47.2395584 38.2900394,47.2582031 38.327806,47.256805 38.3229989,47.3089766 38.2220594,47.3071137 38.2241193,47.3308542 38.2474652,47.3662125 38.257765,47.3759786 38.2879782,47.3750488 38.2886648,47.3945754 38.3044579,47.3931808 38.3030836,47.4763226 38.2907239,47.4791073 38.2893503,47.4925641 38.2872903,47.5097281 38.2852298,47.5458933 38.3092559,47.5479779 38.3133787,47.554928 38.3133825,47.5776332 38.3521744,47.5785568 38.3525219,47.6195379 38.4623881,47.6213896 38.4575582,47.6468623 38.6162005,47.6528535 38.6689825,47.7021932 38.768516,47.6923157 38.7863857,47.7391094 38.7879212,47.8160642 38.8267695,47.8204368 38.8441705,47.8670373 39.0742131,47.873088 39.0572917,47.9029719 39.0867529,47.9396969 39.043754,47.9585814 39.0446744,48.005968 38.8410951,48.0115914 38.8126412,48.0531465 38.8303984,48.0721474 38.8090165,48.0940894 38.8208604,48.1193162 38.607127,48.1711392 38.6111181,48.204321 38.5890055,48.2310945 38.5922772,48.2611075 38.5614698,48.2776473 38.432312,48.2822578 38.4350513,48.3590923 38.4386559,48.404241 38.4385704,48.4268154 38.4340193,48.4493897 38.4027051,48.4413291 38.4046471,48.4359867 38.3825585,48.4308711 38.3776371,48.4419725 38.3723713,48.4430516 38.3457857,48.4371989 38.3161996,48.4616519 38.3016976,48.4374698 38.2650721,48.416922 38.2247821,48.4230663 38.200868,48.4245396 38.1965444,48.422404 38.183367,48.4189286 38.1606553,48.4434083 38.1423652,48.4484081 38.1371211,48.4439556 38.1166233,48.441102 38.0743173,48.4423626 38.0524964,48.4418655 38.0290604,48.4482919 38.0104162,48.4503856 37.9564263,48.4601686 37.9458225,48.4612602 37.9286474,48.4697805 37.9077048,48.4767796 37.8922688,48.4792073 37.8880756,48.4806162 37.8587287,48.4878698 37.8661818,48.4952597 37.8446382,48.5019567 37.8237395,48.5012836 37.7899999,48.5001251 37.7892734,48.5054014 37.7693496,48.5089387 37.7611465,48.5210816 37.7397247,48.5136399 37.7332016,48.5148339 37.7278801,48.5120479 37.7285486,48.5081285 37.730542,48.5054341 37.7268046,48.5045377 37.7398608,48.4886529 37.711911,48.479775 37.7053878,48.4735161 37.7069328,48.4672564 37.7136664,48.4669779 37.7183397,48.4632845 37.7233179,48.4497371 37.7291544,48.4459796 37.7407863,48.4449649 37.7459361,48.4482671 37.7502276,48.4488364 37.7596258,48.4439034 37.7613424,48.4409427 37.7650346,48.4415378 37.7696953,48.4397188 37.7718145,48.4384537 37.7676705,48.4344566 37.7606324,48.4358803 37.7556542,48.4390122 37.7487877,48.4396955 37.7453545,48.4414606 37.7250126,48.4396955 37.7189187,48.4422008 37.7135113,48.4412898 37.7090481,48.4352539 37.6956585,48.4345705 37.6911095,48.4304133 37.6875046,48.429559 37.6834995,48.4327019 37.6935714,48.4408561 37.6946611,48.4450924 37.6997598,48.4475296 37.6918634,48.4503762 37.6842113,48.4452328 37.6726125,48.4427075 37.6727611,48.4409594 37.6670524,48.438602 37.6568521,48.4292251 37.6491039,48.4243522 37.6387599,48.4245108 37.6371705,48.4310489 37.6281094,48.432764 37.6300835,48.4369211 37.6431295,48.4430709 37.6418424,48.4504719 37.6516852,48.4539039 37.6615296,48.458929 37.6667899,48.4596331 37.6760098,48.4613255 37.6751881,48.4671155 37.6726864,48.4695896 37.6682997,48.4691224 37.6562323,48.4627075 37.6378083,48.4582705 37.6323151,48.4540014 37.6245045,48.4524075 37.625277,48.4482517 37.6003188,48.4414829 37.5984848,48.4501583 37.5907655,48.4495076 37.5881437,48.4590321 37.5715785,48.4579791 37.5706343,48.4628456 37.557073,48.4617072 37.5550684,48.4701932 37.5374641,48.4693535 37.522887,48.4716542 37.5167072,48.4757512 37.5029743,48.4767185 37.4972237,48.4796772 37.4876106,48.4803599 37.4804867,48.477572 37.4587804,48.4789628 37.4530295,48.4865291 37.44701,48.4840648 37.4417641,48.4862551 37.4390552,48.4883172 37.437891,48.4904931 37.4346933,48.4918583 37.4284946,48.4934817 37.4264582,48.494991 37.4245309,48.4957915 37.4201107,48.4964171 37.4170152,48.5025039 37.414097,48.5030726 37.4158994,48.5060866 37.391781,48.5094985 37.3900644,48.5073945 37.3899531,48.5046483 37.3844599,48.5000987 37.3775935,48.4987053 37.3744607,48.4947808 37.3709416,48.49279 37.3690963,48.4904294 37.3690313,48.4883593 37.3640102,48.4722295 37.3553981,48.472796 37.3407046,48.4829872 37.3327223,48.4824752 37.3256842,48.4857179 37.3176281,48.4891972 37.3171131,48.4916432 37.3140232,48.4913019 37.3132507,48.4895954 37.3035774,48.4887858 37.3023502,48.4790706 37.2927585,48.4717159 37.2845992,48.4633181 37.2671986,48.4638556 37.2686588,48.4578243 37.2494042,48.4547511 37.2418396,48.4542577 37.2398655,48.4489634 37.2422619,48.4333875 37.218167,48.4311793 37.2226302,48.419788 37.2351615,48.4185348 37.2435473,48.4186259 37.2470233,48.4136983 37.2488687,48.409169 37.2509696,48.3986724 37.2107155,48.3960214 37.2068531,48.3875862 37.2302849,48.3886122 37.237021,48.3917347 37.2424383,48.3904641 37.251445,48.3944663 37.2518605,48.3904259 37.2545935,48.3899759 37.2587503,48.3877084 37.2591082,48.3864361 37.2601455,48.3860208 37.26031,48.3848655 37.2584898,48.3840166 37.2545171,48.3830324 37.2531032,48.3819735 37.2454667,48.3811567 37.2461988,48.3786582 37.2519948,48.378269 37.2529476,48.3694559 37.2352738,48.3672839 37.2263094,48.3705569 37.2191855,48.3701008 37.1994891,48.3711554 37.1940173,48.3600606 37.1965561,48.3480011 37.1860418,48.3470599 37.1853552,48.3486571 37.1824369,48.3484289 37.1820936,48.3468317 37.1700773,48.3452344 37.1704183,48.3433657 37.1829519,48.3445498 37.1863851,48.3306284 37.1681741,48.3281469 37.1596289,48.3290814 37.1438461,48.327211 37.1423012,48.3235015 37.1440178,48.3180795 37.1301132,48.3137414 37.131471,48.3115717 37.1251726,48.3054883 37.1141079,48.3116011 37.1103446,48.3163202 37.1029929,48.3158822 37.1004252,48.313664 37.089396,48.3174883 37.0865207,48.315091 37.0879798,48.3115233 37.0902114,48.3096681 37.0965199,48.307984 37.0942406,48.3039993 37.096006,48.299963 37.0773789,48.2959904 37.0727164,48.2933422 37.0645355,48.2889802 37.0673368,48.2713737 37.0701286,48.2699966 37.064284,48.2621342 37.0573823,48.2573477 37.0443017,48.2565037 37.0460256,48.2504335 37.0460298,48.2495985 37.0386526,48.2461343 37.016619,48.242944 37.012083,48.2625558 36.9970626,48.2621557 36.9907828,48.2599433 36.9911122,48.2573309 36.9986217,48.2579307 37.0003591,48.2495727 36.9894696,48.2498517 36.9871639,48.2405276 36.981724,48.2399989 36.9705343,48.2399273 36.9687533,48.234182 36.9635155,48.2313988 36.9498671,48.2304444 36.9356333,48.2295168 36.933975,48.2363759 36.9430187,48.2366018 36.9422232,48.2400265 36.9407641,48.2422272 36.9176033,48.2416524 36.9162117,48.2479352 36.9094123,48.2474161 36.9105887,48.2407781 36.9135322,48.2356978 36.9275723,48.23539 36.9285228,48.2297618 36.9321275,48.19907 36.9422834,48.191922 36.9406625,48.18342 36.9134607,48.1752724 36.9053768,48.1785316 36.8997251,48.1780723 36.8962489,48.1766701 36.8975061,48.1729925 36.904706,48.1693412 36.9077376,48.1546524 36.8946055,48.1473226 36.9010554,48.1158577 36.8849262,48.1146712 36.8867885,48.0971913 36.8648158,48.0957582 36.8634425,48.1010318 36.8579481,48.1006314 36.8591494,48.0946985 36.8342601,48.0924332 36.836835,48.082113 36.874858,48.0857253 36.888772,48.0803012 36.8890168,48.0641058 36.8887905,48.0587116 36.8901088,48.0565297 36.8796682,48.0521867 36.8778282,48.0404201 36.8752534,48.0242375 36.8997611,48.0201609 36.9204525,48.0180928 36.9607957,48.0099313 36.9707607,48.0119212 36.997359,48.0105489 37.0082412,48.0054495 37.0297221,48.004984 37.0422375,48.0043812 37.0571372,48.0011545 37.0888494,48.0007222 37.1016178,48.001411 37.1338044,47.9983097 37.1332074,47.9820103 37.1444506,47.968923 37.1597067,47.9636592 37.1765846,47.9575647 37.1780558,47.9497824 37.17675,47.9411823</coordinates>
              </LinearRing>
            </outerBoundaryIs>
            <innerBoundaryIs>
              <LinearRing>
                <tessellate>1</tessellate>
                <coordinates>37.39023,47.9787602 37.3631282,47.9845493 37.3630018,47.9845688 37.39023,47.9787602</coordinates>
              </LinearRing>
            </innerBoundaryIs>
            <innerBoundaryIs>
              <LinearRing>
                <tessellate>1</tessellate>
                <coordinates>37.3439575,47.9876024 37.3592577,47.9850532 37.3625941,47.9845975 37.3439575,47.9876024</coordinates>
              </LinearRing>
            </innerBoundaryIs>
            <innerBoundaryIs>
              <LinearRing>
                <tessellate>1</tessellate>
                <coordinates>37.3314248,47.9868348 37.3283603,47.986645 37.3439575,47.9876024 37.3314248,47.9868348</coordinates>
              </LinearRing>
            </innerBoundaryIs>
            <innerBoundaryIs>
              <LinearRing>
                <tessellate>1</tessellate>
                <coordinates>37.2990928,47.9848427 37.3215238,47.9862213 37.3283603,47.986645 37.2990928,47.9848427</coordinates>
              </LinearRing>
            </innerBoundaryIs>
            <innerBoundaryIs>
              <LinearRing>
                <tessellate>1</tessellate>
                <coordinates>37.6409467,47.1112131 37.64089,47.1108196 37.6433844,47.1110606 37.6409467,47.1112131</coordinates>
              </LinearRing>
            </innerBoundaryIs>
            <innerBoundaryIs>
              <LinearRing>
                <tessellate>1</tessellate>
                <coordinates>37.6490885,47.1105352 37.6491644,47.1111062 37.6492524,47.1116389 37.6484156,47.1125516 37.6473759,47.1127034 37.6465122,47.1128238 37.6465886,47.1132537 37.6461663,47.1132947 37.6461877,47.1135822 37.6461909,47.1137163 37.6447315,47.1137835 37.6447123,47.1136425 37.6436759,47.1136891 37.6435525,47.113021 37.6435284,47.1128038 37.6430542,47.1128493 37.6430301,47.1127142 37.6435029,47.1126915 37.643397,47.1121849 37.646455,47.1112941 37.6490885,47.1105352</coordinates>
              </LinearRing>
            </innerBoundaryIs>
          </Polygon>
        </MultiGeometry>
      </Placemark>
      <Placemark>
        <name>UA_Донецкая Область</name>
        <ExtendedData>
          <Data name="descripción">
            <value />
          </Data>
          <Data name="nombre">
            <value />
          </Data>
          <Data name="nom">
            <value />
          </Data>
        </ExtendedData>
        <Polygon>
          <outerBoundaryIs>
            <LinearRing>
              <tessellate>1</tessellate>
              <coordinates>37.6172229,49.246223 37.5327025,49.2365866 37.4875145,49.1784308 37.5547015,49.1257448 37.5110812,49.1001737 37.5213355,49.0815473 37.4825022,49.0518768 37.4438731,49.0512855 37.4213489,49.0546241 37.3933318,49.0476094 37.3917553,49.0341832 37.3949858,49.0223314 37.3771361,49.0227947 37.377142,48.9957848 37.3716632,48.9895057 37.3380427,48.9921351 37.3215738,48.9794979 37.3092316,48.9621259 37.3228398,48.9605159 37.3216853,48.9519183 37.3392837,48.936075 37.3339683,48.9206251 37.2780569,48.9132621 37.2625523,48.8999072 37.2307794,48.90226 37.1991131,48.8718269 37.1925729,48.814851 37.1563524,48.8252494 37.0970229,48.8433655 37.0770461,48.8102697 37.0371589,48.8054366 37.0176864,48.7868902 37.0492916,48.7673167 37.0348732,48.7432262 36.9616328,48.7879064 36.8590771,48.790309 36.8416967,48.7596762 36.7908768,48.7737319 36.7297577,48.7956791 36.7215167,48.7741898 36.7496478,48.6275926 36.8083816,48.6046268 36.8377127,48.5767759 36.8930712,48.5647988 36.9085192,48.5196083 36.8539526,48.5160777 36.8529821,48.5042459 36.8576715,48.485932 36.8324047,48.4832628 36.8381022,48.443838 36.8478195,48.444513 36.852901,48.4103585 36.8228166,48.4036647 36.8298094,48.3704001 36.8175093,48.3599292 36.7021844,48.3314194 36.4535772,48.2058335 36.3545534,48.1131208 36.2686143,48.0308553 36.4587246,47.988002 36.4878845,47.9907278 36.5195825,47.9844627 36.5352517,47.9916888 36.5260836,47.9987856 36.5280063,48.0115944 36.5686355,48.0174168 36.5638847,48.0667414 36.562954,48.0773667 36.5593191,48.0796263 36.5618626,48.091747 36.5782805,48.0958064 36.5778137,48.1039257 36.5904437,48.1051461 36.5878948,48.1151601 36.6034459,48.116879 36.6145568,48.1149749 36.625146,48.1164827 36.6497531,48.121419 36.6553336,48.1268042 36.6681799,48.1278551 36.6695807,48.1174956 36.6814512,48.1179076 36.6865514,48.1207207 36.7025529,48.1221577 36.7038321,48.1144835 36.6999226,48.1115061 36.6977299,48.1065801 36.7049883,48.1063814 36.7225473,48.1107663 36.7406983,48.1126961 36.7450966,48.1210532 36.7510886,48.1252192 36.7593986,48.1261191 36.7685243,48.1321461 36.771041,48.133876 36.7799254,48.1363344 36.7988989,48.1283866 36.8026988,48.1219021 36.8209167,48.1237814 36.8171861,48.1339562 36.7844097,48.1434916 36.7854624,48.14767 36.7983884,48.1568144 36.8136261,48.1585975 36.8268025,48.159232 36.8375737,48.1505897 36.8259861,48.1449297 36.826737,48.1405133 36.8430319,48.1471234 36.8596769,48.1462469 36.8576374,48.152215 36.8788258,48.1532122 36.8777009,48.1656602 36.894626,48.1727166 36.8937119,48.17351 36.8922399,48.1730584 36.8907334,48.1743878 36.8944582,48.1758731 36.8927027,48.1775844 36.8959085,48.1788892 36.8912932,48.1818051 36.8902301,48.186897 36.892257,48.1916455 36.909325,48.1953053 36.9112873,48.1869201 36.9343386,48.1893724 36.9331434,48.1936557 36.9184395,48.2080478 36.9240501,48.2153063 36.9223935,48.2230848 36.921023,48.2301142 36.9139016,48.2298254 36.9078987,48.236022 36.9063338,48.2401148 36.9051119,48.2442077 36.9036579,48.2512282 36.9229113,48.2535441 36.9235028,48.2511832 36.9253389,48.2512798 36.9336045,48.2526768 36.9441011,48.2480151 36.9494743,48.2518947 36.9615971,48.2612618 36.9582774,48.2759341 37.0079445,48.279213 37.0121224,48.2731067 37.0231655,48.2669989 37.0308312,48.2607243 37.0306133,48.2532447 37.0360206,48.2533018 37.0337825,48.2610315 37.0444996,48.2620765 37.048017,48.2608469 37.0509316,48.2617014 37.0471501,48.2744938 37.0601784,48.2801279 37.0573677,48.2977472 37.0644575,48.3044753 37.0635939,48.3082876 37.0812193,48.3206694 37.0906097,48.3210773 37.0992528,48.323155 37.1099224,48.32539 37.1309359,48.3241499 37.1307331,48.3268506 37.1297031,48.3321613 37.1671588,48.3347454 37.1673123,48.3365959 37.1654061,48.3448351 37.1636537,48.3446543 37.1627224,48.3507957 37.1831769,48.3524125 37.1968852,48.3752253 37.2256584,48.3756099 37.2315482,48.378481 37.2316019,48.381238 37.195165,48.381151 37.1882243,48.4002985 37.1993269,48.4058653 37.2226194,48.4043682 37.2269598,48.4127568 37.2120966,48.4170791 37.2092136,48.4248494 37.2081325,48.4339299 37.2155519,48.4347546 37.2141547,48.4459289 37.2321554,48.4500138 37.2355374,48.4552458 37.2450358,48.4658832 37.2679234,48.4754943 37.2866001,48.4822456 37.2928636,48.4829928 37.292175,48.4870965 37.2874997,48.4868585 37.2868581,48.4907163 37.2956562,48.4954383 37.2999915,48.4941877 37.3092199,48.4928243 37.3120128,48.4946765 37.3304721,48.4945421 37.330392,48.489174 37.3387798,48.4876544 37.3461786,48.4890281 37.3611334,48.4874861 37.3638438,48.4909166 37.3648809,48.4921854 37.3685989,48.4933228 37.3706245,48.4966393 37.37265,48.5008944 37.3771514,48.5005602 37.3838801,48.5025364 37.3847632,48.5070002 37.3890745,48.5145595 37.394834,48.5111125 37.4161289,48.5115317 37.4185796,48.5093243 37.4203002,48.5064912 37.4197671,48.5006434 37.4232769,48.499482 37.4315073,48.4999694 37.4329482,48.4969263 37.447091,48.4928589 37.4805566,48.488851 37.4793912,48.4938702 37.5077539,48.4962712 37.5123224,48.4822574 37.5259984,48.4810698 37.5279863,48.4778866 37.5773194,48.4824776 37.5813604,48.466364 37.5938513,48.463942 37.6035091,48.4550894 37.6133223,48.4541646 37.6230872,48.4590059 37.6384357,48.463937 37.6370486,48.4722249 37.6542757,48.4739463 37.6584245,48.4766409 37.6785017,48.4782262 37.6808103,48.4642199 37.6829485,48.4563581 37.6714311,48.4549213 37.6506463,48.4510934 37.6452632,48.4394233 37.6441103,48.4295202 37.6537914,48.4300347 37.6594572,48.445047 37.6752545,48.4469624 37.6869327,48.4539442 37.6971204,48.457735 37.707149,48.4610604 37.7046897,48.4665715 37.6952253,48.4695664 37.6993144,48.4747439 37.700992,48.4797216 37.7227592,48.4968731 37.720471,48.5066545 37.7235966,48.5140867 37.7401142,48.5187314 37.7468249,48.5223949 37.7536497,48.5244179 37.7658026,48.5275386 37.7774804,48.515707 37.7828912,48.5171245 37.7977434,48.5158121 37.8137956,48.5225588 37.8132562,48.5233288 37.8001981,48.5249329 37.7967296,48.5298469 37.7976079,48.5385103 37.8080062,48.5422196 37.8038932,48.5490745 37.8042398,48.5513086 37.8028695,48.5560142 37.7994634,48.559 37.7848098,48.5582211 37.7836424,48.563767 37.7789988,48.5639448 37.7790021,48.5705636 37.7890951,48.5737208 37.8044536,48.5747193 37.8085226,48.5772692 37.7981102,48.5845555 37.7947862,48.5856108 37.7828205,48.5858625 37.7814978,48.5902586 37.7538678,48.5911624 37.738226,48.593945 37.7194929,48.5999127 37.7261217,48.6123592 37.7214809,48.6208649 37.7536262,48.6227676 37.7548647,48.6276074 37.7650797,48.640593 37.7704464,48.6423095 37.7633677,48.6541768 37.7874717,48.6572614 37.7935353,48.6569167 37.7971466,48.6592808 37.7985744,48.6616773 37.7979424,48.6643005 37.8127731,48.6669612 37.8168514,48.668599 37.8140597,48.6811632 37.8270674,48.6805008 37.8329503,48.6906048 37.8401842,48.6905006 37.8424402,48.6940223 37.8483029,48.7028259 37.8537924,48.7050876 37.8602273,48.7058207 37.8782357,48.7061561 37.8844853,48.7075664 37.8930782,48.709789 37.8984109,48.7153377 37.9184804,48.720208 37.9164194,48.7267147 37.9098664,48.7387341 37.9081185,48.7473553 37.9132495,48.7495988 37.9021042,48.7578078 37.9036609,48.7598488 37.9064622,48.7639264 37.9171532,48.7677651 37.9248251,48.7749535 37.9229391,48.7797871 37.9334932,48.7815614 37.9418611,48.7871979 37.9684484,48.7877534 37.9634512,48.7942995 37.9592122,48.8004032 37.9660486,48.8177133 37.98187,48.8151858 37.9849744,48.8282764 37.9867402,48.8324031 37.9938273,48.8346088 37.9976156,48.840997 38.0058801,48.8427569 38.0077346,48.8480044 38.0022353,48.8487163 37.9919495,48.8507011 37.97357,48.8622193 37.9793926,48.8747523 37.9837434,48.8843436 37.9760022,48.8901165 37.9770153,48.8979773 37.9688266,48.900663 37.9616538,48.8995562 37.9501896,48.9011565 37.9494912,48.9073753 37.9465833,48.909467 37.9347495,48.8964948 37.9237676,48.8947742 37.9081513,48.8989203 37.9002321,48.8928856 37.8674741,48.8926602 37.8257027,48.8997683 37.8088542,48.9380632 37.8121446,48.9541707 37.829516,48.960808 37.8263385,48.9638684 37.8116599,48.9758309 37.8200281,48.9818677 37.8695095,48.9838569 37.8867645,48.9826402 37.88496,48.9968893 37.8603251,48.9979868 37.8166392,48.9868783 37.7969822,49.0012121 37.8135407,49.0171255 37.8397184,49.0154707 37.86945,49.0291548 37.8835481,49.0310893 37.8826072,49.0421599 37.8868149,49.0490096 37.9067344,49.0511191 37.9049916,49.0560461 37.8954615,49.0569901 37.8821511,49.0576949 37.8762121,49.0534802 37.8686144,49.0567862 37.8566073,49.0575525 37.8497411,49.058452 37.8470805,49.0583951 37.8481224,49.0517435 37.8368422,49.0433965 37.8278425,49.0395899 37.8252371,49.0416908 37.8314445,49.0475617 37.8280818,49.0503947 37.8194678,49.0479033 37.8180767,49.0515005 37.8053321,49.0486826 37.786278,49.038689 37.754495,49.0360761 37.7359398,49.0386349 37.724323,49.0440648 37.7211178,49.0425175 37.6992437,49.0339375 37.6739813,49.0285358 37.6271361,49.0463176 37.6012973,49.0453564 37.5832774,49.0395384 37.5801933,49.0433167 37.591012,49.0515517 37.6060558,49.0556358 37.6163251,49.0598704 37.6256506,49.0573549 37.6360178,49.0566 37.6427803,49.0578692 37.6335213,49.0635107 37.6087266,49.0611375 37.5953464,49.0684927 37.5988986,49.0874209 37.6112096,49.094656 37.6183247,49.1108787 37.6153631,49.113667 37.6261319,49.1211745 37.6409973,49.1224371 37.6466837,49.1413631 37.6665474,49.149251 37.6947817,49.1512142 37.7015252,49.1494816 37.7070957,49.154738 37.7076886,49.158647 37.7011038,49.1599352 37.7029611,49.1623755 37.7089387,49.1654891 37.7138801,49.1713768 37.7226474,49.1733314 37.7302892,49.1789862 37.7366509,49.1791751 37.7406096,49.1826741 37.7417903,49.1894187 37.7507761,49.1926071 37.7537175,49.2119976 37.7326808,49.2164484 37.7355951,49.2240719 37.7336145,49.2305189 37.6172229,49.246223</coordinates>
            </LinearRing>
          </outerBoundaryIs>
        </Polygon>
      </Placemark>
      <Placemark>
        <name>UA_Многоугольник 186</name>
        <ExtendedData>
          <Data name="descripción">
            <value />
          </Data>
          <Data name="nombre">
            <value />
          </Data>
          <Data name="nom">
            <value />
          </Data>
        </ExtendedData>
        <Polygon>
          <outerBoundaryIs>
            <LinearRing>
              <tessellate>1</tessellate>
              <coordinates>37.2519981,48.3859349 37.2527921,48.3861059 37.2583013,48.3851227 37.2581243,48.3869324 37.2538005,48.3881008 37.2521483,48.388279 37.2471058,48.3898713 37.2456252,48.3861344 37.2467411,48.3838686 37.2509038,48.3856071 37.2519981,48.3859349</coordinates>
            </LinearRing>
          </outerBoundaryIs>
        </Polygon>
      </Placemark>
      <Placemark>
        <name>UA_Многоугольник 187</name>
        <ExtendedData>
          <Data name="descripción">
            <value />
          </Data>
          <Data name="nombre">
            <value />
          </Data>
          <Data name="nom">
            <value />
          </Data>
        </ExtendedData>
        <Polygon>
          <outerBoundaryIs>
            <LinearRing>
              <tessellate>1</tessellate>
              <coordinates>37.2400677,48.3830848 37.2389733,48.3818022 37.2405612,48.3796359 37.2436082,48.3797784 37.2448742,48.3816311 37.2438657,48.3837261 37.2400677,48.3830848</coordinates>
            </LinearRing>
          </outerBoundaryIs>
        </Polygon>
      </Placemark>
      <Placemark>
        <name>UA_Многоугольник 192</name>
        <ExtendedData>
          <Data name="descripción">
            <value />
          </Data>
          <Data name="nombre">
            <value />
          </Data>
          <Data name="nom">
            <value />
          </Data>
        </ExtendedData>
        <Polygon>
          <outerBoundaryIs>
            <LinearRing>
              <tessellate>1</tessellate>
              <coordinates>35.3625381,47.5909342 35.3626454,47.5886332 35.3695119,47.5887924 35.3726018,47.5901238 35.3767646,47.5917157 35.3791678,47.5946966 35.3739321,47.595015 35.3698981,47.5906737 35.3625381,47.5909342</coordinates>
            </LinearRing>
          </outerBoundaryIs>
        </Polygon>
      </Placemark>
      <Placemark>
        <name>RU_Многоугольник 186</name>
        <ExtendedData>
          <Data name="descripción">
            <value />
          </Data>
          <Data name="nombre">
            <value />
          </Data>
          <Data name="nom">
            <value />
          </Data>
        </ExtendedData>
        <Polygon>
          <outerBoundaryIs>
            <LinearRing>
              <tessellate>1</tessellate>
              <coordinates>35.473536,50.7552298 35.4544816,50.7542524 35.4555116,50.7427393 35.4294191,50.7194872 35.4282174,50.706661 35.4397188,50.6881763 35.4488168,50.6825208 35.4632364,50.684261 35.4589448,50.6886114 35.4601465,50.6914389 35.4630647,50.6932875 35.4615197,50.6956798 35.4596315,50.6968759 35.4613481,50.7022036 35.4586015,50.7042692 35.4598031,50.7073132 35.4627214,50.7093787 35.4656396,50.7090525 35.4664979,50.7170961 35.4725061,50.7251383 35.462893,50.7349174 35.4658113,50.736873 35.4707895,50.7377422 35.4725061,50.7403494 35.4718194,50.7426307 35.4682145,50.7439342 35.4694162,50.7475187 35.4731927,50.7504513 35.4762826,50.7531664 35.473536,50.7552298</coordinates>
            </LinearRing>
          </outerBoundaryIs>
        </Polygon>
      </Placemark>
      <Placemark>
        <name>RU_Многоугольник 181</name>
        <ExtendedData>
          <Data name="descripción">
            <value />
          </Data>
          <Data name="nombre">
            <value />
          </Data>
          <Data name="nom">
            <value />
          </Data>
        </ExtendedData>
        <Polygon>
          <outerBoundaryIs>
            <LinearRing>
              <tessellate>1</tessellate>
              <coordinates>36.8104283,48.1510194 36.7982403,48.1486143 36.7953221,48.1442619 36.8112866,48.1397945 36.8215862,48.1442619 36.8104283,48.1510194</coordinates>
            </LinearRing>
          </outerBoundaryIs>
        </Polygon>
      </Placemark>
      <Placemark>
        <name>RU_Многоугольник 182</name>
        <ExtendedData>
          <Data name="descripción">
            <value />
          </Data>
          <Data name="nombre">
            <value />
          </Data>
          <Data name="nom">
            <value />
          </Data>
        </ExtendedData>
        <Polygon>
          <outerBoundaryIs>
            <LinearRing>
              <tessellate>1</tessellate>
              <coordinates>36.8263256,48.1279384 36.8970705,48.1342501 36.8966204,48.1382223 36.878081,48.1369621 36.8660647,48.1399406 36.8246943,48.1362748 36.8263256,48.1279384</coordinates>
            </LinearRing>
          </outerBoundaryIs>
        </Polygon>
      </Placemark>
      <Placemark>
        <name>RU_Многоугольник 183</name>
        <ExtendedData>
          <Data name="descripción">
            <value />
          </Data>
          <Data name="nombre">
            <value />
          </Data>
          <Data name="nom">
            <value />
          </Data>
        </ExtendedData>
        <Polygon>
          <outerBoundaryIs>
            <LinearRing>
              <tessellate>1</tessellate>
              <coordinates>34.3520366,51.6969408 34.3350421,51.714706 34.3252162,51.7168329 34.3203666,51.7265102 34.3132411,51.7274671 34.2981349,51.7262975 34.2920409,51.7148655 34.306203,51.6984303 34.3084346,51.6873638 34.3520366,51.6969408</coordinates>
            </LinearRing>
          </outerBoundaryIs>
        </Polygon>
      </Placemark>
    </Folder>
    <Folder>
      <name>Украина</name>
      <Placemark>
        <name>UA_[11:23][01/04] Position</name>
        <ExtendedData>
          <Data name="nombre">
            <value>https://twitter.com/SputnikATO/status/1509808632493486081?t=ONSU62m7cTfrlCPcp5Rcxw&amp;s=19</value>
          </Data>
          <Data name="descripción">
            <value />
          </Data>
          <Data name="description">
            <value />
          </Data>
          <Data name="nimi">
            <value />
          </Data>
        </ExtendedData>
        <Polygon>
          <outerBoundaryIs>
            <LinearRing>
              <tessellate>1</tessellate>
              <coordinates>30.9025794,50.591698 30.902279,50.5909624 30.9041458,50.5914256 30.9036094,50.5922157 30.9025794,50.591698</coordinates>
            </LinearRing>
          </outerBoundaryIs>
        </Polygon>
      </Placemark>
      <Placemark>
        <name>UA_[23:17][30/03] Position</name>
        <ExtendedData>
          <Data name="nombre">
            <value />
          </Data>
          <Data name="descripción">
            <value />
          </Data>
          <Data name="description">
            <value>https://twitter.com/uawire/status/1509263651160657931?s=20&amp;t=ii2u7DkjDba57sUkXmyiFw</value>
          </Data>
          <Data name="nimi">
            <value />
          </Data>
        </ExtendedData>
        <Polygon>
          <outerBoundaryIs>
            <LinearRing>
              <tessellate>1</tessellate>
              <coordinates>31.371809,51.3351262 31.3716374,51.33459 31.3729677,51.3343755 31.3731394,51.3350726 31.371809,51.3351262</coordinates>
            </LinearRing>
          </outerBoundaryIs>
        </Polygon>
      </Placemark>
      <Placemark>
        <name>UA_[14:57][29/03] Position</name>
        <ExtendedData>
          <Data name="nombre">
            <value />
          </Data>
          <Data name="descripción">
            <value />
          </Data>
          <Data name="description">
            <value>https://discord.com/channels/518979695702704132/946505557416747089/958334078254465104</value>
          </Data>
          <Data name="nimi">
            <value />
          </Data>
        </ExtendedData>
        <Polygon>
          <outerBoundaryIs>
            <LinearRing>
              <tessellate>1</tessellate>
              <coordinates>30.1932301,50.5150789 30.1979631,50.5130525 30.2003967,50.5134396 30.1992519,50.5167933 30.1968887,50.5164365 30.1940455,50.5157065 30.1932301,50.5150789</coordinates>
            </LinearRing>
          </outerBoundaryIs>
        </Polygon>
      </Placemark>
      <Placemark>
        <name>UA_[20:01][27/03] Position</name>
        <ExtendedData>
          <Data name="nombre">
            <value>https://twitter.com/TheDeadDistrict/status/1508127108962394116</value>
          </Data>
          <Data name="descripción">
            <value />
          </Data>
          <Data name="description">
            <value />
          </Data>
          <Data name="nimi">
            <value />
          </Data>
        </ExtendedData>
        <Polygon>
          <outerBoundaryIs>
            <LinearRing>
              <tessellate>1</tessellate>
              <coordinates>32.281329,46.7959419 32.2827881,46.7961475 32.2817152,46.797264 32.2806424,46.7965589 32.281329,46.7959419</coordinates>
            </LinearRing>
          </outerBoundaryIs>
        </Polygon>
      </Placemark>
      <Placemark>
        <name>UA_[13:56][25/03] Position</name>
        <ExtendedData>
          <Data name="nombre">
            <value>https://twitter.com/AndrijBilec/status/1507325579242229778?s=20&amp;t=xyYu5cwv6eDtQ4ZM5tqmig</value>
          </Data>
          <Data name="descripción">
            <value />
          </Data>
          <Data name="description">
            <value />
          </Data>
          <Data name="nimi">
            <value />
          </Data>
        </ExtendedData>
        <Polygon>
          <outerBoundaryIs>
            <LinearRing>
              <tessellate>1</tessellate>
              <coordinates>30.2592365,50.4910068 30.2563309,50.489898 30.2537579,50.4889667 30.2533328,50.4885102 30.2533194,50.4877884 30.2526061,50.4870545 30.2579879,50.4865259 30.2598829,50.4874376 30.2610336,50.4877866 30.2627556,50.4877884 30.263174,50.4880648 30.2635816,50.4895188 30.2655395,50.4918088 30.2663604,50.49272 30.2648691,50.4938599 30.2602181,50.4913208 30.2592365,50.4910068</coordinates>
            </LinearRing>
          </outerBoundaryIs>
        </Polygon>
      </Placemark>
      <Placemark>
        <name>UA_[23:55][24/03] Position</name>
        <ExtendedData>
          <Data name="nombre">
            <value>https://twitter.com/Krummapper/status/1507113798276165649?t=w9qX0eDkZumXE-T8yERRZQ&amp;s=09</value>
          </Data>
          <Data name="descripción">
            <value />
          </Data>
          <Data name="description">
            <value />
          </Data>
          <Data name="nimi">
            <value />
          </Data>
        </ExtendedData>
        <Polygon>
          <outerBoundaryIs>
            <LinearRing>
              <tessellate>1</tessellate>
              <coordinates>31.378262,50.4913726 31.3785463,50.4912463 31.378734,50.4916388 31.3784604,50.4916866 31.378262,50.4913726</coordinates>
            </LinearRing>
          </outerBoundaryIs>
        </Polygon>
      </Placemark>
      <Placemark>
        <name>UA_Odessa - Presence</name>
        <ExtendedData>
          <Data name="nombre">
            <value>Odessa - Presence</value>
          </Data>
          <Data name="descripción">
            <value />
          </Data>
          <Data name="description">
            <value />
          </Data>
          <Data name="nimi">
            <value />
          </Data>
        </ExtendedData>
        <Polygon>
          <outerBoundaryIs>
            <LinearRing>
              <tessellate>1</tessellate>
              <coordinates>30.7514679,46.5530172 30.7054626,46.5596275 30.6182586,46.525623 30.6189453,46.4310543 30.7006561,46.3476978 30.7387451,46.3666472 30.7519632,46.3748188 30.7610653,46.3848842 30.7638275,46.4163814 30.7610809,46.488288 30.7294952,46.5109756 30.7514679,46.5530172</coordinates>
            </LinearRing>
          </outerBoundaryIs>
        </Polygon>
      </Placemark>
      <Placemark>
        <name>RU_Многоугольник 65</name>
        <ExtendedData>
          <Data name="nombre">
            <value />
          </Data>
          <Data name="descripción">
            <value />
          </Data>
          <Data name="description">
            <value />
          </Data>
          <Data name="nimi">
            <value />
          </Data>
        </ExtendedData>
        <Polygon>
          <outerBoundaryIs>
            <LinearRing>
              <tessellate>1</tessellate>
              <coordinates>36.5026747,50.2980826 36.4883451,50.3114065 36.4722941,50.3133267 36.4398467,50.3106915 36.4337759,50.3301347 36.4256437,50.3278774 36.4079377,50.3116622 36.3998504,50.3066266 36.3743821,50.3003254 36.3785317,50.2942569 36.3914336,50.2776573 36.3911433,50.2699857 36.3976763,50.2648442 36.4035675,50.2611768 36.4114699,50.2575061 36.4181679,50.2581279 36.4232785,50.253015 36.4423098,50.2490154 36.4536219,50.2480428 36.4656393,50.2411865 36.4659391,50.2401489 36.4723912,50.2387541 36.4898475,50.2441981 36.4956664,50.2412 36.5082778,50.237497 36.5145805,50.2309381 36.5374077,50.22962 36.5578165,50.2275921 36.5627794,50.2311579 36.5831901,50.2312088 36.593907,50.2268373 36.6150313,50.2197794 36.6491726,50.2157406 36.6661478,50.2200442 36.6814792,50.2351247 36.6847111,50.2438609 36.6861949,50.2548554 36.7120587,50.2586034 36.7390511,50.2642774 36.7530818,50.2582066 36.7617421,50.2481395 36.7709147,50.2434504 36.7793137,50.2478655 36.8005903,50.2457947 36.8058261,50.2428306 36.8203664,50.2446656 36.8225472,50.245032 36.8342541,50.2574113 36.8685676,50.2569917 36.8807556,50.2496379 36.8848751,50.2433259 36.9052163,50.2476898 36.9264175,50.246235 36.9421421,50.2489753 36.9476721,50.26249 36.9499038,50.2751083 36.948273,50.2788382 36.9542486,50.2863488 36.9679694,50.2902975 36.9654985,50.3000956 36.9640974,50.3040405 36.9684658,50.305912 36.973952,50.3072192 36.9785927,50.3069428 36.9824688,50.3040087 36.9865312,50.3044328 36.9917953,50.3055146 36.9991408,50.305512 37.0099046,50.3064784 37.0172288,50.3076943 37.0132634,50.322068 37.006496,50.3310333 37.0024961,50.3414332 36.9908746,50.3491513 36.937665,50.3501409 36.9152024,50.3464273 36.8820022,50.336241 36.8726168,50.3357468 36.8519041,50.3274715 36.8333055,50.3131099 36.8275412,50.3127331 36.8200601,50.3136713 36.8095617,50.3113814 36.8040151,50.309651 36.8001331,50.3059705 36.7710887,50.300577 36.7671741,50.292834 36.7523265,50.2876482 36.7484025,50.2782635 36.7402601,50.2809337 36.7290283,50.2761435 36.7206409,50.2759966 36.7066159,50.2651684 36.7004585,50.2623872 36.6946448,50.2672869 36.6898967,50.2665454 36.6849778,50.2573534 36.6804684,50.2378252 36.6646443,50.2226952 36.6481389,50.2178977 36.6398092,50.2222416 36.6165421,50.2270225 36.6134391,50.2234047 36.5962188,50.2293527 36.597907,50.2312278 36.5832866,50.2366164 36.575787,50.2412604 36.5596664,50.250468 36.5686318,50.257985 36.578287,50.2630867 36.5723637,50.2753758 36.5895319,50.2763095 36.5857589,50.2855802 36.564129,50.2843746 36.5545166,50.2818507 36.525334,50.2862383 36.525334,50.2934768 36.5026747,50.2980826</coordinates>
            </LinearRing>
          </outerBoundaryIs>
        </Polygon>
      </Placemark>
      <Placemark>
        <name>UA_Харьковская Область</name>
        <ExtendedData>
          <Data name="nombre">
            <value>Kharkiv - Presence</value>
          </Data>
          <Data name="descripción">
            <value />
          </Data>
          <Data name="description">
            <value />
          </Data>
          <Data name="nimi">
            <value />
          </Data>
        </ExtendedData>
        <Polygon>
          <outerBoundaryIs>
            <LinearRing>
              <tessellate>1</tessellate>
              <coordinates>35.4595994,49.3708875 35.2098748,49.2015949 35.4558579,49.0753132 36.0149518,49.0099499 36.1700415,48.7207941 36.2945994,48.6695842 36.3890069,48.6420137 36.4843699,48.6798722 36.6063628,48.6134836 36.6994631,48.6434525 36.6688735,48.7669635 36.7192356,48.8162652 36.7729649,48.8014503 36.860248,48.8048782 37.0107298,48.807826 37.0275019,48.8271332 37.1604516,48.8815084 37.2676195,48.9565281 37.388068,49.0558919 37.481474,49.1110462 37.5550257,49.1255535 37.4878389,49.1782393 37.5330269,49.2363953 37.617547,49.2460317 37.7337003,49.2305189 37.7387466,49.2357679 37.7798214,49.2291995 37.7843506,49.2340419 37.806043,49.2347902 37.8183606,49.2384714 37.8377323,49.229776 37.8317133,49.2216433 37.8248416,49.2207429 37.8110236,49.2176806 37.8060048,49.2092353 37.824942,49.2022435 37.8523385,49.1984035 37.8551008,49.1998336 37.8489543,49.2092459 37.854523,49.2129383 37.8692337,49.2135755 37.8734741,49.218529 37.8802173,49.2220356 37.8755812,49.2351232 37.8970101,49.2393763 37.9075826,49.2431785 37.9023788,49.2482618 37.9184108,49.253495 37.9269959,49.2554861 37.946399,49.25644 37.9757478,49.2636841 37.9770951,49.2736718 37.9602434,49.2851111 37.9521154,49.2949823 37.949825,49.3037465 37.954802,49.3230477 37.9386277,49.3232667 37.9357139,49.3357176 37.9370802,49.3432318 37.9346699,49.3511934 37.9252508,49.3639319 37.9333407,49.3715836 37.9289202,49.3736965 37.8998185,49.3677467 37.864976,49.364477 37.859605,49.3734235 37.8304177,49.3727134 37.830189,49.3817677 37.7945208,49.3837378 37.7936743,49.3863612 37.7841158,49.3870009 37.7606191,49.393419 37.7433595,49.4008149 37.7258111,49.4079547 37.7231964,49.4116879 37.7260748,49.4176264 37.7558182,49.4196562 37.7596004,49.4305618 37.7560153,49.4425008 37.7355074,49.4403791 37.7263897,49.4447044 37.7179581,49.4436715 37.7079598,49.4483017 37.7217,49.4576722 37.737852,49.4632222 37.7495519,49.4705011 37.7429274,49.4730109 37.7304499,49.4713375 37.7184085,49.4792009 37.7144275,49.4772978 37.7187886,49.4712152 37.7128503,49.4671405 37.6955593,49.4741261 37.6815486,49.474643 37.6758947,49.4776652 37.6723076,49.486661 37.6846532,49.5163453 37.7034777,49.5170447 37.708596,49.5252416 37.7071906,49.5414682 37.6793477,49.5485589 37.6643057,49.5692077 37.6875952,49.5729939 37.6969975,49.5745339 37.701616,49.5807624 37.7107458,49.5805431 37.717803,49.57426 37.7249223,49.575161 37.7273759,49.5820152 37.737942,49.5847509 37.7518645,49.5899442 37.7534411,49.5984154 37.7719336,49.6027281 37.7820958,49.6181344 37.815828,49.6218168 37.8118632,49.6304043 37.7895137,49.6356667 37.7899523,49.6446045 37.7903504,49.6552395 37.7821393,49.6593979 37.7582059,49.6572998 37.72672,49.6594198 37.7179758,49.6647144 37.7144629,49.6688705 37.7136959,49.6810254 37.7414717,49.6813501 37.7525855,49.6928466 37.7440222,49.6964062 37.7435526,49.6994833 37.7436714,49.7103614 37.7490196,49.7236103 37.7471147,49.7263702 37.7467592,49.729737 37.7478624,49.7411789 37.7422634,49.7415669 37.7388252,49.7407487 37.736975,49.7397641 37.7252609,49.7371434 37.720566,49.7229905 37.7013524,49.7195607 37.6911443,49.7308156 37.6796474,49.7346905 37.6740436,49.7316734 37.6766469,49.7192229 37.673159,49.7126648 37.6773818,49.7041398 37.6846859,49.6934925 37.6733603,49.6856698 37.6586885,49.684286 37.6432906,49.6944728 37.6313382,49.6976492 37.627772,49.6970545 37.6330939,49.6832855 37.6179553,49.6782911 37.617211,49.6734054 37.6217314,49.6694071 37.6224389,49.6594282 37.6129527,49.6584517 37.5778988,49.662342 37.5652434,49.6752305 37.5673931,49.6872289 37.5592538,49.6964597 37.5501135,49.6976615 37.5399146,49.7048135 37.5405714,49.7174944 37.5473363,49.7272911 37.5642236,49.7188048 37.5701344,49.7201614 37.585552,49.714677 37.6004527,49.7145182 37.6064277,49.7125006 37.6081112,49.7155888 37.6021553,49.7168922 37.6015209,49.7191112 37.605402,49.7206081 37.6044095,49.7225476 37.5997633,49.722348 37.5949878,49.7189023 37.5819727,49.721227 37.5747577,49.7265657 37.5794691,49.7424813 37.5841412,49.752572 37.5816888,49.7584484 37.5716039,49.758985 37.5548597,49.7608591 37.5490679,49.7596481 37.539649,49.7646146 37.5407863,49.7744587 37.5584697,49.7764169 37.5692037,49.7785038 37.5733899,49.7816688 37.5696341,49.7892027 37.595495,49.7964135 37.5921162,49.8177814 37.5959493,49.8229222 37.6034941,49.8240022 37.6157521,49.8337745 37.6276164,49.8393454 37.6405964,49.8399331 37.6455683,49.8491498 37.6361157,49.8529167 37.6344299,49.8856353 37.6462235,49.8898197 37.6695576,49.890443 37.6848334,49.9044646 37.6929066,49.9163858 37.7198087,49.919183 37.7225144,49.9466213 37.7342824,49.9508888 37.7574885,49.9600832 37.8009591,49.956148 37.816308,49.9629257 37.8200766,49.9682141 37.809745,49.9758014 37.8079045,49.9801062 37.7993241,49.9854182 37.7902285,49.9968548 37.7960862,50.0042719 37.7805629,50.0079567 37.7579842,50.00905 37.7477628,50.0152156 37.7400242,50.0323913 37.6755535,50.0604464 37.6447041,50.0726404 37.6173372,50.0957998 37.5959374,50.1313221 37.5815837,50.1462691 37.586396,50.1591057 37.5987661,50.1634724 37.6104643,50.1693458 37.6314932,50.1840471 37.6355547,50.1957026 37.6173525,50.2059898 37.6155803,50.303514 37.5572668,50.3061282 37.4568974,50.3677626 37.4402085,50.4250915 37.3410232,50.4152543 37.1417366,50.3430415 37.122106,50.3409586 37.0700858,50.3376313 37.0538345,50.3380693 37.0354367,50.3448058 37.0184538,50.3354617 37.0440447,50.3145 37.0422831,50.2971389 37.0154319,50.2890271 36.999862,50.2832832 36.9763595,50.2639444 36.9646789,50.2652587 36.9606724,50.2488962 36.9643344,50.2328475 36.9601569,50.2199539 36.9113075,50.2254285 36.9023025,50.2300726 36.8922707,50.2278067 36.8666174,50.2256487 36.8557483,50.2341166 36.8256415,50.2353253 36.8034996,50.2350855 36.7956097,50.2423239 36.787809,50.2424576 36.7767764,50.2374145 36.7569696,50.2411127 36.7512032,50.2522636 36.745801,50.2546457 36.7332796,50.2531263 36.7211113,50.2514865 36.7035658,50.2483662 36.6961528,50.2328407 36.6806718,50.2198311 36.6598002,50.2111548 36.6396061,50.2118667 36.6227572,50.2155974 36.6019359,50.2167952 36.5765191,50.2234653 36.546625,50.2223305 36.5166522,50.2246909 36.5088369,50.2281804 36.5038127,50.2322855 36.4893465,50.237212 36.476193,50.2286966 36.4709052,50.225289 36.4541731,50.2312779 36.4459113,50.2409834 36.4373962,50.2434309 36.4185551,50.2450765 36.4013003,50.2562796 36.3980039,50.2556523 36.4036756,50.2441999 36.4036707,50.2381279 36.3875902,50.2373982 36.3894203,50.2513869 36.3839533,50.26466 36.3809551,50.2729174 36.3686841,50.2861611 36.322909,50.2866243 36.2867478,50.2918441 36.2615599,50.3392761 36.231695,50.3627493 36.1897672,50.4006653 36.1762862,50.3985543 36.1498299,50.4215576 36.1207773,50.4349292 36.0830789,50.4415402 35.9988534,50.4285684 35.9590935,50.426932 35.9340589,50.4155705 35.8942542,50.4273748 35.8845075,50.4292184 35.8728211,50.4217042 35.8549662,50.4290036 35.8344748,50.4231439 35.8292186,50.4309291 35.7989513,50.4168818 35.8087255,50.4131391 35.8091473,50.4019707 35.8031823,50.3958417 35.7591761,50.3677097 35.7397462,50.3527088 35.6968357,50.3527315 35.6889836,50.3336477 35.6800812,50.3323236 35.6752992,50.3242053 35.6614948,50.3256968 35.6553863,50.306504 35.5926354,50.3288342 35.572442,50.3171761 35.5282709,50.3164185 35.5429431,50.3030686 35.5276749,50.2868815 35.4957701,50.2865104 35.4213271,50.3137216 35.3194683,50.2584082 35.236864,50.2215452 35.1558356,50.2320689 35.0494283,50.1616889 34.9555424,50.1422622 34.9803895,50.0763098 34.8748018,49.989186 34.9157527,49.9450673 34.999351,49.8955743 35.0870221,49.8875955 35.2107316,49.840903 35.2326828,49.808318 35.2276475,49.7423593 35.2800464,49.7306817 35.2774875,49.7021184 35.3992817,49.6774681 35.4491281,49.6730599 35.494785,49.5831163 35.5543847,49.4977177 35.4595994,49.3708875</coordinates>
            </LinearRing>
          </outerBoundaryIs>
        </Polygon>
      </Placemark>
      </Folder>
    </Document>
</kml>