<?xml version='1.0' encoding='utf-8'?>
<kml xmlns="http://www.opengis.net/kml/2.2">
  <Document>
    <name>TID's Ukraine Conflict Interactive Map</name>
    <Folder>
      <name>Frontlines</name>
      <Placemark>
        <name>RU Army Group "Yug" (Northern Section)
</name>
        <ExtendedData>
          <Data name="name">
            <value />
          </Data>
          <Data name="description">
            <value />
          </Data>
        </ExtendedData>
        <Polygon>
          <outerBoundaryIs>
            <LinearRing>
              <tessellate>1</tessellate>
              <coordinates>37.9916994,48.7267269 37.9907129,48.7242379 37.9930681,48.7237903 37.9905737,48.7192654 37.9879251,48.71881 37.9870981,48.71715 37.9846099,48.7149282 37.98049,48.7165563 37.9754904,48.7125213 37.9686883,48.7082311 37.9668859,48.7090099 37.9588822,48.706277 37.9565433,48.703983 37.948325,48.7087423 37.9442014,48.7042301 37.9420539,48.7037444 37.93305,48.7035723 37.9263435,48.7054583 37.9254368,48.7080666 37.9241009,48.7091031 37.9226938,48.7090187 37.9242887,48.7053768 37.9184593,48.7058413 37.9177448,48.7053263 37.9198884,48.7037948 37.9232347,48.7034256 37.9273328,48.7014074 37.9249936,48.7003522 37.9234083,48.7002185 37.9216942,48.6996034 37.9180411,48.6969178 37.9165823,48.6974948 37.9138144,48.6964945 37.9093301,48.694106 37.9086855,48.692993 37.9104017,48.6922807 37.9097146,48.6914268 37.9058506,48.6925718 37.904989,48.6912359 37.9000356,48.6923217 37.8951827,48.6911301 37.8925404,48.6887061 37.8899598,48.6868043 37.8890904,48.6850689 37.8875618,48.6845129 37.8878704,48.6838879 37.8885504,48.6839649 37.8901101,48.6832628 37.8872214,48.6803284 37.8880302,48.6796192 37.8861923,48.6773731 37.8855201,48.6775252 37.8851304,48.6787489 37.8843544,48.6788958 37.8833222,48.6783911 37.8815937,48.675808 37.8791358,48.676427 37.87862,48.6774265 37.8744349,48.6781284 37.8699699,48.6784554 37.8673387,48.6776211 37.8648222,48.6786145 37.845167,48.66375 37.843665,48.6663152 37.8449094,48.6683558 37.8457248,48.6687242 37.8461755,48.6740097 37.8442657,48.6764468 37.842474,48.675795 37.8427797,48.6754408 37.8417337,48.6750228 37.8412616,48.6753842 37.8394485,48.6763405 37.8389228,48.67571 37.8403819,48.674782 37.8358865,48.6692911 37.8350711,48.6690785 37.8371954,48.6645295 37.8342664,48.659569 37.8323591,48.6583997 37.812432,48.6463686 37.8116811,48.6451207 37.8153503,48.6346852 37.817024,48.6336643 37.816145,48.6318822 37.8075842,48.6329077 37.8045165,48.631778 37.8055576,48.624973 37.8066189,48.6234052 37.7894847,48.6217802 37.7898401,48.6198589 37.7913971,48.6199801 37.7921077,48.6126194 37.7837217,48.6118679 37.7820726,48.6209046 37.7660237,48.6193239 37.763835,48.6286567 37.7609167,48.6282312 37.7667846,48.600256 37.7735438,48.6011784 37.7812344,48.6013293 37.7845613,48.587849 37.7898345,48.5884948 37.7939436,48.58902 37.7952096,48.5873878 37.7992008,48.5866071 37.8013894,48.5856561 37.8057347,48.5860678 37.8089458,48.5855152 37.8103105,48.5853084 37.8123972,48.584265 37.8108888,48.5796277 37.8080503,48.5789083 37.8082734,48.5774269 37.8055097,48.5768921 37.8036472,48.5768967 37.8023856,48.5764116 37.801596,48.5753017 37.8014564,48.574063 37.8004158,48.5739423 37.8007377,48.5721534 37.8018535,48.571699 37.8059653,48.5722688 37.8093905,48.5725829 37.8077114,48.5714861 37.8087842,48.5709182 37.8079507,48.5697934 37.8089592,48.5685723 37.8080258,48.5668543 37.8140017,48.5659738 37.8144435,48.5652001 37.8153233,48.5631269 37.8130674,48.5632591 37.8137219,48.5609089 37.8157135,48.5597017 37.8142879,48.5579518 37.8152029,48.5559805 37.8177203,48.5541285 37.8196012,48.5540972 37.8222584,48.5528032 37.8219739,48.5519674 37.8197168,48.5516776 37.8182147,48.5501862 37.8198026,48.5470044 37.8212249,48.5460448 37.8236096,48.5453691 37.8133774,48.5422498 37.8095644,48.5423755 37.8070651,48.5408115 37.8036218,48.5396452 37.7975409,48.5375428 37.7922513,48.534616 37.7925679,48.5341187 37.7877348,48.5314331 37.7793124,48.527895 37.770397,48.5247968 37.7766521,48.5179821 37.7771536,48.5168753 37.7766252,48.5157968 37.7777918,48.5151731 37.7780318,48.5140226 37.7792033,48.5121538 37.7813125,48.5119443 37.7831826,48.5125218 37.7826586,48.5143742 37.7841346,48.5144618 37.7837998,48.5159554 37.7895802,48.51644 37.7882712,48.5193821 37.7940434,48.5200218 37.7968329,48.5166674 37.7985495,48.517108 37.7993434,48.5167953 37.8050726,48.5186146 37.8049868,48.5189699 37.8078621,48.5199506 37.808656,48.5197232 37.8148358,48.5218551 37.8167027,48.5195526 37.8140419,48.5187141 37.8126257,48.5181882 37.8120678,48.5170653 37.812454,48.5158856 37.8131192,48.5159993 37.8136342,48.5103135 37.8124111,48.5101287 37.8125399,48.5081243 37.7808293,48.5044585 37.7804001,48.5059939 37.7770956,48.5060223 37.7713879,48.5052831 37.7695854,48.5044301 37.7684681,48.5058238 37.7688114,48.5081695 37.7701204,48.5086528 37.7703349,48.5094347 37.7677815,48.50952 37.7667515,48.5093209 37.7653782,48.5101099 37.7636938,48.5122351 37.7644984,48.5126473 37.7636133,48.5137703 37.762063,48.5133794 37.7580826,48.5120645 37.7592628,48.5105719 37.7574711,48.5099606 37.7600052,48.5067566 37.7583959,48.5062165 37.7576073,48.5040591 37.7590154,48.503805 37.7585139,48.5029821 37.7484582,48.4967384 37.7563546,48.4892302 37.7479432,48.4858169 37.7438234,48.4824035 37.754123,48.4742102 37.765281,48.4629424 37.7683709,48.4546321 37.7719741,48.4551164 37.7751928,48.4551449 37.7787616,48.4569583 37.787919,48.4578758 37.8497884,48.461984 37.9004844,48.4485625 37.9190334,48.4407946 37.9460832,48.4357816 37.9669548,48.4128512 39.3671005,47.8723537 39.4100346,47.838773 39.467342,47.8586654 39.5292366,47.8262661 39.7362065,47.8301702 39.7829546,47.8744879 39.8147679,47.9704386 39.7813318,48.0279273 39.885319,48.0458389 39.8360468,48.0695648 39.8689043,48.1126744 39.9073865,48.1820018 39.951407,48.2296599 40.0091285,48.2407104 39.9789821,48.3139343 39.924072,48.2740387 39.8896697,48.3060543 39.839402,48.3075018 39.8443682,48.3356084 39.9210036,48.3506299 39.9374932,48.3782671 39.8454919,48.4714145 39.8514497,48.5698663 39.7953241,48.5900774 39.6806853,48.5892863 39.6589772,48.6152229 39.7112851,48.6672231 39.7173951,48.6947636 39.7060341,48.7178242 39.7269059,48.7408567 38.1178021,48.9270546 38.0543486,48.9341224 37.997312,48.935204 37.9960224,48.9313513 37.9965584,48.9303459 37.9943478,48.9287202 37.9949697,48.9262205 37.9936069,48.9240401 37.9940466,48.9220853 37.991963,48.9220688 37.9916508,48.9214966 37.997417,48.9195468 37.9954074,48.9186279 37.9953895,48.9168995 37.9984273,48.9157533 37.9999461,48.9139391 38.0016495,48.9131447 38.0022007,48.9114499 38.0017487,48.9100643 38.0043866,48.908171 38.0051133,48.9064153 38.0050216,48.9050475 38.0058254,48.9046252 38.006789,48.9046831 38.0067482,48.9022537 38.0055701,48.9013336 38.0031711,48.9009603 38.0030509,48.8999738 38.0065011,48.9001027 38.0112554,48.9007836 38.0114946,48.9023991 38.0128311,48.9026397 38.0131441,48.9045031 38.0151044,48.9046653 38.0188327,48.9030009 38.0191062,48.9015763 38.0190096,48.8996721 38.0075084,48.8965264 38.0101906,48.8941846 38.0105339,48.8913066 38.0121218,48.8903191 38.0142082,48.891289 38.0230339,48.8978181 38.025326,48.8969408 38.0268632,48.8984025 38.0253611,48.8989386 38.0257688,48.9005254 38.0271421,48.9023803 38.0426989,48.9066822 38.0407034,48.9097285 38.0414881,48.9099128 38.0384255,48.9155935 38.0391155,48.9160604 38.045081,48.9128099 38.0489003,48.9106311 38.0507456,48.9111811 38.0532132,48.9103702 38.0549942,48.9120977 38.0498658,48.9138041 38.046497,48.9169205 38.0499415,48.9225951 38.0527739,48.9223977 38.0562072,48.9219465 38.0551772,48.9207057 38.0552201,48.9189291 38.0581813,48.9185061 38.0595546,48.9189573 38.0610995,48.9183933 38.0646615,48.9140219 38.0648761,48.9100168 38.067923,48.9098758 38.0726008,48.9109476 38.081656,48.9098194 38.0858187,48.908804 38.0845942,48.9060829 38.087255,48.9006102 38.0855384,48.9001024 38.0870833,48.8981558 38.0863967,48.8962373 38.0915465,48.8947984 38.0931773,48.890171 38.0952372,48.8886473 38.098413,48.8881675 38.0980312,48.8864817 38.1012524,48.8854695 38.1016826,48.8850904 38.1025844,48.8849149 38.1032818,48.8849769 38.1052239,48.8845591 38.1059428,48.8846399 38.1117471,48.8835495 38.1124766,48.8825962 38.1137815,48.8817434 38.113595,48.881321 38.1118703,48.8793474 38.1082063,48.879831 38.1080239,48.8792037 38.1047984,48.87964 38.1047594,48.8794086 38.1043595,48.8794468 38.104269,48.8789897 38.1046943,48.8789493 38.104669,48.8787748 38.1054767,48.8786868 38.1054506,48.8785462 38.1042504,48.8782014 38.1040172,48.8777871 38.1055468,48.877541 38.1071351,48.8775891 38.10735,48.8766881 38.1090137,48.8767278 38.1090795,48.8757594 38.1099286,48.8757717 38.1101061,48.8734503 38.1096461,48.8734361 38.1098767,48.871305 38.1090345,48.8712768 38.10941,48.8635559 38.1076873,48.8634587 38.1075555,48.8604174 38.1065655,48.8578279 38.1053907,48.8576885 38.1072844,48.8534549 38.1024703,48.8528922 38.1019669,48.8533181 38.1008979,48.8531111 38.100802,48.8502353 38.100927,48.8492401 38.0973401,48.8491484 38.0971428,48.8495733 38.0947783,48.8488826 38.0916373,48.8483201 38.0909907,48.8479577 38.0915458,48.847327 38.0921989,48.8472059 38.0928198,48.8463293 38.092793,48.8445666 38.0918972,48.8422391 38.0904273,48.8398785 38.088354,48.8395758 38.0865488,48.840184 38.085256,48.8397621 38.0846874,48.8400057 38.0834214,48.8398644 38.0830566,48.8391442 38.0832605,48.8382263 38.0828635,48.8376119 38.0817691,48.8372729 38.0791942,48.837852 38.0772094,48.8394761 38.0746559,48.8393985 38.0731324,48.839003 38.0685727,48.8394479 38.0685547,48.8367949 38.0670776,48.8368393 38.0662908,48.8352053 38.0653606,48.8350725 38.0646055,48.8328717 38.0614538,48.8332159 38.0570818,48.8327674 38.0573718,48.8315738 38.0605689,48.8318915 38.0609552,48.8300623 38.0602686,48.827548 38.061674,48.8274138 38.0618242,48.8279505 38.0643776,48.8277246 38.064957,48.830352 38.0682079,48.8299176 38.0680577,48.8292007 38.0691413,48.8290312 38.0700103,48.8313407 38.0767695,48.8300412 38.0760614,48.828106 38.0758897,48.8272442 38.0802242,48.8244895 38.0782501,48.8224976 38.0799881,48.8213674 38.0778337,48.8198691 38.0730165,48.8181596 38.0706776,48.8175874 38.0703611,48.8185422 38.0693525,48.8183867 38.0697602,48.8171151 38.0681509,48.8170586 38.0670566,48.817652 38.065576,48.8173695 38.0650825,48.8161685 38.062808,48.8164087 38.0625076,48.815575 38.0605764,48.8153631 38.0597824,48.8138512 38.0616707,48.8139218 38.0625719,48.8137523 38.0629582,48.8134273 38.0628938,48.8126784 38.0653614,48.8125371 38.0665201,48.8131447 38.0689019,48.8129186 38.0687303,48.8112512 38.0704242,48.8111139 38.0707461,48.8104922 38.0698663,48.8104074 38.070038,48.8094323 38.0711538,48.809503 38.0712611,48.8089377 38.0726773,48.8089943 38.0730635,48.8049949 38.0736214,48.8029739 38.0706388,48.8029315 38.0696089,48.803836 38.0628926,48.8021118 38.0637511,48.7999142 38.0649312,48.8000591 38.0653174,48.7985273 38.0666906,48.7969529 38.0700487,48.7942106 38.0697483,48.7913552 38.0740828,48.7912138 38.0774228,48.7912924 38.0763285,48.7870372 38.0750196,48.7836582 38.0736677,48.7838844 38.0728845,48.7821453 38.0730347,48.7809506 38.0713396,48.780484 38.0709104,48.7790629 38.0693011,48.7789074 38.0615978,48.7713703 38.06088,48.7715804 38.0568111,48.7739115 38.0538911,48.7749536 38.0552199,48.7780606 38.0528997,48.7785334 38.052036,48.777047 38.049193,48.7774677 38.0480564,48.7760468 38.0445802,48.7746892 38.0448592,48.7706306 38.0411685,48.7706306 38.0413401,48.7695841 38.0396235,48.7693861 38.0401814,48.7657372 38.0421984,48.7659352 38.0423272,48.7653694 38.0302607,48.7561044 38.0278144,48.7540663 38.0259345,48.7514852 38.0252908,48.7499006 38.0237244,48.7494338 38.0235313,48.7483443 38.0247329,48.7484575 38.0247329,48.7460098 38.0095835,48.7435128 38.0050777,48.7429959 38.0049704,48.7449486 38.0002497,48.7448637 38.0000566,48.7426846 38.0016878,48.7425289 38.0020741,48.739253 38.0093911,48.7391434 38.0100988,48.7347316 38.0090473,48.7324105 37.9972111,48.7357655 37.9948307,48.7329243 37.9916994,48.7267269</coordinates>
            </LinearRing>
          </outerBoundaryIs>
        </Polygon>
      </Placemark>
      <Placemark>
        <name>RU Army Group "Yug" (Southern Section)</name>
        <ExtendedData>
          <Data name="name">
            <value />
          </Data>
          <Data name="description">
            <value />
          </Data>
        </ExtendedData>
        <Polygon>
          <outerBoundaryIs>
            <LinearRing>
              <tessellate>1</tessellate>
              <coordinates>37.5275844,48.0636307 37.3953618,48.0873295 37.3744514,48.0127736 37.3356996,47.9999263 37.3340581,47.998871 37.3271916,47.9950228 37.3228836,47.9908496 37.231388,48.0027962 37.2089338,47.9974183 37.2068309,47.9977485 37.1892511,48.0004468 37.1863114,48.0009924 37.1392495,48.0028161 37.0543805,48.0122128 37.0047646,48.0209753 36.9855384,48.0208034 36.9559845,48.02388 36.9507917,48.0252002 36.9186052,48.0291896 36.8998513,48.0299359 36.8747354,48.0307995 36.7937001,48.0480717 36.7943832,48.0594831 36.8015413,48.0601041 36.7969212,48.0793243 36.7961242,48.0792634 36.7961747,48.0767748 36.7916082,48.0755591 36.7791971,48.0785065 36.772536,48.0784139 36.7710647,48.0846253 36.7954902,48.0872162 36.7933444,48.0969909 36.7886248,48.1174126 36.7869055,48.1193508 36.7886636,48.1214373 36.7905729,48.1209766 36.7913774,48.1222215 36.7880889,48.123288 36.7893415,48.1248383 36.7920278,48.1247684 36.7925341,48.125378 36.7956412,48.1245082 36.799199,48.1294821 36.7832882,48.1351352 36.7788572,48.129969 36.7777107,48.1302632 36.7758714,48.1289065 36.7746944,48.1285289 36.7734836,48.1264781 36.7723847,48.1273434 36.7708912,48.1267734 36.7712388,48.1262306 36.7672519,48.1246709 36.7643551,48.124012 36.7621235,48.1220497 36.766458,48.1200873 36.7645268,48.1180388 36.7671017,48.1169501 36.7685394,48.1183397 36.7756418,48.1155702 36.7739565,48.1133587 36.7786245,48.1121509 36.7839889,48.1188267 36.7845468,48.1179314 36.7871646,48.1168642 36.7915849,48.0969049 36.786092,48.0973068 36.7746548,48.0990259 36.7692582,48.0989113 36.7667799,48.0985673 36.769741,48.0853098 36.758347,48.0903123 36.7558364,48.0905416 36.7540339,48.0898609 36.7541197,48.0883738 36.7530898,48.0877727 36.7511157,48.0875156 36.748455,48.0876893 36.7445042,48.0882504 36.7422699,48.090302 36.7422794,48.0921304 36.7383405,48.0919522 36.7314928,48.0942901 36.7288293,48.0945141 36.7262088,48.0945087 36.7261605,48.0939246 36.722459,48.0935733 36.7187576,48.0925912 36.7189235,48.0913507 36.7206343,48.0913714 36.7211376,48.0887758 36.7174236,48.0885723 36.7175488,48.086044 36.714416,48.0846106 36.7122748,48.0891066 36.707924,48.0938475 36.7007143,48.0927583 36.6922028,48.0954657 36.687125,48.0896308 36.6762821,48.093783 36.6741638,48.0932034 36.6704602,48.0949034 36.6698898,48.0972623 36.6598638,48.1007179 36.6576198,48.1021529 36.6533192,48.1032827 36.6475166,48.1050716 36.6468118,48.1041217 36.6478914,48.1037119 36.6449865,48.1005138 36.6369452,48.0988461 36.6322354,48.0977177 36.6283946,48.0970012 36.6231377,48.0948315 36.6226118,48.0915566 36.6204526,48.0913541 36.6203963,48.0901771 36.6174003,48.0872655 36.612602,48.0877942 36.6101559,48.0900874 36.6070123,48.0900946 36.6039545,48.0908471 36.6034181,48.0899155 36.6034719,48.0881667 36.6044697,48.0874213 36.6048773,48.0856439 36.5974958,48.0837233 36.5983112,48.0828919 36.6010578,48.0834366 36.6015675,48.0824379 36.5973189,48.0706818 36.6011384,48.0699076 36.6019967,48.0672405 36.6006663,48.0649175 36.590152,48.0653477 36.5894225,48.060558 36.5935423,48.0603572 36.592963,48.0558539 36.5901735,48.0557678 36.5892079,48.0532292 36.5867832,48.0516944 36.5835645,48.0499158 36.577539,48.0437909 36.5748139,48.0414094 36.5741165,48.040606 36.5744598,48.0399819 36.5769489,48.0387553 36.5820988,48.0369762 36.583515,48.0382675 36.5873774,48.0367179 36.5881069,48.0374927 36.5896519,48.0370336 36.5911968,48.0308637 36.5927418,48.0209617 36.6020115,48.0184069 36.6062172,48.0184069 36.609865,48.0058036 36.5972908,48.0041382 36.5983208,48.0005776 36.5923126,47.9999171 36.5908106,47.9955808 36.5942009,47.9955091 36.5972479,47.9946332 36.6025587,47.9934413 36.6054769,47.9932546 36.6093393,47.97918 36.6169387,47.9802118 36.6196877,47.9697807 36.6057379,47.9681675 36.6055328,47.9689415 36.6001447,47.9683055 36.5997584,47.9708627 36.5944411,47.9722729 36.592188,47.9708795 36.5931536,47.9665694 36.5820385,47.9652189 36.5836004,47.9571765 36.5839437,47.9559694 36.5735153,47.9561706 36.5653373,47.957979 36.5651846,47.9594714 36.5614887,47.9592947 36.5607917,47.9597462 36.5586253,47.9597294 36.558112,47.9602993 36.555108,47.9602417 36.5528978,47.9613122 36.5517176,47.9623252 36.5497006,47.9628856 36.5435423,47.9661902 36.5398086,47.9706439 36.5354098,47.9725402 36.533028,47.9743072 36.5305603,47.9732872 36.5295066,47.9723425 36.5288844,47.9710065 36.5288414,47.9699578 36.5284445,47.9680829 36.5295817,47.9651233 36.5301825,47.9648359 36.5303608,47.964488 36.5311712,47.9542797 36.5578186,47.9374948 36.7778141,47.9222663 36.9706359,47.9224055 37.3339121,47.8788656 37.4096842,47.8688096 38.6664829,47.6993702 38.6665019,47.6984896 38.6687335,47.6988362 38.7349519,47.7000493 38.7291154,47.6912683 38.7376985,47.6783251 38.7723741,47.684566 38.774434,47.7349277 38.7909135,47.7372368 38.7895402,47.7663214 38.7984666,47.7748591 38.7926301,47.7790121 38.7778508,47.7771593 37.5275844,48.0636307</coordinates>
            </LinearRing>
          </outerBoundaryIs>
        </Polygon>
      </Placemark>
      <Placemark>
        <name>RU Army Group "Dniepr"
</name>
        <ExtendedData>
          <Data name="name">
            <value />
          </Data>
          <Data name="description">
            <value />
          </Data>
        </ExtendedData>
        <Polygon>
          <outerBoundaryIs>
            <LinearRing>
              <tessellate>1</tessellate>
              <coordinates>34.9739937,45.7638541 34.8833994,45.9455533 34.8593944,46.0206458 34.8385045,46.1865478 34.9007738,46.2245475 35.0599392,46.2397223 35.2031686,46.3358983 35.2339064,46.2983775 35.2116186,46.2555554 35.1718702,46.2066256 35.0511615,46.1809524 34.9777588,46.1276521 34.9721831,46.0722856 34.9840075,46.064512 34.9996963,46.065544 35.1596552,46.111283 35.2132663,46.1541312 35.2944311,46.225459 35.3593011,46.29294 35.5038948,46.4232157 35.6298947,46.4642749 35.7947964,46.5689068 35.9716776,46.6303884 36.1006144,46.6245907 36.16632,46.6089285 36.0550042,46.5134977 36.0682153,46.458374 36.2160674,46.4951642 36.3265185,46.6289572 36.4609958,46.7223184 36.0168434,47.522377 36.0171194,47.527989 36.012711,47.5284288 36.0054368,47.5279507 36.0061879,47.5261975 36.0039563,47.5215317 36.0034843,47.5193001 35.9982486,47.5199667 35.9952445,47.5142859 35.9801091,47.5162442 35.967213,47.5187078 35.967728,47.5197801 35.965196,47.5203887 35.9621919,47.519954 35.9582008,47.5207075 35.9547246,47.5225334 35.9483732,47.5227072 35.9490598,47.5253734 35.9446825,47.5313138 35.9364427,47.5329364 35.932237,47.5313717 35.9284175,47.5344431 35.9222806,47.5336028 35.9163154,47.5353703 35.9141267,47.5326177 35.9118951,47.5329654 35.9078182,47.5311399 35.8960991,47.5335226 35.895155,47.5340296 35.8943825,47.5339282 35.8931166,47.5307699 35.900734,47.5292631 35.9005194,47.5272637 35.9015708,47.5266986 35.9114414,47.5246411 35.9113341,47.5240615 35.9140807,47.5240325 35.9141665,47.5256264 35.9152179,47.5259017 35.9186297,47.5252931 35.9190191,47.5264746 35.925152,47.5256976 35.9261391,47.519887 35.9306023,47.5199884 35.9402797,47.5184524 35.9415983,47.4926255 35.9331605,47.4935991 35.9327901,47.5010097 35.9153664,47.5013286 35.9157098,47.4994441 35.8996225,47.4991499 35.8997513,47.4981351 35.8865539,47.4995093 35.8859325,47.4840711 35.8706547,47.4896391 35.8702684,47.4889722 35.8626295,47.4901901 35.8538318,47.4906541 35.8448625,47.4907121 35.8432747,47.4936698 35.8373106,47.4931162 35.8362806,47.500162 35.8367098,47.5020465 35.8340159,47.5023788 35.8342734,47.5039733 35.8330718,47.5060027 35.8348742,47.5056258 35.8347026,47.5068434 35.8331576,47.5089595 35.8322564,47.5089885 35.8304969,47.5134525 35.8294669,47.5130757 35.8270207,47.5165829 35.8264629,47.5188002 35.8244887,47.5184668 35.8251754,47.51638 35.8238879,47.5162351 35.823845,47.5133076 35.8260766,47.510235 35.8255187,47.5099162 35.822815,47.5109017 35.820798,47.507742 35.8219996,47.5060027 35.8213988,47.5046401 35.8153907,47.5019729 35.814704,47.5008712 35.8153809,47.4992922 35.8176983,47.4973495 35.8138359,47.4971466 35.8091152,47.4985963 35.8068836,47.4949139 35.8060253,47.4919853 35.8064115,47.4879254 35.8042229,47.4878094 35.8048927,47.4845787 35.8054824,47.4817604 35.8003486,47.4815694 35.7999919,47.4843161 35.7985689,47.4841233 35.7990161,47.4815471 35.7955152,47.4813637 35.7896572,47.4914994 35.7677641,47.4908304 35.769388,47.4946841 35.7591176,47.4956611 35.7530976,47.4978596 35.7508973,47.4997102 35.7394576,47.5008021 35.7355424,47.5027766 35.7170871,47.5161231 35.7176,47.5168538 35.7166537,47.5175846 35.710083,47.5146689 35.7030838,47.5129122 35.697214,47.5109822 35.6897739,47.5134368 35.6899372,47.511692 35.6961885,47.5079135 35.6914241,47.5056667 35.6822827,47.5049415 35.6821601,47.5129296 35.6831519,47.5148324 35.6814353,47.5155281 35.6795899,47.5143397 35.6760708,47.5213537 35.6437341,47.5108324 35.64279,47.5120498 35.6414274,47.511615 35.6423179,47.5105352 35.6361167,47.5085713 35.635194,47.5094409 35.6336705,47.5089047 35.6346857,47.5077399 35.6296494,47.5061998 35.6162598,47.5249818 35.6142857,47.5243732 35.6041576,47.5383396 35.5976346,47.5329215 35.595854,47.5414482 35.5790961,47.5396008 35.5770781,47.5470594 35.5733016,47.546538 35.5729153,47.5487685 35.5633874,47.5477371 35.5590795,47.5477413 35.5396818,47.5461771 35.5371739,47.5473051 35.4988948,47.5433365 35.4986402,47.5440895 35.4806239,47.5438563 35.4801249,47.5448961 35.4688287,47.5451202 35.4685516,47.5473061 35.4642172,47.5472192 35.464024,47.5485082 35.4511952,47.5479816 35.4504013,47.5463305 35.433375,47.5502126 35.4268623,47.5493141 35.4276347,47.5465622 35.4155755,47.5445345 35.412271,47.5457222 35.4123998,47.5484161 35.4169917,47.550212 35.4128718,47.5552517 35.4174209,47.5571053 35.4167342,47.5581479 35.4154468,47.5580321 35.4121852,47.5586692 35.4017997,47.5547883 35.4017139,47.5576846 35.4039455,47.5578004 35.4035163,47.5674726 35.3927349,47.5670792 35.3924774,47.5696272 35.3919662,47.5765773 35.3844502,47.5768096 35.3847869,47.5793551 35.3835495,47.5793977 35.383757,47.5804611 35.3832598,47.582585 35.3788042,47.5825501 35.3786791,47.5847615 35.3802514,47.5847883 35.3803216,47.5844822 35.3815456,47.5843549 35.381868,47.584056 35.382598,47.5840682 35.3825556,47.5846595 35.3835697,47.5848719 35.3829717,47.585633 35.382245,47.5861408 35.3822204,47.5865799 35.3815735,47.5866428 35.3810457,47.586344 35.3744658,47.5861909 35.3743017,47.5887153 35.3663372,47.5885195 35.3662904,47.5890761 35.3628494,47.5890314 35.3627909,47.589434 35.3620945,47.5894288 35.3621545,47.5906552 35.3539819,47.5906877 35.3539792,47.5899748 35.3477907,47.5899764 35.3478401,47.5883491 35.3455367,47.5881939 35.3429688,47.5876387 35.3420317,47.5888202 35.3422462,47.5910561 35.3412807,47.5910923 35.3409803,47.5898478 35.3401005,47.5887768 35.3389203,47.5878795 35.33759,47.5872428 35.3349506,47.5868808 35.335015,47.5883715 35.3347361,47.5899491 35.3128278,47.5893847 35.3129136,47.5869244 35.3063047,47.5867507 35.3048026,47.5892689 35.3037298,47.5893847 35.3035152,47.5904556 35.3023565,47.590745 35.2996743,47.5976764 35.2984726,47.5981105 35.2972925,47.6009174 35.2981723,47.6010188 35.298065,47.6016844 35.2907264,47.6011924 35.2892029,47.6051422 35.2888059,47.6051711 35.2885538,47.6060428 35.2866065,47.6059958 35.2847231,47.6088208 35.2848137,47.6127452 35.2809606,47.6130717 35.2806359,47.6093268 35.2797293,47.607334 35.2818644,47.6050843 35.2956881,47.5849763 35.2976729,47.5825086 35.2996578,47.581025 35.3045822,47.578919 35.3101767,47.576538 35.3203108,47.5724829 35.3216037,47.5716268 35.3268615,47.5649493 35.3279019,47.5626242 35.329003,47.5566815 35.3293714,47.5550852 35.3303971,47.5508296 35.336724,47.5305338 35.336652,47.5287326 35.3314133,47.5219877 35.3216484,47.5158072 35.3075738,47.5124798 35.2957745,47.5103682 35.2789155,47.5055316 35.2686283,47.4935042 35.2671036,47.4803505 35.1970337,47.4485759 35.1427939,47.450526 35.1034792,47.4555929 35.0745824,47.4548763 35.0542708,47.4511365 35.0198971,47.4229988 34.9751041,47.3991348 34.9291628,47.3986822 34.8992396,47.4068201 34.876516,47.4189019 34.8800574,47.4457319 34.8564189,47.4574073 34.7956897,47.4700116 34.7575126,47.4928183 34.7342303,47.4947528 34.6953254,47.4948216 34.6837122,47.5031271 34.6836005,47.5123603 34.6717667,47.5241033 34.6551175,47.5379303 34.6394923,47.5469521 34.6099551,47.5469319 34.5863423,47.5275399 34.5759122,47.5271139 34.5493451,47.5350328 34.5225442,47.5335249 34.5112432,47.5174884 34.4862196,47.5037677 34.4383165,47.5002144 34.4057825,47.5068894 34.387795,47.5155537 34.3674691,47.5071289 34.3607077,47.4920849 34.338891,47.4784468 34.3345095,47.4656045 34.337339,47.4518337 34.3231778,47.4409637 34.2954592,47.431833 34.2796901,47.4385849 34.2566437,47.437575 34.2373779,47.4284332 34.2134791,47.4182992 34.1990269,47.415712 34.1803105,47.417208 34.1649437,47.4227183 34.1444241,47.4259029 34.1214894,47.4216405 34.0949508,47.4237554 34.0687153,47.4263861 34.0496906,47.4213472 34.0374775,47.4092716 34.033166,47.3935936 34.0116835,47.3405917 34.0331358,47.324742 34.0021114,47.2929224 33.9913455,47.2690046 33.9834779,47.2333145 33.972187,47.214407 33.9293109,47.1804351 33.9082834,47.1637909 33.8505418,47.1405994 33.8427351,47.1049736 33.8186263,47.0741608 33.7979457,47.0561761 33.7683546,47.0405249 33.6978279,46.9960964 33.6949624,46.9406908 33.6871915,46.9176406 33.6901273,46.9069274 33.678674,46.8993396 33.6589855,46.904954 33.6341448,46.8962625 33.6360836,46.8678059 33.6344079,46.8411548 33.6123547,46.8256 33.5985222,46.8265898 33.5718432,46.8182142 33.4865341,46.8226317 33.4617413,46.8175317 33.4496789,46.8029003 33.4222145,46.7892027 33.4031689,46.774473 33.3897026,46.7840342 33.3568397,46.7691384 33.3443364,46.7683028 33.3456668,46.7742696 33.3419761,46.7743578 33.3361396,46.7692434 33.3174714,46.7678324 33.3153686,46.7695667 33.3067426,46.7680382 33.3003053,46.7697431 33.2932242,46.7730645 33.286229,46.7738287 33.2843837,46.7769442 33.2827529,46.7836741 33.2803711,46.7839239 33.276895,46.78291 33.272539,46.7819843 33.2651606,46.7818091 33.2589808,46.7821324 33.2545391,46.7829259 33.2503119,46.7830581 33.2420722,46.7839838 33.2328239,46.7853208 33.2238546,46.7847625 33.2156699,46.7826391 33.2124084,46.7825362 33.2097691,46.7841525 33.2080368,46.7857555 33.2058481,46.7871587 33.2035092,46.7877537 33.1964818,46.7873423 33.1894866,46.7874892 33.1843368,46.7879888 33.1756679,46.7874746 33.165454,46.7875921 33.1592313,46.7869162 33.1587592,46.7860641 33.1566564,46.7848593 33.1613771,46.7828316 33.1590554,46.7792878 33.1530763,46.7817325 33.1409737,46.7821888 33.1263829,46.7786467 33.1009341,46.7678304 33.0866433,46.7603341 33.0615807,46.7466323 33.0471745,46.741328 33.0399218,46.7393575 33.0349069,46.7384514 33.0099523,46.7375608 32.9876394,46.7386881 32.913765,46.7279686 32.8904032,46.7155355 32.8725031,46.7044027 32.8698837,46.7011559 32.8757403,46.7023557 32.881244,46.7015426 32.8888221,46.6999308 32.888597,46.697419 32.876358,46.688806 32.871325,46.686064 32.8707454,46.6828764 32.8670772,46.6766859 32.8585124,46.6704776 32.855974,46.6707831 32.8380241,46.6691572 32.8361859,46.6711004 32.8308214,46.6710709 32.8271307,46.6714243 32.8264441,46.6755763 32.8275291,46.6772778 32.8268732,46.6781085 32.8251995,46.6784619 32.8242983,46.6791391 32.8140415,46.6766658 32.8025402,46.6758707 32.7935709,46.6726611 32.7798809,46.6686267 32.7639164,46.6660351 32.7483811,46.6648571 32.7388285,46.6649966 32.734062,46.6649265 32.7273566,46.665109 32.7206934,46.6660573 32.7130636,46.6653003 32.7049182,46.663453 32.7057626,46.6604165 32.7084692,46.6606086 32.714752,46.6546 32.7124943,46.651831 32.7092763,46.6495806 32.7098581,46.6458919 32.71619,46.6414954 32.7125465,46.6374747 32.7081899,46.6350253 32.7028537,46.6335847 32.6968333,46.633782 32.6897146,46.6330306 32.6749202,46.6296723 32.6711314,46.6283365 32.6646392,46.6250848 32.6583722,46.6233885 32.6470792,46.6195478 32.6410587,46.6163325 32.640274,46.6147973 32.6393911,46.6154707 32.638081,46.6161224 32.6347541,46.6163614 32.6338368,46.6151066 32.6266705,46.6127752 32.6231466,46.6103572 32.624167,46.6060814 32.6226247,46.6008317 32.620654,46.5957001 32.6160875,46.5961421 32.6139077,46.5953011 32.6087238,46.5903607 32.6041728,46.5894999 32.5977559,46.5896151 32.5972829,46.5876954 32.5972226,46.5850224 32.5940387,46.5833221 32.5848256,46.5824035 32.5780959,46.5838871 32.5758498,46.5848286 32.5713153,46.577183 32.5695269,46.5754619 32.5673753,46.5750763 32.5651373,46.5740712 32.5632164,46.5736932 32.5603301,46.5749038 32.5556175,46.5758164 32.5545742,46.5757555 32.5502264,46.5730543 32.5473161,46.5735688 32.543299,46.5734125 32.5383377,46.5733738 32.5314735,46.5724555 32.5285577,46.5714782 32.5271893,46.5709102 32.524667,46.5700984 32.5227555,46.5685932 32.5222801,46.5670283 32.5212481,46.5645638 32.5183073,46.5632429 32.5145943,46.5635451 32.49922,46.56734 32.4946748,46.5688336 32.4905095,46.570514 32.4848876,46.5717531 32.4790895,46.570935 32.4565405,46.5618972 32.4393829,46.5545857 32.4201482,46.5591925 32.4153417,46.5587203 32.405557,46.5551791 32.3911375,46.5476238 32.3810094,46.5462071 32.3633283,46.546089 32.3581785,46.5483322 32.3509687,46.5478599 32.3413557,46.5456167 32.3372358,46.5423108 32.331571,46.5391228 32.320413,46.5362888 32.3065084,46.5355803 32.2968954,46.5356984 32.2920888,46.5395951 32.285394,46.5367612 32.2843641,46.5260145 32.2849594,46.5159168 32.2873572,46.5122757 32.283833,46.5069808 32.2768333,46.5022762 32.2669159,46.502888 32.2318556,46.4987938 32.1907911,46.5003716 32.1523389,46.5244714 32.1282162,46.528554 32.116369,46.5291743 32.0877041,46.5168017 32.0568678,46.5067009 32.018198,46.504303 31.9494895,46.5151637 31.9124754,46.527867 31.8713832,46.5332312 31.8580707,46.52265 31.8531517,46.5216135 31.8475165,46.5227931 31.8016471,46.5339744 31.7613301,46.5506551 31.7539606,46.551172 31.679556,46.5484292 31.6318208,46.5430241 31.5988648,46.543829 31.57334,46.5459404 31.5517838,46.5548663 31.5319474,46.5774261 31.512117,46.5970381 31.4971869,46.5881012 31.4934767,46.5673687 31.5162369,46.5371758 31.5470313,46.5159953 31.7768146,46.3448985 31.7543338,46.3312843 31.7263812,46.303685 31.6765025,46.265636 31.637514,46.2546661 31.6088873,46.2607041 31.5802519,46.2714821 31.5625927,46.2884259 31.5545392,46.3025213 31.5505115,46.322843 31.55335,46.3327321 31.5564703,46.3489026 31.5475445,46.3774358 31.5379189,46.3823695 31.5240322,46.3831861 31.5107804,46.3745815 31.4993534,46.3527546 31.5005029,46.3233639 31.5079285,46.3029851 31.5226148,46.281411 31.5546633,46.2563828 31.6113875,46.2275392 31.7441171,46.2026583 32.067439,46.1564117 32.2339951,46.120905 32.3879843,46.0851742 32.5205389,46.0592526 32.6571098,46.0427021 32.7077186,46.0296551 32.9156433,46.0049755 32.9639499,46.0058988 33.0108798,46.0010789 33.0448626,46.0049385 33.0656348,46.008414 33.082975,46.008548 33.210811,46.0609903 33.2223986,46.0647829 33.2266689,46.0834719 33.2261336,46.0935878 33.2654312,46.0891745 33.2685944,46.0776775 33.2742946,46.0697854 33.2868585,46.0618926 33.3235135,46.0620888 33.3562682,46.0716302 33.3815367,46.0462024 33.4087099,46.0239275 33.4273363,46.014648 33.4415669,46.0127472 33.4475284,46.0261012 33.4621841,46.0323001 33.4754658,46.0232416 33.4915133,46.0156113 33.5584666,46.0213156 33.5928986,46.1137635 33.6044017,46.1302817 33.6097281,46.1333056 33.637288,46.1405498 33.6175728,46.2128161 33.6133076,46.2124551 33.6131627,46.2138758 33.6173961,46.2154142 33.6142533,46.2262192 33.6301115,46.2279109 33.6461422,46.2291847 33.6581021,46.2227419 33.6642435,46.221557 33.6886243,46.2044537 33.6973084,46.2031721 33.7083911,46.200055 33.7393095,46.184196 33.7729196,46.1983242 33.795036,46.2026998 33.8154041,46.2029789 33.8394933,46.2016912 33.8487902,46.1991446 33.8622052,46.1932699 33.9145726,46.1600429 33.9833274,46.1349725 34.0259414,46.1122542 34.0403952,46.1099936 34.0541616,46.1091593 34.0710278,46.1165474 34.0903898,46.11562 34.1228392,46.1054095 34.1345166,46.0973609 34.1427559,46.0869737 34.1770549,46.0690975 34.2112538,46.0628953 34.248083,46.0522766 34.29108,46.05973 34.32447,46.0609765 34.3629221,46.0482298 34.3812375,46.0365649 34.3974847,46.0217991 34.4080691,46.0031535 34.4128127,45.9902308 34.426842,45.9746959 34.4561342,45.9523566 34.4769911,45.9435837 34.5031163,45.9436988 34.524526,45.9555075 34.5525641,45.986257 34.5671769,45.9948368 34.582992,45.9959017 34.6006225,45.9945028 34.630265,45.9859433 34.6685906,45.9685736 34.7530655,45.9101806 34.8018603,45.9023269 34.7998003,45.804765 34.8609118,45.7945924 34.8798099,45.7890343 34.9585871,45.7593931 34.9739937,45.7638541</coordinates>
            </LinearRing>
          </outerBoundaryIs>
        </Polygon>
      </Placemark>
      <Placemark>
        <name>RU Army Group "Sever" (Bryansk Region)</name>
        <ExtendedData>
          <Data name="name">
            <value />
          </Data>
          <Data name="description">
            <value />
          </Data>
        </ExtendedData>
        <Polygon>
          <outerBoundaryIs>
            <LinearRing>
              <tessellate>1</tessellate>
              <coordinates>34.198484,51.974346 34.2683541,51.9053359 34.3524082,51.86551 34.3885435,51.8453633 34.4501684,51.9125707 34.3552014,51.9441891 34.5281845,52.05821 34.7429233,52.0831412 34.8739829,52.1954341 34.9666657,52.3536351 34.5608725,52.5308745 34.0170492,52.800717 33.7451376,52.9300473 33.3249106,52.9995272 32.9486288,52.9879549 32.619039,52.9383246 32.2537436,52.878693 32.0092978,52.6676697 31.6348424,52.4982297 31.6247143,52.4910183 31.615273,52.4789966 31.6118397,52.469586 31.6010251,52.4610102 31.5869488,52.4602781 31.5821423,52.4573493 31.5866055,52.455571 31.6080632,52.4533742 31.6108443,52.4412521 31.5977981,52.4393686 31.6032912,52.4249252 31.5933349,52.4201097 31.5950515,52.4155031 31.6218307,52.418644 31.6259505,52.3993761 31.6321303,52.3983287 31.6259505,52.3715065 31.6197707,52.3442485 31.6245772,52.3304034 31.6159942,52.327466 31.6050078,52.3278857 31.5943648,52.3262071 31.5826919,52.3287249 31.5830352,52.3218005 31.6273238,52.2884221 31.6293838,52.2959817 31.6471372,52.2883597 31.6486822,52.2795385 31.6584669,52.2760726 31.6826711,52.2769128 31.7142568,52.2644125 31.7106519,52.2599997 31.7060171,52.2599997 31.7039571,52.2575831 31.696404,52.2569526 31.7029272,52.2387704 31.7097936,52.23835 31.7096219,52.2359321 31.7039571,52.2347757 31.7103114,52.2151416 31.7037883,52.212775 31.7018142,52.2068844 31.6986384,52.203255 31.6881671,52.2022556 31.6873088,52.19468 31.7050757,52.1864191 31.7140021,52.1884713 31.7246451,52.1929964 31.7329707,52.1929964 31.7446437,52.1881029 31.7581191,52.189208 31.7691913,52.1864717 31.7734828,52.186077 31.7758002,52.1877609 31.7808756,52.1860336 31.7835012,52.1357713 31.784617,52.1348757 31.7852178,52.1332425 31.7941616,52.1246224 31.7992256,52.1204066 31.7829263,52.1156132 31.7816711,52.1120818 31.7864025,52.1124639 31.7889345,52.1115942 31.7934835,52.1098811 31.7948568,52.1066128 31.801852,52.1024743 31.8128983,52.1004271 31.8232838,52.1010598 31.8365876,52.1075443 31.8493763,52.1109179 31.8666283,52.1111815 31.8919317,52.1063138 31.9147627,52.0989328 31.930813,52.0929744 31.9380228,52.0858549 31.9429151,52.0820046 31.9532148,52.0846418 31.9628279,52.0765187 31.9617979,52.0671278 31.9499357,52.0621178 31.94367,52.0568406 31.9322545,52.0562073 31.9313104,52.0510349 31.9315679,52.0461259 31.9430692,52.0494514 31.9513089,52.0489763 31.9624816,52.0548755 31.9918357,52.0533977 32.0263397,52.0512865 32.0496856,52.0402009 32.0912277,52.0367162 32.0953475,52.046747 32.1111404,52.0481194 32.1375762,52.0569866 32.1518945,52.0743815 32.1944665,52.0713216 32.2121476,52.0849312 32.2457932,52.0912598 32.2873353,52.1092915 32.2923135,52.1226787 32.3150586,52.1239961 32.3158025,52.1366943 32.3269605,52.1431736 32.3552846,52.1433316 32.3622369,52.1511792 32.3452424,52.1534964 32.3217248,52.1488619 32.3144993,52.1534576 32.3409351,52.1860956 32.333382,52.1983024 32.3169025,52.216396 32.3234257,52.2361642 32.3453983,52.2483572 32.3659977,52.2445736 32.3848804,52.2483572 32.3797306,52.2660102 32.3666843,52.2729433 32.3581013,52.2954161 32.3466,52.3184547 32.3510631,52.3296285 32.3755249,52.3384397 32.3999866,52.3402751 32.4316582,52.3259567 32.4555191,52.3289991 32.4681362,52.3255895 32.4774918,52.3239633 32.4924263,52.330153 32.5511345,52.3315168 32.5806602,52.3090623 32.6230427,52.3056068 32.7029848,52.2621092 32.8066683,52.2795466 32.8882075,52.2794416 32.8871775,52.2589572 32.893014,52.2519167 32.9070902,52.2516014 33.0412159,52.3289085 33.07057,52.331636 33.0755482,52.3216693 33.0891094,52.3218791 33.1257591,52.3389784 33.1387022,52.34889 33.1691065,52.3402628 33.175973,52.3404726 33.1785479,52.3441432 33.1943407,52.3436188 33.2013789,52.3357527 33.2151118,52.3378505 33.2168284,52.3322912 33.2319346,52.3330255 33.2554522,52.329249 33.2643786,52.3310324 33.2736054,52.3316093 33.2785406,52.3301932 33.2760945,52.3274656 33.2801714,52.3221935 33.2891407,52.3262853 33.2961788,52.3243968 33.2928315,52.3150319 33.2855788,52.3129856 33.287982,52.3106636 33.3058777,52.317616 33.308796,52.3145204 33.3142033,52.3130512 33.317894,52.3115294 33.323473,52.314258 33.3390084,52.3163043 33.3376351,52.3194523 33.3296939,52.3252133 33.337762,52.3363855 33.3507225,52.3451953 33.3612796,52.3456148 33.3633396,52.3410004 33.3705494,52.338221 33.3723518,52.3333436 33.3770725,52.3317701 33.3799049,52.3351792 33.3852264,52.332347 33.3918354,52.3339729 33.3938095,52.3361757 33.3914062,52.3406333 33.3953544,52.3458769 33.4000751,52.3497044 33.4076282,52.349285 33.4152671,52.3547373 33.4163829,52.359822 33.4185283,52.3613577 33.4221332,52.3504541 33.4360377,52.3485666 33.438956,52.3592611 33.4566371,52.3676471 33.516885,52.3606774 33.5254681,52.3456839 33.5196316,52.3334127 33.4964573,52.3254399 33.4901058,52.3143175 33.5556805,52.3070759 33.5759365,52.3164163 33.6003124,52.3349862 33.6557092,52.3479928 33.6783685,52.3601551 33.7157907,52.3672831 33.7298669,52.3586874 33.7717523,52.3672831 33.823594,52.3689601 33.8500299,52.3561712 33.8593012,52.336411 33.84694,52.3198809 33.8889112,52.3104363 33.9148321,52.3091769 33.9494317,52.2918949 33.9459984,52.2519789 34.0023609,52.2302567 34.0029617,52.2173751 34.0075966,52.207856 34.0297409,52.2049631 34.0649315,52.200071 34.0700813,52.178813 34.0992637,52.156913 34.1246696,52.1375309 34.1075035,52.1073877 34.101667,52.07638 34.11128,52.0202162 34.1387459,52.011553 34.1504188,51.9847079 34.198484,51.974346</coordinates>
            </LinearRing>
          </outerBoundaryIs>
        </Polygon>
      </Placemark>
      <Placemark>
        <name>RU Army Group "Sever" (In West Belgorod Region)</name>
        <ExtendedData>
          <Data name="name">
            <value />
          </Data>
          <Data name="description">
            <value />
          </Data>
        </ExtendedData>
        <Polygon>
          <outerBoundaryIs>
            <LinearRing>
              <tessellate>1</tessellate>
              <coordinates>37.0212714,50.3515204 37.0285144,50.3484233 37.037467,50.3482475 37.0570628,50.348782 37.0730273,50.3481248 37.0962016,50.3509728 37.1013514,50.3586396 37.1277873,50.362363 37.1418635,50.3612679 37.1518199,50.3577634 37.2155062,50.3757211 37.2234027,50.3791695 37.2556289,50.3918836 37.2580322,50.3899958 37.2647909,50.3932108 37.2742113,50.3957686 37.2930511,50.4008569 37.3002921,50.4059515 37.3019543,50.40842 37.305708,50.4072849 37.3068639,50.4080233 37.3038544,50.4098831 37.3045303,50.4104302 37.3077704,50.4103754 37.3081569,50.4111411 37.3048958,50.4125086 37.3101743,50.4226263 37.3118909,50.4265908 37.3206025,50.4322226 37.3321041,50.4360767 37.3522743,50.4369514 37.3624024,50.4346007 37.3751911,50.4318671 37.3959621,50.4303362 37.4229195,50.4339137 37.428811,50.4390825 37.4302272,50.4356111 37.4290685,50.4332603 37.4349479,50.4316474 37.4419001,50.4151877 37.4487237,50.4152151 37.4490241,50.4140938 37.4544314,50.41434 37.4583796,50.4153244 37.459195,50.4142306 37.4576501,50.4134375 37.4588946,50.4125624 37.4634866,50.4131093 37.4646016,50.4076276 37.4651275,50.3875408 37.4621768,50.3854008 37.4622035,50.382771 37.4664654,50.37861 37.4708137,50.375509 37.4706983,50.3703279 37.4815684,50.3626006 37.4813806,50.3587641 37.4844112,50.3558036 37.5044955,50.3513678 37.5076512,50.3464108 37.5210609,50.3352636 37.5549211,50.3290725 37.5764646,50.3066023 37.5851328,50.3141943 37.5969781,50.3164138 37.6096813,50.3167708 37.623929,50.3148243 37.6346578,50.311755 37.6378336,50.3029842 37.6266756,50.2929506 37.6269823,50.2602986 37.6249257,50.2490604 37.6253157,50.2451488 37.6273893,50.2411804 37.614901,50.2230346 37.6138821,50.2171787 37.6164892,50.2138079 37.6199221,50.211968 37.6263594,50.2044698 37.6359719,50.1968937 37.6334253,50.195504 37.635199,50.1944796 37.638017,50.1956432 37.6419933,50.1914493 37.6390964,50.188413 37.6384312,50.1823266 37.639118,50.1774759 37.6287445,50.1768874 37.6255687,50.1759254 37.6265558,50.1747986 37.629474,50.1753757 37.6344951,50.1750184 37.6385292,50.1703733 37.6403745,50.1667997 37.6435932,50.1644631 37.6374134,50.1650954 37.6327785,50.1650954 37.6292165,50.167487 37.6264699,50.1676244 37.6271137,50.1640507 37.6295169,50.1618514 37.6246246,50.1604767 37.62338,50.163116 37.6190456,50.1658376 37.6141532,50.1656727 37.6140674,50.163061 37.6181015,50.1596794 37.6210197,50.1584422 37.6172431,50.1573699 37.6130804,50.1600093 37.6088317,50.1612465 37.6034244,50.159102 37.6082309,50.1553627 37.6026948,50.1518705 37.6034244,50.1479106 37.5986179,50.1486531 37.5960003,50.1567513 37.5941332,50.1557957 37.5896828,50.1581011 37.5805847,50.1592559 37.5661652,50.1599157 37.5629036,50.1577162 37.5645344,50.1548016 37.5573977,50.153168 37.5520889,50.1552966 37.5470249,50.1531518 37.5477974,50.1517769 37.5472824,50.148257 37.5519173,50.1431967 37.5514881,50.1417665 37.5553505,50.1364854 37.5618736,50.1365404 37.565736,50.1370906 37.5707142,50.1358253 37.573332,50.1317815 37.5735895,50.1285903 37.5772373,50.1239131 37.5821297,50.1229776 37.5872795,50.1213542 37.5936203,50.1191051 37.5921183,50.1159131 37.5882559,50.1125281 37.5881272,50.1112897 37.5815611,50.1094181 37.5792651,50.1045464 37.5875907,50.1015736 37.5882344,50.1005275 37.6044779,50.1060052 37.6144772,50.1065557 37.6153784,50.1081796 37.6179104,50.1088402 37.6172667,50.1102163 37.6133185,50.1101062 37.6121785,50.1154586 37.6278427,50.1151834 37.6276151,50.1120527 37.6307627,50.112111 37.6328945,50.1145068 37.6381163,50.1143707 37.6382617,50.1136679 37.644804,50.1131788 37.6454238,50.1114788 37.6479508,50.1114911 37.6467728,50.1147882 37.6480217,50.1149975 37.6476874,50.1159667 37.6455595,50.1161989 37.6441366,50.1182044 37.6497885,50.1192431 37.6516338,50.1170417 37.6627573,50.1140806 37.6605075,50.1126634 37.66128,50.109636 37.655186,50.1100213 37.6559156,50.1087828 37.6580614,50.1080947 37.6624816,50.107847 37.6645416,50.1028925 37.6610225,50.1028374 37.6614088,50.1012134 37.6569026,50.1005527 37.6584906,50.0955699 37.6621812,50.0930095 37.6674169,50.0919908 37.6682323,50.0871448 37.6703781,50.0833999 37.6753563,50.0819679 37.6767295,50.0833999 37.6914924,50.0829317 37.6937888,50.082263 37.6930164,50.0812028 37.6931237,50.0791098 37.6960419,50.0767275 37.6972864,50.0764797 37.6972435,50.0756396 37.6958702,50.0741799 37.6946257,50.0736566 37.6949261,50.0717285 37.6963423,50.0705028 37.6996253,50.0698279 37.7023505,50.069883 37.7062343,50.0688087 37.7073286,50.0696351 37.7093457,50.0686435 37.7144097,50.0679548 37.7140449,50.0663847 37.7164052,50.0623074 37.714109,50.0568695 37.7167646,50.048241 37.7172097,50.0475075 37.7250253,50.0489406 37.7329012,50.0355589 37.7249785,50.0336348 37.724167,50.029619 37.7306043,50.0285714 37.7392303,50.0277168 37.7383291,50.0321552 37.7411615,50.0317968 37.744423,50.0300326 37.7533494,50.0284887 37.7528597,50.0246657 37.7599837,50.0243349 37.7589967,50.0212192 37.7549733,50.0205644 37.7541043,50.0172485 37.7523448,50.0169866 37.7520014,50.0159524 37.7528812,50.0156491 37.7561642,50.0157594 37.7570332,50.0162144 37.7571727,50.0168624 37.7552844,50.0172347 37.7556707,50.019358 37.7641679,50.018641 37.7676655,50.0170279 37.7761628,50.0156215 37.7788828,50.0218907 37.7828096,50.0202535 37.7824877,50.0188817 37.7856527,50.0185026 37.7862374,50.0202466 37.7926747,50.0190747 37.7923529,50.0172824 37.7903776,50.0171438 37.7878016,50.0157918 37.7874583,50.0126893 37.7903765,50.0099177 37.7933806,50.0089661 37.7920717,50.00687 37.7934664,50.0059736 37.7947539,50.0061391 37.7980584,50.0059322 37.7996677,50.0051185 37.8020281,50.0055737 37.8036803,50.0077802 37.8069204,50.0055185 37.8066414,50.0034498 37.8085941,50.0018085 37.807371,49.9995052 37.8004831,49.9942222 37.7967065,49.9946636 37.7943891,49.9956016 37.785806,49.9958499 37.7831453,49.9939463 37.7811068,49.9908149 37.7781027,49.9883178 37.777695,49.9865657 37.779779,49.9860053 37.7804552,49.9830318 37.7794006,49.9821653 37.774465,49.982717 37.765668,49.978191 37.760447,49.9687967 37.7531943,49.9710877 37.74364,49.96994 37.7422509,49.9663399 37.7380881,49.966754 37.7331099,49.9653737 37.7329382,49.9632205 37.7283892,49.9626407 37.7272734,49.9605978 37.7353844,49.954993 37.742455,49.957471 37.7476582,49.9570362 37.7492461,49.9585823 37.7542242,49.9570086 37.7524183,49.9536004 37.752804,49.942085 37.748642,49.933605 37.742548,49.934213 37.726562,49.932776 37.728064,49.930207 37.724736,49.919675 37.728654,49.903367 38.0329381,49.902169 38.0539397,49.9217452 38.2210991,49.9799395 38.1873901,50.0222262 38.1801869,50.0568091 38.1786956,50.0799477 38.319195,50.086447 38.354828,50.010228 38.531778,49.95747 38.584506,49.978772 38.645526,49.954086 38.695104,49.999455 38.739146,49.910535 38.892975,49.870389 38.927264,49.796916 39.177163,49.883505 39.1780632,49.8998292 39.1915624,49.9245757 39.2120518,49.927006 39.2064194,49.9375028 39.1884955,49.937779 39.1880803,49.9420319 39.2080532,49.9462306 39.2071424,49.9687691 39.2245715,49.9798063 39.252995,49.9855401 39.2805961,50.0353459 39.2567747,50.0411984 39.2520711,50.0341994 39.2185259,50.0474836 39.2264767,50.0653468 39.2073439,50.0777039 39.241189,50.0825956 39.2367718,50.0989936 39.1922089,50.0916846 39.1524584,50.1215529 39.1580746,50.1465132 39.1163698,50.1563643 39.1399216,50.1893459 39.1380831,50.2254039 39.1085001,50.2335482 39.1029383,50.2561829 39.1137882,50.266764 39.0425035,50.2792306 39.0346743,50.2882726 39.0433251,50.3170548 39.0701816,50.3208434 39.102498,50.3393924 39.0915629,50.3522431 39.0671705,50.3533747 39.0362125,50.3797522 39.0319667,50.4128174 39.008423,50.4120896 38.9849932,50.4357881 39.0203638,50.4561397 39.0107796,50.4644518 39.0345558,50.4759833 39.0418142,50.4718061 39.0526533,50.4762718 39.0477745,50.491393 39.0621234,50.4916604 39.0820068,50.4991122 39.0775163,50.5041612 39.10204,50.5013475 39.126565,50.5066081 39.1254588,50.532832 39.0927808,50.515833 39.0909847,50.5800067 39.0763921,50.5927244 39.0835978,50.6063962 39.0457846,50.6180463 39.0539306,50.6256688 39.0915507,50.6117214 39.1208094,50.6247931 39.056066,50.6422754 39.0513761,50.6518104 39.0296317,50.6467817 39.0229925,50.6548125 38.9647108,50.6536743 38.9616371,50.6820659 38.980218,50.6835905 38.981659,50.6944776 38.9893531,50.6945058 38.9896291,50.6989152 38.8967125,50.7037525 38.8912727,50.6935374 38.7807535,50.7219977 38.8204498,50.7928801 38.786295,50.7976334 38.7472413,50.7869819 38.7081836,50.8023598 38.7510439,50.8673594 38.7447195,50.9036835 38.8859917,50.8919825 38.8064037,50.9803326 38.8654496,51.0067826 38.8572341,51.0349553 38.8160017,51.0448295 38.8021507,51.0758414 38.6874244,51.0601254 38.6997865,51.0223749 38.6312073,51.0003702 38.6155646,51.0168199 38.5879098,51.0122249 38.5465154,51.0257623 38.5337428,51.0489413 38.5164265,51.0534112 38.5037681,51.048099 38.5106973,51.0733111 38.4829072,51.0783289 38.4365788,51.0636519 38.3888784,51.077001 38.3928096,51.0962261 38.4063581,51.0994939 38.4066656,51.130048 38.3815592,51.1295703 38.3808219,51.149241 38.3962242,51.1508189 38.3975093,51.1653853 38.4114998,51.165095 38.521754,51.1600508 38.5167041,51.2109476 38.4771185,51.2131569 38.4322397,51.2692695 38.436504,51.2858638 38.3976322,51.2866362 38.3364563,51.2567718 38.2886007,51.2976154 38.0060339,51.4236834 37.8493354,51.4328325 37.6901207,51.3569708 37.3809813,51.3864984 37.3191157,51.3368531 37.2393641,51.3334602 37.1107897,51.0351937 36.9133641,50.6227811 37.0146939,50.4873081 37.0342808,50.4320727 37.0212714,50.3515204</coordinates>
            </LinearRing>
          </outerBoundaryIs>
        </Polygon>
      </Placemark>
      <Placemark>
        <name>RU Army Group "Tsentr"</name>
        <ExtendedData>
          <Data name="name">
            <value />
          </Data>
          <Data name="description">
            <value />
          </Data>
        </ExtendedData>
        <Polygon>
          <outerBoundaryIs>
            <LinearRing>
              <tessellate>1</tessellate>
              <coordinates>37.1882884,48.324045 37.1815177,48.3241769 37.1811744,48.3278292 37.1713468,48.3279861 37.1720978,48.324291 37.1689006,48.3243909 37.1697214,48.3189812 37.1684796,48.3188163 37.1688028,48.3163081 37.1701231,48.3164952 37.1703476,48.3148998 37.1322602,48.3115177 37.132476,48.3099388 37.132778,48.3072061 37.1349599,48.3067556 37.1350391,48.3058846 37.1335015,48.3057774 37.1344279,48.2996576 37.1273435,48.2993208 37.1194471,48.3039883 37.1229018,48.3064005 37.120005,48.307999 37.1140398,48.3069572 37.1068407,48.3109104 37.107339,48.3121163 37.1066035,48.3125802 37.1056259,48.3128587 37.1108319,48.3159265 37.109932,48.3164467 37.1076266,48.3151761 37.1063418,48.3160452 37.1048666,48.3159284 37.1041907,48.3154807 37.1022595,48.3160978 37.1007351,48.3140661 37.098803,48.3143105 37.0945959,48.3122877 37.094121,48.3111818 37.0931285,48.3096264 37.0916165,48.3094547 37.0881568,48.3032679 37.0773366,48.3056443 37.0753516,48.3052587 37.0746006,48.3030606 37.0843424,48.3015049 37.0878185,48.3005199 37.0883227,48.2974801 37.0643223,48.2963802 37.0562971,48.2970226 37.0403112,48.2956807 37.0463622,48.2688072 37.0418991,48.2683358 37.0431003,48.2626386 37.0441189,48.2576402 37.0325318,48.2565544 37.0298281,48.2556115 37.0133084,48.2540145 37.0120424,48.2596219 37.0102614,48.2608719 37.0081049,48.2614218 37.0049077,48.2613219 37.0019359,48.2609004 37.0014745,48.2604505 36.9975156,48.2601147 36.9976551,48.2593148 36.9982344,48.2593648 36.9985134,48.2580862 36.9988352,48.2581219 37.0013565,48.2469633 36.9956917,48.2463774 36.9950359,48.2491213 36.9886574,48.2488659 36.9894513,48.2432859 36.9855461,48.2429143 36.985074,48.2450578 36.9809112,48.2446291 36.98104,48.2439432 36.9755468,48.2434573 36.975933,48.2412852 36.970869,48.2408565 36.9686529,48.2390397 36.9525813,48.2400394 36.9439942,48.2404294 36.943608,48.2424873 36.9402177,48.242573 36.9396169,48.2458597 36.9408614,48.2465456 36.9386298,48.2471171 36.9362695,48.2468314 36.934982,48.2461455 36.9344241,48.2445165 36.9318063,48.2444593 36.9315059,48.2460026 36.9250686,48.2458025 36.926935,48.2361229 36.9298815,48.221179 36.9398082,48.2220269 36.9394351,48.2203585 36.9394464,48.2183788 36.9380958,48.2165354 36.936339,48.2151933 36.93473,48.2126484 36.9375303,48.2088306 36.9378845,48.2070146 36.9370352,48.2046249 36.9353186,48.2032806 36.9327865,48.2039956 36.9314133,48.2019076 36.9333444,48.1987611 36.9358335,48.2006777 36.9397817,48.1997337 36.9447986,48.2013837 36.945099,48.1972932 36.9408074,48.1950905 36.9393386,48.1935327 36.9401746,48.188882 36.9379859,48.1784381 36.9221073,48.1752616 36.9131168,48.1766629 36.9036537,48.1736304 36.9106343,48.1446869 36.8912127,48.1427548 36.8934443,48.1329029 36.8978002,48.1332037 36.8989804,48.1283773 36.8842553,48.1273821 36.8894481,48.1038878 36.8713807,48.1021683 36.8732261,48.0943152 36.8565222,48.092422 36.8369099,48.0911321 36.8366953,48.092422 36.8103662,48.0896202 36.8129048,48.0781023 36.8055788,48.077632 36.8051022,48.0789449 36.8027933,48.0787555 36.8012311,48.077858 36.7986261,48.0773375 36.7985145,48.0780808 36.7979094,48.0781073 36.7977226,48.0793936 36.7969212,48.0793243 36.8015413,48.0601041 36.7943832,48.0594831 36.7937001,48.0480717 36.8747354,48.0307995 36.8998513,48.0299359 36.9186052,48.0291896 36.9507917,48.0252002 36.9559845,48.02388 36.9855384,48.0208034 37.0047646,48.0209753 37.0543805,48.0122128 37.1392495,48.0028161 37.1863114,48.0009924 37.2089338,47.9974183 37.231388,48.0027962 37.3228836,47.9908496 37.3271916,47.9950228 37.3356996,47.9999263 37.3744514,48.0127736 37.3953618,48.0873295 37.5275844,48.0636307 37.553911,48.057213 38.1454038,47.9235696 38.3692502,47.8733904 38.6514615,47.8070242 38.7778508,47.7771593 38.7926301,47.7790121 38.7898206,47.7800963 38.7896489,47.7818266 38.7929105,47.7844795 38.786044,47.7848256 38.7835549,47.788055 38.7842416,47.7921493 38.7904214,47.7962432 38.7899922,47.8010863 38.7890481,47.8015475 38.7889623,47.8161315 38.791108,47.8161315 38.8297318,47.8154399 38.8290452,47.823739 38.8331651,47.82881 38.825612,47.8343414 38.8262986,47.8454025 38.8290452,47.8495498 38.8427781,47.8504714 38.8441514,47.8661358 38.8750504,47.8675177 38.8805436,47.8767296 38.9121293,47.8739662 38.9423417,47.873045 38.9615678,47.8693602 39.0837907,47.868439 39.0830826,47.8517506 39.1096902,47.8516354 39.1096902,47.8425343 39.1490006,47.8419582 39.1503739,47.8511746 39.1634202,47.8511746 39.1723466,47.8461058 39.1798997,47.8543999 39.2368912,47.8539392 39.2341447,47.8599287 39.2389512,47.8649961 39.245131,47.8682206 39.3508744,47.8663781 39.3645659,47.8723614 39.3674842,47.8719584 39.3578712,47.876046 37.9669977,48.4128512 37.9461261,48.4357816 37.9190763,48.4407946 37.9005273,48.4485625 37.8498313,48.461984 37.787919,48.4578758 37.7787616,48.4569583 37.7751928,48.4551449 37.7754267,48.4539209 37.7758362,48.4531662 37.7770734,48.4421667 37.7717131,48.4415905 37.7702023,48.4429508 37.7671571,48.4447521 37.7641217,48.4445959 37.7643158,48.4417139 37.7662811,48.4416649 37.7682375,48.4409263 37.7693248,48.4390205 37.7711638,48.4381373 37.7672457,48.4353603 37.7633583,48.4353437 37.760483,48.4362548 37.7580926,48.4373463 37.7568822,48.4387795 37.7529786,48.4396433 37.7482157,48.4398189 37.7450835,48.4410193 37.736975,48.4407389 37.7291013,48.4394881 37.7236738,48.4397888 37.7229467,48.4404957 37.720609,48.4410342 37.7186891,48.4423425 37.7163615,48.4432238 37.7148436,48.442644 37.7122315,48.4406977 37.7112934,48.4390075 37.7097729,48.4374933 37.7091753,48.4350253 37.7048112,48.4352461 37.6992105,48.4346398 37.698513,48.4373261 37.7026859,48.4380169 37.7023632,48.439905 37.7005159,48.4402648 37.6963705,48.439575 37.6960017,48.4381876 37.6945386,48.4365723 37.6939837,48.4348578 37.6912403,48.4313209 37.6889785,48.4297871 37.6871887,48.4299618 37.6854633,48.4311758 37.6851914,48.4330985 37.6843472,48.4343383 37.68213,48.4345102 37.6808497,48.4337989 37.678754,48.4331729 37.6789634,48.4313624 37.6754392,48.4306766 37.674871,48.4336548 37.6742169,48.4348675 37.6763489,48.4354025 37.6774294,48.4368843 37.6778953,48.4383102 37.6769505,48.438551 37.6772609,48.4392047 37.6762925,48.4400256 37.6765979,48.4413614 37.6759858,48.442325 37.6739459,48.4432344 37.6732593,48.4433554 37.6720255,48.4410423 37.6716286,48.4408501 37.6702659,48.4385298 37.6677232,48.4375049 37.6670902,48.4355118 37.6664787,48.4354975 37.6664894,48.435042 37.6668649,48.4350349 37.6663285,48.4327997 37.6628793,48.4330188 37.6604443,48.4326729 37.66133,48.430272 37.6572423,48.4292327 37.6555364,48.428599 37.6463222,48.4285564 37.6453138,48.4330555 37.6264203,48.4318311 37.6258571,48.4337033 37.6148654,48.4325715 37.611196,48.4466928 37.6083206,48.4461377 37.6089214,48.4435899 37.6005017,48.4410955 37.5993394,48.4467373 37.5968695,48.4464265 37.5979445,48.4413986 37.590351,48.4409256 37.5873521,48.4403211 37.5879154,48.4374818 37.5835008,48.4360944 37.5796836,48.434985 37.5769736,48.4338659 37.5750854,48.4423788 37.57355,48.4489916 37.5599979,48.4477699 37.5569509,48.4617447 37.5563104,48.4652796 37.5512893,48.4674707 37.5455386,48.4683812 37.5375993,48.4677552 37.5356251,48.4669869 37.5282867,48.4665033 37.521796,48.4671389 37.5253478,48.4509562 37.5186339,48.4501523 37.518767,48.4533829 37.5161154,48.454208 37.5113075,48.4545976 37.5105335,48.4555278 37.5090715,48.4558798 37.5071342,48.4571245 37.5045424,48.4574228 37.5043753,48.4581907 37.5027819,48.458585 37.5033713,48.4598291 37.5007736,48.4606663 37.4993554,48.4586978 37.4978065,48.4591432 37.4972838,48.4584404 37.4916898,48.4581724 37.485652,48.4589444 37.4840426,48.4710735 37.4718101,48.47245 37.4700894,48.4767588 37.4719737,48.4844237 37.4543237,48.4860873 37.451873,48.4878149 37.4463466,48.4870947 37.4466647,48.4863127 37.443757,48.4855642 37.4430489,48.4863891 37.4402379,48.4875837 37.4388647,48.488821 37.4392294,48.4897169 37.438811,48.4912244 37.4381458,48.4913737 37.437781,48.4907408 37.4354422,48.491715 37.4339401,48.4918927 37.4267733,48.4944168 37.4260008,48.4955828 37.4178898,48.4967915 37.416774,48.4956966 37.4156152,48.4934001 37.4093711,48.4940471 37.4083543,48.490525 37.4056314,48.4907975 37.4045451,48.4908637 37.4040572,48.4894919 37.402625,48.4894143 37.4024432,48.4884343 37.4050191,48.4861327 37.4048516,48.4848338 37.405759,48.4839105 37.409374,48.4824046 37.4117798,48.4802999 37.413606,48.4782236 37.4138467,48.4769728 37.4139751,48.4758512 37.4146184,48.47564 37.4148326,48.4744899 37.4145318,48.4728846 37.4158183,48.4727752 37.4174486,48.4704444 37.4192508,48.4693358 37.4198941,48.4678004 37.410914,48.4684401 37.4099066,48.4639868 37.4085658,48.4638875 37.4082333,48.4622086 37.4092956,48.4619525 37.4081478,48.4568018 37.410712,48.4558483 37.4139198,48.4549233 37.4053368,48.454127 37.4054226,48.4532731 37.4288319,48.4556553 37.4315531,48.4430643 37.4089313,48.4409403 37.4090256,48.4404855 37.3889863,48.4385519 37.3805999,48.4391496 37.3797587,48.4384305 37.3702315,48.442886 37.3680643,48.4433415 37.3649529,48.4432988 37.3622493,48.4434839 37.3605136,48.4426403 37.3601703,48.4422987 37.3592476,48.4431243 37.3588828,48.4440068 37.3576812,48.4448751 37.3567156,48.446455 37.3553637,48.4471382 37.3539368,48.4481986 37.3531965,48.4485046 37.3526279,48.4478925 37.3519627,48.4481559 37.3515765,48.4477075 37.3500637,48.4484974 37.3490123,48.4483338 37.3478643,48.4480135 37.3473386,48.4485401 37.3463408,48.4486896 37.3456756,48.4482413 37.3453537,48.4475794 37.3449568,48.4476292 37.3447529,48.4483266 37.343959,48.448718 37.3427359,48.4486469 37.3433698,48.4499314 37.3399801,48.4506228 37.3377061,48.4508445 37.3341788,48.4513543 37.3249554,48.4504269 37.3250965,48.4517207 37.3278385,48.4534492 37.3268921,48.4544131 37.3270507,48.4550994 37.3288026,48.4557589 37.3330331,48.4565106 37.3339238,48.4566437 37.3334894,48.4560698 37.3339777,48.4558944 37.3352656,48.457235 37.3380698,48.4589239 37.3392499,48.4587673 37.3403443,48.4582693 37.3413742,48.4592796 37.3435629,48.4596211 37.3455156,48.4601192 37.3454297,48.4607737 37.3471893,48.4613713 37.3494852,48.4619405 37.3497213,48.4626377 37.3491205,48.4636053 37.3491205,48.464089 37.3467387,48.4661094 37.3413099,48.4640748 37.3401776,48.4652241 37.3385253,48.4649822 37.3390189,48.4637017 37.3365942,48.4637159 37.3359669,48.4646297 37.3342288,48.4649143 37.3339928,48.4642455 37.3353232,48.4640321 37.3350013,48.4630077 37.3322118,48.4632638 37.3319972,48.4629223 37.3295774,48.463113 37.3258309,48.4636533 37.3203048,48.4628395 37.3179063,48.4634 37.3170181,48.4639791 37.3170385,48.4650928 37.3158705,48.4654755 37.3172428,48.4657259 37.3177787,48.4667901 37.3170597,48.4671942 37.3116096,48.4655584 37.3028981,48.4686955 37.301289,48.4687701 37.3009995,48.4681955 37.3018874,48.4675717 37.3033975,48.4659378 37.3031225,48.4647437 37.3025043,48.4639481 37.3013282,48.4632236 37.3008388,48.4626414 37.2966523,48.4626738 37.296662,48.4615233 37.2939846,48.4592548 37.2935727,48.4581612 37.2940406,48.4574802 37.3015209,48.4582384 37.3030615,48.4532734 37.303615,48.4507562 37.3071797,48.4500151 37.2889206,48.4485773 37.2901881,48.4468255 37.2923818,48.4463665 37.2925513,48.444423 37.2889603,48.4442153 37.2836527,48.4431534 37.2786166,48.4429083 37.2742953,48.4422468 37.2761438,48.4348991 37.2680365,48.4347262 37.2664986,48.4400744 37.2626504,48.4398946 37.2621635,48.4423249 37.25614,48.4427401 37.2501463,48.4421381 37.2473139,48.4379048 37.2435867,48.4376776 37.2432069,48.4395858 37.2426619,48.4395443 37.2434817,48.4351337 37.2423407,48.43235 37.2372123,48.432051 37.2197243,48.4306415 37.2203251,48.4295594 37.217364,48.4291892 37.2203251,48.4210159 37.2190377,48.4209019 37.2195956,48.4184525 37.2220417,48.4187089 37.2230717,48.4149491 37.2268483,48.4145503 37.2256037,48.4195064 37.2276028,48.4198444 37.2370066,48.4190755 37.2333709,48.4169772 37.2349063,48.4156194 37.2388285,48.417034 37.2401876,48.4161032 37.2393293,48.414679 37.2346944,48.4119159 37.2362394,48.4112322 37.238471,48.4119444 37.2424192,48.4111468 37.2464103,48.4116595 37.2470111,48.407301 37.250281,48.407645 37.2521479,48.3981005 37.2519333,48.3949375 37.2534293,48.3890201 37.25285,48.3889844 37.2526569,48.3884358 37.2493369,48.3890102 37.2488648,48.3878987 37.248736,48.3862742 37.2502381,48.385519 37.2529847,48.3850772 37.2529344,48.3840741 37.2533093,48.3806336 37.2510319,48.3802367 37.2463942,48.3812648 37.2463025,48.3822523 37.24312,48.381463 37.2407529,48.3811153 37.239336,48.3803546 37.2381767,48.3783112 37.2381712,48.3754308 37.2325113,48.3753413 37.2327059,48.3627692 37.2265855,48.3635338 37.2263794,48.3627111 37.217166,48.361848 37.2149185,48.3615892 37.2102409,48.3633857 37.2000056,48.3642554 37.2009456,48.3677489 37.2009845,48.3684768 37.1998606,48.3681079 37.1992437,48.3659446 37.1985704,48.3619456 37.1988735,48.3614324 37.2000161,48.3612666 37.1999655,48.3608978 37.2086784,48.3599318 37.2084359,48.3581157 37.210632,48.3579063 37.2101964,48.3553003 37.2107681,48.3523642 37.2016257,48.3515709 37.1956453,48.35108 37.1963758,48.3478926 37.1832689,48.3465978 37.1882884,48.324045</coordinates>
            </LinearRing>
          </outerBoundaryIs>
          <innerBoundaryIs>
            <LinearRing>
              <tessellate>1</tessellate>
              <coordinates>37.2079444,48.310691 37.2104215,48.3112196 37.2138224,48.3109057 37.2156514,48.3100638 37.2188403,48.3099854 37.2190185,48.3081195 37.2138291,48.3075576 37.2138094,48.3063632 37.2189066,48.3068793 37.2195082,48.3028139 37.2218424,48.3020986 37.2232789,48.2993932 37.2240501,48.2957741 37.2212151,48.2952451 37.2218695,48.2926718 37.2275129,48.2936567 37.2291587,48.2939029 37.2290375,48.294308 37.2305111,48.2945533 37.2306256,48.2941264 37.2325641,48.2943704 37.2324201,48.2951378 37.2314683,48.295236 37.2309495,48.2966698 37.2305204,48.297016 37.2303058,48.2977547 37.231343,48.2979314 37.2313771,48.2982722 37.2317886,48.2983685 37.2324667,48.2980472 37.2334261,48.2982397 37.2342652,48.2986393 37.2355549,48.2989604 37.2366408,48.2990602 37.2382996,48.2994598 37.2410098,48.3006658 37.2411278,48.3015758 37.2413906,48.3022092 37.2425225,48.303592 37.2430966,48.3035456 37.2435124,48.3033725 37.2446001,48.3033074 37.2481123,48.3003304 37.2433079,48.2973384 37.2423601,48.2953879 37.2401805,48.2935846 37.2379794,48.292852 37.2356367,48.2922633 37.2311555,48.2915584 37.2327367,48.2898358 37.2326656,48.2886056 37.2311502,48.2880585 37.230351,48.2881065 37.2298683,48.2886879 37.2297183,48.2895079 37.228603,48.2892349 37.2247279,48.2878518 37.2269958,48.283476 37.2289877,48.2828871 37.2293827,48.2800217 37.2272649,48.2793033 37.2308514,48.2787012 37.233345,48.2782471 37.2374586,48.2771503 37.2393772,48.2772844 37.2396093,48.2763458 37.2435847,48.2744947 37.2455214,48.2720509 37.2475062,48.2708764 37.2579129,48.2718974 37.257269,48.2743393 37.2630276,48.2748542 37.2627995,48.2763685 37.2657979,48.2766692 37.2658938,48.2763137 37.2683387,48.2766308 37.2679855,48.2776065 37.2685471,48.2781391 37.2707329,48.2783964 37.2709503,48.2774822 37.2808573,48.2788789 37.2869225,48.2794253 37.2927815,48.2799036 37.300443,48.2806032 37.3000777,48.2823525 37.2972664,48.2820563 37.2952906,48.2887568 37.295312,48.2899561 37.2959773,48.2908841 37.2950331,48.2954096 37.2881163,48.3010684 37.2861315,48.2999051 37.2855736,48.3003476 37.2890283,48.3024102 37.2900904,48.3032594 37.2891356,48.3038732 37.2907449,48.3049793 37.2924722,48.304701 37.2926868,48.3040159 37.3012476,48.3049125 37.298383,48.3150546 37.2957008,48.3147549 37.293083,48.3134991 37.2916024,48.3129568 37.2899073,48.3146407 37.285959,48.3131281 37.2857874,48.3135134 37.2851222,48.3138416 37.2843712,48.3135705 37.282868,48.31061 37.2790204,48.3078426 37.2779476,48.3091556 37.2781192,48.3099263 37.2740852,48.3105257 37.2735702,48.3132086 37.2698795,48.3160627 37.2717678,48.317404 37.2730552,48.3176038 37.2726261,48.3195729 37.2762739,48.3215991 37.2775155,48.3231094 37.2795539,48.3236944 37.2813349,48.324636 37.2834807,48.3251782 37.2843667,48.3255385 37.2845813,48.3260093 37.2853323,48.3263089 37.2871884,48.3264444 37.2872313,48.3268653 37.2869309,48.3271364 37.2871348,48.3275929 37.2875317,48.3279995 37.2827907,48.3275454 37.2827317,48.3279522 37.2757418,48.3271033 37.2669571,48.327256 37.2667855,48.3258008 37.2678154,48.324902 37.2658842,48.3245738 37.2629445,48.3254869 37.2607129,48.3248306 37.2605198,48.3239461 37.2582024,48.3238319 37.2580307,48.324531 37.2574728,48.3249305 37.2575801,48.3258722 37.257902,48.3260006 37.2579878,48.3267139 37.2565716,48.3267995 37.2555845,48.3275556 37.2544687,48.3318212 37.2605413,48.3325344 37.2600452,48.3357338 37.2670263,48.3363634 37.2666687,48.3384193 37.2725911,48.3379628 37.2713465,48.3424985 37.2690463,48.3455495 37.2621369,48.3466905 37.253447,48.3395672 37.2462142,48.3386649 37.2470617,48.3341669 37.2460639,48.3340835 37.2450555,48.3384479 37.2419012,48.3381337 37.242663,48.3332642 37.2439932,48.3258306 37.2297453,48.3247749 37.2173857,48.3234908 37.219274,48.3155288 37.2092747,48.314644 37.2074294,48.3136451 37.2079444,48.310691</coordinates>
            </LinearRing>
          </innerBoundaryIs>
        </Polygon>
      </Placemark>
      <Placemark>
        <name>RU Army Group "Zapad"</name>
        <ExtendedData>
          <Data name="name">
            <value />
          </Data>
          <Data name="description">
            <value />
          </Data>
        </ExtendedData>
        <Polygon>
          <outerBoundaryIs>
            <LinearRing>
              <tessellate>1</tessellate>
              <coordinates>39.80267,48.831302 39.978918,48.790847 40.080541,48.870181 40.034281,48.912773 40.000891,48.86966 39.952427,48.872592 39.923289,48.892801 39.830797,48.888895 39.758374,48.978475 39.672893,48.989558 39.686418,49.050793 39.948313,49.05807 40.127545,49.237345 40.219956,49.249536 40.183635,49.350843 40.024634,49.458395 40.035174,49.520385 40.160846,49.567318 40.124224,49.612423 39.797556,49.5582 39.647608,49.626459 39.597647,49.730088 39.323452,49.765855 39.177163,49.883505 38.927264,49.796916 38.892975,49.870389 38.739146,49.910535 38.695104,49.999455 38.645526,49.954086 38.584506,49.978772 38.531778,49.95747 38.354828,50.010228 38.319195,50.086447 38.178652,50.07992 38.187347,50.022198 38.221056,49.979912 38.0539397,49.9217452 38.0329381,49.902169 37.728654,49.903367 37.715686,49.905464 37.691825,49.90539 37.69046,49.898778 37.685009,49.900962 37.677971,49.898391 37.67243,49.901126 37.66104,49.898021 37.656908,49.894311 37.650642,49.896937 37.648024,49.898706 37.643518,49.899314 37.637823,49.893775 37.633433,49.895638 37.626953,49.89315 37.622404,49.889058 37.629442,49.884703 37.634206,49.88686 37.64414,49.882733 37.64459,49.878408 37.646951,49.877565 37.652251,49.871687 37.654361,49.870614 37.653696,49.867047 37.645027,49.867628 37.627172,49.857792 37.622397,49.858165 37.620972,49.856614 37.617291,49.857287 37.610983,49.857176 37.609566,49.855765 37.611712,49.855322 37.605737,49.843913 37.583202,49.837288 37.568417,49.835966 37.568331,49.832305 37.564319,49.833412 37.558177,49.831781 37.555366,49.829691 37.5557,49.826155 37.570521,49.827132 37.571894,49.824599 37.574928,49.824009 37.57527,49.820701 37.577389,49.814107 37.573378,49.809392 37.575781,49.807979 37.573507,49.806899 37.579343,49.801553 37.5793,49.80003 37.57797,49.799864 37.577854,49.797987 37.571356,49.798968 37.57067,49.796987 37.578027,49.795554 37.57484,49.793747 37.574159,49.791902 37.578107,49.788923 37.573478,49.789038 37.570084,49.788028 37.570341,49.786408 37.566822,49.786394 37.568303,49.781697 37.569912,49.780547 37.571564,49.780519 37.578688,49.777512 37.573313,49.775265 37.569196,49.771762 37.56885,49.766548 37.5702332,49.7600103 37.5776784,49.7573464 37.5806017,49.7572384 37.5825698,49.7560827 37.5842487,49.7563627 37.5857788,49.7570773 37.5863219,49.7591642 37.5889532,49.7617854 37.5927761,49.7610654 37.5937431,49.7592637 37.6004197,49.7567101 37.6061836,49.7536707 37.6147796,49.7493005 37.6099795,49.7450635 37.6041929,49.7453184 37.5986804,49.7470686 37.5955812,49.7453923 37.5987955,49.7406718 37.5978346,49.7374468 37.6010794,49.7349429 37.5989001,49.7338183 37.6022013,49.7309172 37.5970917,49.7293088 37.5960713,49.7295651 37.59293,49.7296847 37.5869565,49.7260869 37.5830002,49.7254015 37.5792578,49.7274066 37.5765038,49.7262625 37.5726476,49.7236668 37.5714198,49.7212163 37.5736503,49.7188013 37.5796558,49.7165429 37.5753369,49.7126835 37.5756247,49.711191 37.583225,49.709477 37.586323,49.706642 37.5870261,49.7043252 37.5847516,49.7042003 37.5851378,49.7017578 37.5895795,49.7008002 37.5931845,49.7017439 37.5993149,49.6991584 37.6039745,49.697259 37.6048574,49.6959148 37.5902418,49.6832252 37.5887827,49.6795876 37.5940612,49.6793099 37.5973657,49.6765329 37.6028589,49.675922 37.6042751,49.6748389 37.6106266,49.6763108 37.6116565,49.6772272 37.611399,49.6795876 37.611399,49.6819479 37.6102832,49.6845857 37.6112703,49.6870013 37.6104978,49.6871679 37.6126436,49.6900553 37.6144031,49.6918044 37.614197,49.693027 37.613645,49.695938 37.613854,49.697566 37.61379,49.698711 37.6132,49.698676 37.612813,49.701354 37.6147185,49.7014592 37.615637,49.703424 37.617214,49.703688 37.616548,49.705256 37.618008,49.707004 37.618308,49.708503 37.6179,49.709474 37.619059,49.7091578 37.6216126,49.7092355 37.6216878,49.709649 37.6227983,49.7096338 37.6229352,49.7088005 37.6236474,49.7087724 37.624145,49.7093548 37.6257758,49.7094589 37.6276212,49.7097364 37.6275353,49.7125115 37.6289516,49.7154044 37.6308185,49.7149638 37.631988,49.7130647 37.6358557,49.7129407 37.6350884,49.7099445 37.6386289,49.7101943 37.6398949,49.7100139 37.6419978,49.7090842 37.6441006,49.7088622 37.6443152,49.710444 37.6433281,49.7106106 37.6438431,49.7129138 37.6415257,49.7132746 37.642899,49.7166044 37.6404528,49.7170206 37.6440148,49.7232912 37.6450448,49.7232357 37.653868,49.73748 37.654911,49.73933 37.660048,49.73918 37.670148,49.736422 37.679679,49.737913 37.680496,49.741958 37.687065,49.743009 37.687112,49.745386 37.690251,49.749705 37.693009,49.757566 37.696063,49.757864 37.696369,49.759438 37.705811,49.76002 37.705983,49.762515 37.709674,49.761572 37.713075,49.76 37.736066,49.756721 37.746613,49.75384 37.757974,49.751457 37.752597,49.74142 37.752435,49.739467 37.760572,49.73607 37.759755,49.724773 37.760258,49.722303 37.762767,49.72163 37.757858,49.710953 37.756429,49.710478 37.753413,49.710961 37.752207,49.702933 37.766555,49.701718 37.76645,49.700546 37.763426,49.700457 37.761503,49.700044 37.761862,49.697774 37.760134,49.697621 37.755541,49.697897 37.75537,49.696572 37.75803,49.696395 37.760315,49.696436 37.760841,49.694325 37.757644,49.693725 37.757816,49.692943 37.76381,49.691984 37.768618,49.692185 37.773084,49.691498 37.77721,49.688506 37.776464,49.686403 37.78332,49.683987 37.786895,49.682797 37.788457,49.682736 37.791414,49.684119 37.79423,49.682348 37.804067,49.680222 37.797759,49.667447 37.812452,49.663981 37.844442,49.650807 37.845654,49.647452 37.856308,49.640734 37.855128,49.635308 37.844998,49.636115 37.836951,49.632606 37.835277,49.629148 37.841543,49.626679 37.842916,49.619851 37.835709,49.618872 37.83726,49.613801 37.837445,49.607554 37.815674,49.607191 37.788754,49.604264 37.789629,49.600246 37.778541,49.598536 37.764982,49.598871 37.763333,49.585815 37.753212,49.586575 37.751251,49.587009 37.751149,49.587906 37.749915,49.587892 37.749165,49.583411 37.742558,49.583826 37.738191,49.58222 37.737933,49.5771 37.733341,49.576599 37.733513,49.574233 37.724329,49.573259 37.725016,49.582025 37.723728,49.582108 37.723088,49.57319 37.718636,49.575648 37.711875,49.574769 37.710448,49.574104 37.707144,49.575196 37.707487,49.576872 37.701629,49.577594 37.695557,49.577079 37.696587,49.57392 37.687191,49.572021 37.680495,49.572244 37.677921,49.57088 37.688278,49.562326 37.70079,49.553429 37.69976,49.547102 37.700406,49.544025 37.69637,49.541519 37.696592,49.537236 37.69896,49.533203 37.698522,49.528874 37.700398,49.52831 37.700114,49.515287 37.69695,49.509915 37.694398,49.503103 37.697823,49.501725 37.70235,49.500735 37.703509,49.49976 37.707543,49.499202 37.711191,49.499481 37.71707,49.501348 37.719045,49.503717 37.721577,49.503355 37.72222,49.504135 37.731986,49.501275 37.727132,49.493252 37.760418,49.48517 37.751621,49.471145 37.75638,49.469981 37.748865,49.460673 37.755896,49.460187 37.765531,49.458507 37.765624,49.45634 37.757732,49.457225 37.75422,49.455591 37.750358,49.452243 37.749006,49.452298 37.741154,49.450555 37.736632,49.448401 37.740622,49.444942 37.748283,49.446351 37.746759,49.440059 37.73646,49.44031 37.734657,49.439389 37.730065,49.43964 37.72764,49.441845 37.726712,49.445354 37.721442,49.44203 37.7143061,49.4404073 37.7129543,49.4411329 37.7099717,49.4404213 37.7094137,49.4392631 37.7099287,49.4380771 37.71186,49.4376446 37.7117527,49.4305976 37.7052296,49.4298999 37.6991356,49.4280298 37.6984918,49.4286438 37.6973331,49.4283647 37.697376,49.4273041 37.6901663,49.4250989 37.6899088,49.4261596 37.6879347,49.4256014 37.6881921,49.4246244 37.6798666,49.4220841 37.6808536,49.4209954 37.6775062,49.4201021 37.6757038,49.4179245 37.67506,49.4153281 37.6766908,49.4127873 37.6813686,49.412536 37.6899088,49.4140158 37.695359,49.4136249 37.695874,49.4142392 37.6937712,49.4158027 37.6963031,49.4173382 37.6992643,49.4178407 37.7074182,49.4175895 37.7234256,49.4175336 37.7214086,49.4120614 37.7238977,49.411838 37.7292621,49.4091295 37.7319229,49.4093529 37.7327474,49.4116598 37.7371156,49.4105257 37.7405059,49.4084035 37.7393472,49.4067002 37.7485311,49.4038518 37.7491626,49.4044556 37.7656973,49.398378 37.7679289,49.401115 37.766458,49.404106 37.784706,49.398123 37.797312,49.391113 37.801971,49.397152 37.815649,49.393551 37.823821,49.386828 37.826566,49.387273 37.826523,49.39068 37.827983,49.394954 37.849313,49.393907 37.84867,49.387366 37.836523,49.387496 37.836481,49.380734 37.846222,49.380734 37.846608,49.378109 37.848239,49.377829 37.84925,49.37681 37.851609,49.376649 37.851768,49.379235 37.860741,49.379221 37.875063,49.377403 37.891201,49.379503 37.890033,49.373758 37.900767,49.373253 37.906177,49.37219 37.907809,49.369227 37.923208,49.372877 37.924275,49.37066 37.921687,49.369969 37.923422,49.368684 37.926211,49.369341 37.9299187,49.3674469 37.9393643,49.3760317 37.9491526,49.3628187 37.9446268,49.3621203 37.9427612,49.3599684 37.938515,49.355553 37.936522,49.35371 37.940164,49.350957 37.941656,49.351315 37.94479,49.346709 37.947455,49.346554 37.949982,49.339424 37.957185,49.334963 37.961251,49.317623 37.966666,49.312644 37.953011,49.311211 37.954073,49.303904 37.947695,49.304266 37.947295,49.298207 37.951343,49.292602 37.963216,49.29548 37.967777,49.287315 37.978801,49.285489 37.978144,49.282526 37.984833,49.280624 37.98914,49.27716 37.988302,49.27477 37.981134,49.274468 37.981045,49.272409 37.992339,49.270804 37.991446,49.266794 37.998577,49.263096 37.987977,49.258489 37.980658,49.25721 37.972398,49.254918 37.968364,49.253601 37.955812,49.252467 37.947282,49.253235 37.946924,49.251713 37.955598,49.250672 37.948851,49.247321 37.95388,49.244825 37.950206,49.244316 37.948928,49.241345 37.94248,49.243047 37.936611,49.247285 37.933178,49.245016 37.928843,49.248798 37.925796,49.248321 37.92159,49.245576 37.913097,49.250441 37.90807,49.248397 37.900303,49.25054 37.897511,49.249097 37.892919,49.252991 37.891975,49.254728 37.887726,49.253971 37.881804,49.250946 37.864638,49.249293 37.865132,49.246338 37.870769,49.237339 37.877744,49.226639 37.876542,49.226303 37.877916,49.222196 37.872187,49.223808 37.872809,49.222056 37.879032,49.219744 37.873203,49.21698 37.872865,49.215856 37.874508,49.214617 37.874093,49.21287 37.871274,49.213142 37.870859,49.211676 37.875593,49.211275 37.87354,49.206327 37.879608,49.20493 37.880454,49.206951 37.890311,49.205438 37.889749,49.203102 37.895218,49.201009 37.897358,49.195941 37.893276,49.193173 37.887685,49.19347 37.880924,49.192268 37.874354,49.192024 37.873833,49.193274 37.86927,49.194092 37.864995,49.193624 37.864341,49.191567 37.85455,49.19076 37.843644,49.19085 37.844,49.194116 37.837133,49.194903 37.836703,49.198606 37.824171,49.199279 37.820265,49.200681 37.8196,49.199334 37.807261,49.201353 37.807808,49.203399 37.797287,49.204835 37.797137,49.202968 37.786401,49.205136 37.788454,49.207415 37.784062,49.20889 37.787054,49.21253 37.789414,49.213091 37.79259,49.216315 37.791474,49.217268 37.793706,49.220884 37.798083,49.219622 37.799027,49.222117 37.794264,49.22293 37.795165,49.224387 37.78774,49.226321 37.785852,49.226097 37.783535,49.222902 37.790187,49.220828 37.78538,49.216707 37.784179,49.218557 37.780831,49.219342 37.779758,49.218613 37.776969,49.21923 37.772463,49.216231 37.772162,49.21197 37.768343,49.211942 37.767055,49.207596 37.771089,49.208493 37.775295,49.205857 37.774952,49.204848 37.771905,49.204007 37.771801,49.202255 37.776516,49.202242 37.78688,49.197171 37.801666,49.194111 37.8152952,49.1909256 37.8402617,49.1875398 37.8401256,49.1825721 37.8391743,49.1814756 37.8249553,49.1839384 37.8211506,49.1823568 37.822296,49.1789692 37.8259596,49.1741019 37.8229877,49.1726716 37.8160001,49.1721708 37.7991697,49.1655299 37.7949774,49.1714251 37.7930161,49.1737287 37.7939002,49.1753059 37.7906052,49.1746998 37.7843584,49.1760682 37.7842241,49.177795 37.7757153,49.1796765 37.7771643,49.1826332 37.7780985,49.1845238 37.7685373,49.1875695 37.754168,49.191175 37.752237,49.19011 37.751507,49.187389 37.744855,49.186295 37.746186,49.182564 37.743396,49.181218 37.74168,49.177992 37.739593,49.176649 37.738936,49.175304 37.735543,49.175124 37.729127,49.171589 37.728398,49.170145 37.725822,49.169695 37.723919,49.1709 37.722782,49.170212 37.7201,49.171138 37.719295,49.170654 37.717203,49.170282 37.714928,49.170493 37.713812,49.167491 37.715959,49.166494 37.714027,49.16206 37.714108,49.159344 37.71505,49.156919 37.714146,49.154438 37.715872,49.153215 37.716117,49.149353 37.709444,49.150602 37.708886,49.151107 37.70586,49.1523 37.703586,49.152188 37.703242,49.150897 37.700668,49.151149 37.700453,49.14837 37.697063,49.148118 37.696805,49.147023 37.699595,49.145984 37.699552,49.127397 37.700753,49.127312 37.700238,49.123072 37.69599,49.122314 37.6957634,49.1242864 37.6947764,49.124792 37.6926306,49.1251571 37.6907852,49.125803 37.6897124,49.128527 37.690399,49.130914 37.6886395,49.1323742 37.6885536,49.1335535 37.689884,49.1335535 37.6899269,49.1343678 37.6885107,49.1343678 37.6881674,49.1378214 37.6824597,49.1375968 37.6824597,49.1364175 37.6864937,49.1366422 37.6869229,49.1331885 37.6841334,49.1329638 37.6803568,49.1348171 37.6780823,49.1321214 37.6786831,49.1318968 37.6769236,49.129875 37.6790694,49.1288079 37.6779536,49.1277969 37.6768378,49.128162 37.675207,49.1278531 37.675207,49.1275722 37.6743487,49.127488 37.6667527,49.1306051 37.6631049,49.1262242 37.663534,49.1256907 37.6649931,49.1258872 37.6655081,49.1257749 37.6646069,49.124483 37.6646498,49.1236686 37.6661518,49.1234158 37.667611,49.1254379 37.6713017,49.1249043 37.6700142,49.1240898 37.6697138,49.122826 37.6702717,49.1226856 37.6699713,49.1214217 37.6690701,49.1213655 37.667568,49.1185007 37.6682976,49.1140345 37.6608285,49.1088954 37.649456,49.0995675 37.6434907,49.1029392 37.640315,49.1015625 37.6381692,49.1027988 37.6361522,49.1034731 37.6335773,49.1036698 37.628642,49.1007757 37.6275691,49.1015063 37.6195869,49.0959708 37.6185505,49.0940796 37.6185505,49.0753602 37.6317685,49.0751916 37.6515953,49.0687816 37.6687615,49.0629331 37.6772587,49.0570275 37.6820652,49.0580962 37.6884167,49.0579275 37.6881435,49.060424 37.6899681,49.0591171 37.695495,49.0630391 37.7047683,49.0598778 37.704162,49.0584462 37.7094268,49.0558109 37.7136187,49.0567472 37.714707,49.060813 37.717805,49.060193 37.727998,49.061503 37.727974,49.060774 37.727731,49.060301 37.729649,49.058455 37.739584,49.063425 37.741118,49.061028 37.747985,49.059236 37.745522,49.057907 37.746246,49.057288 37.752469,49.060487 37.750098,49.061851 37.745882,49.063735 37.750002,49.066041 37.756181,49.068065 37.759743,49.068431 37.764378,49.068093 37.759186,49.065225 37.762704,49.062273 37.760301,49.060951 37.768498,49.053527 37.765537,49.052261 37.766009,49.050067 37.7667924,49.0504029 37.7722105,49.0446718 37.7914366,49.0461064 37.797037,49.0489192 37.7980026,49.0480472 37.7999767,49.0489755 37.7991399,49.0499599 37.8029164,49.0518444 37.803882,49.0505084 37.8061351,49.0513803 37.8052768,49.0528006 37.814053,49.0555287 37.8172609,49.0561896 37.8200182,49.0565833 37.8275069,49.0568997 37.8350064,49.0572301 37.8351137,49.0551771 37.8381821,49.0554584 37.8381607,49.0572723 37.847868,49.057631 37.864906,49.055479 37.865391,49.054007 37.869897,49.053754 37.871571,49.057017 37.86964,49.058001 37.867322,49.057945 37.866979,49.06489 37.87788,49.063794 37.894445,49.063766 37.899208,49.064075 37.907491,49.063878 37.9122923,49.0636195 37.9155539,49.062551 37.9156397,49.0599076 37.9176954,49.0596699 37.9183434,49.0609481 37.9212616,49.061848 37.9257677,49.0612574 37.9323767,49.0670499 37.939228,49.065184 37.941669,49.063582 37.939898,49.06035 37.93957,49.054976 37.940514,49.053851 37.938047,49.048577 37.931586,49.045809 37.926666,49.043407 37.92716,49.042746 37.924756,49.04148 37.923961,49.041091 37.922974,49.041724 37.918253,49.039938 37.918339,49.038405 37.916365,49.037547 37.912202,49.037603 37.911516,49.039994 37.909198,49.039741 37.904027,49.040332 37.900111,49.040592 37.894154,49.04288 37.893128,49.041829 37.899011,49.039372 37.903233,49.039108 37.9051,49.038306 37.904563,49.03735 37.90349,49.037125 37.903555,49.03659 37.900143,49.036464 37.900122,49.035057 37.901066,49.034283 37.903362,49.034269 37.905035,49.032637 37.910228,49.033031 37.909885,49.034353 37.911237,49.034424 37.91585,49.031962 37.916,49.031286 37.908919,49.030653 37.909177,49.028782 37.907905,49.028916 37.906763,49.029359 37.905422,49.028895 37.905926,49.028107 37.899885,49.0276 37.897847,49.027769 37.897976,49.025222 37.8976713,49.0233686 37.8894315,49.0213423 37.888702,49.0197663 37.8710637,49.0186124 37.8674159,49.0162059 37.8680597,49.0131239 37.8759776,49.0127443 37.881578,49.0119136 37.8858267,49.0125329 37.8930793,49.0117728 37.900375,49.0119417 37.9063402,49.0112098 37.9083143,49.0093802 37.9138504,49.0086201 37.9194294,49.0084231 37.91995,49.009074 37.922758,49.008275 37.924227,49.008113 37.925869,49.006551 37.925515,49.006023 37.92309,49.005326 37.923069,49.003018 37.92353,49.001941 37.925944,49.001793 37.928197,49.001997 37.928873,49.001181 37.928487,48.999794 37.927049,48.999632 37.927339,48.997732 37.928133,48.997725 37.928336,48.996831 37.937563,48.996908 37.937946,48.995269 37.9375076,48.9917375 37.9342032,48.9921598 37.9342032,48.9900478 37.9194832,48.9909208 37.9199124,48.98281 37.9138184,48.9818243 37.9132176,48.9832325 37.900343,48.9828664 37.8906441,48.9821341 37.8909016,48.9798808 37.8850222,48.979064 37.8779412,48.9786978 37.8781557,48.9756275 37.8707314,48.975374 37.8708601,48.9737683 37.8639353,48.9729215 37.863034,48.9695128 37.8634203,48.9595952 37.866563,48.957642 37.86667,48.954965 37.8717035,48.9495273 37.8915304,48.9443976 37.9107564,48.9429319 37.9260009,48.9321501 37.9186195,48.9196307 37.9249709,48.9160773 37.9356998,48.9126929 37.9394763,48.9187283 37.9425662,48.9254397 37.9541534,48.9362098 37.9576724,48.938465 37.9630797,48.9369991 37.973237,48.93931 37.976778,48.939339 37.982593,48.939029 37.983923,48.940532 37.986026,48.938728 37.985725,48.936585 37.989502,48.935457 37.992506,48.93557 37.994094,48.937938 37.996969,48.938868 38.000402,48.937093 38.000059,48.9365 37.997312,48.935204 38.0543486,48.9341224 38.117802,48.927055 39.726949,48.740857 39.80267,48.831302</coordinates>
            </LinearRing>
          </outerBoundaryIs>
        </Polygon>
      </Placemark>
      <Placemark>
        <name>RU Group North (North)</name>
        <ExtendedData>
          <Data name="name">
            <value>Агарта</value>
          </Data>
          <Data name="description">
            <value />
          </Data>
        </ExtendedData>
        <Polygon>
          <outerBoundaryIs>
            <LinearRing>
              <tessellate>1</tessellate>
              <coordinates>-66.4928727,80.8239142 -66.4549355,80.8209846 -66.4362245,80.8209846 -66.4164834,80.8221894 -66.4130502,80.8260218 -66.4355378,80.8296884 -66.4430909,80.8314939 -66.4669518,80.8316033 -66.4892678,80.8290045 -66.4928727,80.8239142</coordinates>
            </LinearRing>
          </outerBoundaryIs>
        </Polygon>
      </Placemark>
      <Placemark>
        <name>RU Army Group "Vostok"
</name>
        <ExtendedData>
          <Data name="name">
            <value />
          </Data>
          <Data name="description">
            <value />
          </Data>
        </ExtendedData>
        <Polygon>
          <outerBoundaryIs>
            <LinearRing>
              <tessellate>1</tessellate>
              <coordinates>36.3601559,47.9666764 36.3604438,47.9644204 36.3625341,47.9645206 36.369296,47.931546 36.3529135,47.9300317 36.3382005,47.9282961 36.3352008,47.9305625 36.3340058,47.9300867 36.3296204,47.9298252 36.3298421,47.9274956 36.330471,47.9245375 36.331283,47.9231674 36.3317165,47.9210823 36.33112,47.91963 36.3294668,47.919544 36.3271923,47.919091 36.3271065,47.919882 36.3098545,47.9191342 36.3058916,47.9189936 36.3057629,47.9206617 36.3044325,47.9211218 36.3040892,47.9234513 36.3022009,47.9262696 36.2973515,47.9265284 36.2877384,47.9205466 36.2871161,47.9197413 36.2799493,47.9157579 36.2805501,47.9153552 36.2756363,47.913313 36.2693921,47.9078331 36.2699468,47.9037366 36.2597498,47.895594 36.2606931,47.8952074 36.2703003,47.9026748 36.2729525,47.9011898 36.2640218,47.8940022 36.2651017,47.8934756 36.2740764,47.9005939 36.2809455,47.8965388 36.2694464,47.8874056 36.2611744,47.8808522 36.2610684,47.8797513 36.2585592,47.8787944 36.2593344,47.8780606 36.260756,47.8774565 36.2613247,47.8770544 36.2588356,47.8773422 36.2588211,47.8775506 36.2572401,47.8782627 36.2519147,47.8793274 36.250239,47.8792479 36.2503239,47.8777474 36.2473837,47.878278 36.2299382,47.8785352 36.2288154,47.8753235 36.2324277,47.8753153 36.2335471,47.8674523 36.2071155,47.865951 36.2079958,47.8594556 36.2018537,47.8598976 36.2015482,47.8614914 36.198448,47.8616842 36.198459,47.859981 36.1998005,47.8598616 36.2017107,47.856916 36.1991577,47.8570515 36.1989223,47.8554016 36.2124865,47.8544123 36.2069893,47.8423577 36.1904646,47.8414196 36.1911075,47.8382433 36.1956125,47.8383219 36.1961262,47.8347998 36.1982074,47.8325494 36.2015319,47.832401 36.2027239,47.8274136 36.2054188,47.8268474 36.2066978,47.8231696 36.2035484,47.8224413 36.203744,47.820831 36.2050555,47.8210072 36.2053608,47.8165762 36.2073974,47.8156523 36.2072222,47.8113267 36.2092568,47.8113962 36.2107335,47.8104858 36.2742679,47.8165922 36.2810175,47.7829861 36.2753153,47.7846799 36.2764795,47.7856815 36.2737438,47.7869927 36.2713512,47.7868043 36.2708845,47.7893628 36.2678616,47.7891427 36.2681862,47.7875386 36.2641091,47.7868878 36.2636799,47.7861504 36.2464281,47.7867511 36.2474158,47.7886518 36.2419442,47.7890831 36.2318699,47.787857 36.2139769,47.7875363 36.21205,47.7867949 36.2115794,47.7838374 36.2189206,47.781815 36.2237788,47.7801299 36.223989,47.7787571 36.2226973,47.7762881 36.2226709,47.7741621 36.2245132,47.7715982 36.2294639,47.7693119 36.2327562,47.768345 36.2399071,47.765718 36.2410247,47.7640425 36.2447189,47.7469039 36.2566132,47.7481759 36.2592107,47.7358178 36.257441,47.7360131 36.2543409,47.736901 36.2517252,47.7358923 36.2555033,47.7136571 36.2381697,47.7119767 36.2385102,47.7103111 36.2486575,47.7112562 36.2490488,47.7069149 36.25059,47.7058898 36.2524697,47.7061448 36.2547787,47.707035 36.2565342,47.708433 36.2579289,47.7086212 36.2606847,47.7004749 36.2620155,47.6986891 36.2751035,47.6963787 36.2851121,47.6964939 36.2861464,47.695044 36.293323,47.6927109 36.2950921,47.6922841 36.2942673,47.6903899 36.2971921,47.6887022 36.2982798,47.6874722 36.2996956,47.6872411 36.3034875,47.6859175 36.2955217,47.6776595 36.29586,47.6761913 36.2954069,47.6745324 36.2896764,47.6753139 36.28907,47.6731146 36.2918352,47.6727518 36.2914367,47.6716745 36.2931901,47.6714826 36.2938094,47.6731639 36.296415,47.6728775 36.2975614,47.6689499 36.3007636,47.6691633 36.3009575,47.6681108 36.3002501,47.6673762 36.3003803,47.6669185 36.3045551,47.6675303 36.3051942,47.6670412 36.3058045,47.6670056 36.3063719,47.6672013 36.3110163,47.6667611 36.3110738,47.6672859 36.3142569,47.6669703 36.3139208,47.6663945 36.3125123,47.6651753 36.3129569,47.6647312 36.3151994,47.6661247 36.3184721,47.6676916 36.3189339,47.6689689 36.3228337,47.6696796 36.3248477,47.6694283 36.3294379,47.6693169 36.3317065,47.6588634 36.3321645,47.6589022 36.3339474,47.6506115 36.3353579,47.6507166 36.3373952,47.6502656 36.3363616,47.6493188 36.3371324,47.6467349 36.3380747,47.6455387 36.3422728,47.6420839 36.345312,47.6427926 36.3468315,47.642453 36.3480204,47.6411555 36.3494668,47.6406676 36.3402325,47.6367562 36.3325751,47.6404961 36.3316805,47.6399943 36.3417148,47.6340424 36.3372553,47.6337302 36.3389504,47.6257088 36.3281607,47.6248004 36.329672,47.6168525 36.3115843,47.6152435 36.311717,47.6115632 36.3060627,47.6092936 36.3052257,47.6091519 36.3033828,47.6051655 36.2894695,47.6015799 36.2708906,47.5975379 36.2557966,47.5951514 36.252333,47.5950507 36.2250011,47.5975981 36.2248404,47.596384 36.2310423,47.5959245 36.2305476,47.5947594 36.232734,47.5944547 36.2326435,47.5934981 36.2346081,47.5932054 36.2341598,47.5918674 36.2327356,47.5895712 36.2292285,47.5880427 36.2227639,47.5874999 36.2244832,47.5781834 36.2155222,47.5775525 36.212618,47.5816157 36.2083554,47.5812875 36.2111624,47.5775062 36.1884582,47.5758406 36.1875129,47.5734359 36.1749822,47.5733688 36.1566177,47.5753087 36.1562773,47.5780295 36.1717282,47.5794261 36.1710431,47.5805977 36.1628093,47.5794627 36.1538377,47.5786373 36.1544764,47.5751995 36.1511186,47.5756185 36.1490313,47.586589 36.1479462,47.5865578 36.1501177,47.5758721 36.1415158,47.5781813 36.1284926,47.5793889 36.1254882,47.5896637 36.1380624,47.5913004 36.1379555,47.5916053 36.1328016,47.5909992 36.131807,47.5963974 36.1314347,47.5963549 36.1322029,47.5909152 36.1251931,47.5901063 36.1226995,47.6002073 36.1082419,47.5980972 36.1076006,47.6007884 36.1053308,47.6007301 36.1064487,47.5982125 36.1067082,47.5966788 36.0948676,47.5963313 36.0959284,47.586867 36.090111,47.5884003 36.0871432,47.5976306 36.0864004,47.5975974 36.0888445,47.5881715 36.0876195,47.5848518 36.1026356,47.5826121 36.1016829,47.5799852 36.0868609,47.5790447 36.0872516,47.5771693 36.0848315,47.5741213 36.083339,47.5715284 36.080313,47.5706409 36.0792396,47.5772376 36.078423,47.5772432 36.0807064,47.561864 36.0820924,47.5620402 36.0833892,47.55193 36.0759025,47.5324358 36.0778839,47.5315692 36.0767754,47.5279209 36.068808,47.5286797 36.058109,47.5296739 36.0439202,47.53166 36.0213792,47.529883 36.0172912,47.527989 36.0170152,47.522377 36.461468,46.7223184 36.5998628,46.754887 36.6786478,46.7622924 36.7751068,46.7418507 36.7852872,46.7093971 36.7755515,46.6910607 36.7479738,46.678373 36.725809,46.632265 36.7427567,46.6155593 36.7757034,46.618698 36.8553987,46.6826211 36.9423549,46.8136329 37.2378842,46.9201786 37.286206,46.9141724 37.2931722,46.8944834 37.2680096,46.8753386 37.2752764,46.8548132 37.3228896,46.8587247 37.4532154,46.9789349 37.5165467,47.0334915 37.5692204,47.0704897 37.6335331,47.0817433 37.6772631,47.070765 37.711377,47.0705316 37.7597125,47.0782532 37.7952819,47.0787192 37.8451652,47.0908486 37.8920961,47.10058 37.9373553,47.0926613 37.9987488,47.0830784 38.0453201,47.0849241 38.0636443,47.1007573 38.0961619,47.0926606 38.1213248,47.0703607 38.1235527,47.0556816 38.0710411,47.0271939 38.0854503,47.0160502 38.1688861,47.0646463 38.1991752,47.0917165 38.2302837,47.1201368 38.2362259,47.1410021 38.2348761,47.202344 38.242452,47.2186872 38.233561,47.2289929 38.2432559,47.2328207 38.2537316,47.2325493 38.2609595,47.2380737 38.287808,47.2383959 38.2886424,47.2566027 38.3233188,47.2567072 38.3308956,47.2705635 38.3213191,47.2759201 38.3324069,47.2885115 38.3271127,47.295074 38.3357749,47.3054185 38.2224253,47.3047039 38.2209391,47.3237953 38.228967,47.3415269 38.246435,47.3537463 38.2442874,47.3642509 38.2565024,47.3731865 38.2865007,47.3733827 38.2874558,47.3914891 38.3017646,47.3923663 38.3015885,47.4751937 38.2860771,47.4773622 38.2963018,47.5031324 38.2851262,47.5092264 38.28476,47.5438027 38.3088477,47.546192 38.310358,47.5779797 38.3506354,47.5766663 38.3502054,47.6168265 38.4569785,47.6174334 38.4569156,47.6441049 38.6167449,47.6446121 38.6261284,47.6533198 38.6301486,47.653383 38.6298604,47.6694908 38.6662684,47.6696286 38.6669551,47.6993702 37.409856,47.8688096 37.3340839,47.8788656 36.9708077,47.9224055 36.7778142,47.9222663 36.5578186,47.9374948 36.5311712,47.9542797 36.5280332,47.9549895 36.5259518,47.9550327 36.5234198,47.9549464 36.5213599,47.9554063 36.5199223,47.9565702 36.5156736,47.9563979 36.5161135,47.9553704 36.5139785,47.9558518 36.5137853,47.9577055 36.5110173,47.9589341 36.5077342,47.959085 36.5050949,47.9587725 36.5050306,47.95652 36.5044512,47.9559596 36.5044726,47.954968 36.5035312,47.9547453 36.5028044,47.9542926 36.5014365,47.9541919 36.5009074,47.9536948 36.4953676,47.956 36.4841339,47.9574496 36.4840569,47.9570216 36.4822588,47.9572099 36.4803213,47.9570677 36.4754145,47.9562688 36.474947,47.9526399 36.4717604,47.9527477 36.4718571,47.9560242 36.4676406,47.957684 36.4669861,47.9569583 36.4648405,47.9583234 36.4621046,47.9610391 36.4611926,47.9605219 36.4603557,47.9612762 36.4607419,47.9614523 36.4600928,47.9619858 36.4589662,47.9619049 36.4589596,47.9616044 36.4568997,47.9614372 36.4567829,47.9611264 36.4457349,47.9582197 36.445436,47.9584474 36.4435562,47.9573581 36.4371072,47.9554446 36.4386191,47.9521297 36.4107885,47.9452598 36.4127599,47.9372478 36.4101395,47.9369408 36.4088898,47.9381092 36.4082357,47.9405321 36.4075284,47.9410653 36.4073153,47.9417866 36.4059881,47.9422806 36.4053474,47.9436658 36.4034622,47.9438435 36.4009426,47.9435769 36.3977487,47.9441072 36.3947294,47.9463892 36.386067,47.9437274 36.3806668,47.9662809 36.3642739,47.9685118 36.3641027,47.9706167 36.3602409,47.9704387 36.360279,47.9697571 36.3579691,47.9698558 36.3592493,47.9663727 36.3601559,47.9666764</coordinates>
            </LinearRing>
          </outerBoundaryIs>
        </Polygon>
      </Placemark>
      <Placemark>
        <name>RU Army Group "Sever" (Kursk-Belgorod Regions)
</name>
        <ExtendedData>
          <Data name="name">
            <value />
          </Data>
          <Data name="description">
            <value />
          </Data>
        </ExtendedData>
        <MultiGeometry>
          <Polygon>
            <outerBoundaryIs>
              <LinearRing>
                <tessellate>1</tessellate>
                <coordinates>46.0752384,58.0237406 46.0750901,58.023525 46.075186,58.0236462 46.0752384,58.0237406</coordinates>
              </LinearRing>
            </outerBoundaryIs>
          </Polygon>
          <Polygon>
            <outerBoundaryIs>
              <LinearRing>
                <tessellate>1</tessellate>
                <coordinates>35.0951922,51.1121074 35.1106416,51.1117841 35.1147183,51.1156634 35.1144182,51.1195429 35.1442873,51.1176571 35.1530421,51.110868 35.1423132,51.1018144 35.1480639,51.1012754 35.1468651,51.0972155 35.1521866,51.0962183 35.1563923,51.1007998 35.1616876,51.1036503 35.1628893,51.1004165 35.1624601,51.094703 35.1667517,51.0949186 35.1675241,51.0918999 35.1709201,51.0875987 35.1769765,51.0862093 35.1692947,51.0830282 35.1644239,51.0800896 35.1653036,51.0768541 35.1713949,51.0739334 35.1773136,51.069718 35.1832788,51.0610608 35.1913898,51.0574194 35.1895868,51.0561419 35.1895432,51.0530298 35.1950365,51.051654 35.197268,51.0494688 35.2011303,51.0521665 35.2037482,51.0523554 35.2041344,51.0507637 35.206366,51.0507637 35.2069668,51.0521126 35.209928,51.0519507 35.2100997,51.0497655 35.213447,51.0495767 35.2128793,51.0470355 35.2113674,51.0469765 35.211305,51.0463188 35.2139228,51.0463391 35.2147363,51.0479209 35.2159398,51.0503658 35.2180534,51.0515191 35.2199739,51.05189 35.2204889,51.0508378 35.2217012,51.0501229 35.2216153,51.0480897 35.2203708,51.0467138 35.2228169,51.0439077 35.2260568,51.0448527 35.2236855,51.047591 35.2298815,51.0519818 35.2382154,51.0539071 35.2391677,51.0496815 35.242271,51.0466275 35.2453635,51.0496745 35.2467421,51.0520451 35.2437487,51.0539807 35.2474612,51.0571503 35.250079,51.0598746 35.2514094,51.0586878 35.2533406,51.0594161 35.2565592,51.058499 35.259692,51.0573661 35.2644127,51.058472 35.2670735,51.0571773 35.2764066,51.0574683 35.2833371,51.0526839 35.2869849,51.0522253 35.288487,51.0587263 35.2938943,51.0580789 35.2960401,51.0587802 35.2996879,51.0567572 35.3005462,51.0570539 35.3160479,51.0520708 35.3223565,51.0554428 35.3372481,51.057358 35.3531697,51.0579514 35.35862,51.0569264 35.3672889,51.0608375 35.3677235,51.0642346 35.3688607,51.0654615 35.3713015,51.0660515 35.3726695,51.0658592 35.3750408,51.0670659 35.3820905,51.0659599 35.3893485,51.0603902 35.4020561,51.0616179 35.4057897,51.0584082 35.3976357,51.0537416 35.4036439,51.0505582 35.4169545,51.0541383 35.4207844,51.0566565 35.4237524,51.0611319 35.4290559,51.0591348 35.428866,51.0563823 35.4257035,51.0513064 35.4289053,51.0490854 35.4226593,51.0441403 35.4124004,51.0389989 35.403447,51.0364346 35.4024165,51.034596 35.3989829,51.0336209 35.3994974,51.0309186 35.4078227,51.0314567 35.4157615,51.0281351 35.4117058,51.0258652 35.4115556,51.0219215 35.4057191,51.0218354 35.4034449,51.022829 35.3972413,51.0222817 35.3970155,51.0190924 35.3829982,51.0224922 35.382273,51.0174436 35.3804312,51.0127997 35.3808647,51.0106801 35.3849439,51.0099443 35.3825202,51.0064442 35.3774361,51.0060223 35.3777776,51.0077293 35.3672184,51.0074649 35.3618074,51.0052345 35.3622455,51.0031064 35.3604091,51.0023286 35.3551055,51.0043376 35.3488121,51.0003596 35.3378553,51.0038527 35.3293803,51.0058338 35.3251109,51.004466 35.3310778,51.0016765 35.3237003,50.9990138 35.3294587,50.9961194 35.3356965,50.997623 35.3393649,50.9954256 35.332391,50.9917157 35.3402436,50.9873211 35.3424732,50.9873925 35.3448719,50.982889 35.3438329,50.9827435 35.3434717,50.9811558 35.3379437,50.9815467 35.3361914,50.9774257 35.3408512,50.9775539 35.3471419,50.9789247 35.3486291,50.9766531 35.3528897,50.9743528 35.351867,50.9712896 35.3483983,50.9693883 35.3463683,50.9677444 35.3453538,50.9646793 35.3484947,50.961282 35.3454039,50.9618892 35.3421255,50.9602386 35.3409704,50.9566916 35.3410184,50.9532859 35.3372134,50.9535147 35.3346385,50.9526766 35.3317632,50.9507841 35.3290621,50.9488811 35.3203073,50.9473129 35.3212944,50.9461773 35.3248993,50.946637 35.3314653,50.9358473 35.3300062,50.9354146 35.3302208,50.934468 35.3340831,50.9341164 35.339233,50.9340353 35.3394046,50.9335755 35.3368726,50.9327641 35.3312936,50.9295455 35.3338686,50.927084 35.339233,50.9291668 35.3436533,50.9314659 35.3443399,50.9311683 35.3435674,50.9284635 35.3360573,50.9253528 35.3373018,50.9241625 35.3404346,50.9255151 35.3429237,50.9247035 35.345327,50.9260561 35.3480306,50.9291938 35.3528801,50.9284906 35.3633085,50.9245683 35.3646592,50.9259009 35.3731564,50.922817 35.37792,50.9229794 35.3776625,50.922276 35.3762463,50.9214644 35.3762463,50.9165675 35.370796,50.9184344 35.369809,50.9173251 35.3672341,50.9174604 35.3669766,50.9167028 35.3695515,50.9159993 35.3708819,50.9151335 35.3686074,50.9147277 35.3654316,50.9119678 35.3674916,50.9107501 35.3700236,50.9117784 35.3718689,50.9108313 35.374358,50.9132125 35.3793791,50.9131042 35.3822544,50.91443 35.3840569,50.9133207 35.3883484,50.9136995 35.3936699,50.9135371 35.3977469,50.9117784 35.3975752,50.9101548 35.3933695,50.9094783 35.395152,50.9073485 35.3955812,50.905373 35.3982205,50.9045476 35.3989715,50.9020442 35.3789223,50.895935 35.3885038,50.885188 35.4016889,50.8791018 35.4056804,50.8761373 35.4048862,50.8734365 35.4056909,50.8720861 35.4090325,50.8711403 35.4099091,50.8702476 35.4042535,50.8685554 35.4054644,50.866836 35.4082316,50.8664041 35.4092288,50.8637232 35.4127314,50.8636559 35.4141392,50.8654641 35.4211516,50.8659347 35.4218681,50.8634343 35.4248442,50.8626989 35.4258027,50.8601719 35.4188649,50.8602996 35.4156326,50.8590921 35.4152081,50.8569524 35.4164143,50.8556526 35.4239764,50.8561412 35.4282838,50.842082 35.4191745,50.8033495 35.450405,50.7880337 35.4838786,50.7846972 35.4937672,50.7773747 35.481548,50.724396 35.4675518,50.6964348 35.4997463,50.6809527 35.4896187,50.6540789 35.406449,50.6451536 35.4237882,50.6030464 35.3992392,50.5826304 35.4377655,50.5611323 35.4748427,50.4881369 35.4912269,50.4837081 35.5024198,50.4800712 35.5077563,50.4753562 35.5195207,50.4696112 35.5247784,50.4671636 35.5319238,50.4654806 35.5384695,50.4603808 35.5493745,50.4578906 35.5547409,50.4540766 35.5630888,50.4521693 35.5692098,50.4548893 35.571498,50.4571236 35.568293,50.4579372 35.5621674,50.4594427 35.5695588,50.4641851 35.5769987,50.4571154 35.5858096,50.450373 35.5868878,50.4293118 35.6116347,50.3745624 35.6013698,50.3672484 35.6264927,50.3519744 35.6283517,50.3546054 35.6584996,50.3515384 35.6728815,50.3553965 35.7387028,50.3549845 35.8000014,50.3958418 35.8074369,50.4082328 35.805633,50.4118023 35.7924982,50.4160277 35.8322844,50.4340837 35.8357082,50.4251718 35.8532106,50.4294634 35.8724351,50.4234058 35.8867709,50.4368657 35.90287,50.4334196 35.9189867,50.4303267 35.9191483,50.4275202 35.9264381,50.4274837 35.9390099,50.4299251 35.9431513,50.4323475 35.9611014,50.4328478 35.9721372,50.4357759 35.9757929,50.4408903 36.0041319,50.4458569 36.0210513,50.4458215 36.0328341,50.4476156 36.0387812,50.4498464 36.0445574,50.4487969 36.0654405,50.4521181 36.0692675,50.4463178 36.0868265,50.4483868 36.091681,50.4446611 36.1154153,50.4387473 36.1366176,50.4374116 36.1605633,50.4319167 36.1773332,50.4015632 36.1834674,50.4067397 36.1987229,50.4004085 36.2079635,50.3915339 36.2106791,50.3856687 36.2199177,50.3786206 36.2300539,50.3721469 36.2330931,50.3641947 36.2418218,50.357809 36.2550956,50.3548306 36.2806422,50.3367573 36.2728455,50.3310831 36.27389,50.329244 36.2716026,50.3240317 36.2790139,50.3228076 36.2755304,50.3172015 36.2784536,50.3126572 36.2820629,50.3096886 36.2868349,50.3080541 36.2871096,50.306724 36.2860539,50.3044073 36.2847151,50.3030629 36.2831534,50.3022106 36.2847507,50.3016848 36.2859281,50.2983033 36.2948483,50.298567 36.2946412,50.2966906 36.2964687,50.296657 36.2967817,50.2949405 36.2987253,50.2949786 36.3003001,50.3021203 36.3083848,50.3054987 36.3154746,50.3028837 36.3223234,50.3023707 36.3269921,50.303128 36.3438481,50.2990599 36.3410765,50.2921168 36.3442872,50.2907312 36.3490777,50.2905914 36.3609732,50.2866897 36.3635502,50.2843161 36.367719,50.2841513 36.3672713,50.2832734 36.3704376,50.281436 36.3699177,50.27761 36.3824462,50.2772466 36.3860152,50.2777316 36.3873211,50.2757006 36.3895025,50.2689513 36.3924437,50.2673734 36.395299,50.2671122 36.3966749,50.2636407 36.3985254,50.263254 36.3984461,50.2617398 36.3976801,50.2612682 36.3976717,50.2604894 36.4036843,50.2614011 36.4062681,50.2613587 36.4146668,50.2625578 36.4156688,50.259083 36.4101049,50.2584066 36.4106972,50.2571116 36.4147998,50.2573473 36.415517,50.2539209 36.4183646,50.2551825 36.4217521,50.2533779 36.4266214,50.2524206 36.4255797,50.2492801 36.4302886,50.2483624 36.4392937,50.2453284 36.4460226,50.2432229 36.4434173,50.2398843 36.4467385,50.2385925 36.4473799,50.2371847 36.4486984,50.2368102 36.4498295,50.2349585 36.4577228,50.2342822 36.4570793,50.23199 36.4577661,50.2276114 36.4636359,50.228447 36.464027,50.2269297 36.4658869,50.2267457 36.468741,50.2272529 36.4692217,50.223766 36.4720784,50.220168 36.4757812,50.2228446 36.4971776,50.2185576 36.4982997,50.2199571 36.5014817,50.2221804 36.5099336,50.2186272 36.5122715,50.2198437 36.5014769,50.2244648 36.5023696,50.2271828 36.5039961,50.2281298 36.5119097,50.2244963 36.5129856,50.2252223 36.5048701,50.228768 36.5037768,50.2308416 36.4912703,50.2358075 36.49754,50.2408496 36.5012186,50.2379963 36.5144448,50.2319322 36.5162592,50.2330103 36.507619,50.2374512 36.5113631,50.2412973 36.5160237,50.2400443 36.5367892,50.2309613 36.5347556,50.2285111 36.5367993,50.2278411 36.5553905,50.2476701 36.5644111,50.2420174 36.563836,50.2396574 36.5668531,50.236858 36.5743548,50.2357054 36.5820422,50.2361697 36.5929782,50.2322488 36.5862758,50.2285475 36.5896933,50.2257022 36.5989014,50.228556 36.6026467,50.2273332 36.6090959,50.23064 36.6095117,50.2277958 36.61547,50.2266755 36.6219438,50.2312106 36.6525728,50.2310283 36.6481857,50.2413309 36.6723151,50.2577235 36.6837806,50.2666939 36.6948365,50.2682435 36.7006575,50.2707255 36.7101662,50.2702891 36.7177875,50.2756122 36.7313133,50.2725564 36.7388983,50.267392 36.740726,50.2635803 36.7537954,50.2571877 36.7535801,50.2560347 36.7594578,50.2529748 36.75418,50.248571 36.758773,50.247062 36.76186,50.242008 36.766967,50.241871 36.769195,50.23955 36.7739554,50.2392047 36.7782567,50.2453917 36.7841013,50.2442037 36.7890539,50.2441881 36.7949509,50.2453249 36.7996892,50.2452549 36.8028864,50.2438194 36.8061992,50.2412924 36.820018,50.242964 36.824656,50.245797 36.829985,50.247774 36.830691,50.249468 36.830281,50.25006 36.8312346,50.251372 36.83287,50.252741 36.835105,50.253453 36.838454,50.25315 36.841563,50.254689 36.844577,50.255623 36.846255,50.25583 36.847288,50.256866 36.8487876,50.2571332 36.8501156,50.2570985 36.8515214,50.2567966 36.8539461,50.2572768 36.8543859,50.2564262 36.8511352,50.255603 36.8518822,50.2546358 36.8528009,50.2549034 36.8533078,50.254286 36.8549225,50.2536001 36.8592676,50.2540939 36.8647719,50.2525952 36.8675291,50.248901 36.8727,50.2483728 36.8759187,50.254286 36.8787082,50.254039 36.8797382,50.2530512 36.883386,50.2534079 36.8881925,50.253353 36.8896516,50.2548348 36.8914541,50.2549445 36.8925699,50.2548622 36.8920978,50.2537372 36.8939002,50.2536 36.8941577,50.2538744 36.898106,50.2533256 36.8996509,50.2534079 36.9014533,50.2520633 36.9022044,50.2525436 36.9015821,50.2529689 36.9020756,50.2532158 36.8997582,50.2547799 36.9004448,50.2557951 36.9011744,50.2557265 36.9013461,50.2572082 36.9048007,50.2569887 36.9048651,50.2579764 36.9035347,50.2580587 36.9034918,50.2590327 36.9025906,50.2594992 36.9029554,50.2610356 36.9054445,50.2603497 36.9063028,50.2623113 36.9090494,50.2618312 36.9095429,50.2628737 36.9113239,50.2627365 36.9129976,50.2603223 36.9132443,50.2596501 36.9152506,50.2587309 36.9171604,50.259993 36.9180831,50.2601165 36.9188985,50.2607749 36.9189414,50.2611316 36.9214232,50.2631574 36.9201357,50.2634317 36.9262619,50.2670185 36.9280145,50.2679835 36.9329444,50.2641979 36.9337061,50.2646162 36.933395,50.2649522 36.9354013,50.2659467 36.9346181,50.2664679 36.9336096,50.2674692 36.9353047,50.2681824 36.9354549,50.2686213 36.9419137,50.2717415 36.9442848,50.2700477 36.9462321,50.2704865 36.9456822,50.2713163 36.9468181,50.2716112 36.9471709,50.2713232 36.9476107,50.271426 36.9474551,50.2716969 36.9478494,50.2718186 36.9470166,50.2731549 36.9481559,50.2737956 36.9492737,50.272962 36.9518271,50.2734969 36.949617,50.2786326 36.9442955,50.2776452 36.9427935,50.2810871 36.9445745,50.2813956 36.9436518,50.2833083 36.9421927,50.2830752 36.9420639,50.2834317 36.9411198,50.2832809 36.9410339,50.2835277 36.9400898,50.2833769 36.9402615,50.2829587 36.9378903,50.2825953 36.9375859,50.283318 36.9356118,50.2829615 36.9355259,50.2839898 36.9376932,50.2847302 36.9402165,50.2877231 36.9407148,50.2893111 36.9405744,50.289548 36.9412986,50.2897778 36.9418672,50.2901274 36.9422212,50.2901959 36.9426182,50.2904701 36.9436696,50.2907991 36.9444207,50.2914709 36.9460908,50.2928708 36.9487087,50.293707 36.9504467,50.293755 36.9507686,50.2934123 36.9518308,50.2935494 36.9516913,50.2939606 36.9588152,50.2946323 36.9608966,50.2961676 36.9691149,50.2986966 36.9726769,50.299985 36.9752304,50.3002591 36.977419,50.301616 36.9788352,50.3033155 36.9830839,50.3036582 36.9888345,50.3038912 36.9949714,50.3029592 37.0014945,50.3036445 37.0017198,50.3051521 37.0034203,50.3069063 37.0088116,50.3074545 37.0128377,50.3064951 37.0124005,50.3046586 37.0094662,50.3037267 37.0101206,50.3010129 37.0143677,50.3016727 37.017457,50.3016188 37.0222634,50.3056212 37.0286471,50.3080162 37.0377829,50.3087341 37.0375765,50.3102512 37.034673,50.3103452 37.0341009,50.3120913 37.0363897,50.3141975 37.0371262,50.3170456 37.0346833,50.317894 37.0364874,50.3203048 37.0390787,50.3204157 37.0416965,50.3176481 37.045988,50.3176207 37.0509662,50.3189908 37.0533266,50.3215117 37.0438423,50.3287723 37.0409669,50.3268819 37.0393536,50.3282292 37.0410115,50.3292326 37.0395322,50.3314574 37.0345337,50.3314357 37.0322387,50.3324824 37.0285703,50.333392 37.0284877,50.3367293 37.0235155,50.3372128 37.0285144,50.3484233 37.0212714,50.3515204 37.0342808,50.4320727 37.0146939,50.4873081 36.9133641,50.6227811 37.2393641,51.3334602 37.1536579,51.3566137 37.1207745,51.2534169 37.0687598,51.2541469 36.984181,51.183415 36.8646969,51.1803231 36.5939906,51.0644672 36.6024256,51.1007009 36.5236034,51.1343369 36.4902974,51.0623194 36.3557433,51.2534154 36.3740277,51.5389592 36.4191942,51.7447299 36.299239,51.8387212 35.6940869,52.1474349 34.9666657,52.3536351 34.8739829,52.1954341 34.7429233,52.0831412 34.5281845,52.05821 34.3552014,51.9441891 34.4501684,51.9125707 34.3885435,51.8453633 34.453624,51.7775058 34.4614031,51.741025 34.4334921,51.7079447 34.2811667,51.6896591 34.1783073,51.6828207 34.1565062,51.6648797 34.1928418,51.6176924 34.34705,51.5550783 34.3212534,51.4651759 34.2678678,51.4590107 34.2683998,51.4378642 34.2703061,51.4276325 34.2493754,51.4139727 34.2666352,51.4005892 34.3077038,51.4043913 34.3044786,51.3878418 34.3104909,51.3740233 34.3230392,51.3692531 34.331808,51.3693067 34.3402944,51.3647411 34.3404908,51.354942 34.3274407,51.3469697 34.3167233,51.3305694 34.3131597,51.320927 34.3071458,51.3219606 34.3051689,51.3201171 34.3069685,51.3197756 34.3107338,51.3164784 34.3100248,51.3141756 34.302428,51.3106429 34.3040575,51.3052944 34.3073162,51.3018951 34.3011329,51.2946679 34.2946049,51.2930936 34.2879969,51.2885499 34.2765835,51.2867968 34.2718669,51.2820369 34.2713976,51.2787978 34.2612069,51.2749231 34.2551368,51.2744842 34.2555013,51.2695586 34.2420478,51.2689822 34.2422249,51.2666028 34.2390547,51.2656733 34.2392374,51.2639755 34.2442694,51.2641843 34.2478422,51.2632114 34.2501603,51.2642881 34.2529075,51.2635387 34.2518802,51.2614009 34.2530424,51.259664 34.2451889,51.2566829 34.2478497,51.2537016 34.2558749,51.2535404 34.2608392,51.2525852 34.26247,51.2548817 34.2674482,51.2530016 34.2721448,51.2509963 34.282577,51.2487807 34.3050719,51.2373414 34.3320315,51.2390989 34.3644293,51.2609781 34.3839928,51.2722543 34.3874045,51.271825 34.3814714,51.2672605 34.3859716,51.2625077 34.3882553,51.2623129 34.3895089,51.2605068 34.3934769,51.2589891 34.3961298,51.260509 34.399727,51.2601489 34.4008996,51.2617627 34.4008705,51.264021 34.4132374,51.2618645 34.4324288,51.2575842 34.432927,51.2611378 34.4313623,51.2639739 34.4390566,51.2621352 34.4408439,51.2636864 34.4470957,51.2636932 34.480456,51.2493557 34.4961267,51.250573 34.5126519,51.2515331 34.5127568,51.2539262 34.5080028,51.2579344 34.5271701,51.2567965 34.5392772,51.2603086 34.5461055,51.2671104 34.5510216,51.2559821 34.5571369,51.2470022 34.5616732,51.2443114 34.577417,51.2466733 34.5767065,51.248392 34.5987528,51.2520988 34.6010475,51.2561677 34.5993942,51.2639966 34.6180624,51.267158 34.6220536,51.2581031 34.6330375,51.2525391 34.6643017,51.2491728 34.6720655,51.2372825 34.6732072,51.2247229 34.695008,51.2009316 34.7099926,51.1976629 34.7206346,51.1879288 34.7365281,51.1786501 34.7473449,51.1791287 34.753849,51.1797412 34.7605912,51.1761843 34.7609568,51.1741541 34.7677912,51.1735696 34.7724955,51.1733041 34.7760509,51.1744783 34.7768846,51.1752806 34.7790916,51.1762443 34.7812342,51.1758359 34.7815974,51.1772997 34.7821009,51.1802915 34.7847131,51.1829978 34.7886371,51.1807192 34.7906418,51.1782347 34.7890417,51.1773106 34.7867179,51.1742873 34.7884945,51.1717182 34.7900322,51.1719783 34.7895217,51.1737993 34.790424,51.1756536 34.7925281,51.1776155 34.7995248,51.1748958 34.8074653,51.1748662 34.8069599,51.1732332 34.8086952,51.1706127 34.8122189,51.1701863 34.8120519,51.1684145 34.8063964,51.1676694 34.8035826,51.1690852 34.8008248,51.1687213 34.7983133,51.1676707 34.7962942,51.1666459 34.7954319,51.1653229 34.7925843,51.1645787 34.7920389,51.1633056 34.7887945,51.1639743 34.7870521,51.163728 34.7845114,51.1654958 34.7813013,51.1657318 34.7813184,51.1649658 34.7826052,51.1640386 34.7828624,51.1625523 34.7851794,51.1622501 34.7874486,51.1616105 34.7897178,51.1622087 34.7909584,51.1624996 34.7931023,51.1625104 34.7935735,51.1635385 34.7953755,51.1640525 34.7968131,51.1650226 34.7980469,51.1661804 34.8016894,51.1679837 34.8034678,51.1681588 34.8048075,51.1673852 34.8048169,51.1666654 34.8079309,51.1664625 34.8101745,51.167424 34.8109729,51.1673909 34.8118356,51.16686 34.8137039,51.1668961 34.8141557,51.1678471 34.815045,51.168204 34.8146313,51.1696203 34.8164201,51.1704629 34.8180012,51.1700635 34.817869,51.1686596 34.8168695,51.1672109 34.8179468,51.1662309 34.8185499,51.1656601 34.8205465,51.165738 34.8228008,51.1690182 34.8352871,51.1690046 34.8353196,51.1644929 34.8327345,51.1642869 34.8326283,51.1632559 34.8381192,51.1633732 34.8475991,51.164118 34.8467842,51.1616266 34.8485871,51.1590006 34.8522355,51.1591583 34.8534383,51.1573205 34.8548136,51.1569824 34.8563624,51.1546912 34.8543101,51.1535006 34.8600041,51.1489455 34.8614274,51.1441184 34.8594568,51.1438857 34.8616921,51.1377026 34.8658039,51.1380722 34.8658732,51.1388099 34.8682468,51.139098 34.8691546,51.1376802 34.8702092,51.1358269 34.8712853,51.1357104 34.8758713,51.1345873 34.8790005,51.1342584 34.8786877,51.1365508 34.8767104,51.1363694 34.8747486,51.1438271 34.8851341,51.1484847 34.9027741,51.136085 34.8980839,51.1312443 34.8996539,51.1301835 34.9159044,51.1468694 34.9188455,51.1496159 34.9212917,51.1503965 34.9247249,51.152254 34.9259373,51.152365 34.9523624,51.142791 34.9538871,51.1446767 34.9575576,51.1445162 34.9564798,51.1412569 34.9571615,51.1390207 34.9612482,51.1379025 34.9646053,51.1355186 34.9682836,51.1357335 34.9662969,51.1251504 34.9681922,51.1248615 34.9671692,51.1195087 34.970302,51.1207478 34.9935958,51.1178766 34.9978202,51.1139048 34.9974017,51.1120796 34.9941195,51.1109898 34.9947018,51.110171 35.0006992,51.1106313 35.0036925,51.1113466 35.0086171,51.1105702 35.0141686,51.110771 35.0179452,51.1098953 35.0182026,51.1070258 35.0156706,51.1054629 35.0168079,51.1048431 35.0217646,51.1059884 35.0227946,51.1071739 35.0291031,51.1053686 35.0323861,51.1104072 35.036793,51.1084881 35.0378379,51.1057883 35.0400695,51.1044141 35.0444039,51.1053033 35.0462064,51.1081865 35.0469789,51.1104228 35.0498542,51.1101803 35.0505109,51.1125461 35.0509026,51.1151427 35.0464287,51.1159714 35.0468793,51.1179521 35.0504413,51.1173461 35.0540462,51.1179252 35.0578228,51.1218043 35.0687233,51.1213194 35.0853216,51.1207281 35.0847208,51.1181421 35.0951922,51.1121074</coordinates>
              </LinearRing>
            </outerBoundaryIs>
          </Polygon>
        </MultiGeometry>
      </Placemark>
      <Placemark>
        <name>RU-Allied Pridnestrovie</name>
        <ExtendedData>
          <Data name="name">
            <value />
          </Data>
          <Data name="description">
            <value />
          </Data>
        </ExtendedData>
        <Polygon>
          <outerBoundaryIs>
            <LinearRing>
              <tessellate>1</tessellate>
              <coordinates>28.4985727,48.1148128 28.5047063,48.1196361 28.5182225,48.1211353 28.54474,48.1175976 28.5896204,48.0997801 28.6173728,48.0937312 28.6277841,48.0905454 28.6344245,48.0823994 28.6352551,48.0770648 28.6336825,48.0723037 28.625217,48.0651324 28.6158947,48.0641551 28.610864,48.0684536 28.6078923,48.0768815 28.6043516,48.0774494 28.6006088,48.0762937 28.5906596,48.0593985 28.5882667,48.0492718 28.5800511,48.0437058 28.5648633,48.0393349 28.5482268,48.0393122 28.5449894,48.0373911 28.5408947,48.0258278 28.529619,48.0142944 28.5296733,48.0044258 28.5355634,48.0008736 28.5549068,47.9939697 28.5638053,47.9938479 28.5709018,47.9974018 28.5764547,48.0068976 28.5851002,48.0169671 28.5893704,48.0239651 28.5934704,48.035096 28.6046784,48.0350769 28.623929,48.0290969 28.646952,48.0251795 28.6770345,48.0275018 28.7023094,48.0232735 28.7053597,48.0170023 28.7010287,48.0052192 28.7100458,47.9979604 28.7283276,47.9824302 28.7479756,47.9756866 28.7609841,47.9774284 28.7758835,47.9856035 28.7880026,47.986095 28.8059216,47.9550583 28.8145614,47.9502587 28.8290355,47.9453429 28.8356655,47.939535 28.8333658,47.9332697 28.8185391,47.9133171 28.8239043,47.9028615 28.8369682,47.8977908 28.8654792,47.8966295 28.9056677,47.8864697 28.9503269,47.8822448 28.990186,47.8744615 29.012199,47.8630243 29.0247302,47.8468959 28.9930556,47.7998787 28.982017,47.7579309 28.9789607,47.7430779 28.9656108,47.7189891 28.9816004,47.6890333 28.9865929,47.6650853 28.9972537,47.6481672 28.982765,47.623975 28.9847599,47.61274 29.0272468,47.5693324 29.0172709,47.5321912 29.0244625,47.5163738 29.1079402,47.4783485 29.118236,47.4556177 29.0760496,47.4222424 29.078345,47.4094249 29.1261944,47.3848909 29.1715843,47.3501103 29.1866043,47.3476381 29.2268052,47.3577281 29.232863,47.3553151 29.2467671,47.3640721 29.2563681,47.3627084 29.2678942,47.3624065 29.2990149,47.3850726 29.3088603,47.3787355 29.2680169,47.3483637 29.2600655,47.3525276 29.2206066,47.3262385 29.2066023,47.3325957 29.135802,47.3062729 29.1044391,47.307541 29.1878914,47.2167968 29.2016318,47.2249562 29.1975561,47.2305985 29.2152251,47.2367456 29.2137054,47.2425805 29.2186306,47.2520498 29.230481,47.2530517 29.239556,47.2620559 29.2501229,47.2626318 29.2599404,47.2552157 29.2770574,47.2658897 29.2920164,47.2605939 29.3033152,47.2674194 29.3100108,47.2658579 29.3307071,47.2812226 29.3433935,47.2925932 29.3608714,47.2844643 29.3463993,47.2599559 29.3306811,47.2574888 29.3134417,47.2394768 29.2964961,47.2398208 29.2820323,47.2129347 29.2851368,47.207297 29.2853916,47.203397 29.2699627,47.1966035 29.2597058,47.1949494 29.2511696,47.2012804 29.2444386,47.2002452 29.2447088,47.1965667 29.2528805,47.1883327 29.2400941,47.1715043 29.2406328,47.1672918 29.2636423,47.1555211 29.2923255,47.1411662 29.2964721,47.1346382 29.291169,47.1137466 29.3002845,47.1059384 29.3148111,47.1026968 29.3373516,47.107209 29.3465031,47.1042411 29.3559313,47.0937549 29.3584975,47.0796286 29.3668976,47.0688921 29.3786448,47.0608134 29.3902186,47.0604511 29.3908778,47.0574465 29.3846124,47.0562823 29.3798926,47.0520188 29.3790374,47.0404503 29.3879667,47.033736 29.3884837,47.0301805 29.3839407,47.0265505 29.3771666,47.0252604 29.3633771,47.0284646 29.3611795,47.0388884 29.3575774,47.0408089 29.355177,47.0382837 29.3773336,46.9985873 29.3746946,46.9939496 29.3607589,46.9926257 29.3478535,46.9936992 29.3362049,46.9925676 29.3115135,46.9963097 29.3078504,46.9933763 29.3077118,46.9851428 29.304012,46.9826768 29.2988444,46.9854733 29.306275,46.9983836 29.3028539,47.0002587 29.2937801,46.9975694 29.2910831,46.9922486 29.2920683,46.9832556 29.3399829,46.9426939 29.3549398,46.9357819 29.3659452,46.9333809 29.3786848,46.9336172 29.3899346,46.9365539 29.4001564,46.9434747 29.423357,46.9631719 29.4347432,46.9648336 29.4695981,46.9508284 29.4761033,46.9372679 29.4729946,46.9217149 29.46405,46.9048702 29.4654067,46.8996357 29.4716098,46.8941685 29.4814166,46.8913987 29.4917548,46.8721324 29.4475891,46.8662484 29.4359478,46.8756387 29.4295153,46.8739043 29.4368474,46.862822 29.409667,46.8589667 29.397682,46.8626594 29.3940301,46.8475729 29.4062933,46.8385031 29.4052967,46.8245497 29.429302,46.8202371 29.449745,46.8267111 29.460277,46.8266096 29.4653971,46.8113903 29.4957299,46.8111286 29.4947799,46.7969954 29.5068548,46.796183 29.5136925,46.7853807 29.5314836,46.7781127 29.5391457,46.7775442 29.5440614,46.7794439 29.5447986,46.7881207 29.5390118,46.7967973 29.5483085,46.7923634 29.5574938,46.7757061 29.5593076,46.7765726 29.5591418,46.7872915 29.5620665,46.7978928 29.5709861,46.801449 29.585914,46.798776 29.5891716,46.8078539 29.5814417,46.8237461 29.5924206,46.8261617 29.6072235,46.8343549 29.6133589,46.8330931 29.6152781,46.8310453 29.6133349,46.8276468 29.6045685,46.8256284 29.600266,46.8217303 29.6004154,46.8175464 29.6039118,46.8147721 29.6138636,46.8139223 29.6266931,46.8207214 29.6324858,46.820824 29.6360667,46.8164332 29.6306356,46.8096929 29.6335917,46.8066682 29.6473497,46.8037445 29.6443588,46.8149126 29.646346,46.8172695 29.6655128,46.8086472 29.6681971,46.8023736 29.6617727,46.7963148 29.6507264,46.7913665 29.6596166,46.7869929 29.6653286,46.7799154 29.6732711,46.777422 29.666661,46.7542729 29.6754565,46.7338288 29.6824693,46.740527 29.6902115,46.7335187 29.686984,46.7258546 29.694945,46.7117016 29.6924985,46.704227 29.6877422,46.6975908 29.670286,46.6896585 29.669826,46.6824912 29.6652468,46.6757949 29.6761082,46.676568 29.7563297,46.6474567 29.7290042,46.5961704 29.8283737,46.5808218 29.8762512,46.5464038 29.8816609,46.5476116 29.891421,46.5482129 29.9452664,46.5551139 29.9376707,46.589999 29.9632328,46.5845645 29.9675866,46.5997183 29.9547722,46.6190715 29.9556872,46.6330007 29.94836,46.6425688 29.9475545,46.6528438 29.9556396,46.6591116 29.958921,46.6799875 29.9697359,46.6843397 29.967852,46.7310779 29.9697241,46.7379056 29.9719049,46.7422018 29.9735711,46.7471449 29.9743992,46.7520956 29.9733861,46.7523564 29.9738749,46.7539255 29.9665452,46.7706883 29.9588175,46.7807066 29.9501667,46.7892222 29.9422001,46.7959741 29.9436058,46.7970083 29.9352868,46.8058271 29.961656,46.8176603 29.9784604,46.8166696 29.9523503,46.8419617 29.9254699,46.8350037 29.9300585,46.8284634 29.9052381,46.8203877 29.8839257,46.8511621 29.8922481,46.8536382 29.8843204,46.8865522 29.8468004,46.882028 29.8489035,46.8754676 29.7495378,46.8611063 29.7311881,46.9194307 29.7215005,46.918352 29.7181935,46.9323301 29.7088076,46.9282708 29.7099243,46.9241791 29.7010288,46.9234814 29.7006299,46.9250277 29.648224,46.9196373 29.6398387,46.9552445 29.5713833,46.9403385 29.5561682,46.9577881 29.5959911,46.9636063 29.6029027,47.0415735 29.6291742,47.0446483 29.6120397,47.1004591 29.5475518,47.0936172 29.549913,47.0759332 29.5305353,47.0754202 29.529612,47.0819329 29.5154645,47.1129275 29.4992865,47.1095982 29.4963871,47.1235665 29.4955238,47.1319973 29.5051166,47.1285689 29.5801432,47.1359347 29.5521167,47.2514613 29.5990151,47.2571394 29.5737808,47.37089 29.5173732,47.3646496 29.4954412,47.3580024 29.4945342,47.3558167 29.4875149,47.3559006 29.4863973,47.3499782 29.4913515,47.3492497 29.4870062,47.3390276 29.4933995,47.3377172 29.4913818,47.3329192 29.4847222,47.3324857 29.4830945,47.3322702 29.4841465,47.3247772 29.4851139,47.3248914 29.485993,47.322175 29.4840728,47.3217964 29.4855179,47.3061287 29.4446792,47.2997964 29.4458785,47.2945106 29.4270589,47.2922068 29.4232854,47.3051788 29.3983421,47.3004527 29.383597,47.3452343 29.3981075,47.3535431 29.3908525,47.3800991 29.3609686,47.3755381 29.3615315,47.3733493 29.3374305,47.3708444 29.3177113,47.4495302 29.2729767,47.4357253 29.2440546,47.4148437 29.2423147,47.4618647 29.1922547,47.4257509 29.1896395,47.4259995 29.1881935,47.4287552 29.1857967,47.4307283 29.1846442,47.4355174 29.1849699,47.4376326 29.1882218,47.4389396 29.1822051,47.4491556 29.1931326,47.4596885 29.1909859,47.4676887 29.162242,47.4526791 29.1616879,47.4536023 29.1576466,47.4591973 29.1839337,47.4732854 29.1881899,47.4750954 29.1858515,47.5189946 29.1517029,47.5067606 29.1170107,47.5547358 29.1668668,47.5713506 29.1696205,47.5685851 29.1716016,47.5676727 29.1847644,47.571912 29.1851527,47.5786158 29.1874069,47.5806649 29.1883739,47.5837562 29.1865127,47.5853817 29.1883716,47.5868602 29.1885998,47.5888019 29.1924036,47.5904274 29.1923451,47.5917635 29.1972578,47.5924489 29.2001107,47.5939446 29.2020737,47.5958356 29.2026636,47.5979002 29.2007532,47.6018558 29.2175644,47.6126049 29.2341605,47.6425769 29.2093084,47.6422872 29.2096652,47.6579385 29.2198755,47.6580325 29.2199593,47.6823256 29.2275342,47.6823184 29.2309587,47.6837641 29.2044227,47.7191405 29.2152544,47.7386301 29.2487215,47.751389 29.2766265,47.8021252 29.2748469,47.8027121 29.2752349,47.8042088 29.2470162,47.8110503 29.2352891,47.8002142 29.2340805,47.7986636 29.2326144,47.7976607 29.2313131,47.7974133 29.2192532,47.7983427 29.1985841,47.8185357 29.2159325,47.84112 29.2200089,47.847737 29.2217682,47.8484209 29.2234046,47.8506236 29.2230212,47.8515522 29.2243544,47.8546118 29.2267693,47.8551872 29.2268671,47.8564825 29.2292978,47.8575621 29.2314144,47.8572092 29.234089,47.8582096 29.2359062,47.8590896 29.2368652,47.862849 29.2429036,47.8669124 29.2670014,47.8752673 29.2688127,47.8787293 29.2731062,47.879271 29.2739865,47.8797229 29.2764977,47.8830819 29.2775721,47.8863748 29.2786135,47.8867441 29.2803845,47.8869983 29.281652,47.8875929 29.2813102,47.8884609 29.2803246,47.8894441 29.2772352,47.8903201 29.2376754,47.8879565 29.2159793,47.886 29.2160954,47.8871873 29.2168246,47.8871767 29.2168815,47.8885174 29.2180191,47.8884241 29.2199721,47.888971 29.2212491,47.8887301 29.2227623,47.8893022 29.2235709,47.8910188 29.2207572,47.8941617 29.2184297,47.895083 29.2180365,47.8957579 29.2161217,47.896031 29.2156241,47.8940521 29.2155342,47.8893394 29.2145802,47.8895498 29.214012,47.8885866 29.2131219,47.8884796 29.2131583,47.885686 29.2005233,47.8843139 29.1850566,47.9643586 29.1804875,47.9643924 29.1754261,47.9937909 29.1249319,47.9937349 29.1240858,47.9885553 29.1252722,47.9885271 29.1262441,47.9883985 29.1285892,47.9873578 29.1300192,47.9858465 29.129754,47.9848379 29.1312379,47.983863 29.1309273,47.9824424 29.1265701,47.9823836 29.1189941,47.9837032 29.1154413,47.9833063 29.1083256,47.9843153 29.1052203,47.9825782 29.1037504,47.9825454 29.1027311,47.9818734 29.1017805,47.9829735 29.0972494,47.9822859 29.0951328,47.9830885 29.0924255,47.9827389 29.0919177,47.9802575 29.0917255,47.9801872 29.0902181,47.9819756 29.083619,47.9774174 29.0853646,47.9751623 29.0866904,47.97651 29.0880643,47.976534 29.0891113,47.9756717 29.0901904,47.974479 29.0913585,47.9745213 29.0914926,47.9730959 29.0962785,47.9735311 29.096552,47.9705884 29.096096,47.9698438 29.0979411,47.9600265 29.0954765,47.9597404 29.0947217,47.9606363 29.0944408,47.9630384 29.094074,47.9639318 29.0924849,47.9661006 29.0920115,47.9676946 29.0914308,47.9679813 29.0910647,47.9683254 29.0872345,47.9681473 29.0857903,47.9691673 29.0845606,47.9696271 29.0821293,47.9716311 29.0815433,47.9717533 29.0805644,47.9717676 29.0795425,47.9715952 29.0780238,47.9705311 29.079369,47.9691726 29.0783076,47.9677515 29.0819295,47.9641085 29.0843493,47.9597184 29.0864839,47.9470636 29.079024,47.9457113 29.0747149,47.9442444 29.0689897,47.9436396 29.0598646,47.9428334 29.0514692,47.9428027 29.0469343,47.9440046 29.0447166,47.9456089 29.0408894,47.9465663 29.0374483,47.9481272 29.0335645,47.9424693 29.0260615,47.9455172 29.0234502,47.9482774 29.0183887,47.9513138 29.0130758,47.9556943 29.0008751,47.9599417 28.9973422,47.9637287 28.9955123,47.963298 28.9957549,47.9629245 28.9945995,47.9626748 28.9946886,47.9624288 28.9929448,47.961742 28.9804028,47.9701207 28.9615038,47.9795316 28.9256413,47.9604963 28.8780779,48.0009127 28.9015824,48.0130096 28.8395733,48.0352002 28.857689,48.1030981 28.8411819,48.1257215 28.8374525,48.1240172 28.8338215,48.1288301 28.8140583,48.1243711 28.8060772,48.1350213 28.772078,48.1247998 28.7553295,48.136333 28.6880829,48.124591 28.6822733,48.1467762 28.6346138,48.155314 28.5920269,48.1733906 28.5795209,48.1667845 28.5708925,48.1740643 28.5733464,48.1756247 28.5759563,48.1743069 28.5758709,48.1770949 28.5773677,48.1782544 28.5766737,48.1791641 28.5781546,48.1809226 28.5775287,48.1821728 28.5565805,48.1713508 28.5450778,48.1694557 28.5285196,48.1536264 28.5133053,48.1518184 28.5068459,48.1525288 28.5028026,48.1510149 28.5210417,48.1381472 28.5174551,48.137433 28.5046499,48.1308967 28.49905,48.1273905 28.5002415,48.1211658 28.4957084,48.1190997 28.4946838,48.1193353 28.4918468,48.1186845 28.4985727,48.1148128</coordinates>
            </LinearRing>
          </outerBoundaryIs>
        </Polygon>
      </Placemark>
      <Placemark>
        <name>UKR-Controlled Chernigov Region</name>
        <ExtendedData>
          <Data name="name">
            <value />
          </Data>
          <Data name="description">
            <value />
          </Data>
        </ExtendedData>
        <Polygon>
          <outerBoundaryIs>
            <LinearRing>
              <tessellate>1</tessellate>
              <coordinates>30.5176933,51.2321834 30.4998406,51.1741029 30.497094,51.0192956 30.6103905,51.0318201 30.6138237,51.0167038 30.6515892,51.0037431 30.6893547,50.9107518 30.768319,50.8921311 30.7889183,50.8574683 30.7758721,50.8110665 30.7504662,50.8049919 30.7484062,50.7789486 30.7847985,50.7806853 30.8239373,50.7720013 30.84179,50.7724355 30.8562096,50.7858949 30.8774956,50.7802511 30.8527764,50.7633157 30.8527764,50.7537596 30.832177,50.7515875 30.8383568,50.7468086 30.8658226,50.748112 30.876809,50.7676587 30.8843621,50.7750408 30.898095,50.7706985 30.9344872,50.7646186 31.0601433,50.7654872 31.0773094,50.7871972 31.1425408,50.7837243 31.1301811,50.7607097 31.1837395,50.7329033 31.2187584,50.7016015 31.2283715,50.6637505 31.2091454,50.6546095 31.2077721,50.6432896 31.2324913,50.6267402 31.2297447,50.6066989 31.1638268,50.6040842 31.16726,50.5975468 31.1954125,50.5862131 31.1926659,50.5761849 31.2345513,50.5718241 31.2627037,50.5626652 31.2681969,50.5443421 31.3286217,50.5260118 31.3698204,50.5356143 31.4158257,50.5185904 31.4288719,50.5050542 31.4405449,50.5028706 31.4549645,50.5150976 31.5243157,50.5334321 31.5524681,50.5242657 31.5971001,50.5312498 31.6334923,50.5264483 31.643792,50.5569945 31.6705712,50.5565583 31.6904839,50.5670268 31.7721947,50.5622291 31.7770012,50.5840332 31.7770012,50.6097492 31.8037804,50.6097492 31.8175133,50.6310958 31.860772,50.6341446 31.8834313,50.6171563 31.9424828,50.5835972 31.9603356,50.5487054 32.0372399,50.543033 32.0701988,50.543033 32.0633324,50.5247022 32.0619591,50.4967559 32.0090874,50.4827766 31.990548,50.4902036 31.9843682,50.4810289 31.9802483,50.4731634 32.0035942,50.4639853 32.0296868,50.4539311 32.0557793,50.4001266 32.1031578,50.4176307 32.1004113,50.4071291 32.0825585,50.3918099 32.0839318,50.3734205 32.0935448,50.3729825 32.1120842,50.3852431 32.1663292,50.3738584 32.153283,50.3532714 32.2178276,50.3598427 32.2494133,50.3510808 32.2549065,50.3602807 32.2466667,50.3742963 32.2727593,50.3795511 32.2858055,50.3904966 32.3064049,50.4132553 32.3180779,50.4316294 32.368203,50.4325041 32.3785027,50.4141304 32.3936089,50.4097547 32.4066551,50.4193808 32.4238213,50.4062538 32.4773796,50.4005643 32.4945458,50.4058162 32.4959191,50.3878699 32.4952324,50.3725446 32.5041588,50.364223 32.5268181,50.3493282 32.540551,50.3515189 32.5542839,50.3607188 32.5776299,50.363347 32.6229485,50.3594046 32.6284416,50.368165 32.6696404,50.3721066 32.6765068,50.3602807 32.7451714,50.3607188 32.7650841,50.3537095 32.7753838,50.3532714 32.7891167,50.34889 32.7946099,50.3563381 32.7795037,50.363785 32.7795037,50.3725446 32.8104027,50.3795511 32.8385552,50.3804268 32.8976067,50.4106299 32.908593,50.4097547 32.910653,50.4150055 32.9092797,50.4233182 32.9147728,50.4281301 32.9278191,50.434691 32.951165,50.4478101 32.9690178,50.462674 32.9621514,50.4753484 32.9758843,50.4805919 32.984124,50.4775333 33.0122765,50.4766593 33.0232628,50.4928247 33.0184563,50.5041808 33.038369,50.5059276 33.0589684,50.5185904 33.0612402,50.5214597 33.0530004,50.5249521 33.0584936,50.5287715 33.0475073,50.5403372 33.073884,50.556126 33.0769739,50.5625601 33.0765447,50.563487 33.0808362,50.5691024 33.0980882,50.5807127 33.093625,50.5853996 33.1038389,50.592865 33.1185374,50.5918433 33.1228684,50.5954184 33.1224641,50.5992941 33.1187734,50.6001113 33.1032381,50.6025628 33.1051263,50.6060491 33.1113061,50.6113871 33.1213483,50.6394288 33.118237,50.6406807 33.1167993,50.6444365 33.1177649,50.6480558 33.1252536,50.6505592 33.1317124,50.6499469 33.1392869,50.6484095 33.14684,50.6546134 33.1511316,50.6937223 33.1453809,50.7005181 33.1360254,50.7107372 33.1537923,50.7094328 33.158513,50.7153025 33.1743917,50.7163351 33.1839189,50.7191609 33.1905279,50.7198673 33.1944761,50.7219866 33.20366,50.7225843 33.2084665,50.7213345 33.2140455,50.7216062 33.2142171,50.72742 33.2385072,50.7311145 32.9696157,51.1539522 33.1222927,51.8416818 33.512432,52.0798982 33.3202812,52.2136604 33.3869085,52.2789075 33.3698061,52.2855859 33.3707799,52.2958027 33.378107,52.3042345 33.3711181,52.3103113 33.3612099,52.3094605 33.3537027,52.3011485 33.3370984,52.3063757 33.3238013,52.3100051 33.290172,52.3083861 33.2757717,52.3047681 33.2708295,52.3093913 33.2627207,52.3289377 33.2145767,52.3235234 33.2096005,52.3328361 33.1865906,52.3382308 33.1725034,52.3345361 33.1371412,52.3420878 33.1124219,52.322052 33.0832395,52.3071503 33.0681333,52.3011673 33.056632,52.3075702 33.0446157,52.305471 32.9982671,52.2851035 32.9980955,52.2702945 32.9594717,52.2718702 32.9120931,52.2470733 32.8858289,52.2445508 32.8775892,52.2601039 32.8846273,52.2700844 32.8813657,52.2728156 32.8336439,52.2755465 32.817851,52.2557958 32.7984533,52.2638863 32.7624044,52.254745 32.7560529,52.2656723 32.7253255,52.2542196 32.7172575,52.2565314 32.6983747,52.2448661 32.6160861,52.2973196 32.5748874,52.29396 32.5433017,52.3216687 32.4952365,52.3115948 32.4375583,52.3174715 32.393613,52.3300618 32.3634006,52.3191504 32.3716403,52.2830397 32.3977329,52.2813594 32.4004795,52.2653936 32.4100925,52.2435362 32.351041,52.2334445 32.3345615,52.2199854 32.3482944,52.1989474 32.3414279,52.1669506 32.3785068,52.155999 32.3757602,52.1357736 32.3359348,52.1307158 32.308469,52.1121657 32.2906162,52.0936079 32.209592,52.0598466 32.1574069,52.0590022 32.1409275,52.0387328 32.0887424,52.0243698 31.9665195,52.043801 31.9239475,52.0387328 31.9006015,52.0480241 31.9225742,52.0657567 31.9445468,52.0699777 31.9253208,52.0817944 31.8580295,52.1028878 31.8109315,52.0941994 31.7899888,52.1030574 31.7817429,52.1119166 31.7728165,52.1115213 31.7654351,52.1084112 31.7638472,52.106777 31.7586973,52.1046683 31.7536333,52.1042202 31.7489985,52.103324 31.7437628,52.1019532 31.7265967,52.0957052 31.721876,52.0954415 31.7196873,52.0964961 31.7194298,52.0988425 31.7168978,52.1011624 31.7144945,52.1063817 31.7135504,52.1068561 31.7107609,52.1069615 31.7070702,52.1065662 31.7034653,52.1069352 31.7002467,52.1065134 31.6937664,52.1102298 31.6698626,52.1142358 31.66055,52.1160805 31.6543701,52.1134452 31.6166046,52.1139195 31.6075924,52.1102825 31.5984944,52.1134979 31.5917137,52.1130235 31.5812424,52.1170819 31.5639046,52.1194535 31.5445069,52.11919 31.5342072,52.1233006 31.5239933,52.1231952 31.5182427,52.124618 31.4991883,52.1168184 31.4891461,52.1153953 31.4696625,52.1187157 31.4612552,52.1219275 31.4540454,52.1303585 31.4512989,52.1387879 31.4200565,52.1383664 31.4039203,52.1406842 31.3932773,52.1337304 31.3798877,52.132466 31.3908741,52.1210843 31.3685581,52.1109648 31.3263294,52.1040064 31.3259861,52.0915628 31.3198062,52.0888205 31.3259861,52.0808036 31.3071033,52.0575888 31.3002369,52.0480884 31.2538883,52.0394307 31.2102863,52.0501998 31.209943,52.0689867 31.2003299,52.0717302 31.1563846,52.0761616 31.1409351,52.0932502 31.1378452,52.1016866 31.101453,52.086078 31.0715839,52.0881876 30.9902164,52.0751066 30.9582874,52.0780607 30.9485735,52.0096286 30.8922685,51.959728 30.8249773,51.9411068 30.8304704,51.8962149 30.757686,51.8894349 30.7109941,51.8351577 30.6780351,51.7859124 30.6588091,51.7485181 30.6203569,51.6940709 30.5805315,51.6855577 30.5956377,51.638706 30.5420793,51.5986307 30.597011,51.5397326 30.6258501,51.4379754 30.6739153,51.3540048 30.6519426,51.320545 30.5873979,51.3008009 30.5176933,51.2321834</coordinates>
            </LinearRing>
          </outerBoundaryIs>
        </Polygon>
      </Placemark>
      <Placemark>
        <name>UKR-Controlled Kherson Region</name>
        <ExtendedData>
          <Data name="name">
            <value />
          </Data>
          <Data name="description">
            <value />
          </Data>
        </ExtendedData>
        <Polygon>
          <outerBoundaryIs>
            <LinearRing>
              <tessellate>1</tessellate>
              <coordinates>33.1597526,47.2322222 33.1598029,47.2328058 33.1609735,47.2340201 33.163533,47.2351524 33.163693,47.2360819 33.1629677,47.2364305 33.1616555,47.2363354 33.1589287,47.2358361 33.1563282,47.2357756 33.1517578,47.2342381 33.1497093,47.2314825 33.1476148,47.2305352 33.1429083,47.2301921 33.1345944,47.2330398 33.1326537,47.2328752 33.1281808,47.2310424 33.1268319,47.2299218 33.1275253,47.2239954 33.1290705,47.2198721 33.1333334,47.2133543 33.1350032,47.2123327 33.1419515,47.2108736 33.1420782,47.2106251 33.1419904,47.210085 33.1423297,47.2097046 33.1418167,47.2088784 33.1397425,47.208676 33.1392133,47.2082404 33.1387557,47.207311 33.1368106,47.2058601 33.1358094,47.2063138 33.1344504,47.2062782 33.1337781,47.2060677 33.1330773,47.2046845 33.1317828,47.2034097 33.1303202,47.2029473 33.1290293,47.202893 33.1282073,47.2034939 33.1264015,47.2034299 33.125284,47.2029314 33.1238884,47.2028133 33.1231048,47.2030167 33.1227345,47.2038838 33.122481,47.2041661 33.1215837,47.2045651 33.1202612,47.2045467 33.1184148,47.2041023 33.1164825,47.2041828 33.1119223,47.2062784 33.1101084,47.2074119 33.1098609,47.2083996 33.1093294,47.2087768 33.1076392,47.2092123 33.1045248,47.2122153 33.1040189,47.21309 33.1039514,47.2139463 33.1048465,47.2148309 33.1061278,47.2157154 33.1062443,47.2164351 33.1055086,47.2173315 33.099138,47.2232424 33.0981136,47.2238822 33.0954155,47.2242013 33.0921379,47.223821 33.0888896,47.2241117 33.0872406,47.2236452 33.0855917,47.222858 33.0833831,47.2213498 33.0816565,47.2207269 33.0798706,47.2205319 33.0788918,47.2206968 33.0778701,47.2210948 33.0740309,47.2232734 33.0726806,47.2235283 33.071726,47.2232995 33.0713902,47.2227897 33.0716831,47.2216138 33.0725338,47.2207294 33.0741924,47.219835 33.0752349,47.2188039 33.075217,47.2182284 33.0747167,47.2177627 33.0728251,47.2174933 33.0716632,47.2176321 33.0690635,47.2192574 33.0679031,47.2202303 33.0665924,47.2205619 33.0653986,47.220082 33.0648915,47.2190191 33.0655116,47.2174852 33.0651447,47.216272 33.0643175,47.215607 33.0640911,47.2147381 33.0645825,47.2139329 33.0657436,47.213139 33.0659606,47.2124325 33.0652788,47.2104366 33.0655887,47.2095348 33.0672386,47.207498 33.0674698,47.2068645 33.0654877,47.2048564 33.0653335,47.2038085 33.0661664,47.2021046 33.0651203,47.2002162 33.0567115,47.193327 33.0543968,47.1929113 33.052471,47.1913654 33.0487589,47.1910146 33.0446164,47.1902194 33.0416057,47.1900198 33.0369011,47.1886749 33.0353557,47.1864528 33.0353398,47.1827928 33.0375234,47.1807808 33.0386341,47.1790604 33.0379638,47.178142 33.0312517,47.1779415 33.0274149,47.176866 33.0262645,47.17664 33.0254946,47.1767314 33.0251966,47.1771145 33.0237398,47.1774976 33.020955,47.1792555 33.0161675,47.1801321 33.0147273,47.1811543 33.0128698,47.182905 33.0121986,47.1846554 33.0123427,47.1852683 33.013134,47.1859078 33.0138086,47.1867889 33.0141828,47.1877576 33.0137079,47.1890386 33.0122459,47.1913696 33.0085432,47.1950353 33.0061582,47.1967195 33.003358,47.1969308 33.0014161,47.1967922 33.0005159,47.1962816 32.9994458,47.1930136 32.9995548,47.1926281 33.0002243,47.1922112 33.0025246,47.1919984 33.0034936,47.1916211 33.003722,47.1910159 33.0032345,47.1904472 33.0017446,47.1900388 33.0007389,47.1900679 32.999543,47.190476 32.9983958,47.191088 32.9975919,47.1913208 32.9961442,47.1914079 32.9928857,47.1909103 32.9910434,47.1902959 32.9923516,47.1928148 32.9905165,47.1937242 32.9883759,47.1938727 32.9866644,47.193613 32.985376,47.1927343 32.9815128,47.1916222 32.9608781,47.1897109 32.9586975,47.1823747 32.9506483,47.1670593 32.948341,47.1639522 32.9313595,47.1504563 32.9258515,47.1487351 32.9230972,47.1489042 32.9216342,47.1485511 32.9185404,47.1483438 32.9153415,47.149216 32.9130591,47.1505963 32.9112488,47.1521225 32.9094383,47.1531817 32.9069719,47.1538922 32.9016095,47.1538536 32.898951,47.1525598 32.8970651,47.1510325 32.8963885,47.147783 32.8967853,47.1461098 32.8986411,47.1435024 32.9015377,47.1417031 32.9048633,47.140254 32.9128563,47.1357565 32.9142399,47.1346452 32.9146043,47.1323642 32.9158481,47.1306051 32.9151075,47.1300323 32.9080158,47.1277077 32.9065462,47.1266384 32.9053823,47.1239722 32.9026735,47.122182 32.9013173,47.1220818 32.8995318,47.122332 32.8980209,47.1220147 32.8974025,47.1213217 32.8978823,47.1181253 32.8988418,47.1169888 32.8992161,47.1157089 32.8985913,47.1149597 32.8978568,47.1146295 32.8966455,47.1144947 32.8960253,47.1141085 32.8989165,47.1136249 32.9018077,47.1129075 32.9111313,47.1082467 32.914145,47.1044032 32.9139145,47.1032212 32.9111092,47.1004033 32.9094471,47.0968708 32.9104145,47.0920261 32.9133788,47.0891151 32.9146031,47.0871045 32.9169317,47.0855732 32.921784,47.0846206 32.9237179,47.084603 32.9251824,47.083881 32.9250627,47.0830861 33.0681606,47.022261 33.0224541,46.9724972 32.9504421,47.0032943 32.9337909,46.9854388 32.9423333,46.9709128 32.9493263,46.9456669 32.975936,46.9487414 32.9799675,46.9339287 32.9223312,46.926757 32.9267528,46.9098529 32.8462005,46.9000537 32.8419423,46.8997486 32.8404307,46.8992675 32.8391243,46.8961941 32.8414895,46.8952082 32.8415853,46.8915944 32.8398887,46.8881207 32.8358096,46.8839888 32.8401621,46.8819541 32.8485887,46.8792161 32.8512645,46.8792352 32.8542981,46.8772199 32.8597318,46.8764985 32.9160664,46.8829264 32.9198658,46.8660888 32.9460118,46.8686435 32.9490414,46.8574211 32.8104092,46.8398554 32.8116286,46.8343653 32.7750744,46.8300351 32.7789447,46.8251384 32.7716958,46.8213687 32.7671703,46.8206585 32.765122,46.8251193 32.7644468,46.827642 32.7467242,46.825496 32.7454812,46.8269903 32.707807,46.8229254 32.7071636,46.821066 32.7011772,46.8208411 32.698613,46.8216095 32.6879807,46.8621826 32.6187919,46.8540618 32.613977,46.8545362 32.6123378,46.8552452 32.6113766,46.858072 32.5850781,46.854919 32.5841177,46.859533 32.5792598,46.859199 32.5786332,46.86314 32.5719982,46.8629435 32.5729597,46.868087 32.572033,46.8726437 32.5470896,46.8693451 32.5456075,46.8767857 32.5460894,46.881122 32.5476014,46.8829355 32.5343596,46.8813703 32.5351515,46.8796289 32.5410673,46.8503629 32.5259098,46.8480916 32.5313303,46.8233549 32.469004,46.8160188 32.4624692,46.8405058 32.3656473,46.8293045 32.3735735,46.7991528 32.3431961,46.7955149 32.3157287,46.8059897 32.2271732,46.8454101 32.2315725,46.8372052 32.2487806,46.8223193 32.2279237,46.8106307 32.2179026,46.8097498 32.2188683,46.8058139 32.2102426,46.8058722 32.2138045,46.7903582 32.2185682,46.7714931 32.1690438,46.7633801 32.1716338,46.7526528 32.1110621,46.7448595 32.1093914,46.7525606 32.0572063,46.7444446 32.0608369,46.7284556 32.0755381,46.7301142 32.0867321,46.6836537 32.0718568,46.681908 32.0712294,46.683577 32.0118742,46.6764869 32.0135026,46.6674891 31.9870699,46.6639744 31.988106,46.6591928 31.9803878,46.6571797 32.0041269,46.6360042 32.0253742,46.6233472 32.033494,46.6227371 32.0561967,46.6128063 32.082758,46.6159618 32.0999817,46.6129403 32.1112497,46.6041198 32.138337,46.5553461 32.1868802,46.5750128 32.2102303,46.5764935 32.2449092,46.5913309 32.2567679,46.5905872 32.2801723,46.5794758 32.3024594,46.565056 32.3037738,46.5547327 32.3190092,46.5502478 32.3351012,46.5497748 32.3429081,46.5474698 32.3517838,46.5488962 32.3582564,46.5495549 32.3651072,46.5479791 32.378333,46.547756 32.388976,46.5482282 32.3982458,46.5534226 32.4101763,46.5588525 32.417901,46.560446 32.4291448,46.5594426 32.441992,46.5610414 32.4472139,46.561873 32.4725232,46.5721445 32.4791355,46.5754235 32.4866067,46.5753279 32.5116755,46.5892128 32.5213558,46.5894906 32.5353557,46.5890731 32.5456685,46.5908908 32.5547069,46.5934639 32.5611298,46.5941881 32.5716157,46.5920085 32.570185,46.5878074 32.5737327,46.5860242 32.5760789,46.5862465 32.5869227,46.5847863 32.5942901,46.5943893 32.5982527,46.5945163 32.598739,46.5918711 32.6019441,46.5919617 32.6119584,46.5961355 32.6140057,46.598547 32.6142999,46.5996359 32.6180273,46.6026119 32.6190742,46.6059999 32.6191766,46.6081497 32.6183951,46.612862 32.6195351,46.6149156 32.630846,46.617809 32.6394984,46.6165466 32.6430237,46.618914 32.6493565,46.6214536 32.6556666,46.623497 32.6621916,46.6252748 32.6645633,46.6258652 32.6685659,46.6281499 32.6715513,46.6295102 32.6762553,46.6308434 32.6823625,46.6320256 32.6791522,46.634224 32.6705536,46.6446949 32.6673519,46.6474978 32.6837212,46.6524493 32.6995302,46.6565478 32.6955131,46.6664483 32.7256512,46.6745044 32.7366363,46.6745612 32.7520841,46.6724376 32.7754261,46.6726626 32.792586,46.6758174 32.8114936,46.6838957 32.8143083,46.6831944 32.8259889,46.6861192 32.836198,46.6908795 32.8380859,46.6940932 32.8627727,46.7043455 32.9092864,46.7297172 32.9405016,46.7388083 32.9821295,46.7422085 33.0274584,46.742613 33.0381351,46.7443507 33.0460478,46.7469833 33.0518061,46.7509456 33.0662491,46.7581695 33.0808513,46.7624864 33.0968089,46.769841 33.1132314,46.7744748 33.1184974,46.7773441 33.1423068,46.7859582 33.1649383,46.7883713 33.1847622,46.7888972 33.1906876,46.7877164 33.2052757,46.7880362 33.208243,46.7865686 33.2111242,46.783514 33.2136878,46.7829035 33.2172513,46.7834517 33.221051,46.7849254 33.2310372,46.7859824 33.2397011,46.7850175 33.2435609,46.7840352 33.2492229,46.783611 33.2574085,46.7830599 33.2731355,46.7827783 33.2799792,46.7840239 33.2824242,46.7843289 33.2844916,46.7832343 33.2865589,46.7812581 33.2906644,46.7795236 33.2987007,46.7753471 33.3052446,46.7741633 33.3136113,46.7747319 33.3244234,46.7772168 33.3245493,46.7783832 33.3502297,46.7828251 33.3508886,46.7810996 33.3492653,46.7807365 33.3492729,46.7794917 33.3521353,46.7788619 33.3571745,46.7822449 33.3633427,46.7786756 33.3701147,46.7813341 33.3605288,46.7867818 33.3999109,46.8211282 33.4235281,46.8351719 33.4720172,46.8477889 33.5059652,46.8582402 33.5354405,46.8568942 33.5740141,46.8559671 33.5931876,46.866077 33.5984611,46.9273885 33.6046235,46.9478251 33.655653,46.9877274 33.6607501,47.0079792 33.6514543,47.0444441 33.6716854,47.0567972 33.7579357,47.0948662 33.7854834,47.1240752 33.7873482,47.1793272 33.8399367,47.2021472 33.8653474,47.2084582 33.912849,47.2403291 33.9229307,47.2738109 33.9641294,47.29873 33.9771811,47.3777451 33.9487554,47.4408363 33.9503824,47.4510643 33.930189,47.5161664 33.9044438,47.5116353 33.6436544,47.4845337 33.6357295,47.5141507 33.6098392,47.5108867 33.605238,47.5039102 33.5886567,47.5017819 33.5806479,47.5325452 33.5927898,47.5449109 33.5890963,47.5582294 33.6089638,47.5610079 33.6054234,47.575109 33.5924397,47.5735743 33.5880581,47.5887456 33.5837569,47.5881712 33.5804743,47.6003396 33.4740593,47.5871361 33.4857717,47.5453106 33.475597,47.5426427 33.3510102,47.5267596 33.3240598,47.5229573 33.3300288,47.5101986 33.3487021,47.4936377 33.3136224,47.4824321 33.3115351,47.4846752 33.3076451,47.4865121 33.3133561,47.4884326 33.3148617,47.4904689 33.3143683,47.4932914 33.3112791,47.4985505 33.3100669,47.501576 33.306873,47.5029749 33.2984322,47.503282 33.2819745,47.5140768 33.2812864,47.5157736 33.2789112,47.5175276 33.2787907,47.5203599 33.2850335,47.52441 33.2875937,47.5279843 33.2885228,47.5316602 33.2884534,47.5392554 33.2877871,47.5428025 33.2829574,47.5455089 33.279537,47.5465054 33.2754196,47.546496 33.2726327,47.5457334 33.2603048,47.5399192 33.254885,47.5354113 33.2487302,47.5335801 33.2445831,47.5312648 33.2405221,47.5302243 33.2379834,47.530551 33.2329127,47.5293128 33.2279836,47.5312823 33.2238175,47.5304867 33.2184101,47.5318435 33.2148801,47.533884 33.2210707,47.5384369 33.2211929,47.5453293 33.2181648,47.547844 33.2290822,47.554081 33.2357853,47.5626398 33.2377344,47.5698173 33.2353395,47.5754111 33.2332877,47.5775595 33.2299027,47.5774799 33.2260622,47.5735703 33.2106131,47.5698178 33.2019876,47.5692841 33.1951855,47.5704207 33.1868386,47.5740152 33.1811722,47.5715373 33.1761079,47.5678034 33.1704424,47.566745 33.1621153,47.5691444 33.0928925,47.5787215 33.0892895,47.5520162 33.095127,47.5272803 33.1408712,47.5430455 33.1472131,47.5145302 33.1229909,47.508271 33.1309271,47.4803591 33.1273851,47.4798435 33.1280919,47.4771236 33.1243128,47.4766147 33.1380916,47.4195054 33.0714069,47.4118513 33.0706045,47.4753739 33.0473052,47.4682402 33.0543518,47.4436978 33.0336804,47.4414425 33.0382814,47.4252186 33.0288499,47.4238593 33.0355399,47.3978665 33.0341407,47.3975792 33.0390923,47.3794538 33.1219939,47.3896583 33.130851,47.3499092 33.1390123,47.3327202 33.1326367,47.3317486 33.1328706,47.3279845 33.1035365,47.3217764 33.1030437,47.3206863 33.1102343,47.3028656 33.1102244,47.2932563 33.1019757,47.2903996 33.1052161,47.2798534 33.1192696,47.2818834 33.120101,47.2779957 33.1398134,47.2724767 33.1361467,47.2677122 33.1835601,47.2379503 33.1822583,47.2371787 33.1807599,47.236964 33.1778684,47.2377918 33.176344,47.2376056 33.1756565,47.2371426 33.1728366,47.2337134 33.1708539,47.2334136 33.1692379,47.2335016 33.1675684,47.2342308 33.1667076,47.2340882 33.1644629,47.2319422 33.1627414,47.231555 33.16043,47.2317287 33.1597526,47.2322222</coordinates>
            </LinearRing>
          </outerBoundaryIs>
        </Polygon>
      </Placemark>
      <Placemark>
        <name>UKR-Nikolayevskaya Primorskaya Battery Island</name>
        <ExtendedData>
          <Data name="name">
            <value />
          </Data>
          <Data name="description">
            <value />
          </Data>
        </ExtendedData>
        <Polygon>
          <outerBoundaryIs>
            <LinearRing>
              <tessellate>1</tessellate>
              <coordinates>31.5610757,46.5680527 31.5637794,46.5687608 31.5640798,46.5713274 31.5630499,46.573363 31.56202,46.5750447 31.5609041,46.5760775 31.55952,46.5761953 31.5565265,46.5752661 31.555475,46.5737394 31.5553678,46.5717702 31.556591,46.5693951 31.5588869,46.5681412 31.5610757,46.5680527</coordinates>
            </LinearRing>
          </outerBoundaryIs>
        </Polygon>
      </Placemark>
      <Placemark>
        <name>Kupyansk-Borova AFU</name>
        <ExtendedData>
          <Data name="name">
            <value />
          </Data>
          <Data name="description">
            <value />
          </Data>
        </ExtendedData>
        <MultiGeometry>
          <Polygon>
            <outerBoundaryIs>
              <LinearRing>
                <tessellate>1</tessellate>
                <coordinates>37.6388269,49.4536521 37.6402827,49.4517694 37.6327265,49.4502773 37.6273988,49.4535423 37.5827271,49.4266984 37.5556999,49.4170925 37.5532058,49.3822819 37.5448012,49.3370123 37.5795608,49.3174901 37.5959566,49.3032192 37.5963415,49.2970911 37.5869422,49.2916344 37.5175076,49.2727649 37.5651147,49.2298013 37.6174076,49.2325023 37.7165284,49.2191248 37.7488593,49.2118295 37.7560616,49.2204478 37.7606712,49.2239993 37.7723189,49.2309415 37.7965898,49.2256382 37.8015951,49.2300734 37.8077082,49.2340498 37.8178752,49.238471 37.8245244,49.2420379 37.842846,49.2370293 37.8314003,49.2200538 37.8229518,49.2221569 37.8215842,49.2217092 37.8177273,49.2219376 37.817052,49.2193639 37.8156785,49.2192336 37.8122067,49.2084275 37.8041013,49.2087232 37.8032544,49.2070156 37.8110871,49.206012 37.8235325,49.2055914 37.8236603,49.2017919 37.8344957,49.20135 37.8479513,49.1999553 37.850183,49.1980485 37.8624116,49.1983298 37.862512,49.1975936 37.8680627,49.1971098 37.8684851,49.1987432 37.8727434,49.1981134 37.8733276,49.1951903 37.8764091,49.1951589 37.8771774,49.1968538 37.8824325,49.1959626 37.8841589,49.1965265 37.8839543,49.2003995 37.8783952,49.2024481 37.870796,49.2041902 37.8625293,49.2041062 37.8626471,49.2070225 37.86108,49.2070232 37.8615928,49.2094366 37.8558397,49.2091728 37.8542921,49.2120209 37.8581037,49.2131544 37.8583788,49.2147022 37.8641554,49.214879 37.8636234,49.2172981 37.8701979,49.2173991 37.8710674,49.218904 37.8693016,49.2208 37.8523439,49.2215467 37.853531,49.2262846 37.8510207,49.2291421 37.8534632,49.2303881 37.8609503,49.2379468 37.858765,49.2589182 37.861045,49.2592889 37.8615509,49.2622853 37.8676935,49.2629112 37.8761908,49.2644235 37.8829383,49.2669392 37.8865994,49.2667278 37.8900885,49.2637159 37.8919465,49.2605358 37.8987118,49.2615225 37.9027303,49.2574679 37.9095892,49.2585455 37.919901,49.2547331 37.9208984,49.2559178 37.9145502,49.2581699 37.9194029,49.2610102 37.928583,49.255346 37.935959,49.2603209 37.9401139,49.2570404 37.9471261,49.2570528 37.9548251,49.2581852 37.960293,49.2601864 37.9606876,49.2621255 37.9636572,49.2641765 37.9616928,49.2675986 37.9652217,49.2691725 37.9690034,49.2677509 37.9742437,49.2649849 37.9769517,49.2640672 37.9791736,49.2649229 37.9801129,49.2643566 37.9801939,49.2632302 37.9829209,49.2609648 37.9898039,49.2640143 37.9595712,49.2850316 37.9434647,49.2926242 37.9438183,49.297438 37.9377127,49.2988651 37.941993,49.302419 37.9416933,49.3055205 37.9342896,49.3096593 37.9269816,49.3101333 37.9235643,49.3120765 37.9235801,49.3141316 37.9280751,49.3156679 37.9286811,49.3223001 37.9383405,49.3220359 37.936819,49.3285045 37.9516062,49.3284837 37.9494995,49.3312362 37.9418267,49.3316235 37.9409771,49.3358695 37.937795,49.3360904 37.9371067,49.3394104 37.9416542,49.3401018 37.9457726,49.3415762 37.9450846,49.3433022 37.936487,49.344091 37.9348425,49.3506674 37.9172412,49.3489722 37.9149008,49.3522804 37.91256,49.3553928 37.9128056,49.3572356 37.9191025,49.3589244 37.9207168,49.3566663 37.9226742,49.3546876 37.9234908,49.3546978 37.9233634,49.3563293 37.9249753,49.3574539 37.9223695,49.3585264 37.9194846,49.361206 37.9136271,49.3635869 37.9116105,49.363005 37.9072768,49.360723 37.9041709,49.3652007 37.9027383,49.3692591 37.8961389,49.3683487 37.8944413,49.3694903 37.8898033,49.3697323 37.8867293,49.3704116 37.8832605,49.3708302 37.8808646,49.3713185 37.8781326,49.3711774 37.8786838,49.3693595 37.8833796,49.3683109 37.881638,49.3642161 37.8721841,49.3631241 37.8696692,49.3659152 37.8636944,49.3674165 37.8615717,49.367624 37.8581412,49.3674237 37.8594429,49.3733322 37.8393576,49.3722253 37.830215,49.372627 37.8297821,49.3819243 37.8224295,49.3819172 37.7934941,49.3835812 37.794213,49.3848221 37.7904956,49.3865881 37.7844338,49.3870234 37.7837744,49.3838237 37.7757767,49.3839483 37.7772907,49.3860972 37.7753404,49.3874058 37.773371,49.3874668 37.7596894,49.392407 37.7597489,49.3932926 37.7421308,49.4007627 37.7413788,49.3999693 37.7426785,49.3994787 37.7369524,49.3928805 37.7355202,49.3933386 37.7362035,49.3941886 37.7357297,49.3949488 37.7344628,49.3948471 37.7329814,49.394494 37.731197,49.3950507 37.7305836,49.3959715 37.7265433,49.3981006 37.7233181,49.3999504 37.7218772,49.3992447 37.7160373,49.4037195 37.7154785,49.4048609 37.7139326,49.4063374 37.7148319,49.4076148 37.7093635,49.4065675 37.7050325,49.4057853 37.6971816,49.405728 37.6912854,49.4071766 37.6873886,49.4080354 37.6848992,49.4096565 37.680337,49.4091922 37.676788,49.4093141 37.6784078,49.4062309 37.6743684,49.4058622 37.6693418,49.4067778 37.6692342,49.4093794 37.6642766,49.4100587 37.660883,49.4109893 37.6620538,49.4124545 37.6630951,49.4186937 37.665092,49.4186085 37.6689054,49.4276175 37.6805785,49.427116 37.6806474,49.4259094 37.6829477,49.4257981 37.6838963,49.4272501 37.6878953,49.4371036 37.6972922,49.4370003 37.6980082,49.4361566 37.7008594,49.4356687 37.7028952,49.435711 37.7036696,49.4378239 37.7033727,49.4397335 37.6990454,49.4396176 37.69921,49.4376136 37.6830382,49.4377761 37.6816364,49.4388266 37.678414,49.4392458 37.6759225,49.4389548 37.6757056,49.438273 37.6690513,49.4387632 37.6630407,49.4394485 37.6810818,49.4623035 37.6840239,49.4686734 37.687362,49.467605 37.691215,49.4654209 37.7005501,49.4712775 37.7080626,49.4680697 37.7120282,49.4654739 37.730272,49.4531301 37.7275588,49.4517699 37.7303864,49.450755 37.7337504,49.4508979 37.7342773,49.4512535 37.7338434,49.4550231 37.7312207,49.4536038 37.7273676,49.4561832 37.7208394,49.4608167 37.7284336,49.4645705 37.7324196,49.4620422 37.734045,49.4618567 37.7394395,49.4643072 37.7492983,49.4704945 37.7483197,49.4713033 37.7439078,49.472349 37.7415558,49.4728927 37.738839,49.472293 37.7342173,49.4681643 37.7192568,49.4783419 37.7085247,49.4847699 37.7035052,49.4852813 37.7098798,49.487103 37.7126761,49.4917495 37.7120837,49.4945417 37.7077534,49.4961886 37.7060839,49.4958008 37.702751,49.4975037 37.7025026,49.498992 37.7012411,49.4992623 37.7003229,49.4972471 37.6975944,49.4980635 37.696754,49.498615 37.6971152,49.5006158 37.6941469,49.5009106 37.6916652,49.5002609 37.6859005,49.5000849 37.6832366,49.4986963 37.6799076,49.498311 37.6793046,49.4975645 37.6791738,49.496163 37.6771308,49.4935895 37.6742725,49.4928974 37.6722807,49.4911743 37.6699853,49.4875761 37.6581391,49.4802762 37.6504116,49.468861 37.6510552,49.4598428 37.6466136,49.4592387 37.6453479,49.4568215 37.640199,49.4558645 37.6388269,49.4536521</coordinates>
              </LinearRing>
            </outerBoundaryIs>
          </Polygon>
          <Polygon>
            <outerBoundaryIs>
              <LinearRing>
                <tessellate>1</tessellate>
                <coordinates>37.6313801,49.4612035 37.6349096,49.4620967 37.6350437,49.4651094 37.6379433,49.4679545 37.6380965,49.4733654 37.6472358,49.4855269 37.6474003,49.4937963 37.6439518,49.4975111 37.649414,49.5025998 37.6580391,49.505655 37.658981,49.5109691 37.6659269,49.5177523 37.6770733,49.5173884 37.6829525,49.5208096 37.6901613,49.5258015 37.6902438,49.529545 37.6912569,49.53562 37.6877581,49.5398035 37.6880357,49.5428731 37.6839454,49.5466098 37.6815711,49.5521285 37.6768437,49.5598088 37.6684255,49.5691857 37.6504764,49.5827172 37.6458981,49.5900895 37.646899,49.5986643 37.6428611,49.6070507 37.6542732,49.6069822 37.6592447,49.60284 37.659574,49.5978924 37.6677569,49.5905615 37.6759387,49.5803757 37.67256,49.5742488 37.6749781,49.5723543 37.6861728,49.5742852 37.6883803,49.5745272 37.6878535,49.5760257 37.6908225,49.5769151 37.6909592,49.5783055 37.6971471,49.5790278 37.6988248,49.5810306 37.7059291,49.5824214 37.7050299,49.5792628 37.708041,49.5791083 37.7116099,49.5795937 37.712203,49.5770305 37.7180858,49.5782728 37.7195577,49.5802711 37.7181481,49.5808251 37.7177008,49.5826881 37.7180352,49.5847326 37.7215929,49.5859495 37.7261185,49.5858345 37.7273512,49.6008265 37.7378172,49.599796 37.7367379,49.5854408 37.7377222,49.5855963 37.7391471,49.5996151 37.7453552,49.6009848 37.745432,49.6022319 37.7464961,49.6054788 37.7651984,49.6021056 37.765007,49.6003302 37.7725403,49.6001414 37.7727182,49.6059896 37.7652138,49.605608 37.7677573,49.6114639 37.7927917,49.6073365 37.7870069,49.6196357 37.8010032,49.6204497 37.8054858,49.6108651 37.8181125,49.6153038 37.8139602,49.6250533 37.8018246,49.6282613 37.788058,49.6294241 37.7880848,49.6352253 37.7797656,49.6354815 37.7802958,49.6407032 37.7576719,49.6406808 37.7226855,49.6443373 37.7244358,49.6512117 37.72141,49.6574009 37.7165592,49.6576639 37.7174954,49.6656358 37.7198608,49.66874 37.7273762,49.6682887 37.7376384,49.6679487 37.7417215,49.6668021 37.7661676,49.6644227 37.7657657,49.6659322 37.7597262,49.6672842 37.7601051,49.6781934 37.7744326,49.6743275 37.7754833,49.6769275 37.7723781,49.6780766 37.7732916,49.6791667 37.7705573,49.6795488 37.7708913,49.6807915 37.768816,49.6808368 37.7669767,49.6814096 37.7660874,49.6825135 37.7638247,49.6834091 37.7628495,49.6842908 37.7557884,49.6860326 37.7530301,49.6879585 37.7511037,49.6896779 37.7502823,49.6898079 37.7497865,49.6907478 37.7504171,49.6916946 37.7522547,49.6926832 37.7484273,49.6939147 37.7484901,49.6952957 37.7482524,49.6958023 37.7487896,49.6983212 37.7436542,49.6988741 37.7436363,49.6995171 37.7423024,49.6996582 37.744172,49.7128064 37.7479318,49.7209698 37.7476954,49.7214113 37.748532,49.7228876 37.7484997,49.7246135 37.7469914,49.7261858 37.746793,49.7292783 37.7475815,49.7413017 37.7412331,49.7411351 37.7350135,49.7391653 37.7317148,49.7405879 37.7242704,49.7382394 37.7157532,49.7379988 37.7120225,49.7381 37.7090009,49.738748 37.6979109,49.7393681 37.697712,49.7383264 37.6949105,49.7375189 37.6924524,49.7389303 37.688328,49.7382518 37.6831305,49.7361311 37.675229,49.7282124 37.6768738,49.7192086 37.6732835,49.7146431 37.6650004,49.7135578 37.6606974,49.7117353 37.6530262,49.7053417 37.6413898,49.7059546 37.638508,49.7073442 37.6338169,49.7078088 37.6318592,49.708488 37.6286734,49.7085144 37.6284562,49.707154 37.6276288,49.7062867 37.6268014,49.7034488 37.6275795,49.6989935 37.6314607,49.6945414 37.6341806,49.6891563 37.6332277,49.6852702 37.6277258,49.6861042 37.6218718,49.6855231 37.6203291,49.68865 37.6171911,49.6878674 37.6188165,49.684253 37.6179315,49.6801245 37.6169163,49.6782211 37.617017,49.6742069 37.6153098,49.6691525 37.6140323,49.6644869 37.6136229,49.6615997 37.6019683,49.6627088 37.597227,49.6574481 37.5851674,49.657261 37.5738317,49.6572199 37.5782808,49.6867755 37.5724948,49.6905424 37.5653997,49.695963 37.5579536,49.6974897 37.5516353,49.7005508 37.5510721,49.7089368 37.5500349,49.7124007 37.5559493,49.7161417 37.5569699,49.7228879 37.5506416,49.7241967 37.5556959,49.7281994 37.5622209,49.7311543 37.561663,49.7320142 37.5650962,49.7342887 37.5683578,49.7343997 37.5706323,49.7336785 37.5729497,49.735426 37.5736364,49.7373675 37.5744947,49.7378945 37.5791725,49.7377281 37.5791725,49.7382689 37.5767478,49.7383799 37.5779816,49.7392535 37.5787863,49.7403421 37.5803634,49.7403213 37.5808998,49.7409938 37.5807496,49.7416664 37.5824126,49.7425192 37.5823589,49.7433512 37.581286,49.7437672 37.5794836,49.7429421 37.5783035,49.7441208 37.5774344,49.7439682 37.5770374,49.7418535 37.5759109,49.7413336 37.575353,49.7419714 37.5744518,49.7453548 37.575353,49.7485992 37.5738939,49.7505125 37.5760396,49.7518157 37.5727781,49.7538952 37.5719198,49.7568342 37.5670275,49.754228 37.5552686,49.7540616 37.5551828,49.7593293 37.5638149,49.7579078 37.5677951,49.7597388 37.5650806,49.762346 37.5644357,49.766177 37.5643474,49.7678514 37.5615924,49.771509 37.5643474,49.7738609 37.5589969,49.7770929 37.559478,49.7788903 37.5594416,49.7803261 37.5580748,49.7812909 37.5584473,49.7836194 37.5609297,49.7821791 37.5616988,49.7824147 37.5605384,49.7846523 37.5645894,49.7866998 37.5641247,49.787431 37.5599553,49.7863303 37.5592125,49.7878 37.5576838,49.7879687 37.5573982,49.7889537 37.5436806,49.7851173 37.4604631,49.76048 37.4891192,49.6094792 37.5849968,49.6141973 37.5909398,49.6039382 37.6284842,49.5771943 37.6337218,49.509693 37.6297714,49.4581997 37.6313801,49.4612035</coordinates>
              </LinearRing>
            </outerBoundaryIs>
          </Polygon>
        </MultiGeometry>
      </Placemark>
      <Placemark>
        <name>Muravka AFU</name>
        <ExtendedData>
          <Data name="name">
            <value />
          </Data>
          <Data name="description">
            <value />
          </Data>
        </ExtendedData>
        <Polygon>
          <outerBoundaryIs>
            <LinearRing>
              <tessellate>1</tessellate>
              <coordinates>36.8784422,48.1583468 36.8887932,48.1594702 36.8900853,48.1540053 36.9003891,48.1550103 36.8985653,48.1622945 36.8789415,48.1599827 36.8774112,48.1666123 36.8839847,48.1680095 36.8805339,48.1704826 36.882147,48.1741006 36.8756846,48.1732945 36.874912,48.1732232 36.8784422,48.1583468</coordinates>
            </LinearRing>
          </outerBoundaryIs>
        </Polygon>
      </Placemark>
      <Placemark>
        <name>UKR-Controlled Right bank of the Zaporozhye Region</name>
        <ExtendedData>
          <Data name="name">
            <value />
          </Data>
          <Data name="description">
            <value />
          </Data>
        </ExtendedData>
        <Polygon>
          <outerBoundaryIs>
            <LinearRing>
              <tessellate>1</tessellate>
              <coordinates>35.1392345,48.0189674 35.0386102,48.0981787 34.9962353,48.0920714 34.9906004,48.0887109 34.9872926,48.0959782 34.9374034,48.0910004 34.9141788,48.0902046 34.9106271,48.1026033 34.9124368,48.1131884 34.9205231,48.1139607 34.9157286,48.1306393 34.881401,48.1268445 34.8776193,48.1339228 34.8554462,48.1330526 34.8764667,48.0541413 34.8397522,48.0512809 34.8466344,48.0137013 34.8582038,48.0143699 34.8663058,47.9986798 34.8700046,47.9824431 34.9048044,47.9861556 34.9127695,47.95801 34.9086755,47.9576063 34.9110905,47.9476325 34.9117791,47.9419746 34.9186466,47.9340166 34.8814828,47.9290737 34.8766571,47.942706 34.8491858,47.9375533 34.8540071,47.9214093 34.8021665,47.9156459 34.8174721,47.8646581 34.8394782,47.8711477 34.849625,47.8777302 34.8580566,47.8790156 34.8647779,47.8776636 34.8707108,47.8516512 34.8794011,47.8506227 34.8977047,47.8523573 34.9026121,47.8301271 34.8794879,47.8199348 34.8925865,47.7596856 34.9571674,47.7692994 34.9651214,47.7406213 34.955086,47.738934 34.9574488,47.7270085 34.950728,47.7268175 34.9556067,47.7126341 34.9295435,47.7109673 34.9379647,47.6780192 34.9050786,47.6733187 34.9150575,47.633742 34.9318676,47.6350947 34.9407968,47.6013493 34.937364,47.5916769 34.9263568,47.5953997 34.9280657,47.5907764 34.9338938,47.5875422 34.934616,47.5825631 34.9272121,47.5819296 34.9275657,47.5810629 34.9360732,47.5820487 34.9445247,47.5738337 34.9326755,47.5692155 34.9335248,47.5661175 34.9479246,47.5723712 34.9570674,47.5688374 34.9623887,47.5583818 35.0222922,47.5768605 35.0448856,47.6118991 35.0936113,47.6353534 35.1630524,47.7537699 35.1460167,47.81773 35.0830051,47.8418871 35.0830581,47.867867 35.1305185,47.8956141 35.1124637,47.949952 35.1392345,48.0189674</coordinates>
            </LinearRing>
          </outerBoundaryIs>
        </Polygon>
      </Placemark>
      <Placemark>
        <name>UKR-Southwest Donetsk</name>
        <ExtendedData>
          <Data name="name">
            <value />
          </Data>
          <Data name="description">
            <value />
          </Data>
        </ExtendedData>
        <Polygon>
          <outerBoundaryIs>
            <LinearRing>
              <tessellate>1</tessellate>
              <coordinates>36.5833243,48.0163104 36.5777073,48.0158473 36.5759489,48.014609 36.5704507,48.0128413 36.5693128,48.011611 36.5713707,48.0101092 36.5728376,48.0101128 36.573575,48.0113509 36.5765641,48.0108711 36.5825941,48.007058 36.5865398,47.9996309 36.5881518,48.0007219 36.5835835,48.0134133 36.5877706,48.0131842 36.592215,48.0118641 36.5951447,48.0117513 36.5961978,48.012904 36.5833243,48.0163104</coordinates>
            </LinearRing>
          </outerBoundaryIs>
        </Polygon>
      </Placemark>
      <Placemark>
        <name>UKR-Controlled Sumy Region</name>
        <ExtendedData>
          <Data name="name">
            <value />
          </Data>
          <Data name="description">
            <value />
          </Data>
        </ExtendedData>
        <Polygon>
          <outerBoundaryIs>
            <LinearRing>
              <tessellate>1</tessellate>
              <coordinates>35.0819664,51.1025099 35.0771593,51.0990935 35.076901,51.0965387 35.053727,51.1045266 35.0527836,51.1031738 35.0642754,51.0993753 35.061302,51.0966907 35.055754,51.0948145 35.0504093,51.0933796 35.0500111,51.0897509 35.0343973,51.0895387 35.0347363,51.0952131 35.0332732,51.0963591 35.0207597,51.0894191 34.9922274,51.0985768 34.965825,51.0994705 34.9663245,51.1053611 34.9719741,51.105539 34.9762779,51.1071736 34.9778138,51.1098052 34.9757563,51.1122113 34.9685689,51.1153677 34.9645673,51.1162858 34.9651195,51.1203997 34.958253,51.1225008 34.9590684,51.1283455 34.9579097,51.1283186 34.9497558,51.1318197 34.9513007,51.1334086 34.9551202,51.1327623 34.9553777,51.1340818 34.9484683,51.136667 34.9483288,51.1377913 34.9436242,51.1388112 34.9423099,51.1377038 34.9480285,51.1356774 34.9458076,51.1329508 34.940101,51.1355227 34.9393822,51.1349942 34.9386634,51.13285 34.9298766,51.1355528 34.9200155,51.1193491 34.9120332,51.1225546 34.9172903,51.1309041 34.9158312,51.1313215 34.910102,51.1220967 34.9198083,51.1181824 34.9195041,51.1117482 34.909784,51.1097444 34.9073581,51.0981607 34.90273,51.098862 34.8907635,51.0978649 34.8884514,51.1008412 34.8889322,51.1052145 34.8749418,51.1167999 34.8692341,51.1175542 34.8708648,51.1198709 34.8724956,51.1235612 34.8664446,51.1260931 34.8628397,51.1272781 34.8632689,51.1286517 34.8605866,51.1291499 34.8600287,51.1276686 34.8483987,51.1280862 34.8339577,51.1275475 34.8315743,51.1298537 34.8293213,51.1298268 34.8279694,51.1309848 34.8249794,51.1299993 34.8233985,51.1320111 34.8254405,51.1323169 34.8256891,51.1329815 34.8343493,51.1348846 34.8365809,51.1370927 34.8255087,51.1380621 34.8265386,51.1398258 34.8287273,51.1396979 34.8274828,51.1426395 34.8261524,51.1442819 34.8270322,51.1474586 34.8270751,51.1505882 34.8334695,51.1465568 34.8439193,51.145076 34.844327,51.1469875 34.834242,51.1481182 34.8293496,51.1512141 34.8266401,51.1519609 34.8266186,51.1542221 34.825696,51.1575328 34.8235717,51.1595918 34.821104,51.1606684 34.8205246,51.1594707 34.8226503,51.1587103 34.8243466,51.1570347 34.825114,51.1534833 34.8250229,51.1509009 34.8192622,51.1521964 34.813406,51.1512341 34.8124751,51.1491076 34.8147257,51.1306693 34.8099542,51.1289765 34.8055261,51.1300844 34.7898338,51.1410687 34.7894066,51.1485244 34.7870116,51.1492704 34.7866334,51.1502048 34.7873711,51.1515161 34.7857645,51.1517718 34.7850403,51.1509912 34.7822187,51.1508296 34.7810384,51.1526062 34.7789355,51.1559709 34.782486,51.1576566 34.7833658,51.1590562 34.7793318,51.1599175 34.7753836,51.1617207 34.7674014,51.161317 34.7662212,51.1618015 34.7649981,51.1679507 34.7804476,51.1699016 34.7799971,51.1716506 34.7746541,51.170951 34.7729375,51.1726731 34.7707487,51.1719736 34.7708775,51.1715834 34.7658564,51.1706887 34.7648909,51.170803 34.7643115,51.171839 34.7604061,51.1710519 34.7601809,51.1715565 34.7581317,51.1711394 34.759462,51.1677758 34.7557284,51.1657037 34.7552349,51.1687311 34.7525312,51.1684082 34.750085,51.166834 34.7502781,51.1653943 34.7469421,51.1651387 34.726535,51.163782 34.7256314,51.1659395 34.7186306,51.1673475 34.7183459,51.1681769 34.7168595,51.1684143 34.7163731,51.1677902 34.7131829,51.1683231 34.710236,51.1679359 34.7079793,51.1701615 34.707908,51.1722317 34.7015157,51.1728146 34.6965826,51.1724823 34.6912412,51.1761185 34.6898473,51.1753425 34.685395,51.1771652 34.6833458,51.1788802 34.6861995,51.1811264 34.6834093,51.186157 34.6694132,51.1975624 34.6649663,51.2364911 34.6416362,51.2351225 34.642167,51.2365473 34.6351606,51.2366016 34.6230736,51.2324376 34.6119592,51.2472218 34.5952425,51.2414445 34.5897295,51.2356394 34.5801767,51.2347396 34.5561963,51.2449922 34.5417616,51.2531801 34.5224205,51.2530533 34.5120413,51.2415874 34.4963493,51.2430004 34.4808253,51.2466904 34.4580004,51.2536004 34.4550934,51.2575344 34.4453264,51.2622605 34.4353459,51.2548192 34.4317178,51.2551931 34.4277258,51.2564121 34.4234762,51.2568791 34.4190973,51.2549653 34.4247594,51.2516752 34.4196054,51.2476732 34.4120479,51.2367672 34.4055152,51.2425723 34.4010478,51.2421153 34.3970956,51.2412283 34.3920274,51.2430276 34.3902226,51.2407031 34.3852863,51.24212 34.3857362,51.244682 34.382442,51.2448348 34.3819965,51.2434066 34.3758943,51.2458626 34.3770877,51.2466529 34.3746666,51.2488851 34.3742195,51.2521917 34.3753847,51.2539171 34.3722356,51.2559887 34.3664995,51.2552785 34.3583105,51.2496047 34.3607404,51.2481645 34.3513124,51.2457252 34.3434232,51.2377885 34.3394829,51.2401687 34.3334766,51.2365759 34.3293586,51.2347029 34.3208663,51.2293445 34.3105778,51.2292685 34.3109431,51.2308363 34.3066958,51.2313915 34.3060972,51.233469 34.3007805,51.2336463 34.3001738,51.2326233 34.2923576,51.2315463 34.2879691,51.237883 34.2769602,51.2390547 34.2709062,51.2413971 34.2725302,51.2437177 34.2609271,51.246745 34.2604311,51.2505327 34.2561025,51.2511972 34.2457104,51.2510021 34.2409826,51.2568235 34.2304061,51.2650407 34.2350374,51.2693091 34.2350358,51.2707451 34.2311726,51.2710336 34.2346909,51.2735774 34.2507359,51.2756684 34.2624479,51.2769954 34.2642053,51.2872344 34.2691485,51.299748 34.2865395,51.2980375 34.2914542,51.3014854 34.2995675,51.300545 34.30034,51.3040331 34.2972501,51.3107938 34.3055757,51.3224349 34.312013,51.325814 34.3128507,51.3345924 34.3170977,51.3435744 34.3385167,51.3566304 34.3312277,51.3610854 34.3370757,51.3643124 34.3319367,51.3675384 34.3232967,51.3683154 34.3095038,51.3727374 34.3014868,51.3745064 34.2861368,51.3741844 34.2921068,51.3875224 34.2815968,51.3895044 34.2726308,51.3832374 34.2683859,51.3866114 34.2302699,51.3986064 34.222321,51.4162984 34.227332,51.4205014 34.223276,51.4280504 34.2468559,51.4308814 34.2457739,51.4370044 34.2553349,51.4394894 34.2451719,51.4560634 34.2575029,51.4602274 34.2674359,51.4752994 34.2819208,51.4736674 34.2909198,51.4804844 34.2909918,51.4864454 34.2981578,51.4927584 34.2905198,51.5090304 34.3061588,51.5129324 34.3063478,51.5195814 34.2957408,51.5239374 34.2956308,51.5327134 34.2858718,51.5328194 34.2846968,51.5346344 34.2596869,51.5333494 34.2589249,51.5478674 34.2560269,51.5480744 34.2509149,51.5544684 34.2561389,51.5597854 34.2466669,51.5682864 34.2483189,51.5763284 34.2375359,51.5835574 34.224894,51.5761394 34.216772,51.5747424 34.215166,51.5891354 34.21253,51.5896624 34.211245,51.6003074 34.1822191,51.5970574 34.1793191,51.6249724 34.1667001,51.6451604 34.1300842,51.6428964 34.1305732,51.6484184 34.1132082,51.6489344 34.1033573,51.6655594 34.0920343,51.6616264 34.0820813,51.6643444 34.0853463,51.6684474 34.1325912,51.6888894 34.1623701,51.6887224 34.216879,51.7000334 34.2895218,51.7051674 34.3098678,51.7179744 34.4055206,51.7175434 34.4369075,51.7353644 34.4361595,51.7620134 34.4106795,51.7810094 34.4146455,51.8156084 34.4139075,51.8253444 34.3910496,51.8362594 34.3877556,51.8435664 34.3697556,51.8455024 34.3627357,51.8586774 34.3043498,51.8866994 34.2755739,51.8878594 34.2632279,51.8785604 34.2457349,51.8815504 34.2584679,51.8900744 34.1896821,51.9682724 34.1736721,51.9704514 34.1436932,51.9679434 34.1294312,51.9852634 34.1360562,51.9911204 34.1392502,51.9990904 34.1257212,52.0057314 34.0972853,52.0050604 34.0915283,52.0309944 34.0992413,52.0407854 34.0925903,52.0514694 34.0831893,52.0579304 34.0797224,52.0697824 34.0632254,52.0691654 34.0632064,52.0727694 34.0995343,52.0930944 34.0876603,52.1014114 34.0880743,52.1094704 34.0998193,52.1122584 34.1106073,52.1231054 34.1148743,52.1404844 34.0892553,52.1550374 34.0759404,52.1548134 34.0550654,52.1714364 34.0653464,52.182687 34.0617238,52.1855169 34.0531412,52.1981012 34.0157791,52.2020961 34.0008276,52.2090344 33.9997736,52.2269114 33.9818286,52.2340464 33.9694966,52.2332544 33.9578357,52.2440004 33.9393027,52.2496994 33.9413947,52.2661894 33.9448887,52.2743734 33.9443207,52.2823404 33.9255408,52.2942994 33.9211888,52.3043214 33.9085948,52.3080444 33.9053788,52.3028944 33.8933998,52.3074614 33.8762959,52.3065124 33.838224,52.3202624 33.8550769,52.3335914 33.833279,52.3625784 33.7863151,52.3651154 33.7498322,52.3608274 33.7278152,52.3536104 33.7169643,52.3626444 33.6549304,52.3391994 33.6218775,52.3381624 33.5819726,52.3215894 33.5788936,52.3119644 33.5554037,52.3030924 33.4934588,52.3105784 33.4812318,52.3165904 33.4906278,52.3294224 33.5166448,52.3409204 33.5138598,52.3554284 33.4557889,52.3632194 33.4445809,52.3456324 33.4454592,52.3377009 33.4401581,52.3348037 33.4313317,52.3344719 33.4182152,52.3284746 33.4249197,52.3001042 33.4072036,52.3004031 33.3869085,52.2789075 33.3202812,52.2136604 33.512432,52.0798982 33.1222927,51.8416818 32.9696157,51.1539522 33.2385072,50.7311145 33.2142171,50.72742 33.2140455,50.7216062 33.2084665,50.7213345 33.20366,50.7225843 33.1944761,50.7219866 33.1905279,50.7198673 33.1839189,50.7191609 33.1743917,50.7163351 33.158513,50.7153025 33.1537923,50.7094328 33.1360254,50.7107372 33.1511316,50.6937223 33.14684,50.6546134 33.1392869,50.6484095 33.1317124,50.6499469 33.1252536,50.6505592 33.1177649,50.6480558 33.1167993,50.6444365 33.118237,50.6406807 33.1213483,50.6394288 33.1113061,50.6113871 33.1051263,50.6060491 33.1032381,50.6025628 33.1187734,50.6001113 33.1224641,50.5992941 33.1228684,50.5954184 33.1185374,50.5918433 33.1038389,50.592865 33.093625,50.5853996 33.0980882,50.5807127 33.0808362,50.5691024 33.0765447,50.563487 33.0769739,50.5625601 33.073884,50.556126 33.0475073,50.5403372 33.0584936,50.5287715 33.0530004,50.5249521 33.0612402,50.5214597 33.069305,50.517772 33.1008011,50.5171267 33.1182661,50.5046805 33.1305999,50.5125368 33.1362549,50.5084949 33.147881,50.5109772 33.1540163,50.5213185 33.1772764,50.521259 33.193673,50.5072034 33.2213537,50.503775 33.2302203,50.510137 33.2386039,50.5100435 33.243902,50.5400749 33.2715942,50.5527678 33.2845902,50.5505214 33.2838524,50.545875 33.291868,50.5450463 33.3002249,50.534617 33.3171085,50.5323049 33.3181964,50.5199529 33.3737465,50.5208924 33.3746952,50.4980291 33.4121319,50.4995213 33.4150335,50.4916446 33.4207748,50.4915832 33.4191821,50.4824324 33.4338346,50.4759447 33.438672,50.4778347 33.4333813,50.4850774 33.4639103,50.4930775 33.4768638,50.4902133 33.4798596,50.4851643 33.4880053,50.4832812 33.5030204,50.4971246 33.5083384,50.4879764 33.5311604,50.4786081 33.5380163,50.4892245 33.5635053,50.4901089 33.5716585,50.4950317 33.6126405,50.486584 33.6141348,50.4825011 33.7180975,50.4669368 33.7355121,50.4585523 33.7861201,50.4605441 33.7880428,50.4773821 33.8281462,50.4816524 33.8254762,50.4880145 33.8447397,50.4911961 33.8533437,50.5023975 33.8159306,50.5081082 33.811814,50.5157803 33.8174504,50.5178113 33.889516,50.535909 33.9162589,50.5138258 33.9574317,50.5464683 34.0274417,50.5022044 34.1035486,50.5053724 34.2140485,50.5329184 34.2492712,50.5123963 34.2514978,50.4394591 34.3121964,50.4010853 34.3905722,50.3667782 34.3775959,50.3600513 34.4113724,50.3352131 34.3991339,50.3173861 34.4562776,50.2860791 34.5106321,50.2810659 34.5129754,50.250805 34.5701036,50.2266835 34.5179571,50.1733113 34.5351441,50.1699732 34.52761,50.1547593 34.5368972,50.1547228 34.5386231,50.1416692 34.5466951,50.1402033 34.5461834,50.133016 34.6639636,50.1102788 34.6737047,50.1337701 34.6804736,50.1316497 34.6769913,50.1113273 34.6991041,50.1105192 34.6978045,50.150718 34.7186213,50.1513429 34.7338356,50.1611124 34.7501974,50.155108 34.741152,50.1449239 34.7994252,50.1594409 34.8270266,50.1589914 34.8319017,50.1556852 34.8427506,50.1588709 34.8467344,50.1651355 34.8549426,50.1623114 34.9029727,50.1592605 34.941345,50.1518267 35.0403772,50.1641534 35.0701612,50.2057244 35.149616,50.2425334 35.2666167,50.2656144 35.3299846,50.3177204 35.3818815,50.3205394 35.4471071,50.335859 35.5213491,50.3159984 35.5969308,50.3289304 35.6298637,50.3268694 35.6270557,50.3174844 35.6571466,50.3127264 35.6611026,50.3273264 35.6744986,50.3258504 35.6916286,50.3430594 35.6558716,50.3458864 35.6584996,50.3515384 35.6283517,50.3546054 35.6264927,50.3519744 35.6013698,50.3672484 35.6116347,50.3745624 35.5968368,50.3836274 35.5940188,50.3932204 35.5838937,50.3925665 35.5838037,50.4311667 35.5733919,50.4273831 35.5703037,50.4292133 35.5700041,50.4322881 35.5759703,50.4339139 35.5823687,50.4340752 35.5825923,50.4430632 35.5657836,50.4411899 35.5646738,50.4437242 35.5688826,50.4467405 35.5703457,50.4526807 35.5666032,50.4525839 35.5631183,50.4513668 35.5519744,50.4533816 35.544649,50.4509143 35.5413163,50.4537858 35.5414592,50.4578595 35.5360996,50.460787 35.5327328,50.4622779 35.5284363,50.4621043 35.5248265,50.4614388 35.5178908,50.4616475 35.5180706,50.4660817 35.5171345,50.4672925 35.4878189,50.4766668 35.4682338,50.4843142 35.4594265,50.5004092 35.426566,50.5309124 35.4143815,50.5587341 35.3837897,50.5799053 35.4100553,50.6038091 35.3858494,50.6461192 35.3980376,50.6619141 35.4470998,50.6665614 35.4698866,50.6697872 35.4788802,50.6760787 35.45677,50.6823796 35.4638935,50.6935486 35.460342,50.6970872 35.4566145,50.7047549 35.4667267,50.710249 35.4690236,50.7277136 35.4583265,50.7396001 35.4752913,50.7527124 35.4699874,50.7546489 35.4811643,50.7750455 35.4715869,50.7763169 35.4503651,50.7829847 35.4160345,50.7983751 35.4064744,50.8078659 35.4140628,50.8327443 35.4157439,50.8448739 35.4184637,50.8464507 35.4128713,50.8521708 35.4141072,50.8534052 35.4078586,50.8595492 35.4031018,50.8646794 35.4020388,50.8670731 35.402983,50.8681294 35.4036696,50.8712169 35.4027255,50.8734917 35.4022963,50.8754415 35.3977473,50.8792596 35.3937132,50.878339 35.3866322,50.8755769 35.3818566,50.8704398 35.3697591,50.866774 35.3654522,50.8751816 35.3707231,50.8753506 35.3726371,50.8764954 35.3744655,50.8796441 35.3778648,50.8787385 35.3755568,50.8844937 35.3847456,50.8811168 35.386467,50.8830466 35.3796582,50.8855088 35.3830356,50.8863178 35.3831817,50.8883151 35.3757478,50.8866244 35.3639676,50.88947 35.3610056,50.8911544 35.3617324,50.8954902 35.3722674,50.8970085 35.3729006,50.9004199 35.3722044,50.9046971 35.3632964,50.9118682 35.3597857,50.9100146 35.3546185,50.9109142 35.3421312,50.9078414 35.3376044,50.9118443 35.3539571,50.9157914 35.3569812,50.9174893 35.3571487,50.9215075 35.3488659,50.9214263 35.3473939,50.9194189 35.3436046,50.9180066 35.3409959,50.9198264 35.3392562,50.9212029 35.3303527,50.9208411 35.3266007,50.9229064 35.3194581,50.9225906 35.3142681,50.9236002 35.3107086,50.9254754 35.3154974,50.9267378 35.3155319,50.9290731 35.3179954,50.9293483 35.3180534,50.9306004 35.3219739,50.930446 35.3226466,50.933371 35.3260661,50.9355657 35.3244937,50.937467 35.3164348,50.9401256 35.3203231,50.9436588 35.3179972,50.9450876 35.3190184,50.9462454 35.3171515,50.9469957 35.3201342,50.9499631 35.3284168,50.9507742 35.3305177,50.9516275 35.3344959,50.9547305 35.3374457,50.9588611 35.3408095,50.9630348 35.3419561,50.9651626 35.3423303,50.9684795 35.3485451,50.9729503 35.3432589,50.9741788 35.3388304,50.9702197 35.333869,50.9742384 35.3299278,50.9789504 35.3300161,50.985792 35.3269702,50.9885652 35.3166061,50.9945442 35.3045565,51.0042318 35.2930383,51.0033512 35.2896817,51.0120925 35.3121232,51.0206206 35.3085478,51.0411281 35.2886769,51.0406871 35.2880644,51.041398 35.279287,51.041366 35.2786419,51.0396889 35.274633,51.0390514 35.2714394,51.0405186 35.2683402,51.0394041 35.2655843,51.04088 35.2570556,51.0328662 35.2578127,51.0287508 35.2486744,51.0264716 35.2459007,51.0257329 35.2439853,51.0243462 35.2412275,51.0253249 35.2377287,51.0225043 35.2350318,51.022883 35.2300365,51.0233285 35.2294184,51.0253935 35.2286102,51.0284716 35.2243766,51.0305295 35.2185549,51.0341797 35.2151196,51.0381819 35.2132269,51.0426019 35.2127164,51.0451936 35.2109794,51.0451063 35.2107875,51.0436699 35.2074413,51.0415993 35.2040094,51.042173 35.2018734,51.0438484 35.1968719,51.0434214 35.1930485,51.0460478 35.1897857,51.0456116 35.1858582,51.0465942 35.1864693,51.0482187 35.1828095,51.0489397 35.1805749,51.047272 35.176924,51.0498129 35.1851577,51.051927 35.184594,51.0526953 35.1774886,51.0516226 35.1787945,51.0547582 35.1758955,51.0565357 35.1725002,51.0597129 35.1631102,51.0595483 35.1589496,51.061321 35.151612,51.0609531 35.1522242,51.0645208 35.14789,51.0699177 35.1516239,51.0737506 35.1518819,51.0751605 35.1438767,51.0762422 35.1454118,51.0787327 35.1394789,51.0840262 35.1464627,51.0888883 35.1485531,51.0925063 35.1401717,51.0961243 35.13388,51.0940881 35.1300509,51.0955139 35.1316871,51.0979765 35.1360001,51.100766 35.1257207,51.1002125 35.1220831,51.1006086 35.1166593,51.1051718 35.1071626,51.1040986 35.0986962,51.1020008 35.0885419,51.1055122 35.0819664,51.1025099</coordinates>
            </LinearRing>
          </outerBoundaryIs>
        </Polygon>
      </Placemark>
      <Placemark>
        <name>UKR-Controlled Northen Kharkov Region</name>
        <ExtendedData>
          <Data name="name">
            <value />
          </Data>
          <Data name="description">
            <value />
          </Data>
        </ExtendedData>
        <Polygon>
          <outerBoundaryIs>
            <LinearRing>
              <tessellate>1</tessellate>
              <coordinates>36.9531922,50.2845656 36.9540102,50.2835084 36.9574032,50.2840417 36.959015,50.2798444 36.9574705,50.2796624 36.9583937,50.2771629 36.9650246,50.2777625 36.9653039,50.2772102 36.9646153,50.2754984 36.9709551,50.2697799 36.9654797,50.2643942 36.9627507,50.2526985 36.9559204,50.2549056 36.953064,50.2528004 36.952372,50.2511963 36.9286647,50.2546165 36.9265958,50.2483243 36.9178808,50.2497025 36.9162073,50.2435519 36.9111653,50.2442347 36.9115311,50.2460121 36.9065551,50.2462732 36.9026849,50.2461674 36.9020974,50.23568 36.8984994,50.2359117 36.8980307,50.2380313 36.8950926,50.2385147 36.8951305,50.2394315 36.8937951,50.2402935 36.8924169,50.2397281 36.8920257,50.2383942 36.893239,50.2377886 36.8928215,50.2351793 36.8860741,50.2358909 36.8834034,50.2379478 36.8711532,50.2383536 36.8559442,50.2517102 36.8508065,50.2526875 36.8493852,50.2545987 36.8445336,50.2523552 36.843585,50.2530542 36.8408769,50.251489 36.8413876,50.2507469 36.8374224,50.248821 36.8357217,50.245976 36.8365742,50.2436111 36.8374106,50.2389679 36.8275771,50.2381385 36.8171769,50.2387847 36.8046124,50.2400757 36.7978042,50.2389249 36.7879192,50.2386799 36.7833812,50.2393947 36.7752791,50.2363731 36.7460151,50.2417736 36.7468922,50.2514691 36.7355379,50.2590195 36.720575,50.2662957 36.7122331,50.2618709 36.6923698,50.2560282 36.6885952,50.2472479 36.6898732,50.2324079 36.6783188,50.2179385 36.6566314,50.2173029 36.6524018,50.2036162 36.6456575,50.2071117 36.640581,50.206081 36.6378027,50.2159937 36.6274415,50.212197 36.6264571,50.2160278 36.6117843,50.2155553 36.60149,50.2175721 36.5889628,50.2220397 36.5850192,50.2243829 36.5578054,50.2308396 36.5455251,50.2262556 36.5356739,50.2225 36.5267287,50.2149707 36.5222127,50.2107969 36.5129772,50.2066228 36.5068962,50.2077484 36.500977,50.2069789 36.4946497,50.2113315 36.4816285,50.2156823 36.4808533,50.2103297 36.4735779,50.2053049 36.4710235,50.2062401 36.4652279,50.2086596 36.4612705,50.2138327 36.4465146,50.2181202 36.4531304,50.2252128 36.4521565,50.2309679 36.4446281,50.2337474 36.442016,50.2333762 36.4389106,50.2347336 36.4422348,50.2379387 36.4359616,50.2402422 36.4384213,50.2429514 36.4352885,50.2436688 36.4346877,50.2450997 36.4336792,50.2450074 36.434044,50.2432684 36.4172637,50.2447373 36.4152234,50.2473764 36.4150458,50.2498943 36.4186714,50.2499037 36.4224049,50.2494933 36.4225336,50.2502766 36.4185208,50.250718 36.4184132,50.2518066 36.4162016,50.2516883 36.4162845,50.2508892 36.4073892,50.2505464 36.4066736,50.2543965 36.4006516,50.2550309 36.3995288,50.2578449 36.3968431,50.2576605 36.3971186,50.2559396 36.3966618,50.2528727 36.3994392,50.2486046 36.4022118,50.24654 36.4005896,50.2422417 36.4028876,50.2368853 36.4011876,50.230001 36.391755,50.2296333 36.3883258,50.2319201 36.3912481,50.2357441 36.3895649,50.237677 36.3922728,50.2448594 36.3881701,50.24735 36.3906555,50.2513372 36.3844074,50.2699996 36.3775633,50.2702211 36.3726074,50.2706617 36.3671587,50.2713231 36.3642412,50.2686368 36.3583626,50.2691311 36.3543071,50.2719015 36.3463995,50.2730945 36.3455996,50.2772835 36.3387911,50.2817189 36.3259315,50.2862842 36.3196511,50.2899236 36.3136972,50.2910019 36.301665,50.2927469 36.2930738,50.2925769 36.2940568,50.2856642 36.2862232,50.2854706 36.2853841,50.2919398 36.2747586,50.3134727 36.2536974,50.3165024 36.2575227,50.3234016 36.2111287,50.3352835 36.2187568,50.3539708 36.2135224,50.3672471 36.2070046,50.3752904 36.1855471,50.3788736 36.1743844,50.3894604 36.1534058,50.4249052 36.0555176,50.4335854 36.0186987,50.4321773 35.9828243,50.4262751 35.9556972,50.4245749 35.935954,50.4214483 35.923243,50.4266772 35.8879133,50.4246674 35.8728998,50.4201487 35.8567765,50.4227901 35.8143976,50.4076466 35.8139923,50.399885 35.7879375,50.3774705 35.7721872,50.3674956 35.75647,50.3558567 35.7466604,50.3520686 35.7308123,50.3451438 35.7203984,50.3439985 35.7139873,50.3441167 35.6915435,50.343032 35.6744136,50.325823 35.6610176,50.327299 35.6570616,50.312699 35.6269707,50.317457 35.6297787,50.326842 35.5968458,50.328903 35.5213499,50.315971 35.447108,50.3358316 35.3818824,50.320512 35.3299856,50.317693 35.2666177,50.265587 35.1496171,50.242506 35.0701623,50.205697 35.0403783,50.164126 36.0727968,49.7295018 36.1599212,49.5821196 36.1483024,49.505611 36.3126894,49.4771293 36.4332528,49.5020611 36.8107766,49.3856466 36.9225218,49.1450876 37.2518254,49.1105726 37.3846514,49.048204 37.3890554,49.0495331 37.4016836,49.0514313 37.4076761,49.0517752 37.4094056,49.0527156 37.4102763,49.0541897 37.4135562,49.0561289 37.4156255,49.0595451 37.4174375,49.0613865 37.4190358,49.0614902 37.4207362,49.0610921 37.4227798,49.0612002 37.4318985,49.0594105 37.4327123,49.0602462 37.4361438,49.0612925 37.438632,49.061422 37.4409291,49.0586913 37.4428828,49.0573666 37.445223,49.0581286 37.4496234,49.0611402 37.450557,49.0602282 37.4503748,49.0562228 37.4493237,49.0552989 37.450054,49.0539574 37.4513427,49.0532429 37.4571803,49.0564939 37.4586406,49.0560886 37.463838,49.0614418 37.4666944,49.0613061 37.467865,49.0575543 37.4693514,49.0577875 37.4704945,49.0556022 37.4747966,49.0576324 37.4770539,49.0592886 37.4781733,49.0596075 37.4787987,49.0629244 37.4948889,49.0600623 37.5013314,49.06113 37.5046788,49.0628172 37.5054492,49.0657636 37.5044172,49.0697222 37.5063606,49.072832 37.5071883,49.0762229 37.5064636,49.0812957 37.5014892,49.0858057 37.4991733,49.0865429 37.4980591,49.0879545 37.5004754,49.0911541 37.4936197,49.093173 37.4934924,49.0933423 37.492683,49.0956584 37.4881363,49.0990134 37.4935908,49.1050913 37.4961507,49.1038617 37.5461578,49.1122744 37.5849508,49.1260479 37.5715255,49.1354766 37.5634708,49.1337591 37.5607834,49.13439 37.5629586,49.1366148 37.5548912,49.1402488 37.5455071,49.1429134 37.5496702,49.1483092 37.5627308,49.1446796 37.5641955,49.1480373 37.5595162,49.1537579 37.5544485,49.1652603 37.5322517,49.173562 37.5216591,49.1754126 37.5036224,49.179442 37.4987972,49.1817621 37.4987596,49.1850556 37.5146708,49.1989717 37.5473129,49.2126512 37.5652005,49.2298013 37.5175073,49.2727375 37.5870277,49.291607 37.5963412,49.2970637 37.5959563,49.3031918 37.5796463,49.3174627 37.5448009,49.3369849 37.5532913,49.3822545 37.5556996,49.4170651 37.5828126,49.426671 37.6273988,49.4535423 37.6297714,49.4581997 37.6338072,49.5096656 37.6284838,49.5771669 37.5909395,49.6039108 37.5849965,49.6141699 37.4891192,49.6094792 37.4604631,49.76048 37.5436803,49.7850899 37.5574837,49.7889263 37.5559441,49.7936974 37.5589937,49.7939636 37.5559265,49.7947408 37.5559063,49.7953379 37.5571138,49.7953752 37.5570442,49.7963942 37.5559609,49.7967146 37.5557253,49.7999597 37.5573142,49.8007989 37.5617798,49.7978787 37.5646177,49.8005703 37.5629976,49.8015769 37.563019,49.8021499 37.5617743,49.8028527 37.5563253,49.8046515 37.5590296,49.8056959 37.5597179,49.8084862 37.5705872,49.8050238 37.57093,49.8058159 37.5644896,49.8081737 37.5666338,49.8109036 37.5698518,49.8106345 37.5718252,49.8111685 37.5744772,49.8123441 37.5754126,49.8148489 37.5743903,49.8170036 37.570779,49.8190562 37.5722471,49.8194926 37.5731212,49.8196415 37.5724001,49.8207267 37.5704733,49.820688 37.5701969,49.8223713 37.5648874,49.8220088 37.5628825,49.8226233 37.5606405,49.8147276 37.5541074,49.8176309 37.5513508,49.8185127 37.5509117,49.8194497 37.5511061,49.820687 37.5522447,49.8219243 37.5514085,49.8227021 37.548169,49.8224832 37.5478697,49.8261983 37.5520778,49.8260979 37.5524254,49.8292753 37.5555178,49.8324696 37.5536527,49.8334577 37.5543343,49.8341616 37.5583635,49.8350868 37.5605904,49.8377834 37.5502455,49.8400865 37.5492982,49.8407059 37.5510991,49.8419843 37.5509258,49.8435948 37.553237,49.8428411 37.5568298,49.8467581 37.5677916,49.841418 37.5703634,49.8408108 37.5711758,49.8426669 37.579432,49.8440926 37.5831311,49.8413734 37.5863539,49.840678 37.5887378,49.8417694 37.5871403,49.8433391 37.5877744,49.8443553 37.5950048,49.8435935 37.5956592,49.8449281 37.5930683,49.8480307 37.5963649,49.8491947 37.5963827,49.8530418 37.6002542,49.8530838 37.599701,49.8611282 37.6013988,49.8623559 37.6033636,49.8605905 37.6031871,49.8587394 37.6074762,49.8583119 37.6103378,49.8605172 37.6127612,49.8595188 37.6153101,49.859741 37.6175452,49.8615392 37.6232009,49.8603807 37.6290966,49.8616388 37.6326485,49.8636565 37.6374349,49.8693197 37.6385171,49.8738445 37.6388086,49.8768405 37.6381391,49.8800944 37.6319816,49.8809928 37.6243967,49.8813727 37.6265997,49.8829326 37.6201875,49.8853385 37.6218147,49.8867432 37.6218074,49.8888891 37.6198185,49.890433 37.6223639,49.8946823 37.6203312,49.8952454 37.6187457,49.8981191 37.630674,49.900292 37.6320854,49.8999636 37.6366727,49.9021783 37.6458635,49.8999195 37.6494899,49.9042685 37.6519683,49.9022691 37.6548946,49.9027021 37.6549885,49.9009238 37.6524725,49.8988323 37.65376,49.8982149 37.6554659,49.8986411 37.6573434,49.8987908 37.6586954,49.8994772 37.6607984,49.8991914 37.6633654,49.9001642 37.6619853,49.9030162 37.6654597,49.9050921 37.6786775,49.9026612 37.6846433,49.9036708 37.6849658,49.9066631 37.6800632,49.9101492 37.6825901,49.9139926 37.687886,49.9165154 37.6865826,49.9194184 37.6909521,49.9202344 37.6926606,49.9168502 37.6994525,49.9185941 37.7115811,49.9186774 37.7134517,49.9108019 37.7104557,49.9111894 37.7067382,49.9100854 37.7075857,49.9090658 37.710643,49.9097599 37.7158747,49.9095289 37.7188778,49.9108253 37.7185335,49.9094686 37.7218788,49.9092424 37.7211066,49.9121871 37.7151417,49.9109788 37.7132105,49.9187241 37.7116885,49.9205358 37.7170218,49.9221877 37.7183581,49.9188963 37.71997,49.9191019 37.7149823,49.9315268 37.7222621,49.9324779 37.7226925,49.9352274 37.7225215,49.9402206 37.7220071,49.946208 37.7313946,49.945632 37.7381484,49.9464897 37.7355737,49.9493836 37.7322553,49.9498244 37.7263939,49.9509568 37.7207041,49.9508739 37.7129289,49.9521436 37.7131164,49.9658314 37.7307291,49.9652163 37.7310065,49.9665893 37.7364855,49.9675476 37.735806,49.9699689 37.73597,49.9736272 37.7365588,49.9872539 37.7535112,49.9849898 37.7635552,49.983873 37.7691133,49.9829002 37.7707658,49.9908502 37.7763986,50.0016109 37.7789343,50.0049504 37.7803845,50.0083584 37.7761263,50.0087046 37.7722973,50.0080578 37.7705715,50.0066772 37.7626662,50.0056824 37.7528638,50.0070573 37.7477813,50.0073006 37.7449394,50.0071186 37.7436066,50.0075833 37.7421021,50.0074964 37.74082,50.003707 37.7292786,50.0058669 37.7300964,50.00753 37.7285614,50.0114797 37.7306412,50.0129805 37.7331501,50.0137921 37.7339425,50.0148793 37.7359684,50.018524 37.7390165,50.0189314 37.7406055,50.0196696 37.7385478,50.0202909 37.7378849,50.0215602 37.7361918,50.0220574 37.7359247,50.0237149 37.7310706,50.0260798 37.7293278,50.0263907 37.7275092,50.0257637 37.7250897,50.0251781 37.7232697,50.0253666 37.7222561,50.0208823 37.7130208,50.0178686 37.7105996,50.0226495 37.7162273,50.0258142 37.721216,50.0302687 37.7209686,50.0341161 37.7191762,50.0347107 37.7138951,50.0342216 37.7132889,50.0348973 37.7178546,50.0384586 37.7237239,50.0388827 37.7197063,50.0458725 37.7183627,50.0455845 37.7175193,50.0455646 37.7162252,50.0457788 37.7154214,50.045426 37.715682,50.0442162 37.714808,50.0431727 37.7133332,50.0424875 37.7125723,50.0437353 37.7128528,50.044219 37.7120866,50.0451339 37.7105694,50.0446985 37.7100767,50.043959 37.7113007,50.0432471 37.7101008,50.0425124 37.7077011,50.0413185 37.7072791,50.0416041 37.7072934,50.0422856 37.7060631,50.0421402 37.7055553,50.0414887 37.7045075,50.0413008 37.70376,50.0415538 37.7040747,50.0438937 37.7047039,50.045459 37.703516,50.0460542 37.7018118,50.0442735 37.7011099,50.0427905 37.6923266,50.0423329 37.6940502,50.0453011 37.6960744,50.0469188 37.6967893,50.0475196 37.6986055,50.0481975 37.6986975,50.0496181 37.7011519,50.0499846 37.7024048,50.0505303 37.7057045,50.0512771 37.7037752,50.0531757 37.69965,50.0531299 37.69501,50.0517614 37.6938837,50.0537086 37.6954932,50.0562252 37.6927454,50.0574565 37.6902549,50.0580816 37.689391,50.0591493 37.6853457,50.0607885 37.6895286,50.0641222 37.6859636,50.0653896 37.6829529,50.0674837 37.6852571,50.0693029 37.682226,50.0696909 37.6801382,50.0679028 37.6772919,50.0688267 37.6762021,50.0695283 37.6715074,50.0701748 37.6722459,50.0715229 37.6739804,50.0721257 37.6749603,50.0739925 37.6739897,50.0749935 37.6686996,50.0774359 37.6674186,50.0828912 37.6621944,50.0871908 37.658053,50.0878779 37.6575534,50.0899494 37.6539646,50.0905334 37.6538648,50.0929317 37.6515332,50.0994046 37.6479947,50.0993145 37.6443703,50.1002704 37.6430436,50.1026776 37.6406472,50.10562 37.6446094,50.107156 37.6451521,50.1103932 37.6441593,50.1118236 37.6425656,50.1122632 37.6402369,50.1110231 37.634807,50.1123406 37.6311316,50.1112897 37.6280112,50.1098922 37.6302553,50.1064306 37.6359908,50.10503 37.6340872,50.1020879 37.6148315,50.1001671 37.6158252,50.0973039 37.5981958,50.0944404 37.5861129,50.0930616 37.578972,50.1013272 37.5713159,50.104141 37.571281,50.1064654 37.5655457,50.1084712 37.5722722,50.1143913 37.5811573,50.1191663 37.5712049,50.1248764 37.57215,50.1267614 37.5706097,50.1296236 37.5714862,50.130728 37.5603632,50.1324413 37.5604531,50.1301891 37.5507586,50.128707 37.5493222,50.1309361 37.5473707,50.1318446 37.5453558,50.1352023 37.5353176,50.132124 37.5256778,50.1502594 37.5391859,50.152756 37.5414835,50.1573646 37.548012,50.1602494 37.5562579,50.1626667 37.5651954,50.1636188 37.5683036,50.1717537 37.5740792,50.1725046 37.5820859,50.1679776 37.5870282,50.1701938 37.5972804,50.1642253 37.6023826,50.1645243 37.6017162,50.1730295 37.6092049,50.1797206 37.6354925,50.1800904 37.6327704,50.1834269 37.6124931,50.1836078 37.6118703,50.1871126 37.6041015,50.1864271 37.6034971,50.1905519 37.5987531,50.1895701 37.5979236,50.1867299 37.5909144,50.1876267 37.5913153,50.1896398 37.5871389,50.1914678 37.5871973,50.192486 37.5919491,50.1921049 37.5911283,50.1950308 37.5964394,50.1955531 37.5984781,50.1991254 37.5855686,50.1966737 37.586821,50.2002104 37.593789,50.2018998 37.5912452,50.2052784 37.5831061,50.2053189 37.5859883,50.208965 37.5815075,50.2113372 37.5918842,50.2116447 37.5977986,50.2153571 37.5923542,50.2203472 37.5948676,50.2261921 37.5962687,50.2228485 37.5992146,50.2211522 37.6007014,50.2269789 37.6044203,50.2351109 37.6028811,50.2373149 37.603914,50.2383622 37.6084647,50.2388859 37.607908,50.2415081 37.6018112,50.241983 37.5973258,50.2388355 37.5921536,50.2431535 37.5979455,50.2450925 37.5990577,50.2485861 37.5904095,50.2496242 37.5905158,50.2515403 37.6041044,50.2518939 37.6133474,50.2489973 37.6193028,50.249351 37.6205713,50.2547787 37.6212953,50.2592604 37.6177946,50.2626537 37.6145847,50.2762002 37.6082838,50.2848074 37.5941708,50.2846653 37.5922443,50.2932971 37.5835828,50.2978374 37.5776782,50.2966231 37.566623,50.3020972 37.5534595,50.3206074 37.5116767,50.3311682 37.5065823,50.3388467 37.4770586,50.3512881 37.4660576,50.3485235 37.4473373,50.3711223 37.4503245,50.3805592 37.4482108,50.3879055 37.4617426,50.3907579 37.4607837,50.4063016 37.4453496,50.4056742 37.4453639,50.412595 37.4429792,50.4115074 37.4381054,50.4128811 37.4368547,50.4161752 37.4330217,50.4257437 37.4262989,50.4245094 37.423932,50.4300198 37.390252,50.424685 37.3876014,50.4258262 37.3819501,50.4237683 37.3786524,50.4252819 37.3785485,50.4271869 37.3658702,50.4281897 37.3503932,50.4313101 37.3391205,50.4346704 37.3350291,50.4312109 37.3268187,50.4282977 37.3174365,50.424549 37.3228177,50.416863 37.3303203,50.407995 37.3135647,50.4030129 37.309484,50.3984422 37.2865029,50.3936404 37.2446554,50.3780085 37.1812104,50.3597467 37.1364676,50.349731 37.124877,50.3420974 37.0933796,50.3364318 37.0840381,50.3350828 37.0828882,50.3398303 37.0686645,50.3462015 37.0532729,50.346564 37.0369963,50.344059 37.0372277,50.3338478 37.0400648,50.3319728 37.0460872,50.3297994 37.0555371,50.3263568 37.0599809,50.3211666 37.0624541,50.3214376 37.062138,50.3176808 37.0527519,50.3169627 37.0530988,50.3139805 37.0491148,50.3132937 37.0433035,50.3131145 37.043831,50.3106403 37.0472461,50.3095284 37.0412198,50.307978 37.038963,50.3053362 37.0349041,50.3036263 37.0308024,50.3032733 37.0279023,50.3038521 37.0234262,50.3027686 37.0230992,50.3015514 37.0168847,50.2998872 37.0144897,50.2981407 37.0077311,50.2961348 37.004467,50.2997691 37.0010315,50.2988801 37.0020998,50.2941415 36.9955681,50.2941223 36.9888125,50.3010466 36.9847859,50.300283 36.9816283,50.3002591 36.9752955,50.2979185 36.9709642,50.2956607 36.965217,50.295733 36.9613618,50.2952745 36.9587264,50.2942338 36.9595777,50.2916877 36.9581867,50.2914445 36.9582558,50.2901897 36.9572091,50.2903882 36.9554162,50.2894689 36.9567656,50.2884803 36.9553684,50.2883691 36.9550871,50.2877095 36.9524169,50.2875115 36.9531922,50.2845656</coordinates>
            </LinearRing>
          </outerBoundaryIs>
        </Polygon>
      </Placemark>
      <Placemark>
        <name>UKR-Controlled South-Eastern Kharkov Region</name>
        <ExtendedData>
          <Data name="name">
            <value />
          </Data>
          <Data name="description">
            <value />
          </Data>
        </ExtendedData>
        <Polygon>
          <outerBoundaryIs>
            <LinearRing>
              <tessellate>1</tessellate>
              <coordinates>36.252522,48.618205 36.3192874,48.5870756 36.2710506,48.5435669 36.2963915,48.5309187 36.324029,48.5554669 36.3548422,48.5395574 36.3496924,48.534954 36.3553572,48.5324533 36.3912306,48.5648527 36.3816175,48.5698509 36.440669,48.627181 36.4356053,48.6306984 36.4264212,48.6314924 36.4284811,48.6333075 36.447925,48.6327491 36.4836306,48.6626905 36.5550417,48.6238994 36.5620745,48.6232856 36.5617235,48.62092 36.565336,48.6154556 36.5800989,48.6153421 36.5816438,48.6072839 36.5900553,48.6080784 36.5922869,48.60263 36.6558874,48.6092135 36.6543424,48.6161365 36.6752851,48.6176686 36.6746843,48.6239664 36.7023218,48.6263492 36.7047251,48.6220374 36.7381615,48.6270697 36.7346987,48.6456086 36.7289317,48.6474113 36.7281529,48.6486512 36.7291789,48.6497265 36.7272088,48.6524142 36.7249722,48.6521787 36.7230129,48.6535424 36.7227687,48.6550982 36.7275941,48.6568058 36.7303219,48.6567303 36.7298911,48.6596712 36.7263758,48.6602359 36.725171,48.6632684 36.7222642,48.6619918 36.7210148,48.664171 36.7239211,48.6652094 36.7234203,48.6664713 36.7264809,48.6666141 36.7258465,48.6694113 36.7231843,48.6704332 36.7214789,48.673257 36.7187673,48.6731213 36.7170478,48.6743993 36.7184025,48.6762243 36.7174303,48.6786739 36.7153141,48.6789061 36.715148,48.6800162 36.7176205,48.6805702 36.7177639,48.6829462 36.7214658,48.6828553 36.7190747,48.6860392 36.7195598,48.6874044 36.7172257,48.6904255 36.7144982,48.6900539 36.7128142,48.6913767 36.7111346,48.6918216 36.7120798,48.6926193 36.7174578,48.6938389 36.7238108,48.6941332 36.7284546,48.693835 36.7309095,48.6945102 36.7312705,48.697447 36.7358506,48.704719 36.7260161,48.7155483 36.7122975,48.7434307 36.7172702,48.7447924 36.7141227,48.7491609 36.7097108,48.7669519 36.7001138,48.7668013 36.6962245,48.7677536 36.6919973,48.7677725 36.6910435,48.7699479 36.6888218,48.7742303 36.7035829,48.7840521 36.7194179,48.8043263 36.7331395,48.803895 36.7646393,48.7971107 36.7867402,48.8006724 36.7896011,48.8001187 36.7831639,48.7896093 36.7857811,48.7869522 36.7930833,48.7861379 36.7892047,48.7799643 36.8169152,48.7775139 36.8212952,48.7715989 36.840957,48.7728944 36.8393335,48.7755468 36.8539708,48.8005202 36.9211321,48.7972492 36.9250197,48.7926015 36.9456456,48.7911987 36.9483848,48.7950768 36.9686849,48.7930145 36.9734053,48.7906111 36.9754677,48.7878467 36.9822072,48.7842051 36.9873309,48.7774959 36.9887855,48.7753991 37.0007741,48.7656921 37.0080425,48.7644817 37.0174986,48.7591971 37.017942,48.7575336 37.0319712,48.749803 37.0380283,48.7522666 37.0429088,48.7665277 37.0229816,48.7676064 37.0232953,48.7746299 36.9947674,48.7875937 37.0052286,48.7976479 37.0071087,48.8027263 37.0132381,48.8027727 37.0181656,48.801462 37.0230363,48.8168147 37.0363744,48.8142605 37.0464501,48.8144749 37.066072,48.8139172 37.067724,48.8175496 37.0785829,48.8178037 37.0987275,48.8509021 37.1326192,48.8427568 37.1344976,48.8437033 37.1370677,48.8436681 37.1411852,48.8447236 37.1460763,48.8441216 37.1483923,48.8414859 37.1431972,48.8344245 37.146196,48.8326157 37.1511643,48.8323866 37.1568044,48.824919 37.1921083,48.8147134 37.1948299,48.849202 37.1906696,48.8690384 37.1908375,48.8733421 37.1920355,48.876065 37.1930407,48.8814551 37.1941334,48.8822663 37.1958922,48.882439 37.197608,48.8821319 37.1997634,48.8827799 37.2026437,48.8845996 37.2065639,48.8855151 37.2117153,48.888452 37.2151216,48.8913776 37.2170008,48.8954844 37.2247096,48.9040366 37.2244207,48.9078819 37.228791,48.9082567 37.2443229,48.906554 37.2450062,48.9087998 37.2664396,48.9065134 37.2693151,48.9221427 37.2839411,48.9230332 37.2989496,48.9228017 37.2979748,48.9214435 37.2993395,48.9206653 37.2997923,48.9184771 37.3017578,48.9184814 37.3026612,48.9198322 37.3110899,48.9226653 37.3280328,48.9216891 37.3320125,48.93456 37.3270277,48.9351192 37.328054,48.9375411 37.3200837,48.9375953 37.3147043,48.939865 37.3141243,48.9414643 37.3104275,48.9419308 37.3071923,48.9473479 37.3094556,48.9509236 37.3189131,48.9524298 37.3205955,48.9573819 37.3116754,48.9566228 37.311033,48.965659 37.2954017,48.9675165 37.3031154,48.9779382 37.3077404,48.9804722 37.3223216,48.977372 37.3238911,48.9850772 37.3116723,48.9861153 37.3098918,48.9871927 37.3102906,48.9887589 37.320942,48.9892132 37.3289475,48.9922142 37.3359675,48.9938728 37.3387786,48.9956409 37.3453664,49.0035162 37.3594617,48.9981471 37.3585788,48.9916631 37.3668615,48.9926768 37.3730016,48.994016 37.3713676,49.0040237 37.3708955,49.0059099 37.375439,49.0264739 37.3918844,49.0249243 37.3916106,49.0276954 37.3861259,49.031229 37.3851985,49.0363031 37.388475,49.0386714 37.3839406,49.0452594 37.3846514,49.048204 37.2518254,49.1105726 36.9225218,49.1450876 36.8107766,49.3856466 36.4332528,49.5020611 36.3126894,49.4771293 36.1483024,49.505611 35.9388206,48.9992206 35.9883846,48.9700439 35.9777251,48.9595019 36.0029771,48.9466183 35.9958551,48.9389249 36.0417982,48.9146778 36.011678,48.8879716 36.0391733,48.8725797 36.0201511,48.8545404 36.0423973,48.8429391 36.0743223,48.8351623 36.0654694,48.808931 36.1147092,48.8071268 36.1329775,48.8008754 36.1581021,48.7837646 36.1510589,48.7814047 36.1565011,48.7695311 36.1400424,48.763925 36.1618915,48.7509971 36.1452918,48.7253298 36.2839461,48.6581395 36.266759,48.6479021 36.2577897,48.6240841 36.251227,48.6256791 36.252522,48.618205</coordinates>
            </LinearRing>
          </outerBoundaryIs>
        </Polygon>
      </Placemark>
      <Placemark>
        <name>UKR-Mirnograd</name>
        <ExtendedData>
          <Data name="name">
            <value />
          </Data>
          <Data name="description">
            <value />
          </Data>
        </ExtendedData>
        <Polygon>
          <outerBoundaryIs>
            <LinearRing>
              <tessellate>1</tessellate>
              <coordinates>37.2256729,48.3024932 37.2292883,48.3032623 37.2373418,48.3057112 37.2444731,48.3061038 37.2498937,48.3029932 37.252635,48.3002894 37.2482646,48.2966246 37.251199,48.2942551 37.2556606,48.2941408 37.2554667,48.2910707 37.2576891,48.2902436 37.2608345,48.2886481 37.2640359,48.2884266 37.2654599,48.2840992 37.272196,48.28477 37.27331,48.285804 37.274382,48.286008 37.275584,48.286038 37.277208,48.286411 37.278554,48.286085 37.279614,48.284919 37.280706,48.284158 37.280999,48.282977 37.282874,48.283015 37.284212,48.282553 37.284456,48.283218 37.285625,48.283955 37.28511,48.288817 37.2798487,48.2965613 37.2798334,48.2981985 37.282402,48.301157 37.2829925,48.3022494 37.2846345,48.3037843 37.2853507,48.3051845 37.2856209,48.3054221 37.2851616,48.3057739 37.2862386,48.3068486 37.2858855,48.307115 37.2853698,48.3067722 37.2848495,48.3071639 37.2839434,48.306615 37.2824378,48.3073415 37.2812221,48.3068098 37.2804325,48.3079471 37.2783372,48.3074346 37.2766282,48.3067151 37.270843,48.3098599 37.2710282,48.3128273 37.2682454,48.3145108 37.2669215,48.3171646 37.2661845,48.3180483 37.2685844,48.3196459 37.2716709,48.3205586 37.2728895,48.3226329 37.275267,48.323851 37.275324,48.32466 37.271024,48.325084 37.270002,48.324821 37.269726,48.324176 37.271026,48.323368 37.271039,48.321989 37.26715,48.321192 37.265114,48.320067 37.261433,48.319583 37.2585249,48.3216793 37.2583994,48.3222844 37.2544765,48.3219266 37.2540673,48.3237697 37.253873,48.3240502 37.2520522,48.324328 37.2493234,48.3233255 37.2471651,48.3217969 37.2490652,48.3174575 37.2439588,48.3164085 37.2435778,48.3156894 37.2423876,48.3157643 37.2416828,48.31477 37.2398301,48.3147533 37.2379379,48.3151693 37.2365994,48.3173284 37.2357209,48.3170993 37.2348652,48.3159561 37.2342269,48.3140409 37.231094,48.3139336 37.2315444,48.312642 37.2258579,48.3119996 37.2234754,48.310487 37.2256729,48.3024932</coordinates>
            </LinearRing>
          </outerBoundaryIs>
        </Polygon>
      </Placemark>
      <Placemark>
        <name>UKR-Controlled Inner Northern Donetsk Region</name>
        <ExtendedData>
          <Data name="name">
            <value />
          </Data>
          <Data name="description">
            <value />
          </Data>
        </ExtendedData>
        <Polygon>
          <outerBoundaryIs>
            <LinearRing>
              <tessellate>1</tessellate>
              <coordinates>37.7219476,48.4497169 37.7246289,48.4491929 37.7292934,48.445619 37.7379064,48.4444077 37.7405112,48.4446764 37.743549,48.4470045 37.7464842,48.4486239 37.7494109,48.4487218 37.750488,48.4470059 37.7513698,48.4467173 37.7517367,48.4455035 37.7580498,48.4445749 37.7593464,48.4439417 37.7613302,48.4452104 37.7566361,48.4468894 37.7522422,48.448369 37.7495868,48.4516257 37.7426658,48.4516735 37.7305159,48.4513994 37.7179001,48.4587639 37.7125372,48.4647613 37.7112264,48.4702484 37.7209038,48.4710629 37.717964,48.4857314 37.7247485,48.4905077 37.7400314,48.4919561 37.7405707,48.4947219 37.7392525,48.5004558 37.7429985,48.5018104 37.7320047,48.5093532 37.7377301,48.5127973 37.7429059,48.5148594 37.7435756,48.5142776 37.7478975,48.5157576 37.7489079,48.5144872 37.7529081,48.5158206 37.7516359,48.5178022 37.7576594,48.5199114 37.7577869,48.5229669 37.7612806,48.5251704 37.7649006,48.5265527 37.7689499,48.5273948 37.7702038,48.52861 37.7733181,48.5299238 37.7774181,48.5305238 37.7800161,48.5304558 37.7835383,48.530952 37.7858359,48.5323298 37.7871564,48.5341269 37.7889754,48.5343009 37.7913736,48.5352563 37.7924572,48.5369613 37.7928327,48.5386663 37.7984868,48.5390781 37.7974195,48.5441428 37.804825,48.544743 37.8081415,48.5451001 37.8076539,48.5472391 37.8019168,48.5481665 37.7996491,48.5454765 37.7910303,48.5446045 37.7898734,48.5515843 37.7933799,48.5521895 37.793947,48.5549677 37.7992543,48.5552587 37.8000089,48.5563448 37.7996487,48.558597 37.7978448,48.5584217 37.7975948,48.5597609 37.800249,48.5599756 37.7998558,48.5630094 37.8036041,48.5631178 37.8035102,48.564468 37.7943958,48.564141 37.7917187,48.5639984 37.7899692,48.5662977 37.786541,48.5683988 37.7901806,48.5683418 37.7960089,48.5689946 37.7963456,48.5684088 37.7999945,48.5686877 37.8000166,48.5690686 37.8024757,48.5691149 37.8034017,48.5703991 37.7994482,48.5709345 37.7989657,48.5724596 37.7987534,48.5748632 37.7976207,48.5748858 37.7980437,48.5764772 37.7993893,48.5769186 37.7996212,48.5794499 37.7947746,48.5797452 37.7955456,48.5804201 37.7957587,48.581379 37.7932883,48.5856245 37.7827594,48.584244 37.7823708,48.5873597 37.7796003,48.5875889 37.7769306,48.587121 37.7766642,48.5894918 37.7754013,48.5948857 37.7695891,48.5943189 37.7687797,48.5942493 37.7693004,48.5920935 37.7531823,48.5972473 37.7526325,48.5992146 37.7510273,48.5988929 37.7492374,48.6002079 37.7476987,48.60061 37.7472725,48.6046707 37.7570589,48.605481 37.7523611,48.6260431 37.7551287,48.626549 37.7475433,48.6354525 37.7549787,48.6379735 37.7593678,48.6345537 37.7610443,48.6337839 37.7626349,48.634432 37.7671007,48.6341725 37.7704492,48.6321992 37.7714801,48.6280136 37.7721348,48.6258409 37.7794143,48.6227122 37.783636,48.626597 37.785419,48.628173 37.7852844,48.6291027 37.7840339,48.6298622 37.7833444,48.6319154 37.7865172,48.6318131 37.7883827,48.6329247 37.7890465,48.6340931 37.7844096,48.6343591 37.7830567,48.6402609 37.7814574,48.6430274 37.7822457,48.6444107 37.7683008,48.644474 37.7639683,48.6477124 37.7693791,48.6521479 37.771562,48.6542232 37.7917082,48.656296 37.7971892,48.6570563 37.7997518,48.6631457 37.8170651,48.6664233 37.818046,48.6683301 37.8218963,48.6696072 37.8326658,48.6711699 37.8317821,48.6735121 37.8320732,48.6746098 37.8321069,48.6754666 37.8205321,48.6756362 37.8216724,48.6785407 37.8259887,48.6798015 37.8317425,48.6901289 37.8346412,48.6892432 37.8358699,48.6909501 37.8391236,48.690387 37.8393732,48.6908154 37.8403717,48.690886 37.8415533,48.6925004 37.8453973,48.6917629 37.8426349,48.687795 37.8435902,48.6868565 37.8414724,48.6838369 37.8434971,48.6831761 37.8458101,48.6837067 37.8468085,48.6845783 37.8469703,48.6852375 37.8479045,48.6864137 37.8478459,48.6867964 37.8490749,48.6887374 37.84869,48.6895695 37.8473999,48.689758 37.8488777,48.6915498 37.8515802,48.6915754 37.8518097,48.692263 37.8511808,48.6924124 37.852262,48.6953456 37.8531149,48.6954501 37.8535064,48.6947473 37.8545629,48.6948519 37.8577894,48.6973614 37.8608941,48.6954008 37.8661758,48.6994564 37.8748049,48.6939103 37.8730947,48.6923355 37.8792149,48.6884779 37.8827594,48.6885998 37.8846089,48.6896565 37.8856431,48.690954 37.886033,48.6918954 37.8929014,48.6924381 37.892646,48.6934906 37.8858695,48.6929328 37.8856201,48.6938002 37.8841906,48.6946673 37.8839619,48.6968658 37.8906354,48.7010004 37.8936722,48.6990032 37.8948903,48.7008652 37.8939973,48.7030708 37.8947954,48.7037205 37.8963102,48.7026009 37.8971964,48.7037404 37.89588,48.704735 37.8965805,48.7055314 37.894586,48.7068854 37.8974083,48.7109323 37.9024674,48.7112849 37.906153,48.7083524 37.9134523,48.7147125 37.9141458,48.7142086 37.9160915,48.715715 37.9188098,48.7164285 37.9183257,48.7177008 37.9193007,48.7185201 37.9181608,48.7198189 37.918995,48.7219388 37.9176834,48.7240587 37.9199903,48.7254885 37.9282941,48.7113033 37.9272642,48.7105103 37.9279722,48.7098733 37.9353323,48.7150694 37.9383748,48.7135011 37.9484171,48.7214574 37.9573962,48.7163296 37.9619352,48.7196536 37.966298,48.7170905 37.9713438,48.7207777 37.9729177,48.7201436 37.9745332,48.722061 37.9737029,48.7230301 37.9746212,48.7243104 37.9746487,48.7260824 37.9742015,48.7263816 37.9742692,48.7269639 37.9738864,48.7286786 37.9738898,48.7298837 37.9734312,48.7301748 37.9744881,48.7325687 37.9730305,48.7325048 37.9722374,48.7307037 37.9712726,48.7296951 37.9714245,48.7290934 37.9699028,48.7279255 37.9657468,48.7300477 37.9696693,48.7339105 37.9729699,48.7364713 37.9717193,48.737112 37.9648179,48.7305543 37.9630029,48.7292472 37.9565405,48.7328033 37.9612961,48.7369714 37.9608012,48.7408815 37.9584608,48.7398669 37.9571075,48.740239 37.9511721,48.7532391 37.9589697,48.7559677 37.9602116,48.7536466 37.9620541,48.751863 37.96325,48.7505027 37.9671007,48.7501023 37.9749142,48.7532938 37.9820828,48.7493438 37.9833716,48.7499918 37.9760453,48.7537961 37.9758905,48.7542694 37.9750062,48.7550822 37.9753823,48.756154 37.9730548,48.7597156 37.9731591,48.7602936 37.9718173,48.76111 37.9685014,48.7616152 37.9607844,48.7616386 37.9562822,48.7601792 37.9554277,48.7619447 37.9524527,48.7629295 37.9521813,48.7637163 37.9645285,48.7670339 37.9645465,48.7684924 37.9571778,48.7776886 37.9612691,48.7775805 37.978171,48.7800167 37.9816623,48.7739819 37.997879,48.7763109 37.997917,48.7759951 38.0120615,48.7775872 38.0140466,48.774784 38.0149166,48.7740732 38.0322327,48.7768165 38.0395286,48.7787114 38.0414448,48.7804905 38.0408366,48.7808852 38.0434473,48.7825887 38.0407364,48.7844618 38.0442376,48.7854159 38.0466231,48.7851257 38.054369,48.7886957 38.058607,48.7880631 38.0606991,48.7871759 38.061386,48.7887166 38.0607423,48.7899889 38.0519016,48.7982582 38.0528105,48.8042535 38.0575176,48.8040157 38.0571756,48.806741 38.0557708,48.8080754 38.0557979,48.8093927 38.0543524,48.8114644 38.0551318,48.813659 38.0570021,48.8133714 38.0579802,48.8138353 38.0594088,48.817902 38.063477,48.8201396 38.0645828,48.8215869 38.0625984,48.8246025 38.0592673,48.8247223 38.0573159,48.8246395 38.0538727,48.8157074 38.0484014,48.8163909 38.0523752,48.8273409 38.048891,48.8274483 38.0479267,48.8340066 38.0484647,48.8350788 38.0504404,48.8353822 38.0522016,48.8359399 38.050479,48.8377825 38.0511963,48.8386351 38.0539736,48.8385838 38.0566529,48.8393003 38.0600351,48.8406902 38.0624772,48.8411168 38.0645545,48.8401311 38.0662903,48.8406492 38.0676985,48.8415431 37.91645,48.861701 37.737091,48.775031 37.5655672,48.5045633 37.5117722,48.4856033 37.5127285,48.4809516 37.4794542,48.4846969 37.478881,48.4826667 37.4838431,48.4817159 37.4866886,48.4789929 37.4950204,48.4780579 37.4942937,48.4751433 37.5111821,48.4735722 37.5118059,48.4705776 37.5191268,48.4704177 37.5183774,48.4735906 37.514967,48.4745443 37.5152916,48.4774903 37.564219,48.4816893 37.5683214,48.4612963 37.5822386,48.4626059 37.5850933,48.4490011 37.5881859,48.449266 37.5881458,48.4506979 37.5920111,48.4509627 37.5958764,48.4516259 37.5968318,48.4479598 37.6118893,48.4521079 37.6141345,48.4429805 37.6254099,48.4460726 37.62741,48.4361682 37.6294819,48.4367251 37.6270847,48.4465122 37.6395766,48.4500102 37.6419168,48.4402297 37.6409411,48.4392113 37.6385922,48.4383636 37.6387019,48.4358611 37.6438564,48.4363512 37.6473443,48.4377054 37.6502042,48.4378415 37.6516342,48.4393046 37.6549096,48.4389312 37.6562066,48.4404484 37.6556618,48.4415145 37.6587219,48.4414418 37.6607653,48.439332 37.664208,48.4401659 37.6694103,48.4408573 37.6696248,48.4424843 37.6686841,48.4456418 37.6733225,48.4462088 37.6748962,48.4464104 37.6745386,48.4482916 37.6828715,48.4489913 37.6838817,48.4477501 37.6816733,48.4473628 37.6818253,48.4462781 37.6800462,48.4457627 37.6836921,48.4449098 37.6845388,48.4441489 37.6857502,48.4437011 37.6863584,48.4421017 37.6844942,48.4402567 37.6828211,48.4406353 37.6811909,48.4406438 37.6798617,48.4413441 37.679149,48.4410232 37.6791951,48.4395923 37.6807441,48.4383814 37.6813367,48.4357889 37.6845531,48.4355723 37.688778,48.4358539 37.6942023,48.4407783 37.6949331,48.4448284 37.7013067,48.4479491 37.7058825,48.4499533 37.7092569,48.4519573 37.7146563,48.4524183 37.7180445,48.4523201 37.7201249,48.451417 37.7219476,48.4497169</coordinates>
            </LinearRing>
          </outerBoundaryIs>
        </Polygon>
      </Placemark>
      <Placemark>
        <name>UKR-Controlled Northen Zaporozhye Region</name>
        <ExtendedData>
          <Data name="name">
            <value />
          </Data>
          <Data name="description">
            <value />
          </Data>
        </ExtendedData>
        <Polygon>
          <outerBoundaryIs>
            <LinearRing>
              <tessellate>1</tessellate>
              <coordinates>35.343199,47.6040585 35.3441246,47.6018852 35.344593,47.5983385 35.3482371,47.5994796 35.3506063,47.5986323 35.3548179,47.5984076 35.3567979,47.5984722 35.3568527,47.5982541 35.3579707,47.5982664 35.3584366,47.5958748 35.3584758,47.5946973 35.358354,47.5939105 35.3627792,47.593917 35.3630015,47.59159 35.3635581,47.5917014 35.3643186,47.5917548 35.3641444,47.5907474 35.3630342,47.5907007 35.3630991,47.5899706 35.3649262,47.5899893 35.3672915,47.5897209 35.370279,47.5897635 35.3675851,47.596578 35.3753273,47.5967888 35.3778093,47.602824 35.3935453,47.6031727 35.3939799,47.5990287 35.3925264,47.5941901 35.3936605,47.5929524 35.3972263,47.590955 35.3990144,47.5890665 35.4025049,47.5892835 35.4029626,47.5885598 35.4070968,47.5894855 35.406483,47.5903729 35.4115341,47.5912746 35.4127743,47.589026 35.4152116,47.5884361 35.4154063,47.5873106 35.4160087,47.5812644 35.4089559,47.5772396 35.4106858,47.5740188 35.4115428,47.5668957 35.423512,47.5658863 35.4240173,47.5624779 35.4178329,47.5602164 35.4222859,47.5541256 35.4265247,47.5522649 35.4471097,47.5560209 35.447866,47.5533396 35.4866268,47.5562475 35.5036103,47.5565397 35.5039855,47.5542835 35.5129751,47.553536 35.5169635,47.5537787 35.5259672,47.554066 35.5257437,47.5558159 35.5301464,47.5560718 35.5395542,47.5572559 35.5433404,47.5587584 35.5489387,47.5596779 35.5504789,47.5606366 35.5548516,47.561074 35.5564726,47.5549403 35.5617885,47.5554406 35.5693359,47.5570117 35.5766553,47.5543408 35.5824235,47.5592561 35.5889548,47.5576897 35.5921662,47.5477608 35.6206725,47.5517511 35.635703,47.5298673 35.6204285,47.5246903 35.6215456,47.5236378 35.6366538,47.5286704 35.6710705,47.5396061 35.6727621,47.5375297 35.677672,47.5320633 35.6735015,47.5304603 35.6801796,47.5214593 35.7061942,47.5292184 35.71652,47.5305099 35.7200693,47.5332215 35.7353832,47.5295786 35.7351001,47.5288876 35.7395505,47.5277018 35.7215146,47.519039 35.7378441,47.5068392 35.7394947,47.5066655 35.7409292,47.5103689 35.744416,47.5092006 35.7471301,47.5075683 35.7509707,47.5030134 35.7502403,47.5007742 35.7531517,47.5003957 35.7562157,47.4984647 35.7602237,47.4972874 35.7695706,47.4969042 35.7748747,47.4955575 35.7759565,47.5009247 35.7791506,47.5012788 35.7773833,47.4947384 35.7786553,47.494763 35.7804284,47.501249 35.7906699,47.5012882 35.7895219,47.4957997 35.8012204,47.4963064 35.800848,47.4985783 35.8037088,47.5030485 35.8055687,47.5070231 35.8075576,47.5110555 35.811642,47.5128744 35.8139671,47.513012 35.8141957,47.5172363 35.816656,47.5193737 35.8216629,47.5221414 35.8205189,47.5248367 35.8288751,47.5259959 35.8291076,47.5246048 35.8313755,47.5247204 35.8341073,47.5149809 35.8392582,47.5155788 35.8418763,47.5041665 35.8525608,47.5020305 35.8792649,47.4987469 35.8800054,47.5119453 35.888427,47.5116743 35.8888671,47.5294886 35.8726982,47.5331649 35.8589484,47.5346254 35.8583386,47.5385423 35.8532225,47.5386347 35.852881,47.5423175 35.8548572,47.5458844 35.8557091,47.5528071 35.8650587,47.5515614 35.8666846,47.5566224 35.8752632,47.5552535 35.8854729,47.5546368 35.8912212,47.5536328 35.8928721,47.5607475 35.90462,47.5597287 35.9028544,47.5508199 35.9064101,47.5507741 35.9058183,47.5464506 35.9157451,47.5444471 35.9191027,47.5419958 35.9253045,47.5387185 35.9329207,47.5377592 35.9371691,47.5394234 35.9407017,47.5383675 35.9403718,47.5373116 35.9423727,47.5366484 35.9431129,47.5354958 35.9465671,47.5346392 35.9478543,47.5426471 35.9531332,47.5417897 35.9504724,47.5340484 35.9584543,47.5319795 35.9557501,47.5263358 35.9655699,47.523809 35.9671495,47.5222093 35.970051,47.5210383 35.9708445,47.5229633 35.9743621,47.5249845 35.9807104,47.5245044 35.9876611,47.5247714 35.9889477,47.5235137 35.9924658,47.5232993 35.993063,47.5258035 35.9858974,47.5264394 35.9823949,47.5295508 35.9868058,47.5333969 35.9881791,47.5371796 35.9869348,47.5414838 35.9950685,47.5422243 35.9946076,47.5462876 36.0119552,47.5473666 36.0131,47.5414939 36.0284081,47.542689 36.025896,47.557826 36.030829,47.5569325 36.03359,47.5391785 36.0359996,47.53939 36.0341256,47.5458393 36.0455898,47.5456286 36.0463162,47.5395003 36.059232,47.5383482 36.0577397,47.5343175 36.0700962,47.5319412 36.0797909,47.5530017 36.0677374,47.555031 36.0698481,47.5612306 36.072614,47.5613481 36.0696899,47.5766721 36.077924,47.5779817 36.0787723,47.5819307 36.0818319,47.5853596 36.0825143,47.5905328 36.0797334,47.5912959 36.0783255,47.5986867 36.1266296,47.6045739 36.1474923,47.5991097 36.1506261,47.5896618 36.168006,47.5902848 36.1844831,47.5894172 36.1864573,47.582438 36.2125461,47.5828099 36.2129901,47.5847274 36.2148008,47.5888698 36.2133033,47.5891284 36.2171274,47.5974331 36.2179883,47.5984432 36.2155866,47.6017551 36.2208662,47.6021092 36.220588,47.6067998 36.2364474,47.6078145 36.2445224,47.6081628 36.2560057,47.6089297 36.2597305,47.6100505 36.2609277,47.6162812 36.2626422,47.6158958 36.2645723,47.6185525 36.2651684,47.6148593 36.2909243,47.6170216 36.2947946,47.6188927 36.3124928,47.6202599 36.3138445,47.6279096 36.3149389,47.6316315 36.3150675,47.634203 36.3168486,47.6364142 36.3170955,47.6407873 36.3159224,47.6441337 36.3176003,47.6438916 36.3184628,47.6465407 36.3198718,47.6486588 36.3115985,47.6505686 36.3046524,47.6521451 36.301531,47.6572925 36.2979907,47.6613719 36.2929233,47.6608425 36.2925415,47.6612114 36.2833235,47.6610818 36.280579,47.6580575 36.2697224,47.661199 36.2632155,47.6636148 36.2632234,47.6656898 36.2630558,47.6665539 36.2658922,47.6678226 36.2755377,47.6639259 36.285275,47.6681848 36.285614,47.669955 36.280085,47.6741119 36.2771911,47.6722747 36.2748964,47.6744464 36.2783524,47.6767625 36.2742617,47.6946873 36.2724673,47.6949126 36.2707498,47.6959071 36.2619516,47.6960867 36.2611281,47.6974476 36.2453095,47.7016518 36.2362406,47.7034352 36.2315344,47.7048176 36.2297392,47.7051478 36.2215924,47.7054778 36.2212481,47.707215 36.2294011,47.7076814 36.2283694,47.7128596 36.2233906,47.7385858 36.2341842,47.7394388 36.2327767,47.7465003 36.2293495,47.7641528 36.2175916,47.7630255 36.2155333,47.7738967 36.1943989,47.7731149 36.1887477,47.7735284 36.1836,47.7733952 36.1758772,47.774444 36.176117,47.7756332 36.1751589,47.7759495 36.1752596,47.777649 36.1776497,47.7776741 36.1771545,47.7800993 36.1754147,47.7813419 36.1758295,47.7838127 36.1750855,47.7842072 36.1754,47.7892064 36.177947,47.7945265 36.1835936,47.7957511 36.1888621,47.8032625 36.1902643,47.8070635 36.1878754,47.8072347 36.1880971,47.8112688 36.1820529,47.8109797 36.185471,47.8189596 36.1948622,47.8194919 36.1959105,47.8225821 36.1949531,47.8225162 36.1941245,47.8201739 36.181696,47.8194943 36.181472,47.8226302 36.1795645,47.8237727 36.1797833,47.8265187 36.1810513,47.8275317 36.1843793,47.8286598 36.1839972,47.8299941 36.1878219,47.830187 36.1878405,47.8330683 36.1841135,47.8327082 36.1844579,47.8378607 36.1780652,47.84333 36.1823885,47.8494846 36.1860255,47.8499943 36.184699,47.8548069 36.1912457,47.8556294 36.1970942,47.8562134 36.197272,47.8576859 36.1964627,47.8593601 36.19554,47.8597776 36.1944027,47.8593601 36.1777952,47.8574064 36.1789115,47.8512287 36.1018806,47.8422062 36.0989894,47.8501068 36.0763557,47.8480987 36.0732782,47.8504068 36.0702002,47.858129 36.0694403,47.8656776 36.0846821,47.8678969 36.0870486,47.8609025 36.1185688,47.864855 36.1168346,47.870655 36.1294935,47.8910155 36.1232158,47.8997316 36.1278277,47.9022039 36.1105852,47.9246476 36.1210824,47.9278904 36.1090948,47.941745 36.0857921,47.9321716 36.0734679,47.9645696 36.0522344,47.9585202 36.0488909,47.9662001 36.0696877,47.9733046 36.0617963,48.0004127 36.0411689,48.0038587 36.0356432,48.0183287 36.0637152,48.0257094 36.0511226,48.0598076 35.9777459,48.043444 35.9723146,48.0961872 35.8169735,48.0655878 35.8068888,48.0998708 35.7426298,48.0949126 35.7030576,48.1400522 35.5249334,48.0747529 35.5198369,48.0944524 35.5055965,48.0975376 35.4852535,48.0949478 35.4555974,48.103734 35.4204014,48.100767 35.4151763,48.1116705 35.382518,48.1195282 35.3473017,48.1215044 35.3337109,48.1276007 35.2971749,48.1434349 35.2730848,48.1420001 35.2586551,48.136674 35.2332153,48.1360714 35.2214521,48.1412693 35.193103,48.1406285 35.1782832,48.1310956 35.1555711,48.1288919 35.106031,48.1311162 35.0580515,48.1207629 35.0432649,48.1087825 35.0386102,48.0981787 35.1392345,48.0189674 35.1124637,47.949952 35.1305185,47.8956141 35.0830581,47.867867 35.0830051,47.8418871 35.1460167,47.81773 35.1630524,47.7537699 35.2081354,47.7515176 35.1866092,47.7331045 35.2128793,47.6842585 35.2522734,47.6482546 35.2717091,47.6199484 35.2755036,47.620631 35.2797919,47.6217038 35.2812789,47.6213201 35.281693,47.61949 35.2816672,47.6179274 35.2821564,47.6169145 35.2836448,47.616946 35.285183,47.6163253 35.2861847,47.6161675 35.2877268,47.6163941 35.2877254,47.6167389 35.2892053,47.6168534 35.2900955,47.6172867 35.2901007,47.6203093 35.2910569,47.6203128 35.2938584,47.6199113 35.2936076,47.6187324 35.294657,47.6184576 35.2943394,47.6176548 35.2956634,47.6173438 35.2961204,47.6181457 35.2974397,47.6179134 35.3017632,47.6149901 35.3071866,47.6160017 35.3113571,47.6148873 35.3118329,47.6139829 35.3190006,47.6131566 35.3202889,47.6128943 35.3206048,47.6132688 35.319247,47.6139615 35.3109154,47.6157102 35.3098363,47.6161278 35.3117337,47.6178748 35.3151762,47.6193035 35.3189192,47.6199513 35.3228339,47.6202518 35.3262861,47.6214891 35.3286345,47.6207988 35.3283222,47.6201953 35.3306157,47.6194222 35.330935,47.6196326 35.332885,47.6188448 35.33487,47.6217622 35.3436947,47.6182888 35.343193,47.6170149 35.3437427,47.6166521 35.3759872,47.6174675 35.3760569,47.6130166 35.361201,47.6127585 35.3610693,47.6117028 35.3548135,47.6100502 35.3493736,47.6080212 35.3470883,47.6118799 35.3445856,47.6079113 35.343199,47.6040585</coordinates>
            </LinearRing>
          </outerBoundaryIs>
        </Polygon>
      </Placemark>
      <Placemark>
        <name>UKR-Controlled West Kharkov Region</name>
        <ExtendedData>
          <Data name="name">
            <value />
          </Data>
          <Data name="description">
            <value />
          </Data>
        </ExtendedData>
        <Polygon>
          <outerBoundaryIs>
            <LinearRing>
              <tessellate>1</tessellate>
              <coordinates>35.9388206,48.9992206 36.1483024,49.505611 36.1599212,49.5821196 36.0727968,49.7295018 35.0403772,50.1641534 34.941345,50.1518267 34.9321535,50.1345558 34.937384,50.0952758 34.9553101,50.0925472 34.963617,50.073076 34.9391991,50.0656915 34.8548048,49.9865922 34.8701307,49.956097 34.8589032,49.9511207 34.8790392,49.9433312 34.8912725,49.9322252 34.9115241,49.9346528 34.9436183,49.898503 34.9729343,49.8848998 34.9803296,49.8893794 35.0152706,49.8761318 35.0339332,49.8872023 35.064379,49.8858765 35.063934,49.8813415 35.0552498,49.8807883 35.0558359,49.8742614 35.0444066,49.8732656 35.0694079,49.8571144 35.119657,49.8511507 35.1406521,49.8585598 35.2165596,49.8318575 35.2054497,49.7533157 35.2228802,49.7368895 35.2604276,49.7326695 35.2643204,49.7155742 35.2410276,49.7134111 35.243832,49.6934857 35.3323922,49.6797803 35.3440403,49.6649032 35.4188519,49.6708962 35.4335231,49.6733528 35.4348717,49.6664671 35.4231752,49.6622476 35.4478406,49.635807 35.4850021,49.5722433 35.4737721,49.5685599 35.4737741,49.5652896 35.4071769,49.5606736 35.4043815,49.5518773 35.4263029,49.5484257 35.4247755,49.5404627 35.4332037,49.5389603 35.4277446,49.5265985 35.4939992,49.5149955 35.4800703,49.4804666 35.3323981,49.5040147 35.3163467,49.4551174 35.3659895,49.4442242 35.3488835,49.4050688 35.3761763,49.3988564 35.2779484,49.31576 35.2889545,49.2948061 35.2721537,49.2769867 35.2591557,49.2823277 35.2619968,49.2878563 35.2413266,49.297076 35.2170849,49.2983254 35.2137865,49.2948715 35.0912865,49.301668 35.0804042,49.316591 35.0368675,49.3302665 34.9798838,49.2494689 35.0180857,49.1506937 35.0434932,49.1558289 35.0510471,49.1741073 35.0713061,49.1698871 35.0664565,49.1661596 35.0731923,49.148692 35.083315,49.1425415 35.1203797,49.1627305 35.1746187,49.1514661 35.4918303,48.9746179 35.5812522,48.9738061 35.8023697,48.9295077 35.9330058,48.9741597 35.9388206,48.9992206</coordinates>
            </LinearRing>
          </outerBoundaryIs>
        </Polygon>
      </Placemark>
      <Placemark>
        <name>UKR-Controlled Central Dnipropetrovsk Region</name>
        <ExtendedData>
          <Data name="name">
            <value />
          </Data>
          <Data name="description">
            <value />
          </Data>
        </ExtendedData>
        <Polygon>
          <outerBoundaryIs>
            <LinearRing>
              <tessellate>1</tessellate>
              <coordinates>35.193103,48.1406285 35.2214521,48.1412693 35.2332153,48.1360714 35.2586551,48.136674 35.2730848,48.1420001 35.2971749,48.1434349 35.3473017,48.1215044 35.382518,48.1195282 35.4151763,48.1116705 35.4204014,48.100767 35.4555974,48.103734 35.4852535,48.0949478 35.5055965,48.0975376 35.5198369,48.0944524 35.5249334,48.0747529 35.7030576,48.1400522 35.7442218,48.4189688 35.7607013,48.6002457 35.9330058,48.9741597 35.8023697,48.9295077 35.5812522,48.9738061 35.4918303,48.9746179 35.1746187,49.1514661 35.1203797,49.1627305 35.083315,49.1425415 35.0731923,49.148692 35.0664565,49.1661596 35.0713061,49.1698871 35.0510471,49.1741073 35.0434932,49.1558289 35.0180857,49.1506937 34.981681,49.174922 34.9486797,49.193304 34.9293671,49.1860759 34.9202942,49.1558918 34.9014669,49.1507315 34.865908,49.1644538 34.8982431,49.1791604 34.8546629,49.1907837 34.8170768,49.1882808 34.8238796,49.1746125 34.8066521,49.1676773 34.8037818,49.1782713 34.7602856,49.1687037 34.7669557,49.1427245 34.6937168,49.1359769 34.6807959,49.1306836 34.6825767,49.1217456 34.6647897,49.1202215 34.6485741,49.1318072 34.6018118,49.1126684 34.5900771,49.1173408 34.5818305,49.1091093 34.5924729,49.0970483 34.5883514,49.093754 34.5746172,49.0963822 34.5639713,49.0724977 34.5742621,49.0634059 34.5509134,49.0515223 34.5148756,49.0712401 34.4994318,49.0619335 34.47405,49.0734599 34.4644599,49.0651898 34.4023812,49.0940849 34.4156144,49.0553013 34.3909996,49.0500931 34.3955237,49.0436606 34.360708,49.0343693 34.3645955,49.0281452 34.3266098,48.9989545 34.345418,48.9924048 34.3429757,48.9881155 34.3532357,48.9838261 34.3133239,48.9415541 34.300238,48.8956679 34.3120048,48.8901602 34.3062616,48.8848782 34.3376145,48.8717583 34.3350892,48.856616 34.347977,48.8564727 34.3484513,48.8458185 34.3393139,48.8412643 34.3380334,48.8441306 34.3253576,48.8441841 34.3207551,48.8206598 34.296513,48.8205164 34.2976641,48.7843914 34.3142814,48.7847366 34.3232766,48.7919765 34.3418844,48.7830416 34.3081685,48.7651762 34.3101928,48.7589295 34.3171946,48.7583408 34.3154047,48.7472049 34.3008716,48.7396699 34.2871498,48.7280545 34.4895537,48.5956517 34.5267468,48.5530015 34.5845152,48.5413367 34.6100592,48.5446999 34.6351915,48.5386492 34.6671867,48.5385016 34.7084987,48.5129556 34.775848,48.4869291 34.8079437,48.4856819 34.8730169,48.5062573 34.9248966,48.5068836 34.9803808,48.4987739 35.087298,48.4660343 35.0957876,48.4456077 35.091093,48.420413 35.1069923,48.3952181 35.1374018,48.393597 35.1556306,48.3807832 35.1535994,48.3113907 35.1769551,48.2903522 35.176961,48.2729621 35.1933894,48.2363968 35.1863835,48.1779811 35.193103,48.1406285</coordinates>
            </LinearRing>
          </outerBoundaryIs>
        </Polygon>
      </Placemark>
      <Placemark>
        <name>UKR-Controlled Eastern Dnipropetrovsk Region</name>
        <ExtendedData>
          <Data name="name">
            <value>AFU Eastern Dnipropetrovsk</value>
          </Data>
          <Data name="description">
            <value />
          </Data>
        </ExtendedData>
        <Polygon>
          <outerBoundaryIs>
            <LinearRing>
              <tessellate>1</tessellate>
              <coordinates>36.2710506,48.5435669 36.3192874,48.5870756 36.252522,48.618205 36.251227,48.6256791 36.2577897,48.6240841 36.266759,48.6479021 36.2839461,48.6581395 36.1452918,48.7253298 36.1618915,48.7509971 36.1400424,48.763925 36.1565011,48.7695311 36.1510589,48.7814047 36.1581021,48.7837646 36.1147092,48.8071268 36.0654694,48.808931 36.0743223,48.8351623 36.0423973,48.8429391 36.0201511,48.8545404 36.0391733,48.8725797 36.011678,48.8879716 36.0417982,48.9146778 35.9958551,48.9389249 36.0029771,48.9466183 35.9777251,48.9595019 35.9883846,48.9700439 35.9388206,48.9992206 35.9330058,48.9741597 35.7607013,48.6002457 35.7442218,48.4189688 35.7030576,48.1400522 35.7426298,48.0949126 35.8068888,48.0998708 35.8169735,48.0655878 35.9723146,48.0961872 35.9777459,48.043444 36.0511226,48.0598076 36.0637152,48.0257094 36.0356432,48.0183287 36.0411689,48.0038587 36.0617963,48.0004127 36.0696877,47.9733046 36.0488909,47.9662001 36.0522344,47.9585202 36.0734679,47.9645696 36.0857921,47.9321716 36.1090948,47.941745 36.1210824,47.9278904 36.1105852,47.9246476 36.1278277,47.9022039 36.1232158,47.8997316 36.1294935,47.8910155 36.1168346,47.870655 36.1185688,47.864855 36.0870486,47.8609025 36.0846821,47.8678969 36.0694403,47.8656776 36.0702002,47.858129 36.0732782,47.8504068 36.0763557,47.8480987 36.0989894,47.8501068 36.1018806,47.8422062 36.1789115,47.8512287 36.1777952,47.8574064 36.1944027,47.8593601 36.1944116,47.8604714 36.1949784,47.8614388 36.1926786,47.8621641 36.1916837,47.8634997 36.1872906,47.8650767 36.1866604,47.8659516 36.1864422,47.8672989 36.185709,47.8687614 36.1864582,47.8692767 36.1872074,47.8688707 36.1881049,47.8662739 36.1888627,47.8657325 36.1916365,47.8659275 36.1931443,47.867555 36.1934261,47.8695203 36.194738,47.8715144 36.1960745,47.8727101 36.1998756,47.8738837 36.2000596,47.8752189 36.2021748,47.8769282 36.2022511,47.8778361 36.2045246,47.8783239 36.2058537,47.8795167 36.2100153,47.8780759 36.2108724,47.8800889 36.2135213,47.8800403 36.2144106,47.8803658 36.2142787,47.8811029 36.2181257,47.8819926 36.2185043,47.8815164 36.2206891,47.8817675 36.2217172,47.8823968 36.2236465,47.8824792 36.2282723,47.8798262 36.2303517,47.8802055 36.232078,47.8801145 36.2338044,47.8801962 36.2350255,47.8808056 36.2355171,47.8815878 36.2352559,47.8828139 36.235381,47.8852776 36.235674,47.8860606 36.2368039,47.8861096 36.239425,47.8842662 36.2409087,47.8840489 36.243168,47.8842761 36.2452812,47.8849854 36.2435321,47.8863854 36.240892,47.8863074 36.2400197,47.8878228 36.2407851,47.8897316 36.2428844,47.8905709 36.2498988,47.8968175 36.2449171,47.9002112 36.2427906,47.8990849 36.2408553,47.8979257 36.2372842,47.9008524 36.2372581,47.9013375 36.2362878,47.9018658 36.2379421,47.9056335 36.2402285,47.9157299 36.2416355,47.9148671 36.2563022,47.9264275 36.2677699,47.9189408 36.2684973,47.9194923 36.2651077,47.9216976 36.2751763,47.928374 36.2759737,47.9313776 36.2763098,47.9336121 36.2771966,47.9351195 36.2779353,47.9370465 36.2809056,47.9385134 36.2980809,47.9271417 36.3017063,47.9276871 36.3029135,47.9290121 36.3026267,47.9306449 36.3034706,47.9328126 36.3038498,47.9372172 36.3083518,47.9373423 36.3112035,47.9371243 36.3139602,47.937271 36.3158801,47.9377339 36.3191946,47.9391599 36.3287741,47.9419405 36.3306454,47.9410184 36.3323278,47.9377364 36.3314865,47.9353701 36.3405326,47.9355256 36.3402993,47.9378926 36.3378158,47.9378515 36.3365739,47.9425746 36.334627,47.9421516 36.3323232,47.9444699 36.3328516,47.947593 36.3408885,47.9501392 36.3463292,47.9523834 36.3465391,47.9544467 36.3503564,47.9547455 36.3507403,47.9529173 36.3568252,47.9537096 36.3530087,47.9479794 36.353229,47.9456594 36.3521702,47.9454519 36.3526989,47.9429162 36.3546146,47.9431341 36.3560818,47.9395318 36.3579352,47.9373956 36.3606255,47.9379618 36.3582947,47.9413742 36.3566427,47.9448693 36.3562341,47.9470428 36.3575051,47.9497133 36.3598062,47.9522112 36.3613344,47.9524099 36.3616908,47.954162 36.3599913,47.9563386 36.359343,47.9584709 36.3566414,47.9583928 36.3524582,47.959963 36.3517939,47.9621077 36.3544059,47.9635808 36.3533086,47.9660128 36.3486492,47.9672666 36.349453,47.9698969 36.3532864,47.9745246 36.3616365,47.9761238 36.3699861,47.9716316 36.3918957,47.9629888 36.392692,47.96235 36.3950852,47.9574592 36.3958045,47.953761 36.3981596,47.9544017 36.3993132,47.9539502 36.399845,47.9521421 36.3996688,47.9512681 36.4048115,47.9469437 36.4077981,47.9467937 36.4103418,47.9472328 36.4129627,47.9480523 36.4178032,47.951098 36.4243288,47.9532464 36.4240564,47.9541 36.429449,47.9561319 36.4380028,47.9573501 36.4406055,47.9593102 36.4519493,47.9622586 36.4518706,47.9628336 36.4546673,47.9635954 36.4545959,47.964027 36.4578624,47.9651694 36.459126,47.96519 36.4591227,47.9640547 36.4601642,47.9629045 36.4758579,47.9593112 36.4780143,47.9595654 36.4812343,47.960694 36.4825377,47.9610679 36.4856057,47.9624339 36.4873864,47.9620966 36.4892961,47.9627487 36.4911629,47.9637168 36.4927696,47.96234 36.4949341,47.9635781 36.496817,47.9620887 36.5004969,47.9654318 36.5068299,47.9638594 36.5107689,47.9635903 36.5117788,47.9607583 36.5152777,47.9586734 36.5205468,47.9585372 36.5252771,47.9595233 36.5279965,47.9595709 36.5293855,47.9607106 36.5270674,47.9624796 36.526809,47.969881 36.5252291,47.9732297 36.5292283,47.9774403 36.5391286,47.9791506 36.5448944,47.9793737 36.5480851,47.9805445 36.5505489,47.9799283 36.5536757,47.9780576 36.5628779,47.9756858 36.5654277,47.9738023 36.5655706,47.9715412 36.5704914,47.970698 36.5716352,47.9722394 36.5718576,47.9761232 36.5740543,47.9771339 36.5819128,47.9748669 36.5814458,47.9775412 36.5776204,47.9960968 36.5787962,47.997282 36.5800337,47.997635 36.5803212,47.9985064 36.58224,47.9987604 36.5833952,47.9980661 36.5861799,47.998389 36.5865398,47.9996309 36.5825941,48.007058 36.5765641,48.0108711 36.573575,48.0113509 36.5728376,48.0101128 36.5713707,48.0101092 36.5703607,48.0105994 36.5692449,48.0113171 36.5694595,48.0122071 36.5704507,48.0128413 36.573794,48.0138148 36.5777073,48.0158473 36.5833243,48.0163104 36.5961978,48.012904 36.5871387,48.0183424 36.5892689,48.0201624 36.5883733,48.0246805 36.5867752,48.0287976 36.5843721,48.0319337 36.5819685,48.0339727 36.5790424,48.0364084 36.5764166,48.0367922 36.5753705,48.0380476 36.5764542,48.0385497 36.5740079,48.0397118 36.5735786,48.0404076 36.5740073,48.0416197 36.5768288,48.044661 36.5796506,48.0465546 36.5826122,48.0498828 36.5831271,48.0508223 36.5840283,48.0508187 36.5858522,48.0519788 36.5873007,48.052444 36.5871184,48.0531675 36.5857772,48.0544727 36.5861099,48.0548169 36.5829985,48.0582303 36.5822206,48.0601341 36.5799538,48.0600666 36.5784595,48.060917 36.5779599,48.0622448 36.5791494,48.0633518 36.5824297,48.0631564 36.5841358,48.0638664 36.5878368,48.0657169 36.5874832,48.0674083 36.5875614,48.0692737 36.5861805,48.0720568 36.5870526,48.0737645 36.5886115,48.0754147 36.5874655,48.0776 36.5903235,48.0790746 36.5904786,48.0815386 36.590732,48.0823554 36.5877668,48.0842329 36.5892346,48.0890775 36.5991764,48.0898785 36.6024953,48.0914684 36.6040368,48.0923421 36.6042497,48.0932447 36.606308,48.0934451 36.608587,48.0933333 36.610158,48.0933791 36.6091587,48.0978276 36.6074175,48.0985414 36.6065744,48.0992094 36.6012401,48.0989691 36.6011898,48.1004725 36.6069138,48.1013653 36.6012937,48.1242085 36.6037826,48.1254259 36.6134636,48.126346 36.6147939,48.1185252 36.6133777,48.1183819 36.6146223,48.1119066 36.6253941,48.1127089 36.6263486,48.1086974 36.6331771,48.1101588 36.6349916,48.1097217 36.6368276,48.1106314 36.637928,48.1091807 36.6400799,48.1091914 36.6404999,48.1099865 36.6441332,48.1106628 36.647788,48.1111384 36.6472117,48.1121711 36.6479229,48.11286 36.6500382,48.1129251 36.651896,48.1124457 36.6552055,48.1125034 36.6544166,48.1102115 36.6577954,48.1098685 36.661184,48.1089388 36.6643346,48.1083972 36.669155,48.1074429 36.673299,48.1072618 36.6756285,48.106856 36.679411,48.1064238 36.6809804,48.105921 36.6813574,48.1051252 36.6819536,48.1048132 36.6831744,48.1049868 36.6827977,48.1059046 36.6833329,48.1070484 36.6855848,48.1079628 36.6890573,48.107968 36.6893932,48.1074052 36.6955575,48.1065659 36.6994493,48.1070738 36.7067595,48.10664 36.7185896,48.1171824 36.7224013,48.0982675 36.715656,48.0973215 36.7135824,48.0960581 36.7137473,48.0945666 36.7147705,48.0939349 36.7259924,48.0951092 36.7422871,48.0955332 36.7431398,48.0982279 36.7534595,48.099673 36.7542179,48.1012138 36.7511089,48.1016043 36.7500694,48.1008824 36.7470986,48.1007337 36.7467672,48.1011725 36.7363417,48.1003797 36.7305512,48.1003888 36.7285367,48.103866 36.728454,48.1083458 36.7309763,48.1100888 36.7301485,48.1120881 36.7326682,48.1127694 36.7354759,48.1094327 36.7388597,48.1086047 36.7397906,48.1086104 36.7400349,48.1100776 36.745779,48.1100374 36.7456866,48.1087364 36.7488761,48.1093105 36.7501346,48.1105722 36.7500766,48.1121214 36.7515056,48.1132713 36.7511022,48.1156284 36.7481569,48.1176078 36.7483074,48.1199027 36.7509148,48.1219097 36.7530769,48.1237152 36.7553442,48.123974 36.7562409,48.1251016 36.7619252,48.1256009 36.7640593,48.1260654 36.7647401,48.1272716 36.7659145,48.1276041 36.7673817,48.1274146 36.7689132,48.1277551 36.7704085,48.1295938 36.7705232,48.1311075 36.7699583,48.1315636 36.7691143,48.1322918 36.7707418,48.1331467 36.7734421,48.1331852 36.7757454,48.1319349 36.7795579,48.1340736 36.780799,48.1350285 36.7802179,48.1359212 36.7780235,48.1370752 36.777846,48.1375704 36.7767351,48.1379153 36.7758577,48.1370424 36.7738002,48.1380883 36.7748195,48.1395645 36.7714821,48.1415019 36.7664706,48.1438114 36.7658443,48.1450164 36.767922,48.1467511 36.7686583,48.1475297 36.7663739,48.1497495 36.7635745,48.1509385 36.7635547,48.1519133 36.7665191,48.1538629 36.7702769,48.1555519 36.7728078,48.1514133 36.7770543,48.1534932 36.7802493,48.1503335 36.7767687,48.1473926 36.7815983,48.1448714 36.783531,48.1458435 36.7860231,48.1470431 36.7847417,48.147896 36.7864829,48.1495894 36.7893393,48.1529852 36.7917976,48.1558426 36.7977432,48.1581109 36.8005881,48.1569821 36.8048921,48.156168 36.8155658,48.1576782 36.8279834,48.1524572 36.8299877,48.1509909 36.8247671,48.1485397 36.828036,48.1457679 36.8258353,48.1444994 36.8142406,48.1409412 36.8150492,48.1374115 36.8146417,48.1371287 36.8153153,48.1337815 36.8157245,48.133891 36.8174639,48.1250976 36.8024105,48.1233773 36.8077771,48.1011329 36.8324379,48.1035639 36.8326209,48.1026868 36.8722079,48.1067941 36.866527,48.1336085 36.8844494,48.1357659 36.8784422,48.1583468 36.874912,48.1732232 36.8756846,48.1732945 36.8733202,48.1836854 36.8781074,48.183883 36.8793756,48.1829933 36.8818004,48.1831822 36.8800194,48.1889589 36.8932691,48.1921756 36.8963279,48.1909453 36.8952239,48.1895005 36.8966208,48.1874261 36.8981056,48.1872828 36.8998101,48.1909865 36.9032314,48.1917863 36.9031001,48.1929994 36.9047928,48.1936976 36.9073362,48.1924994 36.9095151,48.1928386 36.9108142,48.1939932 36.9157057,48.1948929 36.9209405,48.1944051 36.9212821,48.1921706 36.9198578,48.192054 36.9200938,48.1905663 36.9369811,48.1920826 36.9365734,48.1935416 36.9277972,48.1927406 36.9265362,48.1954966 36.9204424,48.19532 36.9151413,48.1958788 36.9093575,48.1947849 36.9081217,48.1963803 36.9090142,48.2014185 36.9119856,48.2075987 36.9242268,48.2144639 36.9190842,48.23915 36.9147088,48.2389971 36.9142658,48.2412112 36.9170332,48.2417255 36.9167751,48.2440689 36.9164521,48.2464836 36.915806,48.2467403 36.9153292,48.2479968 36.9136031,48.2481665 36.9134124,48.2487631 36.9126446,48.248899 36.9118815,48.252743 36.9234798,48.2536329 36.9122149,48.3089674 36.8737121,48.3055766 36.8714266,48.3170248 36.8597689,48.315868 36.8599014,48.3122965 36.8567725,48.3123783 36.8563511,48.3156241 36.8167304,48.3126186 36.80996,48.3436434 36.8165009,48.3489724 36.8124258,48.368106 36.8166089,48.3662641 36.8215951,48.3656881 36.8271012,48.3704644 36.8209225,48.4064322 36.8300906,48.406645 36.8354892,48.4099953 36.82591,48.4134732 36.8308882,48.4171191 36.8356947,48.4168343 36.8382697,48.4193408 36.8495135,48.415581 36.8521742,48.4167773 36.8520884,48.4256064 36.845307,48.4435812 36.8368135,48.4430366 36.8300305,48.4846161 36.8569876,48.4871856 36.8508266,48.5179678 36.9061367,48.5207693 36.9015911,48.5433275 36.8845098,48.5420156 36.8827886,48.5510992 36.8689596,48.5501838 36.856817,48.568223 36.8249501,48.5668654 36.8217981,48.5700404 36.8102928,48.5688361 36.8049753,48.5972944 36.7798174,48.5967089 36.7786676,48.6005794 36.7452456,48.5967276 36.7381615,48.6270697 36.7047251,48.6220374 36.7023218,48.6263492 36.6746843,48.6239664 36.6752851,48.6176686 36.6543424,48.6161365 36.6558874,48.6092135 36.5922869,48.60263 36.5900553,48.6080784 36.5816438,48.6072839 36.5800989,48.6153421 36.565336,48.6154556 36.5615595,48.6202219 36.5620745,48.6232856 36.5550417,48.6238994 36.5100664,48.6495367 36.4836306,48.6626905 36.447925,48.6327491 36.4284811,48.6333075 36.4264212,48.6314924 36.4356053,48.6306984 36.440669,48.627181 36.3816175,48.5698509 36.3912306,48.5648527 36.3553572,48.5324533 36.3496924,48.534954 36.3548422,48.5395574 36.324029,48.5554669 36.2963915,48.5309187 36.2710506,48.5435669</coordinates>
            </LinearRing>
          </outerBoundaryIs>
        </Polygon>
      </Placemark>
      <Placemark>
        <name>UKR-Controlled Northern Donetsk Region</name>
        <ExtendedData>
          <Data name="name">
            <value />
          </Data>
          <Data name="description">
            <value />
          </Data>
        </ExtendedData>
        <Polygon>
          <outerBoundaryIs>
            <LinearRing>
              <tessellate>1</tessellate>
              <coordinates>37.145158,48.3238882 37.145722,48.3252365 37.1431191,48.3416652 37.1654823,48.3435715 37.165182,48.344841 37.1632707,48.3459479 37.1609533,48.3575215 37.1757314,48.3588392 37.1762613,48.3557649 37.1771493,48.3550344 37.1801116,48.35451 37.1806276,48.3533296 37.1802004,48.3518243 37.182393,48.3510383 37.183817,48.352204 37.186208,48.357143 37.185799,48.358501 37.186941,48.360294 37.189846,48.362249 37.193101,48.368131 37.195154,48.368994 37.196704,48.372055 37.2004718,48.3725879 37.2030038,48.3719037 37.2072525,48.3795433 37.2086687,48.3793153 37.2094411,48.3798569 37.2105569,48.3825932 37.2166938,48.3819091 37.2170372,48.3755811 37.2205133,48.3753816 37.2208137,48.3740418 37.2223587,48.3735571 37.2265644,48.3736997 37.2258777,48.3784602 37.2276372,48.3798854 37.2301263,48.3798854 37.232315,48.3807405 37.2372932,48.3808545 37.2397823,48.3811395 37.2412843,48.3825932 37.2436447,48.3829922 37.2439022,48.3825362 37.2453613,48.3825647 37.2474212,48.3836193 37.2475929,48.3846738 37.2465629,48.3867544 37.2454042,48.3880369 37.2423358,48.3896755 37.2421427,48.391592 37.2403831,48.3921121 37.2403402,48.3943206 37.2391171,48.3964149 37.2366924,48.3960588 37.237379,48.392739 37.2346754,48.3928388 37.2324867,48.3932306 37.2292252,48.3930846 37.2278089,48.3938361 37.2264141,48.3934657 37.2269077,48.3895117 37.2124452,48.3881864 37.2220957,48.4057337 37.2184849,48.4063278 37.2117276,48.3940786 37.2063535,48.393546 37.20137,48.416845 37.2107699,48.4178458 37.2074437,48.4337844 37.2130206,48.4334337 37.2165387,48.4325179 37.218641,48.4340246 37.2155328,48.4360264 37.2133746,48.4463696 37.2230679,48.4470711 37.2246918,48.4358159 37.2297525,48.4357962 37.229731,48.436836 37.232198,48.437277 37.231812,48.438942 37.229838,48.438786 37.229395,48.440647 37.230371,48.440761 37.2302,48.441437 37.229191,48.441338 37.22873,48.443252 37.228247,48.443209 37.228043,48.444305 37.226241,48.450796 37.226305,48.451379 37.230253,48.451023 37.2459849,48.4497189 37.2461043,48.4503187 37.2527194,48.449978 37.2687114,48.4511175 37.2927518,48.4531459 37.2912234,48.460394 37.2911969,48.4634582 37.2951289,48.470998 37.2943347,48.4748587 37.3014788,48.4748071 37.3033963,48.4744125 37.3057751,48.4735983 37.3095996,48.4726488 37.3107314,48.4727065 37.3112945,48.4735112 37.312834,48.4738392 37.3145667,48.4737476 37.3148659,48.4748325 37.3134441,48.4776109 37.3124916,48.4782454 37.3151655,48.4821657 37.3159474,48.4828827 37.319056,48.480911 37.329428,48.474147 37.3308333,48.4748927 37.3238365,48.4795448 37.3261305,48.4804527 37.3309352,48.4787149 37.338797,48.4787555 37.3401527,48.4795436 37.342311,48.4796818 37.3471301,48.4795923 37.3481781,48.480297 37.35002,48.480888 37.3522896,48.4808818 37.3518432,48.4793369 37.3519117,48.4785886 37.3539791,48.4782855 37.3564112,48.4784518 37.3564509,48.4803819 37.3577859,48.4803062 37.3589492,48.4806571 37.3591661,48.4809677 37.3580955,48.4813637 37.3583124,48.4824281 37.3572192,48.4828608 37.355543,48.4833522 37.354768,48.4843273 37.3559216,48.4851963 37.3580143,48.4855407 37.3589888,48.4871284 37.3615296,48.4868388 37.3634569,48.4915357 37.3793137,48.4872717 37.3835563,48.491396 37.3822854,48.4920663 37.386373,48.4954996 37.3712538,48.5007471 37.377849,48.5050844 37.3895813,48.50375 37.3984595,48.5031555 37.418456,48.50121 37.424098,48.499454 37.425198,48.501163 37.427078,48.501164 37.428185,48.499516 37.431586,48.499747 37.433082,48.49758 37.442946,48.497971 37.444992,48.496479 37.446939,48.492813 37.511772,48.485603 37.565567,48.504592 37.737091,48.775031 37.91645,48.861701 38.0676985,48.8415431 38.073707,48.8563165 38.0744528,48.8567213 38.0744733,48.8581006 38.0724472,48.8589948 38.069713,48.8595643 38.0679103,48.8648188 38.065861,48.8645727 38.0668393,48.8677704 38.0654189,48.8712465 38.0634834,48.8734806 38.0636171,48.8744273 38.0664521,48.8746184 38.0660255,48.875628 38.0640766,48.8816463 38.0618425,48.8841422 38.0745267,48.8842028 38.0733726,48.8863868 38.075318,48.8888228 38.0773279,48.8892555 38.079252,48.889152 38.0779074,48.8918514 38.066653,48.898732 38.0632507,48.9036934 38.0582996,48.902197 38.0562426,48.9018225 38.0551726,48.903451 38.0551179,48.9037357 38.0532577,48.906277 38.0509744,48.9054561 38.0526821,48.9034364 38.0461197,48.9013995 38.0510354,48.8974398 38.051996,48.8959349 38.0524845,48.8940563 38.0370657,48.8910775 38.0286889,48.8918528 38.0275217,48.8916404 38.0202987,48.8860362 38.0177092,48.8864142 38.0162419,48.8872265 38.0136293,48.886537 38.0134683,48.8847344 37.9979713,48.891851 37.9983554,48.8935046 37.9931175,48.894354 37.994675,48.8979488 37.999343,48.8979933 37.9996173,48.9013727 37.9972225,48.9063063 37.9951178,48.9081568 37.9932064,48.9091343 37.990136,48.9136943 37.9865505,48.9164904 37.9845957,48.9193994 37.98234,48.919213 37.98163,48.921 37.973957,48.920695 37.972592,48.922532 37.968362,48.923006 37.967494,48.921948 37.962293,48.922159 37.9603538,48.9193518 37.9532641,48.9202676 37.9440704,48.9100262 37.9377092,48.9071168 37.9345549,48.9039114 37.9260793,48.8978281 37.9019108,48.9032867 37.8828638,48.906094 37.8763021,48.9156586 37.8697377,48.9295054 37.8568908,48.9386083 37.86042,48.9469353 37.8531312,48.9544979 37.842717,48.957504 37.837341,48.95859 37.834047,48.960084 37.831363,48.962115 37.828699,48.9635 37.825816,48.964212 37.822152,48.966368 37.821175,48.967846 37.823025,48.969276 37.827212,48.966722 37.830335,48.966643 37.837197,48.970899 37.836077,48.971803 37.829572,48.975706 37.830329,48.976342 37.828846,48.977226 37.829691,48.977866 37.846915,48.978362 37.846512,48.983716 37.856324,48.984085 37.856977,48.976993 37.864891,48.977284 37.864307,48.9844 37.870155,48.984605 37.870319,48.982115 37.886359,48.982677 37.88541,48.992812 37.918069,49.002834 37.9190342,48.9943527 37.9211905,48.9945604 37.920257,49.004454 37.919603,49.004299 37.9194694,49.0056572 37.9182389,49.0055617 37.9183873,49.0040379 37.9065528,49.0004678 37.9066005,49.0013712 37.9062596,49.0021326 37.9056171,49.0020628 37.9050819,49.0092142 37.9011258,49.0091242 37.8991606,49.0094114 37.8946632,49.0079531 37.8907347,49.0092677 37.8877932,49.0092028 37.8843693,49.0096989 37.8799538,49.008089 37.8735833,49.0087759 37.8704316,49.0089278 37.8694584,49.01125 37.8640649,49.0116582 37.8580099,49.0116865 37.8558194,49.0146423 37.8590157,49.0171617 37.8608287,49.0208699 37.8672767,49.0209755 37.8718421,49.0219045 37.8774723,49.0225094 37.8769831,49.0240217 37.8908711,49.0249704 37.8904676,49.031154 37.8944717,49.0314319 37.8965378,49.0322261 37.897779,49.033286 37.896238,49.034926 37.89844,49.035669 37.898603,49.036848 37.899578,49.037483 37.896785,49.03834 37.895646,49.03945 37.890645,49.040786 37.892177,49.043482 37.893795,49.044701 37.893782,49.050941 37.897938,49.051924 37.899588,49.052724 37.902081,49.052699 37.904272,49.053193 37.905454,49.053102 37.906774,49.053366 37.907949,49.052908 37.906892,49.052224 37.907626,49.05158 37.910642,49.048909 37.909452,49.048094 37.90733,49.046015 37.909748,49.045617 37.914654,49.045839 37.920393,49.04585 37.9184093,49.0504094 37.9136412,49.0508564 37.9097311,49.0531596 37.907748,49.055516 37.904469,49.056349 37.903189,49.056101 37.895238,49.056542 37.885271,49.057004 37.881829,49.048474 37.876757,49.048438 37.875558,49.046657 37.866957,49.050108 37.856682,49.051308 37.851493,49.050848 37.852131,49.038916 37.835376,49.039616 37.836877,49.0433903 37.8364435,49.0493066 37.8328373,49.0492586 37.8280092,49.0502959 37.8243078,49.0486277 37.8189595,49.04856 37.8177954,49.0501236 37.8128022,49.0487097 37.814525,49.0459405 37.8134123,49.0455825 37.813115,49.0449996 37.8143229,49.0437071 37.814844,49.0430476 37.8127107,49.0424247 37.8122449,49.0428166 37.8113039,49.0425202 37.8115844,49.0418797 37.8107063,49.0415768 37.8092114,49.0427143 37.80821,49.0440062 37.8065218,49.0483361 37.7873132,49.0385096 37.786226,49.039439 37.780479,49.036936 37.781226,49.035805 37.773304,49.031187 37.766884,49.037797 37.7541,49.031783 37.748265,49.037934 37.756764,49.040961 37.755392,49.044326 37.756659,49.045013 37.755608,49.046346 37.758656,49.047297 37.756942,49.049695 37.753875,49.051467 37.750293,49.055376 37.743947,49.051436 37.7397591,49.0517519 37.7332973,49.0496478 37.7312255,49.0516476 37.730012,49.051341 37.7254512,49.0551034 37.7230654,49.0575103 37.7184487,49.05612 37.7165357,49.0502572 37.7043845,49.0485047 37.7045071,49.0468924 37.7006468,49.0454605 37.702665,49.041594 37.6936975,49.0384024 37.6816875,49.045018 37.6690125,49.0518832 37.6544753,49.0597426 37.6348734,49.0660825 37.614209,49.0695376 37.6137336,49.075377 37.613694,49.0843015 37.601119,49.1028872 37.6020039,49.1108206 37.5954988,49.114385 37.5989794,49.1158659 37.5997993,49.116139 37.6089931,49.1219655 37.6153914,49.1271579 37.6201241,49.127473 37.623263,49.1270688 37.6264018,49.1271981 37.6299053,49.1264288 37.631421,49.1274061 37.6358551,49.1280463 37.6364618,49.1273892 37.6345795,49.1261142 37.6385388,49.1234371 37.6416335,49.1232851 37.6441059,49.1227819 37.6334515,49.1140517 37.6434873,49.1060787 37.6559332,49.1169237 37.6584249,49.1201278 37.6589085,49.1211604 37.6578628,49.1213116 37.6592633,49.1250577 37.6565186,49.1254659 37.6578072,49.129377 37.6629572,49.1321644 37.6649644,49.1344172 37.6684308,49.1330758 37.6705368,49.1352101 37.6748724,49.1336794 37.6779189,49.1364914 37.6716177,49.1409703 37.6735724,49.1434781 37.6770153,49.1456322 37.6804342,49.1449994 37.682608,49.146079 37.686441,49.149193 37.691446,49.15076 37.69463,49.150331 37.69515,49.160156 37.700948,49.159961 37.701745,49.162002 37.706793,49.164347 37.708738,49.165 37.709524,49.167168 37.708243,49.16777 37.709666,49.170308 37.716932,49.172172 37.719123,49.172864 37.721421,49.171339 37.726982,49.174309 37.731639,49.176959 37.739254,49.17995 37.733226,49.185262 37.737094,49.189659 37.740824,49.18949 37.748628,49.191588 37.751675,49.195348 37.757613,49.195749 37.763589,49.192741 37.763637,49.193523 37.762226,49.195118 37.763803,49.195265 37.770444,49.191963 37.782332,49.189214 37.7831261,49.1878477 37.7956677,49.1852988 37.7989337,49.1864545 37.795934,49.1893493 37.7930245,49.189978 37.7936427,49.1914597 37.7884415,49.1924598 37.788941,49.194376 37.786335,49.194953 37.785418,49.192745 37.780883,49.193857 37.779646,49.192141 37.77247,49.193871 37.767268,49.19577 37.769996,49.19766 37.76505,49.199694 37.759916,49.198972 37.755984,49.202007 37.743331,49.205341 37.748945,49.211858 37.716614,49.219153 37.617494,49.232531 37.565201,49.22983 37.5473129,49.2126512 37.5146708,49.1989717 37.498836,49.185098 37.503699,49.179485 37.534693,49.172871 37.554525,49.165303 37.563495,49.147575 37.562807,49.144722 37.549746,49.148352 37.545583,49.142956 37.561855,49.136465 37.563547,49.133802 37.571602,49.135519 37.585027,49.126091 37.546234,49.112317 37.536819,49.110395 37.497405,49.103569 37.493667,49.105134 37.488212,49.099056 37.50654,49.081338 37.5071883,49.0762229 37.5044172,49.0697222 37.5054492,49.0657636 37.5046788,49.0628172 37.5013314,49.06113 37.4948889,49.0600623 37.4787987,49.0629244 37.478173,49.059608 37.4704945,49.0556022 37.4693514,49.0577875 37.467865,49.0575543 37.4666944,49.0613061 37.463838,49.0614418 37.459292,49.05649 37.4571803,49.0564939 37.4513427,49.0532429 37.450054,49.0539574 37.4493237,49.0552989 37.4503748,49.0562228 37.450557,49.0602282 37.4496234,49.0611402 37.445223,49.0581286 37.4428828,49.0573666 37.4409291,49.0586913 37.438632,49.061422 37.4361438,49.0612925 37.4327123,49.0602462 37.4318985,49.0594105 37.418783,49.061782 37.4174375,49.0613865 37.4156255,49.0595451 37.4135562,49.0561289 37.4102763,49.0541897 37.4094056,49.0527156 37.407752,49.051818 37.4016836,49.0514313 37.389131,49.049576 37.3846514,49.048204 37.383941,49.045259 37.388475,49.038671 37.385198,49.036303 37.386126,49.031229 37.391884,49.024924 37.375439,49.026474 37.371035,49.005712 37.373002,48.994016 37.35853,48.991455 37.359462,48.998147 37.345366,49.003516 37.338779,48.995641 37.321584,48.989204 37.310291,48.988759 37.312514,48.986022 37.323891,48.985077 37.322322,48.977372 37.305134,48.980212 37.295402,48.967516 37.311033,48.965659 37.311675,48.956623 37.320596,48.957382 37.318913,48.95243 37.309456,48.950924 37.307192,48.947348 37.310428,48.941931 37.318954,48.937716 37.328054,48.937541 37.327028,48.935119 37.332012,48.93456 37.328033,48.921689 37.31109,48.922665 37.299792,48.918477 37.29895,48.922802 37.269315,48.922143 37.26644,48.906513 37.245006,48.9088 37.244323,48.906554 37.224421,48.907882 37.211715,48.888452 37.202644,48.8846 37.190838,48.873342 37.19067,48.869038 37.19483,48.849202 37.192108,48.814713 37.156804,48.824919 37.151164,48.832387 37.144411,48.834196 37.148594,48.844528 37.132619,48.842757 37.098728,48.850902 37.078583,48.817804 37.067724,48.81755 37.066072,48.813917 37.023036,48.816815 37.018166,48.801462 37.007109,48.802726 37.005229,48.797648 36.994767,48.787594 37.023295,48.77463 37.022982,48.767606 37.042909,48.766528 37.038028,48.752267 37.031971,48.749803 37.017499,48.759197 37.008042,48.764482 37.000774,48.765692 36.982207,48.784205 36.968685,48.793014 36.948385,48.795077 36.945646,48.791199 36.92502,48.792602 36.921132,48.797249 36.853971,48.80052 36.839334,48.775547 36.840957,48.772894 36.821295,48.771599 36.816915,48.777514 36.789205,48.779964 36.793083,48.786138 36.785781,48.786952 36.783164,48.789609 36.789601,48.800119 36.78674,48.800672 36.765265,48.797003 36.733896,48.803798 36.719418,48.804326 36.703583,48.784052 36.688822,48.77423 36.691997,48.767772 36.696224,48.767754 36.700114,48.766801 36.709711,48.766952 36.714123,48.749161 36.71727,48.744792 36.712298,48.743431 36.726016,48.715548 36.735851,48.704719 36.734998,48.702414 36.73127,48.697447 36.73091,48.69451 36.728455,48.693835 36.717458,48.693839 36.71208,48.692619 36.711135,48.691822 36.712814,48.691377 36.714566,48.689882 36.717226,48.690426 36.71956,48.687404 36.720608,48.682685 36.728153,48.648651 36.728932,48.647411 36.734699,48.645609 36.745245,48.596756 36.778667,48.600608 36.779817,48.596737 36.805397,48.596127 36.810292,48.568865 36.824105,48.570063 36.82495,48.566894 36.858903,48.568725 36.868959,48.550212 36.882788,48.551128 36.88451,48.542044 36.901591,48.543356 36.906136,48.520798 36.85023,48.516422 36.856987,48.487214 36.83003,48.484645 36.836813,48.443065 36.845307,48.44361 36.848445,48.428038 36.850293,48.420488 36.835489,48.410024 36.820922,48.406461 36.827101,48.370493 36.822118,48.365492 36.816609,48.366293 36.812426,48.368134 36.813626,48.360293 36.816501,48.349001 36.80996,48.343672 36.81673,48.312647 36.856351,48.315653 36.856772,48.312407 36.859901,48.312325 36.859769,48.315896 36.871426,48.317053 36.873712,48.305605 36.912215,48.308996 36.92348,48.253633 36.9239,48.251589 36.933783,48.252617 36.933627,48.253627 36.936781,48.259529 36.94355,48.260251 36.944881,48.258518 36.947585,48.25627 36.94956,48.254793 36.948723,48.254612 36.948541,48.253193 36.946048,48.251641 36.944972,48.251233 36.94385,48.250302 36.945596,48.249097 36.949904,48.252631 36.952311,48.253004 36.952659,48.253491 36.951983,48.254578 36.961788,48.255587 36.968529,48.256256 36.972845,48.254854 36.97513,48.253311 36.977388,48.25261 36.977957,48.254539 36.976267,48.255375 36.972903,48.256382 36.966777,48.258554 36.957469,48.264012 36.957236,48.266226 36.961197,48.266234 36.966546,48.264823 36.974778,48.262875 36.978679,48.261836 36.980049,48.262497 36.978269,48.270422 36.984809,48.270808 36.986119,48.269176 36.988098,48.267619 36.990979,48.266047 36.99511,48.264602 37.0005,48.264958 36.999606,48.268334 37.000694,48.268423 36.998494,48.277485 37.009928,48.27863 37.009549,48.279901 37.026973,48.281679 37.0305997,48.2659977 37.0326374,48.2661687 37.0288834,48.2832487 37.0224668,48.2825638 37.0192492,48.297077 37.0297778,48.2954138 37.0271887,48.3101695 37.0634232,48.3048026 37.06298,48.3128504 37.0637035,48.3171902 37.0702662,48.3156602 37.0785882,48.3151286 37.0869916,48.3118385 37.1010398,48.3211139 37.1007054,48.3259348 37.1204959,48.3250048 37.1296234,48.3243744 37.1305877,48.3194757 37.1382564,48.3200982 37.1372193,48.3241024 37.145158,48.3238882</coordinates>
            </LinearRing>
          </outerBoundaryIs>
        </Polygon>
      </Placemark>
    </Folder>
    </Document>
</kml>