<?xml version='1.0' encoding='utf-8'?>
<kml xmlns="http://www.opengis.net/kml/2.2">
  <Document>
    <name>Russo Ukraine War 2022-2026</name>
    <Folder>
      <name>Frontlines</name>
      <Placemark>
        <name>Luhansk AFU</name>
        <ExtendedData>
          <Data name="descripción">
            <value />
          </Data>
          <Data name="description">
            <value />
          </Data>
        </ExtendedData>
        <MultiGeometry>
          <Polygon>
            <outerBoundaryIs>
              <LinearRing>
                <tessellate>1</tessellate>
                <coordinates>37.90399,49.373612 37.902765,49.376142 37.891113,49.375869 37.88895,49.364665 37.884838,49.350609 37.886484,49.34492 37.886105,49.341516 37.883667,49.340908 37.882567,49.337511 37.879614,49.332513 37.879167,49.331077 37.877914,49.330079 37.877176,49.328857 37.882283,49.320778 37.883818,49.316744 37.883981,49.312823 37.900661,49.310896 37.938611,49.305342 37.948405,49.303476 37.95531,49.303517 37.954516,49.31033 37.956461,49.310517 37.958959,49.318996 37.927923,49.320322 37.920388,49.322125 37.921367,49.326709 37.919292,49.327234 37.920076,49.331304 37.926194,49.330384 37.928216,49.330557 37.931488,49.332078 37.938096,49.332876 37.93912,49.335536 37.935755,49.350586 37.941206,49.351355 37.942359,49.35354 37.95025,49.359286 37.948777,49.360484 37.947093,49.359875 37.943448,49.360236 37.935682,49.361926 37.936895,49.36493 37.935402,49.365349 37.927594,49.365527 37.923343,49.363644 37.919532,49.366002 37.915723,49.373792 37.914038,49.37342 37.90399,49.373612</coordinates>
              </LinearRing>
            </outerBoundaryIs>
          </Polygon>
          <Polygon>
            <outerBoundaryIs>
              <LinearRing>
                <tessellate>1</tessellate>
                <coordinates>37.955431,49.28375 37.951499,49.281774 37.942804,49.280093 37.930307,49.2795 37.912336,49.276042 37.899442,49.269605 37.911252,49.259169 37.894866,49.255147 37.895797,49.254078 37.895917,49.253272 37.895366,49.252785 37.894607,49.252464 37.8977752,49.250253 37.9011273,49.2510069 37.9119116,49.2492915 37.9130469,49.2481712 37.921317,49.250768 37.925837,49.251603 37.9303718,49.2490426 37.9330031,49.2500263 37.9306981,49.25181 37.930294,49.255601 37.9420648,49.2644616 37.9483584,49.2638093 37.9549436,49.2655999 37.9598126,49.2640032 37.9646242,49.2646788 37.9615831,49.2682332 37.9629712,49.2700659 37.961752,49.273824 37.9669536,49.2759082 37.9696466,49.2778858 37.963266,49.282648 37.961506,49.283264 37.957567,49.281478 37.955431,49.28375</coordinates>
              </LinearRing>
            </outerBoundaryIs>
          </Polygon>
        </MultiGeometry>
      </Placemark>
      <Placemark>
        <name>Kherson AFU</name>
        <ExtendedData>
          <Data name="descripción">
            <value />
          </Data>
          <Data name="description">
            <value />
          </Data>
        </ExtendedData>
        <Polygon>
          <outerBoundaryIs>
            <LinearRing>
              <tessellate>1</tessellate>
              <coordinates>33.160213,47.231819 33.160206,47.232155 33.159838,47.232382 33.159384,47.232317 33.158956,47.232548 33.159016,47.233025 33.160019,47.234259 33.162096,47.235071 33.163457,47.235506 33.163407,47.236102 33.161644,47.236692 33.160613,47.236476 33.159238,47.23597 33.155748,47.236008 33.15121,47.234631 33.150159,47.233742 33.149816,47.232779 33.148591,47.231504 33.147494,47.230869 33.142768,47.230461 33.141514,47.230693 33.139916,47.231449 33.133662,47.233297 33.131753,47.233147 33.129351,47.232021 33.127978,47.231633 33.126562,47.230894 33.126209,47.229878 33.125985,47.228715 33.126523,47.227584 33.126316,47.225695 33.126813,47.22322 33.127826,47.22028 33.133333,47.213295 33.135003,47.212274 33.141951,47.210815 33.142078,47.210566 33.14199,47.210026 33.142329,47.209646 33.141816,47.20882 33.139742,47.208617 33.139213,47.208182 33.138755,47.207252 33.13681,47.205801 33.135809,47.206255 33.13445,47.206219 33.133778,47.206009 33.133077,47.204626 33.131782,47.203351 33.13032,47.202888 33.129029,47.202834 33.128207,47.203435 33.126401,47.203371 33.125284,47.202872 33.123888,47.202754 33.123104,47.202958 33.122734,47.203825 33.12248,47.204107 33.121583,47.204506 33.120261,47.204488 33.118414,47.204043 33.116482,47.204124 33.111922,47.20622 33.110108,47.207353 33.10986,47.208341 33.109329,47.208718 33.107639,47.209153 33.104524,47.212156 33.104018,47.213031 33.103951,47.213887 33.104846,47.214772 33.106127,47.215656 33.106244,47.216376 33.105508,47.217273 33.099137,47.223184 33.098113,47.223823 33.095415,47.224142 33.092137,47.223762 33.088889,47.224053 33.08724,47.223586 33.085591,47.222799 33.083383,47.221291 33.081656,47.220668 33.07987,47.220473 33.078891,47.220638 33.07787,47.221036 33.07403,47.223214 33.07268,47.223469 33.071726,47.223241 33.07139,47.222731 33.071683,47.221555 33.072533,47.22067 33.074192,47.219776 33.075234,47.218745 33.075217,47.21817 33.074716,47.217704 33.072825,47.217434 33.071663,47.217573 33.069063,47.219198 33.067903,47.220171 33.066592,47.220503 33.065398,47.220023 33.064891,47.21896 33.065511,47.217426 33.065144,47.216213 33.064317,47.215548 33.064091,47.214679 33.064582,47.213874 33.065743,47.21308 33.06596,47.212374 33.065278,47.210378 33.065588,47.209476 33.067238,47.207439 33.067469,47.206806 33.065487,47.204798 33.065333,47.20375 33.066166,47.202046 33.06512,47.200157 33.056711,47.193268 33.054396,47.192852 33.052471,47.191306 33.048758,47.190956 33.044616,47.19016 33.041605,47.189961 33.036901,47.188616 33.035355,47.186394 33.035339,47.182734 33.037523,47.180722 33.038634,47.179002 33.037963,47.178083 33.031251,47.177883 33.027414,47.176807 33.026264,47.176581 33.025494,47.176672 33.025196,47.177056 33.023739,47.177439 33.020955,47.179197 33.016167,47.180073 33.014727,47.181095 33.012869,47.182846 33.012198,47.184596 33.012342,47.185209 33.013134,47.185849 33.013808,47.18673 33.014182,47.187699 33.013708,47.18898 33.012246,47.191311 33.008543,47.194976 33.006158,47.196661 33.003358,47.196872 33.001416,47.196733 33.000516,47.196223 32.999445,47.192955 32.999554,47.192569 33.000224,47.192152 33.002524,47.19194 33.003493,47.191562 33.003722,47.190957 33.003234,47.190388 33.001744,47.18998 33.000738,47.190009 32.999543,47.190417 32.998395,47.191029 32.997592,47.191262 32.996144,47.191349 32.992885,47.190851 32.991043,47.190237 32.992351,47.192756 32.990516,47.193665 32.988376,47.193814 32.986664,47.193554 32.985376,47.192675 32.981512,47.191563 32.960878,47.189652 32.958697,47.182316 32.950648,47.167 32.948341,47.163893 32.931359,47.150397 32.925851,47.148676 32.923097,47.148845 32.921634,47.148492 32.91854,47.148285 32.915341,47.149157 32.913059,47.150537 32.911248,47.152064 32.909438,47.153123 32.906972,47.153833 32.901609,47.153795 32.898951,47.152501 32.897065,47.150974 32.896388,47.147724 32.896785,47.146051 32.898641,47.143444 32.901538,47.141644 32.904863,47.140195 32.912856,47.135698 32.91424,47.134586 32.914604,47.132305 32.915848,47.130546 32.915107,47.129973 32.908015,47.127649 32.906546,47.12658 32.905382,47.123913 32.902673,47.122123 32.901317,47.122023 32.899532,47.122273 32.898021,47.121956 32.897402,47.121263 32.897882,47.118066 32.898842,47.11693 32.899216,47.11565 32.898591,47.114901 32.897857,47.114571 32.896645,47.114436 32.896025,47.11405 32.898916,47.113566 32.901807,47.112849 32.911131,47.108188 32.914145,47.104344 32.913914,47.103162 32.911109,47.100344 32.909447,47.096812 32.910414,47.091967 32.913378,47.089056 32.914603,47.087046 32.916931,47.085514 32.921784,47.084562 32.923718,47.084544 32.925182,47.083822 32.925062,47.083027 33.06816,47.022202 33.022454,46.972438 32.950442,47.003235 32.933791,46.98538 32.942333,46.970854 32.949326,46.945608 32.975936,46.948682 32.979967,46.93387 32.922331,46.926698 32.926752,46.909794 32.8462,46.899995 32.841942,46.89969 32.84043,46.899209 32.839124,46.896135 32.841489,46.895149 32.841585,46.891536 32.839888,46.888062 32.835809,46.88393 32.840162,46.881895 32.848588,46.879157 32.851264,46.879176 32.854298,46.877161 32.859732,46.87644 32.916066,46.882868 32.919866,46.86603 32.946011,46.868585 32.949041,46.857362 32.810409,46.839796 32.811628,46.834306 32.775074,46.829976 32.778945,46.82508 32.771696,46.82131 32.76717,46.8206 32.765122,46.82506 32.764447,46.827583 32.746724,46.825437 32.745481,46.826931 32.707807,46.822866 32.707164,46.821007 32.701177,46.820782 32.698613,46.821551 32.687981,46.862124 32.618792,46.854003 32.613977,46.854477 32.612338,46.855186 32.611377,46.858013 32.585078,46.85486 32.584118,46.859474 32.57926,46.85914 32.578633,46.863081 32.571998,46.862885 32.57296,46.868028 32.572033,46.872585 32.54709,46.869286 32.545608,46.876727 32.54609,46.881063 32.547602,46.882877 32.53436,46.881311 32.535152,46.87957 32.541067,46.850304 32.52591,46.848033 32.531331,46.823296 32.469004,46.81596 32.462469,46.840447 32.365648,46.829246 32.373574,46.799094 32.343196,46.795456 32.315729,46.805931 32.227174,46.845351 32.231573,46.837146 32.248781,46.82226 32.227924,46.810572 32.217903,46.809691 32.218869,46.805755 32.211531,46.798822 32.211209,46.793914 32.213805,46.790299 32.218569,46.771434 32.169044,46.763321 32.171634,46.752594 32.111063,46.744801 32.109392,46.752502 32.057207,46.744386 32.060838,46.728397 32.075539,46.730055 32.086733,46.683595 32.071858,46.681849 32.07123,46.683518 32.011875,46.676428 32.013503,46.66743 31.987071,46.663916 31.988107,46.659134 31.98159,46.657828 31.978419,46.652302 31.972035,46.647886 32.011337,46.621328 32.052669,46.607016 32.082118,46.607441 32.09838,46.603285 32.110625,46.591298 32.12361,46.562177 32.132158,46.550565 32.136584,46.547689 32.147918,46.548344 32.18809,46.563543 32.21248,46.566694 32.240691,46.579299 32.251133,46.580574 32.261575,46.578544 32.273531,46.570472 32.283705,46.560461 32.303774,46.554674 32.31901,46.550189 32.334243,46.548771 32.34308,46.546644 32.351784,46.548837 32.358257,46.549496 32.365108,46.54792 32.382196,46.547166 32.388976,46.548169 32.398246,46.553364 32.414812,46.559561 32.420305,46.560092 32.4260551,46.5595604 32.432822,46.5576158 32.4370999,46.5594184 32.44646,46.561578 32.457193,46.565538 32.47896,46.573781 32.479698,46.575235 32.481535,46.578745 32.486356,46.582075 32.4954778,46.5855086 32.5009407,46.5900279 32.5066614,46.593603 32.5192198,46.5959148 32.5291895,46.5952556 32.5420899,46.5955283 32.5517745,46.5971369 32.5612014,46.5996896 32.5662946,46.6009736 32.5739614,46.6011364 32.5823161,46.5992947 32.593846,46.5960381 32.598739,46.591812 32.601944,46.591903 32.611958,46.596077 32.614006,46.598488 32.6143,46.599577 32.618027,46.602553 32.619074,46.605941 32.619177,46.608091 32.618395,46.612803 32.619535,46.614857 32.630417,46.617323 32.639713,46.615928 32.643388,46.618664 32.656162,46.623403 32.663941,46.624996 32.669145,46.628062 32.674706,46.630173 32.689715,46.633031 32.690739,46.634902 32.699478,46.649114 32.699428,46.650063 32.69953,46.656489 32.702551,46.659262 32.710788,46.662162 32.715549,46.663406 32.719024,46.662603 32.726543,46.661622 32.728969,46.66206 32.730151,46.662558 32.730093,46.664003 32.731942,46.667136 32.74332,46.667942 32.75552,46.668262 32.778252,46.670517 32.7982074,46.6769824 32.8023702,46.6744968 32.806059,46.6734702 32.8123207,46.6657347 32.813357,46.666203 32.814668,46.666099 32.815464,46.664582 32.81654,46.664493 32.817492,46.665846 32.819738,46.665843 32.821312,46.666779 32.823945,46.670771 32.825972,46.670787 32.826968,46.671628 32.828119,46.671131 32.830127,46.671341 32.83363,46.671644 32.838746,46.675547 32.855608,46.679086 32.862942,46.680211 32.864678,46.684277 32.865813,46.685163 32.864963,46.685793 32.866556,46.687076 32.866862,46.688654 32.881387,46.697596 32.881956,46.701638 32.880722,46.703795 32.886037,46.70626 32.891095,46.71049 32.898944,46.712601 32.902313,46.711774 32.907187,46.711876 32.916062,46.71587 32.923393,46.718686 32.928442,46.718523 32.93555,46.71689 32.942797,46.713265 32.953477,46.712046 32.9711,46.71086 32.980949,46.710632 32.98498,46.71254 32.989356,46.71433 32.997764,46.715792 33.001961,46.716286 33.005097,46.716458 33.009142,46.716986 33.01546,46.717207 33.020577,46.718018 33.030542,46.720471 33.033689,46.721301 33.038555,46.722376 33.04349,46.723862 33.045185,46.725671 33.047735,46.726852 33.051705,46.727171 33.055846,46.727793 33.062562,46.73122 33.064815,46.731367 33.067883,46.731544 33.071767,46.733059 33.076209,46.734338 33.080286,46.736103 33.084449,46.73772 33.086401,46.73772 33.086122,46.738682 33.087497,46.739136 33.08737,46.739443 33.087636,46.739906 33.089797,46.741186 33.09166,46.741893 33.09288,46.742527 33.093756,46.742808 33.095288,46.74293 33.097149,46.743118 33.099756,46.743845 33.102051,46.745476 33.103847,46.746085 33.103925,46.747459 33.103576,46.752962 33.109152,46.756742 33.111082,46.758397 33.113249,46.758754 33.124169,46.761346 33.124981,46.763143 33.123928,46.767451 33.128809,46.774661 33.131114,46.776168 33.144907,46.776978 33.14571,46.777736 33.149287,46.777057 33.156898,46.77673 33.158329,46.779085 33.160017,46.781201 33.173518,46.776496 33.192747,46.771023 33.207077,46.769756 33.240958,46.765289 33.246754,46.762187 33.252505,46.756923 33.25954,46.753684 33.283562,46.750791 33.30312,46.751657 33.3270691,46.7556368 33.325298,46.773978 33.327508,46.777967 33.333506,46.779196 33.3447502,46.7769195 33.356668,46.77196 33.393717,46.790796 33.425931,46.816452 33.466,46.832814 33.511933,46.839106 33.588231,46.84045 33.607931,46.845972 33.61509,46.858244 33.619675,46.882901 33.618936,46.915055 33.625926,46.925454 33.654232,46.948704 33.682774,46.995982 33.687528,47.021614 33.70072,47.036313 33.795624,47.081409 33.812866,47.108946 33.820329,47.143168 33.834554,47.165265 33.881306,47.189141 33.946714,47.234515 33.980825,47.292224 33.993997,47.323113 33.994684,47.35615 33.998809,47.379546 33.98446,47.409885 33.9854,47.44613 34.000344,47.455906 33.947384,47.500306 33.939708,47.515933 33.930188,47.516108 33.90753,47.512857 33.904442,47.511576 33.643653,47.484475 33.635728,47.514092 33.609838,47.510828 33.605237,47.503851 33.588656,47.501723 33.580647,47.532486 33.592789,47.544852 33.589095,47.55817 33.608963,47.560949 33.605422,47.57505 33.592439,47.573515 33.588057,47.588687 33.583756,47.588112 33.580473,47.600281 33.474058,47.587077 33.485771,47.545252 33.475596,47.542584 33.351009,47.526701 33.325635,47.523054 33.32481,47.521841 33.330028,47.51014 33.348701,47.493579 33.313622,47.482373 33.311534,47.484616 33.307644,47.486453 33.313355,47.488374 33.314451,47.489334 33.314861,47.49041 33.314954,47.492163 33.314368,47.493232 33.313366,47.495662 33.311278,47.498492 33.311014,47.499562 33.310066,47.501517 33.309033,47.502284 33.303439,47.503177 33.300292,47.502997 33.298432,47.503223 33.295784,47.504183 33.291419,47.507288 33.286667,47.509784 33.281974,47.514018 33.28203,47.514569 33.281286,47.515715 33.279712,47.516345 33.278911,47.517469 33.27879,47.520301 33.28195,47.522644 33.285033,47.524351 33.286656,47.525624 33.287593,47.527925 33.287757,47.529647 33.288522,47.531601 33.28869,47.534085 33.288453,47.539196 33.287786,47.542744 33.287002,47.543517 33.282957,47.54545 33.28168,47.545355 33.280609,47.545896 33.275419,47.546437 33.272632,47.545674 33.269436,47.543903 33.265811,47.542884 33.260304,47.53986 33.258109,47.537218 33.254884,47.535352 33.251145,47.533979 33.24873,47.533521 33.244582,47.531206 33.240522,47.530165 33.239209,47.530503 33.237983,47.530492 33.232912,47.529254 33.231397,47.529385 33.230697,47.529864 33.229488,47.531118 33.227983,47.531223 33.224933,47.530343 33.223817,47.530428 33.22047,47.530976 33.21841,47.531785 33.216736,47.532131 33.215641,47.532855 33.21488,47.533825 33.215491,47.534738 33.22107,47.538378 33.222014,47.540019 33.221672,47.542704 33.221844,47.544365 33.221192,47.54527 33.219725,47.545916 33.218164,47.547785 33.218132,47.548454 33.219184,47.549328 33.224208,47.55126 33.229082,47.554022 33.232291,47.55743 33.235785,47.562581 33.237188,47.566517 33.237734,47.569758 33.23718,47.572584 33.235339,47.575352 33.233287,47.577501 33.231157,47.577918 33.229902,47.577421 33.227735,47.574516 33.226062,47.573511 33.216792,47.571551 33.210613,47.569759 33.206836,47.569268 33.201987,47.569225 33.198157,47.569649 33.195185,47.570362 33.191473,47.571788 33.186838,47.573956 33.184433,47.572646 33.181172,47.571478 33.178511,47.569326 33.176107,47.567744 33.170442,47.566686 33.162115,47.569086 33.092892,47.578663 33.089289,47.551957 33.095126,47.527221 33.140871,47.542987 33.147213,47.514471 33.12299,47.508212 33.129811,47.480619 33.127342,47.480075 33.128392,47.475643 33.124226,47.475192 33.138091,47.419446 33.071407,47.411792 33.070604,47.475315 33.047305,47.468181 33.054351,47.443639 33.03368,47.441384 33.038281,47.42516 33.03011,47.423783 33.028807,47.422871 33.03554,47.397808 33.03414,47.39752 33.039092,47.379395 33.121993,47.389599 33.132567,47.345314 33.139012,47.332661 33.1337,47.331943 33.132508,47.330992 33.13287,47.327926 33.103536,47.321718 33.103043,47.320627 33.110234,47.302807 33.110224,47.293197 33.101975,47.290341 33.105216,47.279794 33.119269,47.281824 33.1201,47.277937 33.139813,47.272418 33.136146,47.267653 33.18342,47.237972 33.180402,47.236974 33.179579,47.237029 33.178309,47.237712 33.177299,47.238068 33.17629,47.238071 33.175474,47.237827 33.174617,47.237108 33.173739,47.235907 33.172927,47.234236 33.172291,47.233777 33.170225,47.233632 33.168158,47.23372 33.167294,47.234324 33.166601,47.234578 33.165945,47.234444 33.164119,47.232284 33.163213,47.231897 33.160869,47.231641 33.160213,47.231819</coordinates>
            </LinearRing>
          </outerBoundaryIs>
        </Polygon>
      </Placemark>
      <Placemark>
        <name>Luhansk RUAF</name>
        <ExtendedData>
          <Data name="descripción">
            <value />
          </Data>
          <Data name="description">
            <value />
          </Data>
        </ExtendedData>
        <Polygon>
          <outerBoundaryIs>
            <LinearRing>
              <tessellate>1</tessellate>
              <coordinates>38.053006,49.783474 38.036093,49.780396 38.035112,49.777983 38.02045,49.7736 38.022852,49.771553 38.011866,49.765429 38.009679,49.756738 37.999075,49.753497 37.989654,49.752486 37.988805,49.754697 37.987437,49.755304 37.983749,49.756605 37.981948,49.756908 37.97984,49.764699 37.976702,49.767168 37.968008,49.758964 37.951826,49.731508 37.95994,49.718693 37.974485,49.708919 37.990051,49.715385 37.995431,49.712901 38.009793,49.714267 38.017403,49.713174 38.017516,49.706134 37.998578,49.700315 38.00633,49.695128 38.013211,49.695422 38.013388,49.687187 38.014338,49.685846 38.012123,49.685436 38.011445,49.684564 38.012136,49.683295 38.0142,49.682915 38.014576,49.679207 38.011433,49.678221 38.01175,49.677561 38.018511,49.677205 38.019237,49.67522 38.020135,49.674124 38.023114,49.671395 38.026436,49.66911 38.030273,49.668214 38.031676,49.666933 38.029631,49.665015 38.026556,49.66343 38.031833,49.659231 38.034901,49.659798 38.036252,49.662254 38.045087,49.657521 37.995817,49.647832 37.986239,49.643723 37.989045,49.639708 37.988803,49.638805 37.991023,49.634886 37.996807,49.631358 37.997593,49.629596 37.996747,49.628335 37.995344,49.627435 37.993216,49.626926 37.986882,49.626306 37.980223,49.624844 37.977634,49.623142 37.975715,49.619819 37.976084,49.618398 37.975619,49.615946 37.97452,49.614768 37.974896,49.611523 38.026783,49.606898 38.130175,49.614901 38.209857,49.613286 38.285029,49.585811 38.351946,49.567439 38.46521,49.585506 38.528474,49.551554 38.54775,49.534291 38.598112,49.53068 38.645884,49.515125 38.657748,49.50725 38.685477,49.496176 38.702558,49.493795 38.737583,49.494298 38.798348,49.486952 38.852907,49.46988 38.864727,49.468031 38.866516,49.465766 38.887874,49.462385 38.980271,49.433807 39.006768,49.427313 39.032171,49.430941 39.059297,49.46355 39.082836,49.454959 39.175013,49.440091 39.19101,49.454201 39.202549,49.461391 39.239619,49.46175 39.249971,49.460849 39.260468,49.455935 39.267188,49.454591 39.276904,49.462605 39.314078,49.447572 39.326995,49.445408 39.337164,49.442128 39.35058,49.45674 39.371873,49.450311 39.397966,49.467625 39.41874,49.44961 39.440192,49.446544 39.46936,49.433145 39.486512,49.433408 39.571543,49.423022 39.624861,49.426282 39.674526,49.435836 39.678852,49.431318 39.683176,49.427916 39.769723,49.396969 39.781812,49.412578 39.81048,49.435725 39.865739,49.425927 39.947454,49.397931 39.965655,49.41849 39.992975,49.429203 40.018598,49.453753 40.028596,49.45365 40.039638,49.508352 40.041052,49.509052 40.041373,49.511715 40.039774,49.516794 40.041136,49.521092 40.063301,49.529846 40.067883,49.531599 40.068783,49.531634 40.069597,49.532016 40.070946,49.5321 40.072318,49.532615 40.073347,49.533227 40.073786,49.533749 40.075812,49.534745 40.081869,49.537073 40.087025,49.539248 40.091775,49.540789 40.10073,49.544306 40.102746,49.543938 40.110126,49.544562 40.110738,49.544279 40.110706,49.544944 40.111842,49.545297 40.11184,49.545675 40.110161,49.54785 40.137111,49.558358 40.149971,49.562525 40.151712,49.561837 40.152283,49.561371 40.152911,49.561386 40.153329,49.561681 40.153436,49.562521 40.154271,49.563936 40.169396,49.5689 40.154482,49.581985 40.139345,49.595986 40.135264,49.616964 40.064771,49.599166 40.057542,49.606963 40.052096,49.60661 40.050652,49.606625 40.048429,49.606363 40.042655,49.605643 40.037375,49.605214 40.016626,49.603111 40.014781,49.602676 40.003088,49.601542 40.002554,49.60141 40.000033,49.601239 39.999766,49.601096 39.988765,49.60069 39.973239,49.599136 39.971988,49.598818 39.970545,49.598612 39.959665,49.597857 39.951725,49.597143 39.935226,49.574386 39.93334,49.573205 39.92446,49.570259 39.891842,49.558747 39.889158,49.558688 39.886236,49.559017 39.874737,49.559683 39.867916,49.559874 39.862362,49.560801 39.858829,49.56129 39.838973,49.563965 39.809542,49.558689 39.808874,49.55837 39.808035,49.556993 39.807667,49.556855 39.807299,49.55694 39.791429,49.567215 39.775664,49.577864 39.772384,49.58047 39.772134,49.580841 39.768296,49.583753 39.767053,49.585529 39.766206,49.586076 39.764373,49.586804 39.750043,49.597303 39.737138,49.600514 39.725197,49.603863 39.714342,49.606385 39.70636,49.605609 39.697349,49.604804 39.696513,49.604917 39.695978,49.605085 39.686668,49.611884 39.65996,49.614784 39.653409,49.620722 39.638742,49.634582 39.634791,49.645255 39.613144,49.691488 39.591426,49.718915 39.591405,49.719128 39.591534,49.719313 39.605173,49.729747 39.605417,49.730248 39.605808,49.730419 39.609096,49.733031 39.610307,49.733788 39.587957,49.735394 39.573555,49.736163 39.572893,49.736392 39.567027,49.73692 39.565848,49.73684 39.563511,49.736982 39.539508,49.740224 39.538409,49.740026 39.531704,49.741318 39.523709,49.743769 39.520564,49.74462 39.514716,49.746414 39.509538,49.747709 39.503762,49.749497 39.499233,49.75073 39.496033,49.75177 39.486608,49.754444 39.483237,49.75524 39.479918,49.756244 39.478743,49.756446 39.46626,49.757486 39.464193,49.757411 39.461154,49.757678 39.45824,49.757984 39.455432,49.758208 39.453924,49.758491 39.451492,49.758747 39.451156,49.759147 39.442931,49.760141 39.436809,49.75952 39.435519,49.759446 39.434014,49.759288 39.428163,49.757673 39.427485,49.75754 39.425885,49.756618 39.425626,49.756589 39.425282,49.75679 39.424874,49.756758 39.424251,49.756561 39.423051,49.75632 39.421036,49.755802 39.411472,49.752994 39.3792,49.738846 39.378024,49.738644 39.371868,49.739661 39.367819,49.739894 39.363026,49.740386 39.35394,49.742487 39.348372,49.743588 39.341914,49.745334 39.334469,49.747191 39.3264,49.748922 39.3167,49.750985 39.308424,49.75295 39.296614,49.754105 39.292568,49.754713 39.290109,49.754849 39.289431,49.75504 39.28871,49.755149 39.287386,49.755115 39.285462,49.755358 39.284703,49.755705 39.277328,49.765034 39.273322,49.768209 39.2728,49.768335 39.26951,49.76842 39.268124,49.768341 39.264622,49.768417 39.259088,49.771177 39.251643,49.776347 39.25049,49.77741 39.249688,49.778746 39.248672,49.781412 39.248103,49.782527 39.243798,49.786935 39.242347,49.789016 39.239831,49.791238 39.241187,49.791856 39.241342,49.792406 39.240761,49.79364 39.240815,49.794406 39.240477,49.794934 39.240576,49.795246 39.240525,49.795434 39.239752,49.795996 39.238421,49.797554 39.237991,49.798822 39.234566,49.801817 39.231913,49.804085 39.23118,49.8051 39.229086,49.806314 39.226864,49.808469 39.224914,49.811094 39.224762,49.811513 39.224707,49.812117 39.22491,49.812666 39.225486,49.813197 39.225869,49.813741 39.226381,49.814133 39.227064,49.814484 39.227738,49.815692 39.227975,49.816186 39.227858,49.817001 39.22789,49.817497 39.22772,49.820174 39.227595,49.825529 39.227674,49.827 39.227151,49.832292 39.226693,49.838816 39.226142,49.839154 39.225771,49.840016 39.224927,49.840891 39.22402,49.842246 39.223799,49.842889 39.222741,49.844846 39.222665,49.845354 39.222203,49.845986 39.222158,49.846628 39.222376,49.84718 39.222337,49.847497 39.222161,49.847587 39.22192,49.847663 39.221396,49.847939 39.219606,49.849536 39.217907,49.850349 39.216958,49.850995 39.213924,49.854069 39.209108,49.859784 39.207752,49.860914 39.207061,49.862334 39.205437,49.864726 39.205195,49.865711 39.204419,49.86686 39.203639,49.867259 39.202482,49.868609 39.201648,49.869144 39.200428,49.869984 39.199617,49.870948 39.198748,49.871526 39.197322,49.872077 39.195884,49.872942 39.195252,49.873014 39.193286,49.876364 39.193208,49.87719 39.193313,49.878161 39.19285,49.879241 39.192147,49.879892 39.191443,49.880293 39.189143,49.884671 39.187568,49.885462 39.182132,49.887626 39.181031,49.887825 39.179984,49.888405 39.17973,49.888404 39.173172,49.884774 39.173221,49.884576 39.174416,49.884487 39.174573,49.884402 39.174623,49.884274 39.172887,49.883519 39.171687,49.88385 39.171377,49.883836 39.152798,49.87358 39.130596,49.86158 39.11698,49.843285 39.110541,49.837773 39.078796,49.822978 39.070822,49.819132 39.069465,49.816438 39.066863,49.815516 39.057609,49.816767 39.049848,49.818002 39.047796,49.818433 39.034392,49.822192 39.030538,49.822408 39.025632,49.821446 39.02335,49.821367 39.022142,49.821481 39.01831,49.820431 39.008925,49.816598 39.000184,49.813388 38.994404,49.811188 38.99283,49.810733 38.988208,49.809217 38.985175,49.808184 38.979996,49.807676 38.974831,49.807547 38.971909,49.807216 38.970983,49.806996 38.969586,49.806014 38.967235,49.805079 38.96566,49.804675 38.952614,49.79781 38.948752,49.796462 38.946809,49.797871 38.94378,49.799526 38.941092,49.800536 38.9394,49.800802 38.938577,49.800757 38.938089,49.800665 38.936449,49.800067 38.93379,49.799552 38.933533,49.799383 38.933433,49.798633 38.933705,49.798196 38.93374,49.797912 38.933433,49.797479 38.932173,49.797002 38.930835,49.796851 38.930367,49.796923 38.92992,49.797106 38.929639,49.797388 38.929659,49.797942 38.927509,49.799505 38.92671,49.800998 38.928388,49.803304 38.928135,49.80389 38.927033,49.804486 38.925624,49.804542 38.92452,49.804252 38.924082,49.804003 38.921896,49.804253 38.921114,49.804607 38.92046,49.805168 38.920283,49.806731 38.919315,49.808538 38.91926,49.809268 38.919141,49.80961 38.917515,49.810738 38.917178,49.811238 38.916091,49.812333 38.915889,49.812848 38.91617,49.813054 38.917759,49.813731 38.918492,49.814199 38.918206,49.814826 38.917569,49.815265 38.916993,49.815394 38.916632,49.81537 38.915994,49.815704 38.915057,49.816758 38.913986,49.817175 38.913665,49.817668 38.912657,49.81797 38.912272,49.818313 38.909759,49.818802 38.909371,49.819207 38.909088,49.820877 38.908716,49.822291 38.908808,49.822946 38.908289,49.824239 38.907181,49.825778 38.906739,49.826791 38.907063,49.82761 38.907064,49.828228 38.906979,49.828513 38.907484,49.828809 38.909002,49.828853 38.910105,49.828536 38.911765,49.828399 38.913193,49.82917 38.914149,49.831034 38.914,49.831757 38.913766,49.832315 38.913013,49.832626 38.912294,49.832816 38.911574,49.833075 38.911077,49.833586 38.910848,49.834324 38.910876,49.834662 38.911206,49.834947 38.911717,49.8351 38.913065,49.835322 38.913631,49.836193 38.913495,49.837107 38.913123,49.838186 38.913289,49.839154 38.912703,49.842952 38.912139,49.844065 38.910528,49.844528 38.907972,49.844701 38.906649,49.845115 38.905744,49.845633 38.905182,49.846179 38.904964,49.84734 38.904456,49.84877 38.904662,49.849374 38.905762,49.850321 38.90653,49.85059 38.907216,49.850651 38.908073,49.850669 38.908864,49.85079 38.909597,49.851424 38.910329,49.851934 38.911451,49.853036 38.911457,49.853904 38.911031,49.854413 38.910871,49.854945 38.911017,49.855391 38.911656,49.856251 38.912392,49.856466 38.913085,49.856348 38.913537,49.856403 38.913992,49.856278 38.914492,49.856304 38.914814,49.856228 38.915049,49.855971 38.915552,49.855943 38.915948,49.855971 38.916868,49.856675 38.91827,49.857998 38.918321,49.858421 38.918415,49.858734 38.917838,49.85923 38.916832,49.859837 38.916344,49.859931 38.915813,49.859865 38.914316,49.859744 38.913689,49.859934 38.913297,49.859944 38.911559,49.859488 38.911264,49.859187 38.910826,49.859181 38.910286,49.859531 38.909402,49.859729 38.908232,49.860123 38.908103,49.860489 38.90777,49.860893 38.907673,49.861588 38.906958,49.862687 38.905665,49.86391 38.903834,49.865037 38.902905,49.865735 38.9023,49.867233 38.901322,49.869445 38.899138,49.870196 38.89676,49.870615 38.89473,49.870444 38.893473,49.869781 38.892516,49.869602 38.891166,49.870216 38.890115,49.870336 38.889574,49.870235 38.889333,49.869926 38.887241,49.869281 38.881734,49.869218 38.879877,49.86973 38.879335,49.869764 38.878731,49.869595 38.878429,49.869434 38.878128,49.869342 38.877622,49.869432 38.876838,49.869287 38.876022,49.868871 38.875345,49.868235 38.87519,49.867889 38.87538,49.867281 38.875328,49.866976 38.874733,49.866409 38.870327,49.864683 38.869976,49.864562 38.867942,49.864855 38.867257,49.865112 38.866228,49.865732 38.865607,49.866034 38.865016,49.866087 38.863626,49.865941 38.863223,49.865974 38.86274,49.866187 38.862492,49.866427 38.861617,49.866528 38.860548,49.866782 38.859802,49.866974 38.858862,49.86729 38.85832,49.867728 38.857973,49.867893 38.857776,49.868126 38.857425,49.868206 38.857351,49.86827 38.857449,49.868403 38.857195,49.868697 38.856686,49.868905 38.856284,49.868919 38.855943,49.8687 38.855305,49.868385 38.855079,49.868197 38.854993,49.86803 38.854778,49.86789 38.854776,49.867415 38.854344,49.867088 38.852648,49.86652 38.849728,49.865162 38.847311,49.86554 38.84679,49.865784 38.84644,49.865848 38.84601,49.865757 38.84455,49.865209 38.843947,49.865192 38.839951,49.865863 38.839212,49.866223 38.835826,49.86759 38.835132,49.869034 38.835138,49.87087 38.833857,49.871577 38.832596,49.873158 38.831043,49.874329 38.830974,49.875039 38.827421,49.876583 38.82603,49.87777 38.823395,49.878846 38.795634,49.883261 38.790572,49.878353 38.780779,49.882379 38.768708,49.896027 38.744688,49.897109 38.739442,49.901273 38.73501,49.903972 38.734218,49.904667 38.733169,49.906054 38.72388,49.926852 38.699954,49.933361 38.696302,49.934216 38.693513,49.93469 38.690886,49.944046 38.689888,49.947224 38.688057,49.953764 38.687578,49.95529 38.6861,49.960378 38.68603,49.961983 38.686346,49.962373 38.688739,49.964546 38.711061,49.980909 38.710862,49.982074 38.708624,49.984069 38.707226,49.984956 38.706986,49.985236 38.705499,49.985493 38.704283,49.986946 38.703866,49.987209 38.702463,49.987804 38.701864,49.987901 38.701501,49.988164 38.699957,49.988429 38.69953,49.98875 38.698975,49.989611 38.696148,49.993596 38.694551,49.995441 38.694106,49.99639 38.693748,49.997478 38.693346,49.997904 38.692944,49.998054 38.692644,49.998016 38.692172,49.99784 38.691442,49.997958 38.690241,49.999104 38.689898,49.99974 38.687453,50.001674 38.684665,50.003142 38.682022,50.003919 38.680836,50.003358 38.679864,50.002715 38.678349,50.000986 38.6777,49.99741 38.677044,49.994892 38.676848,49.992229 38.67736,49.991787 38.677767,49.99087 38.67826,49.990339 38.678249,49.989959 38.678066,49.988518 38.679246,49.985579 38.680387,49.984738 38.6823,49.983952 38.682651,49.982298 38.682044,49.979445 38.68099,49.978128 38.680441,49.976463 38.681004,49.975078 38.680794,49.974218 38.677122,49.972822 38.675721,49.972452 38.674663,49.972469 38.673627,49.97203 38.672334,49.97173 38.670219,49.97186 38.669119,49.97205 38.667439,49.972005 38.661472,49.967738 38.656261,49.962924 38.653871,49.961414 38.64659,49.955597 38.616964,49.974276 38.612738,49.97512 38.601688,49.97589 38.582159,49.977249 38.558605,49.968756 38.543252,49.9636 38.527506,49.958546 38.510105,49.962911 38.508852,49.963427 38.489804,49.963784 38.488523,49.963587 38.483703,49.970189 38.483303,49.976184 38.4814,49.977349 38.479498,49.977576 38.477981,49.983229 38.464787,49.983342 38.468607,49.995186 38.433097,50.001298 38.41657,49.981159 38.398332,49.990968 38.370763,49.999666 38.34988,50.006815 38.353741,50.018758 38.352527,50.025936 38.351056,50.035705 38.348963,50.038484 38.344192,50.044052 38.342658,50.045545 38.341387,50.047263 38.34003,50.049449 38.340171,50.049992 38.33914,50.052335 38.335205,50.056845 38.332636,50.062956 38.332985,50.066286 38.33275,50.069019 38.329151,50.085305 38.313241,50.088108 38.307293,50.08743 38.305809,50.087494 38.303608,50.087278 38.301664,50.087008 38.300652,50.086604 38.298213,50.08494 38.296289,50.083414 38.294923,50.081998 38.291343,50.07928 38.276852,50.073548 38.252748,50.072626 38.237078,50.073975 38.226624,50.075034 38.178525,50.08011 38.181104,50.071235 38.182414,50.066659 38.18284,50.065382 38.185404,50.055867 38.18521,50.053532 38.185225,50.053296 38.185444,50.053123 38.186547,50.052954 38.18695,50.052591 38.18709,50.05207 38.186619,50.051627 38.185954,50.051253 38.185033,50.051056 38.184159,50.046258 38.185092,50.044723 38.186798,50.042445 38.18778,50.04144 38.188161,50.040766 38.188451,50.037862 38.188001,50.036683 38.189096,50.024312 38.188823,50.023666 38.187463,50.023377 38.186222,50.022947 38.185986,50.022784 38.185751,50.0224 38.18541,50.022213 38.186758,50.02182 38.187058,50.021507 38.197252,50.008191 38.198995,50.006734 38.201339,50.005249 38.201134,50.004804 38.200836,50.004272 38.200881,50.003686 38.202729,50.001872 38.203888,50.001324 38.204897,50.001091 38.205177,50.000803 38.204996,49.999713 38.204687,49.998458 38.205236,49.99734 38.205103,49.99692 38.205184,49.996388 38.207774,49.99167 38.208705,49.989351 38.20916,49.98884 38.212103,49.98648 38.217259,49.982975 38.220813,49.980851 38.221921,49.979073 38.21494,49.97697 38.21373,49.976647 38.211657,49.975798 38.209713,49.975142 38.195977,49.969373 38.195846,49.96704 38.198289,49.962278 38.19813,49.962065 38.179625,49.95615 38.171606,49.95379 38.170874,49.954108 38.170356,49.954096 38.162926,49.951502 38.162727,49.951214 38.168965,49.944395 38.171515,49.942029 38.1714,49.941801 38.170684,49.941352 38.160798,49.937776 38.148516,49.932583 38.142579,49.929819 38.135856,49.926245 38.129134,49.92289 38.126934,49.921998 38.126637,49.922079 38.126469,49.92227 38.126819,49.923717 38.128636,49.929566 38.128578,49.931402 38.124771,49.94198 38.124616,49.942162 38.124375,49.94215 38.112257,49.938802 38.105504,49.937084 38.104328,49.936704 38.091822,49.933353 38.079791,49.929862 38.069956,49.926955 38.059092,49.923964 38.056833,49.92315 38.055107,49.921974 38.048553,49.916777 38.046304,49.915254 38.041404,49.9098 38.036677,49.903986 38.034566,49.904219 38.028399,49.90571 38.02676,49.905874 38.025893,49.906121 38.026901,49.904475 38.03086,49.901952 38.032171,49.900638 38.033368,49.900468 38.036024,49.900077 38.036444,49.89747 38.066563,49.86555 38.094076,49.845682 38.077834,49.837167 38.073632,49.836158 38.06926,49.836145 38.053648,49.837557 38.048687,49.839052 38.038147,49.83905 38.018167,49.837386 38.019818,49.834683 38.010086,49.812733 38.029202,49.803344 38.034582,49.799825 38.039846,49.795225 38.055692,49.791896 38.053006,49.783474</coordinates>
            </LinearRing>
          </outerBoundaryIs>
        </Polygon>
      </Placemark>
      <Placemark>
        <name>Kherson RUAF</name>
        <ExtendedData>
          <Data name="descripción">
            <value />
          </Data>
          <Data name="description">
            <value />
          </Data>
        </ExtendedData>
        <Polygon>
          <outerBoundaryIs>
            <LinearRing>
              <tessellate>1</tessellate>
              <coordinates>34.973994,45.763854 34.883399,45.945553 34.859394,46.020646 34.844947,46.104317 34.836925,46.148052 34.838504,46.186548 34.900774,46.224548 34.980288,46.237823 35.048836,46.238701 35.132488,46.299776 35.248704,46.27082 35.239496,46.246061 35.225497,46.245938 35.209442,46.23679 35.205228,46.221526 35.047139,46.172991 35.035837,46.168127 35.030421,46.158134 35.019576,46.15242 35.01434,46.137182 34.990118,46.1267 34.97874,46.116208 34.973817,46.099982 34.972183,46.072286 34.984008,46.064512 34.999696,46.065544 35.159655,46.111283 35.213266,46.154131 35.290636,46.260668 35.132685,46.300332 35.10328,46.302204 35.073017,46.299384 35.067455,46.32893 35.069135,46.32963 35.066456,46.333359 35.058623,46.375365 35.071521,46.376411 35.054202,46.482451 35.025306,46.480009 35.021376,46.479239 35.002167,46.485796 34.977674,46.494741 34.976711,46.494573 34.957175,46.50155 34.957148,46.501817 34.953001,46.503326 34.948629,46.503065 34.947053,46.512626 34.890458,46.507116 34.884731,46.536267 34.895253,46.537408 34.890505,46.564258 34.757009,46.550584 34.749026,46.583856 34.723182,46.581018 34.713016,46.620178 34.756226,46.62703 34.746289,46.683404 34.683939,46.677548 34.68145,46.691909 34.632656,46.687668 34.625731,46.724038 34.66155,46.727158 34.659093,46.740219 34.734921,46.747282 34.734656,46.756829 34.749888,46.757606 34.749653,46.780862 34.767703,46.780957 34.758388,46.822386 34.816393,46.828491 34.812949,46.833181 34.804621,46.882072 34.752922,46.879142 34.736436,46.961086 34.686514,46.955876 34.681556,46.979414 34.652206,46.976599 34.641051,46.974485 34.622516,46.972956 34.619086,46.993959 34.598828,46.992127 34.592564,47.026585 34.567408,47.024525 34.552617,47.101815 34.553545,47.102172 34.552928,47.106151 34.51978,47.105222 34.490323,47.246708 34.523253,47.25032 34.526071,47.250202 34.530778,47.250899 34.526895,47.267557 34.522806,47.2675 34.519231,47.283749 34.488229,47.280374 34.475308,47.330458 34.413547,47.323348 34.418844,47.30112 34.398667,47.298505 34.401111,47.287356 34.371866,47.283935 34.368572,47.28496 34.35841,47.29361 34.350106,47.293121 34.329614,47.290767 34.309126,47.273098 34.305272,47.269156 34.302752,47.270499 34.302486,47.271135 34.302763,47.271607 34.303195,47.272061 34.303207,47.27244 34.302246,47.272809 34.301526,47.272644 34.30107,47.272328 34.300699,47.271605 34.300104,47.271769 34.298855,47.272311 34.298062,47.272732 34.297158,47.272701 34.296663,47.272888 34.296401,47.273182 34.296454,47.27358 34.296715,47.274158 34.296444,47.274758 34.295732,47.27499 34.295358,47.274936 34.295244,47.274786 34.295248,47.274474 34.295195,47.274372 34.294993,47.274239 34.294588,47.273822 34.294182,47.273675 34.293787,47.273655 34.293402,47.273814 34.292935,47.274345 34.292843,47.274741 34.293122,47.275401 34.293238,47.275643 34.293046,47.276171 34.293113,47.276466 34.293259,47.276743 34.293148,47.277078 34.292605,47.277486 34.292334,47.279442 34.281553,47.324259 34.283122,47.325453 34.272666,47.361585 34.261148,47.360352 34.251856,47.391439 34.256833,47.395287 34.24536,47.427883 34.242945,47.433215 34.235723,47.440636 34.220244,47.451297 34.138774,47.47724 34.05667,47.467522 34.000344,47.455906 33.9854,47.44613 33.98446,47.409885 33.998809,47.379546 33.993997,47.323113 33.980825,47.292224 33.946714,47.234515 33.881306,47.189141 33.834554,47.165265 33.820329,47.143168 33.812866,47.108946 33.795624,47.081409 33.70072,47.036313 33.687528,47.021614 33.682774,46.995982 33.654232,46.948704 33.625926,46.925454 33.618936,46.915055 33.619675,46.882901 33.61509,46.858244 33.607931,46.845972 33.588231,46.84045 33.511933,46.839106 33.466,46.832814 33.425931,46.816452 33.393717,46.790796 33.356668,46.77196 33.3447502,46.7769195 33.333506,46.779196 33.327508,46.777967 33.325298,46.773978 33.3270691,46.7556368 33.30312,46.751657 33.283562,46.750791 33.25954,46.753684 33.252505,46.756923 33.246754,46.762187 33.240958,46.765289 33.230676,46.766604 33.207077,46.769756 33.191803,46.76926 33.189482,46.76756 33.169029,46.764036 33.155668,46.760273 33.148314,46.758682 33.136112,46.756461 33.124087,46.754114 33.120434,46.751854 33.116952,46.750651 33.112286,46.749732 33.110124,46.748802 33.106737,46.745224 33.098719,46.742507 33.092162,46.739732 33.087919,46.738124 33.087189,46.737624 33.080286,46.736103 33.067883,46.731544 33.063441,46.731451 33.055846,46.727793 33.05276,46.727184 33.049254,46.727132 33.046813,46.726586 33.04349,46.723862 33.020577,46.718018 33.01546,46.717207 33.009142,46.716986 33.005097,46.716458 32.997764,46.715792 32.989356,46.71433 32.98498,46.71254 32.980949,46.710632 32.9711,46.71086 32.960896,46.711357 32.953477,46.712046 32.946059,46.712735 32.942797,46.713265 32.93555,46.71689 32.928442,46.718523 32.923393,46.718686 32.916062,46.71587 32.907187,46.711876 32.902313,46.711774 32.898992,46.709901 32.894713,46.703795 32.888822,46.699931 32.888597,46.697419 32.876358,46.688806 32.871325,46.686064 32.870745,46.682876 32.867077,46.676686 32.858512,46.670478 32.855974,46.670783 32.838024,46.669157 32.829592,46.66673 32.821198,46.6617 32.817391,46.660621 32.814736,46.660524 32.803797,46.672716 32.801033,46.673227 32.7995184,46.6751324 32.78174,46.668805 32.778682,46.668353 32.778648,46.665448 32.775421,46.660517 32.765329,46.654967 32.763331,46.656345 32.76116,46.656603 32.760147,46.65622 32.752096,46.656897 32.749151,46.657869 32.749598,46.658742 32.749187,46.659084 32.748194,46.65865 32.745091,46.658075 32.744694,46.659194 32.743011,46.659194 32.73895,46.658602 32.737524,46.657633 32.735982,46.655557 32.731693,46.654835 32.729473,46.655866 32.726466,46.656002 32.725898,46.660367 32.723097,46.660196 32.7216618,46.6603001 32.721464,46.661723 32.72084,46.662337 32.718969,46.662019 32.719509,46.660449 32.718251,46.65915 32.716666,46.656809 32.714752,46.6546 32.712494,46.651831 32.709276,46.649581 32.709858,46.645892 32.713272,46.64232 32.714177,46.639655 32.711366,46.63644 32.708211,46.634874 32.702854,46.633585 32.696833,46.633782 32.689715,46.633031 32.682155,46.631578 32.674706,46.630173 32.669145,46.628062 32.663941,46.624996 32.656162,46.623403 32.643388,46.618664 32.639713,46.615928 32.639986,46.614518 32.641066,46.61343 32.642464,46.61262 32.642664,46.611238 32.64149,46.610329 32.639313,46.61016 32.636272,46.611927 32.632973,46.612514 32.629379,46.612392 32.627971,46.611655 32.626906,46.610682 32.626666,46.607674 32.625154,46.604136 32.624878,46.601421 32.622242,46.595376 32.616088,46.596142 32.613908,46.595301 32.608724,46.590361 32.604173,46.5895 32.597756,46.589615 32.59342,46.593771 32.590871,46.594224 32.581422,46.593704 32.570259,46.594741 32.559454,46.596734 32.554888,46.596433 32.5430498,46.5926259 32.537254,46.592035 32.536981,46.590914 32.53901,46.589616 32.543035,46.590132 32.550976,46.587872 32.557532,46.580451 32.559822,46.574988 32.561876,46.574248 32.562626,46.572578 32.562689,46.571704 32.561859,46.571289 32.560458,46.570811 32.559618,46.569976 32.558168,46.569677 32.555383,46.570825 32.553045,46.571046 32.551103,46.570567 32.550232,46.570654 32.549446,46.571035 32.548531,46.571918 32.547616,46.572212 32.543428,46.571583 32.542896,46.573303 32.5405583,46.5735567 32.532845,46.573079 32.52388,46.570092 32.521868,46.567281 32.521792,46.565732 32.5209031,46.5650597 32.519619,46.56511 32.518244,46.564682 32.517578,46.563361 32.514251,46.563014 32.49922,46.56734 32.498101,46.566775 32.489301,46.571565 32.485438,46.572214 32.479001,46.572155 32.433161,46.556104 32.4253276,46.5589604 32.416401,46.55962 32.3863604,46.5468013 32.365193,46.546681 32.3588896,46.5427773 32.351729,46.537043 32.342702,46.534442 32.3388102,46.5322777 32.321721,46.532368 32.309525,46.528231 32.29888,46.528288 32.286521,46.526545 32.285835,46.516362 32.281526,46.506348 32.266916,46.502888 32.231856,46.498794 32.190791,46.500372 32.152339,46.524471 32.128216,46.528554 32.116369,46.529174 32.087704,46.516802 32.056868,46.506701 32.018198,46.504303 31.94949,46.515164 31.912475,46.527867 31.871383,46.533231 31.856869,46.51701 31.854697,46.51488 31.854426,46.513638 31.854842,46.513046 31.857562,46.512659 31.860625,46.512863 31.861634,46.512083 31.85745,46.508734 31.853867,46.506684 31.852474,46.503307 31.852539,46.502176 31.852974,46.501254 31.851097,46.498877 31.850251,46.498617 31.847774,46.49883 31.845824,46.498546 31.845101,46.497859 31.831895,46.499913 31.820106,46.496221 31.818525,46.49515 31.8163,46.494434 31.815512,46.494331 31.814218,46.493251 31.813399,46.491677 31.812409,46.490576 31.81002,46.48753 31.808748,46.484249 31.804523,46.414783 31.809806,46.364015 31.804302,46.354438 31.797084,46.348178 31.776815,46.344898 31.754334,46.331284 31.726381,46.303685 31.676502,46.265636 31.637514,46.254666 31.608887,46.260704 31.580252,46.271482 31.562593,46.288426 31.554539,46.302521 31.550512,46.322843 31.55335,46.332732 31.55647,46.348903 31.547544,46.377436 31.537919,46.38237 31.524032,46.383186 31.51078,46.374582 31.499353,46.352755 31.500503,46.323364 31.507928,46.302985 31.522615,46.281411 31.554663,46.256383 31.611388,46.227539 31.744117,46.202658 32.067439,46.156412 32.233995,46.120905 32.387984,46.085174 32.520539,46.059253 32.65711,46.042702 32.707719,46.029655 32.915643,46.004976 32.96395,46.005899 33.01088,46.001079 33.044863,46.004938 33.065635,46.008414 33.082975,46.008548 33.210811,46.06099 33.222399,46.064783 33.226669,46.083472 33.226134,46.093588 33.265431,46.089174 33.268594,46.077678 33.274295,46.069785 33.286858,46.061893 33.323513,46.062089 33.349875,46.073234 33.356268,46.07163 33.381537,46.046202 33.40871,46.023928 33.427336,46.014648 33.441567,46.012747 33.447528,46.026101 33.462184,46.0323 33.475466,46.023242 33.491513,46.015611 33.558467,46.021316 33.592899,46.113764 33.604402,46.130282 33.616423,46.130094 33.647674,46.139241 33.661716,46.142445 33.672043,46.144581 33.683314,46.146478 33.686068,46.147467 33.692856,46.149289 33.708742,46.151912 33.722265,46.153699 33.730681,46.154057 33.743829,46.157174 33.775773,46.176138 33.802932,46.198422 33.815404,46.202979 33.839493,46.201691 33.84879,46.199145 33.862205,46.19327 33.914573,46.160043 33.983327,46.134972 34.025941,46.112254 34.040395,46.109994 34.054162,46.109159 34.063967,46.114282 34.071028,46.116547 34.081029,46.117032 34.09039,46.11562 34.122839,46.10541 34.134517,46.097361 34.142756,46.086974 34.156821,46.078575 34.177055,46.069098 34.190419,46.066048 34.211254,46.062895 34.248083,46.052277 34.29108,46.05973 34.32447,46.060976 34.362922,46.04823 34.381238,46.036565 34.397485,46.021799 34.408069,46.003154 34.412813,45.990231 34.426842,45.974696 34.456134,45.952357 34.466134,45.947254 34.476991,45.943584 34.490268,45.942269 34.503116,45.943699 34.510042,45.947335 34.529332,45.965531 34.537646,45.97071 34.548096,45.979516 34.551198,45.98441 34.55224,45.987217 34.553724,45.989134 34.560289,45.992936 34.567177,45.994837 34.582992,45.995902 34.600622,45.994503 34.630265,45.985943 34.668591,45.968574 34.753066,45.910181 34.80186,45.902327 34.7998,45.804765 34.860912,45.794592 34.87981,45.789034 34.958587,45.759393 34.973994,45.763854</coordinates>
            </LinearRing>
          </outerBoundaryIs>
        </Polygon>
      </Placemark>
      <Placemark>
        <name>Mykolaiv RUAF</name>
        <ExtendedData>
          <Data name="descripción">
            <value />
          </Data>
          <Data name="description">
            <value />
          </Data>
        </ExtendedData>
        <Polygon>
          <outerBoundaryIs>
            <LinearRing>
              <tessellate>1</tessellate>
              <coordinates>31.755135,46.357347 31.776815,46.344898 31.797084,46.348178 31.804302,46.354438 31.809806,46.364015 31.804523,46.414783 31.808748,46.484249 31.81002,46.48753 31.812409,46.490576 31.813399,46.491677 31.814218,46.493251 31.815512,46.494331 31.8163,46.494434 31.818525,46.49515 31.820106,46.496221 31.831895,46.499913 31.845101,46.497859 31.845824,46.498546 31.847774,46.49883 31.850251,46.498617 31.851097,46.498877 31.852974,46.501254 31.852539,46.502176 31.852474,46.503307 31.853867,46.506684 31.85745,46.508734 31.861634,46.512083 31.860625,46.512863 31.857562,46.512659 31.854842,46.513046 31.854426,46.513638 31.854697,46.51488 31.871383,46.533231 31.812126,46.544214 31.768181,46.554603 31.719086,46.556728 31.662438,46.548701 31.607335,46.552484 31.581245,46.543504 31.549141,46.551534 31.529058,46.567353 31.524422,46.587882 31.512749,46.59378 31.500732,46.590477 31.496956,46.583871 31.499364,46.573485 31.51533,46.553066 31.539185,46.532879 31.60064,46.490585 31.681664,46.429095 31.7222,46.402698 31.755135,46.357347</coordinates>
            </LinearRing>
          </outerBoundaryIs>
        </Polygon>
      </Placemark>
      <Placemark>
        <name>Luhansk RUAF</name>
        <ExtendedData>
          <Data name="descripción">
            <value />
          </Data>
          <Data name="description">
            <value />
          </Data>
        </ExtendedData>
        <Polygon>
          <outerBoundaryIs>
            <LinearRing>
              <tessellate>1</tessellate>
              <coordinates>38.467437,48.379131 38.468846,48.374356 38.47151,48.372138 38.473402,48.369634 38.476671,48.367821 38.483207,48.365563 38.485966,48.364416 38.492896,48.364783 38.496883,48.395105 38.527303,48.416104 38.612568,48.429329 38.666875,48.446757 38.715026,48.452775 38.744734,48.629556 38.870675,48.781072 38.875439,48.805916 38.845002,48.826082 38.79872,48.874711 38.765875,48.899071 38.754426,48.942842 38.741193,48.962272 38.64413,48.996102 38.647457,49.051958 38.654914,49.085311 38.670936,49.17106 38.67377,49.196858 38.605826,49.202685 38.589198,49.213898 38.581218,49.267306 38.47721,49.271263 38.472812,49.319417 38.386439,49.413089 38.351946,49.567467 38.285029,49.585839 38.209857,49.613314 38.130175,49.614929 38.026783,49.606926 37.974896,49.611551 37.962468,49.612125 37.944376,49.611306 37.941978,49.59388 37.932844,49.594097 37.932763,49.58949 37.934028,49.586483 37.936665,49.583198 37.940394,49.580117 37.944452,49.577241 37.950062,49.574249 37.951637,49.572648 37.952116,49.57003 37.95148,49.569138 37.923449,49.570539 37.92145,49.568454 37.90852,49.570807 37.90028,49.572032 37.885183,49.550443 37.88484,49.549162 37.927573,49.547907 37.92791,49.543049 37.925762,49.542124 37.924517,49.540881 37.921072,49.537159 37.918528,49.533724 37.912619,49.531183 37.896111,49.525436 37.885033,49.519308 37.866064,49.520066 37.846833,49.520633 37.84644,49.519112 37.845404,49.515126 37.841846,49.508394 37.844338,49.502607 37.844003,49.500036 37.841267,49.496383 37.840223,49.494631 37.839359,49.494278 37.837508,49.492642 37.83753,49.492238 37.838153,49.492002 37.840751,49.491822 37.843622,49.491222 37.850399,49.488809 37.848431,49.475169 37.844576,49.445064 37.856711,49.445604 37.869329,49.44645 37.876112,49.44671 37.874772,49.43643 37.87958,49.435739 37.877205,49.419117 37.876118,49.418966 37.875789,49.417657 37.881178,49.416536 37.878108,49.413572 37.87905,49.41348 37.881001,49.414787 37.895808,49.403602 37.895764,49.399373 37.891558,49.378869 37.9223,49.378388 37.923809,49.3762 37.920598,49.373184 37.923098,49.368959 37.927185,49.367289 37.931851,49.368659 37.937891,49.367234 37.945024,49.362214 37.945804,49.361386 37.950456,49.362078 37.953795,49.3605 37.954505,49.356969 37.950521,49.353632 37.941549,49.35074 37.945132,49.346368 37.942698,49.343925 37.941699,49.338564 37.943614,49.331971 37.938078,49.331915 37.933378,49.33123 37.929602,49.330111 37.92634,49.329859 37.921641,49.330572 37.921234,49.328097 37.923444,49.327454 37.923229,49.324713 37.92855,49.322503 37.964994,49.321677 37.963903,49.319088 37.964142,49.316164 37.966162,49.314275 37.966981,49.312469 37.961697,49.31158 37.9647,49.303317 37.964437,49.300881 37.962295,49.300048 37.962589,49.29687 37.963765,49.294485 37.965826,49.29356 37.967519,49.28871 37.966729,49.288098 37.958403,49.285618 37.958468,49.285254 37.959669,49.284456 37.967252,49.287129 37.977638,49.286149 37.978925,49.285309 37.978616,49.282869 37.983601,49.280605 37.9648148,49.2707753 37.96608,49.263565 37.940598,49.258022 37.933923,49.252085 37.938653,49.248664 37.933191,49.244878 37.928784,49.248582 37.926952,49.2487 37.920044,49.248276 37.91571,49.247459 37.914251,49.246834 37.91362,49.243339 37.908543,49.241022 37.908089,49.239994 37.9093307,49.2354629 37.885883,49.232578 37.876907,49.234202 37.875196,49.233518 37.8755552,49.2308524 37.8785894,49.2267278 37.8788757,49.2261945 37.8770876,49.2257316 37.8786827,49.2214361 37.881565,49.220448 37.882806,49.21962 37.889849,49.218422 37.889707,49.217194 37.889736,49.213779 37.889736,49.21092 37.89669,49.212058 37.899523,49.21287 37.908528,49.214023 37.912188,49.20838 37.915701,49.203078 37.916809,49.202581 37.924003,49.205177 37.927684,49.200749 37.934808,49.192027 37.914048,49.186391 37.90772,49.183542 37.905276,49.179714 37.893515,49.17513 37.902523,49.166782 37.893935,49.161314 37.893116,49.160617 37.894928,49.160218 37.90086,49.157406 37.90235,49.155345 37.904224,49.154828 37.905484,49.15413 37.907488,49.152173 37.910723,49.150842 37.917258,49.147868 37.918894,49.145715 37.925128,49.144101 37.940871,49.13961 37.944461,49.138657 37.948026,49.139617 37.953908,49.141643 37.956223,49.139056 37.957918,49.136643 37.95892,49.13635 37.960102,49.135689 37.973513,49.134238 37.976693,49.133432 37.981763,49.130642 37.998449,49.129794 38.019505,49.128075 38.03994,49.126954 38.040229,49.136489 38.041253,49.139948 38.043519,49.149212 38.054041,49.147781 38.058611,49.148408 38.066216,49.146475 38.081303,49.148206 38.083277,49.135426 38.073473,49.109951 38.067013,49.096191 38.066106,49.088876 38.063707,49.074121 38.062163,49.063303 38.052616,49.05959 38.053197,49.058128 38.073063,49.039114 38.098423,48.999461 38.09877,48.992591 38.0982864,48.9919426 38.0795968,48.9918308 38.068687,48.989927 38.0608192,48.9879536 38.0526218,48.9846023 38.0512046,48.9831331 38.0514638,48.9794931 38.0580738,48.9754023 38.0570439,48.9739374 38.0538889,48.9712615 38.0527408,48.9694166 38.0538833,48.9649443 38.0443793,48.9685582 38.031071,48.973579 38.028861,48.973212 38.0157658,48.9579878 38.004983,48.9461277 38.009008,48.943359 38.0217295,48.943185 38.03878,48.943625 38.0396647,48.942933 38.040226,48.9394078 38.0400971,48.9379701 38.044504,48.9348579 38.053453,48.939709 38.056381,48.939481 38.063943,48.936884 38.067614,48.9374938 38.076459,48.938639 38.079627,48.939516 38.082709,48.939829 38.0838625,48.935366 38.0966655,48.930475 38.111737,48.927358 38.1163414,48.9280659 38.120873,48.926508 38.126992,48.926784 38.1268633,48.9228646 38.133004,48.923422 38.1365671,48.9246792 38.1388095,48.9263428 38.1398501,48.9300082 38.1422963,48.9314743 38.1565934,48.9305411 38.1604924,48.9302337 38.165604,48.930613 38.166427,48.931365 38.168641,48.931378 38.17166,48.930629 38.181244,48.929171 38.183048,48.929352 38.185004,48.92934 38.188995,48.928381 38.193482,48.92778 38.197704,48.927833 38.207159,48.929482 38.210748,48.930548 38.214846,48.931613 38.218536,48.933313 38.223643,48.934646 38.22682,48.922232 38.22717,48.911693 38.221407,48.901238 38.221683,48.896666 38.224525,48.892142 38.226054,48.888572 38.227954,48.885304 38.227575,48.884572 38.2279,48.869162 38.22917,48.866398 38.228794,48.864904 38.229331,48.864652 38.229187,48.858945 38.227234,48.858927 38.226399,48.858384 38.225951,48.857784 38.2257,48.850953 38.22172,48.839183 38.22335,48.838816 38.242694,48.840927 38.243425,48.841515 38.25749,48.841884 38.258971,48.842693 38.271022,48.83291 38.272401,48.824975 38.3136,48.828635 38.316603,48.814074 38.289132,48.812114 38.285733,48.808317 38.282335,48.802485 38.280078,48.802961 38.278164,48.802307 38.278457,48.794665 38.282998,48.773507 38.275179,48.772709 38.264008,48.751886 38.279532,48.741191 38.283344,48.738105 38.2916,48.737637 38.297274,48.737969 38.315139,48.736544 38.318788,48.735526 38.321236,48.733715 38.323728,48.729981 38.325135,48.714123 38.304549,48.711857 38.303275,48.71075 38.308241,48.706883 38.314579,48.704148 38.313674,48.695302 38.308437,48.684857 38.293501,48.683681 38.284574,48.681325 38.285954,48.671626 38.259135,48.667807 38.259447,48.658654 38.246716,48.657548 38.238106,48.656214 38.231476,48.653148 38.233675,48.639988 38.26278,48.642711 38.270676,48.60311 38.271998,48.590192 38.272873,48.587404 38.272547,48.58405 38.278914,48.545921 38.274896,48.545265 38.27778,48.539538 38.281369,48.537584 38.280981,48.535137 38.285915,48.535305 38.292519,48.530526 38.310955,48.515749 38.322214,48.507202 38.320769,48.505934 38.315477,48.504533 38.317168,48.499061 38.314454,48.495849 38.307794,48.492936 38.299676,48.489852 38.302666,48.488113 38.30622,48.484612 38.304822,48.484256 38.303807,48.484238 38.302449,48.484504 38.30205,48.483728 38.302966,48.480847 38.303766,48.477702 38.305282,48.475792 38.309429,48.473793 38.30611,48.470913 38.304422,48.469968 38.318595,48.464519 38.314184,48.459583 38.313636,48.453793 38.323135,48.447335 38.344216,48.437686 38.347261,48.439773 38.351316,48.441115 38.353644,48.441358 38.357216,48.44072 38.358511,48.441169 38.359501,48.442048 38.359589,48.442431 38.359848,48.4427 38.360281,48.442497 38.360886,48.442409 38.361705,48.443089 38.362395,48.443399 38.362982,48.443243 38.363483,48.442973 38.364799,48.443016 38.3653,48.443041 38.365486,48.443267 38.365843,48.443237 38.366201,48.442917 38.367333,48.44278 38.369982,48.443047 38.372611,48.442474 38.375324,48.441331 38.378506,48.433155 38.381429,48.429477 38.38262,48.429271 38.403547,48.434439 38.400893,48.439875 38.414204,48.441895 38.433534,48.446957 38.432663,48.443152 38.432914,48.44068 38.434196,48.437923 38.433055,48.434697 38.433049,48.433114 38.435697,48.427442 38.436186,48.423161 38.437156,48.421913 38.438984,48.420608 38.439294,48.418909 38.438797,48.417961 38.439692,48.416293 38.439106,48.415607 38.438648,48.414153 38.439222,48.410784 38.438125,48.407579 38.436684,48.405456 38.437888,48.403617 38.437891,48.401321 38.438067,48.398611 38.43636,48.396552 38.436207,48.39574 38.442804,48.388219 38.447842,48.376991 38.45071,48.380869 38.467437,48.379131</coordinates>
            </LinearRing>
          </outerBoundaryIs>
        </Polygon>
      </Placemark>
      <Placemark>
        <name>Donetsk RUAF</name>
        <ExtendedData>
          <Data name="descripción">
            <value />
          </Data>
          <Data name="description">
            <value />
          </Data>
        </ExtendedData>
        <Polygon>
          <outerBoundaryIs>
            <LinearRing>
              <tessellate>1</tessellate>
              <coordinates>37.858257,48.969128 37.852786,48.967567 37.849143,48.967017 37.849582,48.965296 37.852404,48.963198 37.852262,48.957959 37.84893,48.9468 37.8211344,48.9452292 37.819773,48.942856 37.820392,48.939392 37.827915,48.936989 37.829601,48.933121 37.833353,48.932502 37.833835,48.93191 37.842387,48.931197 37.84248,48.9258721 37.8560413,48.9235035 37.8602788,48.9203295 37.8604915,48.9162095 37.8626784,48.9153608 37.876428,48.913658 37.8767546,48.9080839 37.87862,48.903747 37.881839,48.90371 37.884821,48.90404 37.889713,48.90282 37.898843,48.900365 37.902983,48.902538 37.905165,48.901943 37.905088,48.901221 37.911856,48.89942 37.9176062,48.8978181 37.920086,48.898173 37.9205463,48.8998376 37.9241512,48.9001761 37.9260108,48.9013897 37.933001,48.906472 37.935958,48.915864 37.936296,48.917537 37.941756,48.920823 37.960972,48.917906 37.9571267,48.9153996 37.9558821,48.9097587 37.9561825,48.908433 37.9506036,48.9036377 37.952929,48.901687 37.9604312,48.9009295 37.9596724,48.8937665 37.983564,48.8918 37.9833637,48.8941282 37.982442,48.895444 37.9789864,48.8971471 37.981417,48.899063 37.980804,48.900869 37.982504,48.902544 37.989053,48.903189 37.984904,48.90736 37.978402,48.909957 37.9872332,48.9110717 37.993383,48.905762 37.9953871,48.9068972 37.995622,48.909951 37.999421,48.910988 38.0051718,48.9066151 38.002059,48.900952 38.004908,48.898876 38.004774,48.899809 38.010857,48.900546 38.012488,48.904502 38.015062,48.905069 38.018292,48.905085 38.022766,48.906679 38.023388,48.9084 38.0279273,48.9125706 38.028049,48.913698 38.029911,48.914009 38.031622,48.91669 38.035922,48.922619 38.036935,48.924044 38.039072,48.925674 38.039493,48.926909 38.042137,48.928816 38.0429376,48.9331664 38.044504,48.9348579 38.0400971,48.9379701 38.040226,48.9394078 38.0396647,48.942933 38.03878,48.943625 38.0217295,48.943185 38.009008,48.943359 38.004983,48.9461277 38.0157658,48.9579878 38.028861,48.973212 38.031071,48.973579 38.0443793,48.9685582 38.0538833,48.9649443 38.0527408,48.9694166 38.0538889,48.9712615 38.0570439,48.9739374 38.0580738,48.9754023 38.0514638,48.9794931 38.0512046,48.9831331 38.0526218,48.9846023 38.0608192,48.9879536 38.068687,48.989927 38.0795968,48.9918308 38.0982864,48.9919426 38.0989417,48.9923094 38.098423,48.999461 38.073063,49.039114 38.053197,49.058128 38.052616,49.05959 38.062163,49.063303 38.063707,49.074121 38.066106,49.088876 38.067013,49.096191 38.073473,49.109951 38.083277,49.135426 38.081303,49.148206 38.066216,49.146475 38.058611,49.148408 38.054041,49.147781 38.043519,49.149212 38.041253,49.139948 38.040229,49.136489 38.03994,49.126954 38.019505,49.128075 37.998449,49.129794 37.981763,49.130642 37.976693,49.133432 37.973513,49.134238 37.960102,49.135689 37.95892,49.13635 37.957918,49.136643 37.956223,49.139056 37.953908,49.141643 37.948026,49.139617 37.944461,49.138657 37.940871,49.13961 37.925128,49.144101 37.918894,49.145715 37.917258,49.147868 37.910723,49.150842 37.907488,49.152173 37.905484,49.15413 37.904224,49.154828 37.90235,49.155345 37.90086,49.157406 37.894928,49.160218 37.893116,49.160617 37.893935,49.161314 37.902523,49.166782 37.893515,49.17513 37.905276,49.179714 37.90772,49.183542 37.914048,49.186391 37.934808,49.192027 37.927684,49.200749 37.924003,49.205177 37.916809,49.202581 37.915701,49.203078 37.912188,49.20838 37.908528,49.214023 37.899523,49.21287 37.89669,49.212058 37.889736,49.21092 37.889736,49.213779 37.889707,49.217194 37.889849,49.218422 37.882806,49.21962 37.881565,49.220448 37.8786827,49.2214361 37.8770876,49.2257316 37.8788757,49.2261945 37.8785894,49.2267278 37.8755552,49.2308524 37.8760429,49.2263651 37.878469,49.219657 37.873259,49.216654 37.870733,49.2125465 37.8687966,49.2065769 37.865799,49.191292 37.8552137,49.1907388 37.843262,49.1910187 37.8444336,49.1998985 37.8440631,49.2009556 37.8426862,49.2015892 37.8252208,49.2028096 37.8245982,49.2058478 37.8127744,49.2067271 37.7982734,49.2062572 37.7980304,49.2016976 37.7937261,49.2026455 37.77447,49.2067726 37.7672262,49.208208 37.7671618,49.2078856 37.7743541,49.2064695 37.7934944,49.2018711 37.7913874,49.1970021 37.8038562,49.1946729 37.8102912,49.1916714 37.8111225,49.1901638 37.8097223,49.1857391 37.8077802,49.1833971 37.8059138,49.1798905 37.7930446,49.1823481 37.777257,49.185141 37.769048,49.187473 37.765225,49.1883 37.758798,49.180982 37.755718,49.180789 37.751903,49.17546 37.757406,49.172068 37.758859,49.169846 37.764482,49.167181 37.764226,49.163646 37.761353,49.161541 37.759511,49.161823 37.749534,49.155004 37.744236,49.156997 37.7402588,49.1600196 37.7359244,49.1618718 37.7300449,49.1640607 37.7319332,49.1677928 37.726998,49.1708232 37.724981,49.1713282 37.7207752,49.1699253 37.7138658,49.1701709 37.7099175,49.1634012 37.7120634,49.1582233 37.7149386,49.1566471 37.7136511,49.1545701 37.7153677,49.1521001 37.7144346,49.1478078 37.7104863,49.1483692 37.6971826,49.1485376 37.676635,49.146377 37.6708928,49.1507388 37.667238,49.149179 37.66395,49.149691 37.660082,49.148255 37.6617089,49.1439454 37.645358,49.13891 37.64633,49.134869 37.637431,49.130491 37.634411,49.125916 37.638566,49.123568 37.63889,49.120156 37.637679,49.119208 37.638661,49.118313 37.634198,49.114493 37.621141,49.1064032 37.6012175,49.1171835 37.5974409,49.1174644 37.5922053,49.1145431 37.5922332,49.1024812 37.5878558,49.0922529 37.5878919,49.0767177 37.5660051,49.076549 37.553213,49.075923 37.551456,49.073859 37.5630227,49.070322 37.5739015,49.0684522 37.5862612,49.0676649 37.586976,49.060817 37.594382,49.058487 37.595332,49.052448 37.594411,49.047648 37.597383,49.04581 37.604218,49.049373 37.608384,49.052653 37.605261,49.061987 37.61123,49.068192 37.6157416,49.0676953 37.6205337,49.0670682 37.6357161,49.0650829 37.6395784,49.0660952 37.651499,49.061508 37.65951,49.06213 37.662884,49.058467 37.6633535,49.0533282 37.671916,49.049198 37.685478,49.053215 37.686442,49.0554656 37.690245,49.059398 37.693602,49.062166 37.6995027,49.0604539 37.703443,49.05842 37.710285,49.055422 37.7173832,49.0513253 37.7218464,49.0515222 37.7288846,49.053941 37.727891,49.055373 37.729487,49.058388 37.735946,49.061636 37.741213,49.060672 37.7467303,49.0567132 37.7488487,49.054632 37.746901,49.0533635 37.7531402,49.0496537 37.751856,49.047697 37.753132,49.045754 37.7565306,49.0446188 37.770516,49.051824 37.7853637,49.0520483 37.7900079,49.0459886 37.7928617,49.0463966 37.7981189,49.0480983 37.8051999,49.0506859 37.8131823,49.0516665 37.8186969,49.0527564 37.8274945,49.0532483 37.8313137,49.0524434 37.8298776,49.0501259 37.8321078,49.0478451 37.8318719,49.0446976 37.8368072,49.0429254 37.836408,49.048082 37.836095,49.052018 37.8393519,49.0557452 37.8389657,49.0631693 37.8422701,49.0659249 37.8647652,49.0671846 37.8654977,49.0526975 37.8708622,49.0524725 37.8816151,49.0487257 37.8816151,49.0478819 37.8835892,49.0467005 37.8839325,49.0440564 37.878166,49.043493 37.877532,49.042611 37.878196,49.040819 37.880174,49.039951 37.8805851,49.03466 37.8672813,49.0327468 37.867081,49.030459 37.867495,49.022981 37.864824,49.022972 37.8577,49.023253 37.8510179,49.0231421 37.843209,49.02211 37.836691,49.020452 37.836969,49.01388 37.824644,49.011493 37.820387,49.012708 37.818224,49.010974 37.8127904,49.0104385 37.8073223,49.0124696 37.8046984,49.0098556 37.8097434,49.0067227 37.8090997,49.0049209 37.8098722,49.0023027 37.817278,49.001756 37.8209872,49.0041608 37.824458,49.008404 37.8462809,49.0086147 37.853832,49.00643 37.864947,49.006345 37.86882,49.007728 37.87707,49.006352 37.887733,49.007428 37.892064,49.005927 37.8923555,48.9949287 37.8941579,48.9953229 37.8952737,48.9817491 37.891092,48.981687 37.890959,48.979587 37.878788,48.978483 37.87167,48.974998 37.864393,48.973135 37.860754,48.972824 37.857905,48.971879 37.858257,48.969128</coordinates>
            </LinearRing>
          </outerBoundaryIs>
        </Polygon>
      </Placemark>
      <Placemark>
        <name>Donetsk RUAF</name>
        <ExtendedData>
          <Data name="descripción">
            <value />
          </Data>
          <Data name="description">
            <value />
          </Data>
        </ExtendedData>
        <Polygon>
          <outerBoundaryIs>
            <LinearRing>
              <tessellate>1</tessellate>
              <coordinates>37.123468,47.73712 37.12342,47.744446 37.118439,47.748044 37.123324,47.776908 37.1327,47.774942 37.13577,47.794723 37.139889,47.797957 37.151298,47.795243 37.157084,47.7952 37.15971,47.809022 37.149984,47.809946 37.15305,47.839314 37.155441,47.857016 37.147718,47.862034 37.138249,47.866674 37.137592,47.86804 37.118535,47.879104 37.19138,47.909501 37.201561,47.913847 37.217037,47.919485 37.222047,47.923654 37.229709,47.929994 37.248311,47.9458 37.259496,47.955868 37.290341,47.981579 37.290692,47.982194 37.292591,47.989248 37.288932,47.993079 37.273661,47.99501 37.236328,48.009757 37.210147,48.010885 37.198942,48.012852 37.184205,48.006 37.182907,48.003798 37.160029,48.007693 37.14428,48.005088 37.141333,48.006511 37.135017,48.002669 37.127824,48.004141 37.112738,48.00415 37.110749,48.005381 37.108595,48.005193 37.105843,48.006839 37.101202,48.006706 37.099474,48.005002 37.095588,48.00418 37.094385,48.00452 37.088032,48.003482 37.080608,48.002132 37.077087,48.002362 37.074497,48.003309 37.074573,48.005023 37.072964,48.006387 37.069037,48.006889 37.065674,48.005694 37.061847,48.006702 37.06131,48.007908 37.060329,48.008263 37.055894,48.009434 37.050629,48.010843 37.047534,48.011349 37.038216,48.011453 37.031,48.01086 37.029161,48.005108 37.021598,48.003488 37.002798,48.001303 36.991139,48.000734 36.984745,48.001998 36.978694,48.005788 36.973821,48.004594 36.970677,48.005154 36.967084,48.00432 36.959744,48.004421 36.950219,48.004856 36.946322,48.010767 36.939704,48.008043 36.93475,48.008297 36.932745,48.007993 36.930226,48.008264 36.920575,48.011068 36.900071,48.016901 36.887607,48.019707 36.879401,48.021542 36.874232,48.022651 36.861142,48.02551 36.858357,48.029875 36.856169,48.033577 36.85583,48.033695 36.854848,48.033383 36.854657,48.033192 36.85407,48.032998 36.853829,48.032544 36.853081,48.032674 36.852321,48.032999 36.851411,48.033314 36.850986,48.033549 36.850283,48.033745 36.849832,48.033932 36.847492,48.034658 36.846354,48.035844 36.844849,48.037354 36.841925,48.038423 36.838698,48.037388 36.836532,48.035391 36.833574,48.034641 36.830833,48.03555 36.830758,48.035906 36.82988,48.036042 36.827351,48.035799 36.826056,48.036194 36.824721,48.037538 36.82062,48.039588 36.818012,48.040556 36.813029,48.040406 36.807689,48.046653 36.80403,48.048457 36.805359,48.052024 36.804883,48.052997 36.8003,48.052468 36.794802,48.048529 36.786444,48.05145 36.7828,48.046994 36.778978,48.048954 36.774198,48.047284 36.7722641,48.0481954 36.7723499,48.0499454 36.7666154,48.0529322 36.7644964,48.0553959 36.7626081,48.0552525 36.760045,48.051723 36.7573823,48.0518352 36.7567931,48.0507487 36.7537461,48.0491852 36.7514502,48.0488266 36.7474805,48.0497446 36.741787,48.052722 36.743152,48.059254 36.7482,48.061217 36.7474481,48.0647127 36.7400762,48.0680867 36.7385919,48.0678361 36.7294131,48.0688365 36.7251309,48.0722711 36.7242039,48.0785093 36.7202887,48.0818098 36.716111,48.085081 36.7147963,48.0840293 36.7138679,48.0804547 36.7108396,48.0800265 36.707468,48.080917 36.7063076,48.0826037 36.702864,48.082213 36.698839,48.083669 36.696324,48.085555 36.687945,48.086684 36.6837368,48.0859681 36.6760902,48.0901741 36.6689426,48.0908243 36.6648538,48.0878813 36.6622086,48.0884737 36.6616232,48.091474 36.6555667,48.0947223 36.6582089,48.098028 36.6513424,48.1000916 36.6456855,48.1005847 36.644592,48.105464 36.640805,48.106675 36.636509,48.10516 36.634359,48.102498 36.629232,48.100571 36.630946,48.094295 36.632276,48.094394 36.632699,48.093713 36.632201,48.091738 36.627767,48.091366 36.615,48.091565 36.614099,48.094871 36.614389,48.097663 36.610903,48.098793 36.610994,48.100346 36.608382,48.100954 36.606419,48.099304 36.601758,48.099011 36.601539,48.095651 36.599375,48.092842 36.5997917,48.0894057 36.59766,48.0872557 36.5952009,48.0860527 36.5931814,48.0856244 36.58092,48.083308 36.58092,48.080059 36.585488,48.076946 36.587137,48.075448 36.5849284,48.073107 36.584859,48.07161 36.586267,48.069311 36.586021,48.066982 36.587447,48.064952 36.5824822,48.0628402 36.582403,48.060271 36.5867861,48.0590007 36.5859278,48.0523458 36.5736718,48.0396796 36.5904178,48.0298235 36.5927943,48.0199769 36.5790614,48.0128576 36.5866145,48.0037848 36.5877732,47.9995924 36.5932446,47.9937197 36.6135981,47.9890209 36.6190074,47.9702964 36.6126631,47.9695549 36.6067388,47.9644987 36.6080681,47.9603464 36.5867861,47.9575923 36.5874269,47.9563946 36.592144,47.9568027 36.593464,47.957576 36.618332,47.960556 36.6231325,47.9609929 36.6293131,47.9617063 36.6295867,47.9617494 36.6301939,47.9600744 36.6380517,47.9272127 36.6395966,47.9211159 36.6398202,47.9201306 36.6361865,47.9197439 36.6174801,47.9174194 36.605691,47.919133 36.593503,47.9217787 36.589469,47.9216924 36.5904133,47.9171051 36.5916207,47.9110947 36.5818609,47.9099881 36.5813585,47.9091611 36.571372,47.908823 36.55326,47.906906 36.541467,47.906156 36.54296,47.900401 36.5478278,47.881353 36.5487598,47.8774491 36.561904,47.878586 36.5773719,47.8804259 36.5787504,47.873511 36.5794665,47.8714088 36.5850703,47.8481013 36.585318,47.847416 36.6034924,47.8505024 36.6043209,47.8506632 36.6077443,47.8409474 36.602672,47.828537 36.5987083,47.817052 36.5884562,47.8159429 36.588338,47.806329 36.587651,47.795452 36.586996,47.7854894 36.5939327,47.7835564 36.5988572,47.7840631 36.607859,47.785449 36.611538,47.786042 36.616234,47.785787 36.619677,47.786356 36.622218,47.786809 36.622153,47.787538 36.645656,47.790226 36.671327,47.793451 36.673692,47.783939 36.676584,47.773907 36.680186,47.760019 36.67822,47.75817 36.679039,47.75508 36.680516,47.749659 36.680917,47.749345 36.683688,47.738165 36.68446,47.736317 36.685319,47.734412 36.686255,47.731238 36.700393,47.732912 36.709971,47.694233 36.714135,47.678949 36.78834,47.68456 36.790267,47.684504 36.792003,47.682294 36.792628,47.681025 36.791364,47.679929 36.789781,47.680453 36.789054,47.679949 36.787726,47.679677 36.785282,47.67978 36.783869,47.679594 36.7806,47.676304 36.78076,47.67547 36.782557,47.675082 36.784955,47.674232 36.785361,47.673315 36.784285,47.67258 36.783142,47.672629 36.782257,47.671926 36.783061,47.670924 36.782352,47.669962 36.781397,47.670073 36.780442,47.670473 36.779487,47.670238 36.779439,47.669282 36.779905,47.668152 36.779173,47.667246 36.778325,47.667367 36.777391,47.667892 36.776242,47.669515 36.775523,47.669577 36.775088,47.669037 36.776708,47.666684 36.7766,47.665158 36.776096,47.66447 36.775248,47.664042 36.774132,47.664357 36.772372,47.665554 36.768842,47.666275 36.768466,47.666576 36.769345,47.667874 36.75395,47.666769 36.75482,47.662341 36.718455,47.659291 36.725168,47.631231 36.749873,47.63327 36.773506,47.634782 36.770758,47.609139 36.769126,47.602604 36.830206,47.624428 36.893176,47.544959 36.944524,47.576359 36.966601,47.553769 36.980134,47.560832 37.001472,47.538956 37.02212,47.553689 37.073567,47.494253 37.07536,47.492897 37.077989,47.491627 37.08447,47.496202 37.12769,47.531738 37.133001,47.58401 37.053663,47.588235 37.056533,47.626443 37.0618,47.638724 37.102214,47.636678 37.102705,47.642768 37.105857,47.683376 37.115183,47.724951 37.123468,47.73712</coordinates>
            </LinearRing>
          </outerBoundaryIs>
        </Polygon>
      </Placemark>
      <Placemark>
        <name>Donetsk RUAF</name>
        <ExtendedData>
          <Data name="descripción">
            <value />
          </Data>
          <Data name="description">
            <value />
          </Data>
        </ExtendedData>
        <Polygon>
          <outerBoundaryIs>
            <LinearRing>
              <tessellate>1</tessellate>
              <coordinates>37.203501,47.355752 37.162075,47.341243 37.152231,47.365402 37.150239,47.36979 37.147646,47.372142 37.144904,47.377981 37.142976,47.377645 37.141476,47.38039 37.106385,47.375894 37.122545,47.340399 37.092868,47.329927 37.095418,47.326025 37.085998,47.322804 37.080903,47.322895 37.077052,47.321909 37.064827,47.309529 37.036268,47.299833 37.035157,47.300602 37.034472,47.301772 37.035418,47.303114 37.035048,47.305643 37.034249,47.30663 37.03478,47.307427 37.03484,47.308079 37.034113,47.308377 37.034052,47.309155 37.033721,47.309224 37.032976,47.308808 37.032368,47.308862 37.032017,47.309497 37.031655,47.309839 37.028063,47.311322 37.026243,47.314725 36.946592,47.310966 36.944231,47.320598 36.926119,47.319493 36.928559,47.308972 36.933572,47.296704 36.936301,47.28643 36.945267,47.240323 36.949038,47.228148 36.955726,47.22891 36.962659,47.201933 36.931433,47.200661 36.930933,47.206968 36.882368,47.20563 36.888943,47.199999 36.854922,47.198944 36.856468,47.198042 36.856897,47.197911 36.857267,47.197884 36.857409,47.19733 36.857208,47.197127 36.856403,47.196606 36.856237,47.196324 36.856328,47.194904 36.855981,47.194593 36.856063,47.194194 36.856827,47.19363 36.85727,47.193168 36.857595,47.192585 36.857877,47.192352 36.858399,47.192324 36.859014,47.192646 36.859901,47.192619 36.859942,47.192238 36.859898,47.192003 36.860067,47.191591 36.859674,47.191109 36.85954,47.190627 36.859056,47.190334 36.858688,47.18963 36.859788,47.189186 36.861067,47.188898 36.862411,47.188377 36.863092,47.187933 36.863346,47.187616 36.863858,47.187328 36.863845,47.186642 36.863638,47.186277 36.863989,47.185496 36.864275,47.185503 36.865744,47.184874 36.866579,47.184858 36.867157,47.184958 36.867602,47.18487 36.867738,47.184724 36.868203,47.184665 36.868454,47.184592 36.869046,47.18453 36.869488,47.184409 36.870394,47.184313 36.870564,47.184027 36.87125,47.184015 36.872086,47.183668 36.872097,47.183505 36.871937,47.183327 36.872002,47.182723 36.872388,47.18271 36.872785,47.18239 36.873161,47.182143 36.873421,47.181567 36.875396,47.181508 36.875783,47.181347 36.876277,47.180676 36.876856,47.18034 36.87675,47.179516 36.876879,47.178852 36.877526,47.178304 36.877517,47.177089 36.877879,47.176711 36.87809,47.17629 36.878514,47.176 36.878609,47.175714 36.879486,47.175359 36.880132,47.175268 36.88067,47.175033 36.88095,47.174769 36.881426,47.174676 36.881949,47.174868 36.882432,47.17547 36.883,47.17562 36.883117,47.175892 36.882918,47.176108 36.882937,47.176325 36.883106,47.17644 36.883632,47.176537 36.884028,47.176546 36.884481,47.176902 36.884578,47.177093 36.884862,47.177218 36.885211,47.177168 36.885663,47.177229 36.886184,47.176933 36.886684,47.176447 36.886648,47.176032 36.886813,47.175044 36.886827,47.174581 36.886605,47.173926 36.886397,47.173842 36.886263,47.172706 36.886619,47.172517 36.887195,47.172481 36.887985,47.172314 36.888612,47.171966 36.888401,47.170928 36.888917,47.170701 36.889819,47.170617 36.890119,47.170795 36.890506,47.170707 36.890689,47.170794 36.890663,47.170977 36.890786,47.171115 36.891079,47.171025 36.893325,47.171533 36.895849,47.172778 36.897764,47.173195 36.898526,47.173899 36.899065,47.173954 36.899669,47.173894 36.900307,47.173356 36.900691,47.172744 36.9013,47.172271 36.901297,47.171892 36.901487,47.171631 36.902024,47.171591 36.902378,47.171672 36.902627,47.171492 36.902726,47.171253 36.902474,47.170106 36.902758,47.169687 36.903557,47.169428 36.905992,47.168706 36.906753,47.168383 36.907298,47.167753 36.90721,47.167105 36.907293,47.166844 36.907913,47.16678 36.908856,47.166905 36.909837,47.166288 36.909802,47.165998 36.910174,47.165722 36.910789,47.165827 36.91134,47.16653 36.911755,47.166699 36.912073,47.16661 36.912314,47.166869 36.912542,47.166837 36.912664,47.166704 36.913357,47.166524 36.91382,47.166135 36.913958,47.165821 36.914316,47.165818 36.914858,47.166478 36.91498,47.167326 36.914751,47.167669 36.915097,47.167921 36.915036,47.168276 36.915929,47.169187 36.916128,47.169234 36.916328,47.16915 36.917413,47.16947 36.917924,47.170513 36.918362,47.171002 36.918692,47.170805 36.91902,47.171206 36.919354,47.171292 36.920225,47.171188 36.921108,47.17069 36.921759,47.170071 36.922217,47.170153 36.922488,47.169983 36.922889,47.169914 36.923352,47.170366 36.923637,47.170527 36.924252,47.170279 36.92428,47.169484 36.924909,47.168514 36.924862,47.168098 36.925072,47.167609 36.925062,47.167157 36.923478,47.166252 36.923243,47.165712 36.923308,47.164764 36.92421,47.163758 36.923587,47.162156 36.923307,47.162087 36.922468,47.160723 36.922841,47.160533 36.924287,47.160329 36.925267,47.161047 36.926279,47.161171 36.927788,47.162028 36.929186,47.162238 36.929746,47.162591 36.929512,47.162871 36.931428,47.16414 36.932626,47.164606 36.934352,47.164984 36.935478,47.16545 36.936827,47.165608 36.937348,47.165071 36.936989,47.162287 36.938134,47.160439 36.938722,47.158591 36.940345,47.157574 36.941646,47.15736 36.942059,47.157662 36.942092,47.158134 36.943434,47.159268 36.945338,47.15998 36.946848,47.159972 36.949653,47.158691 36.950272,47.157467 36.950271,47.156449 36.950399,47.155447 36.950912,47.154725 36.951525,47.154683 36.952374,47.154823 36.953416,47.154591 36.954179,47.153979 36.954721,47.152934 36.955005,47.151582 36.954775,47.151339 36.954335,47.150621 36.954372,47.150152 36.955127,47.149506 36.957338,47.149205 36.95853,47.14946 36.960328,47.149196 36.960474,47.149064 36.961362,47.149099 36.961748,47.148876 36.962177,47.148508 36.962413,47.147596 36.963046,47.147398 36.963566,47.147103 36.963858,47.146517 36.963571,47.145085 36.963979,47.144854 36.964472,47.144812 36.966725,47.143691 36.969311,47.142827 36.970523,47.142546 36.970876,47.142013 36.972196,47.141334 36.972545,47.140895 36.973816,47.13993 36.973818,47.139672 36.973228,47.138699 36.972725,47.137711 36.972158,47.13732 36.971551,47.13721 36.971448,47.137324 36.971396,47.137495 36.971236,47.137549 36.971067,47.137439 36.970861,47.137156 36.970708,47.136459 36.970448,47.136206 36.970382,47.135895 36.970528,47.135536 36.971334,47.134934 36.972884,47.135014 36.973858,47.13446 36.975475,47.134271 36.975949,47.133712 36.97653,47.133356 36.976949,47.132592 36.977089,47.132077 36.977229,47.131809 36.977669,47.131527 36.978518,47.131313 36.979881,47.130894 36.980239,47.130139 36.980414,47.128982 36.979751,47.128356 36.979098,47.12765 36.979072,47.127385 36.979434,47.127121 36.979711,47.126857 36.981102,47.12619 36.982277,47.125523 36.982507,47.125257 36.982543,47.125049 36.983479,47.124437 36.983921,47.124337 36.984312,47.124545 36.985587,47.124761 36.987249,47.125268 36.988299,47.125787 36.989267,47.125533 36.989493,47.125313 36.989719,47.124801 36.989982,47.124578 36.990395,47.124384 36.990964,47.124011 36.991824,47.123847 36.99264,47.124115 36.993286,47.124572 36.993556,47.125368 36.994216,47.125905 36.994555,47.126661 36.996665,47.12881 36.996614,47.129268 36.997286,47.129548 36.998086,47.129683 36.998371,47.129521 36.998528,47.1293 36.998841,47.129093 36.999423,47.128883 37.000996,47.128083 37.002057,47.127274 37.002436,47.126358 37.002924,47.125895 37.002769,47.12511 37.001896,47.124222 37.001449,47.123107 37.001644,47.122359 37.002782,47.121188 37.002431,47.119931 37.001946,47.119139 37.000474,47.11804 36.999912,47.117097 36.999745,47.115604 37.000047,47.114398 37.000703,47.114013 37.002538,47.113658 37.004393,47.113264 37.006033,47.113133 37.007414,47.113609 37.007825,47.113906 37.007891,47.114156 37.008129,47.114363 37.009196,47.114425 37.009959,47.114142 37.010294,47.113728 37.010298,47.113031 37.010625,47.110789 37.010437,47.109249 37.010237,47.108981 37.009758,47.108785 37.009509,47.108453 37.009718,47.107599 37.008934,47.105964 37.008561,47.10573 37.007972,47.105539 37.007375,47.105129 37.007346,47.104477 37.00676,47.104045 37.006225,47.103866 37.006065,47.103463 37.005156,47.103074 37.004096,47.102831 37.003351,47.102855 37.002775,47.102338 37.002616,47.101532 37.002182,47.101377 37.00194,47.101111 37.001956,47.100728 37.002422,47.100506 37.002888,47.100416 37.002818,47.100005 37.003241,47.099302 37.005097,47.098 37.006319,47.097646 37.007027,47.09777 37.007252,47.098248 37.007692,47.098652 37.008883,47.098885 37.009189,47.099071 37.009451,47.099126 37.010263,47.098938 37.010882,47.098495 37.011668,47.097434 37.01146,47.096896 37.01063,47.096489 37.009328,47.094965 37.008988,47.093268 37.008584,47.092725 37.00869,47.092089 37.009481,47.091934 37.01053,47.091502 37.011022,47.09095 37.011697,47.09074 37.012222,47.090836 37.012711,47.089753 37.012796,47.089475 37.012515,47.089386 37.012353,47.088874 37.011961,47.088816 37.010646,47.088333 37.010036,47.087065 37.01002,47.086577 37.009476,47.085924 37.009189,47.084935 37.008521,47.084654 37.00781,47.084519 37.004501,47.08441 37.000671,47.083433 36.998944,47.083711 36.995613,47.082886 36.994385,47.082266 36.993635,47.081274 36.99069,47.080632 36.986673,47.080077 36.985547,47.079493 37.081024,47.04777 37.085739,47.052505 37.098525,47.059638 37.125464,47.039161 37.089871,47.00759 37.1413,46.98228 37.102617,46.960164 37.092092,46.969145 37.021315,46.928037 37.03392,46.917419 37.062643,46.883579 37.06789,46.872438 37.116537,46.890991 37.137438,46.897913 37.165211,46.902015 37.238638,46.937642 37.254089,46.935293 37.279835,46.924969 37.305721,46.909522 37.311685,46.89595 37.29409,46.882983 37.289006,46.883261 37.28255,46.885417 37.274721,46.882175 37.271151,46.873983 37.271083,46.865428 37.273795,46.859977 37.280626,46.854525 37.292833,46.855352 37.312434,46.857945 37.322106,46.862189 37.344881,46.880059 37.410641,46.947694 37.445512,46.973115 37.485115,47.020212 37.49453,47.027507 37.510368,47.033367 37.514535,47.03829 37.524159,47.038409 37.533784,47.04274 37.537244,47.056079 37.534869,47.060996 37.534554,47.065446 37.544224,47.068031 37.572436,47.072484 37.603623,47.072492 37.61421,47.071562 37.63333,47.079986 37.661672,47.070985 37.694128,47.067588 37.72864,47.067688 37.772085,47.07479 37.795029,47.069646 37.808317,47.074907 37.824354,47.077827 37.842701,47.087873 37.868064,47.093466 37.897552,47.098117 37.974722,47.074436 37.987207,47.074742 37.994136,47.079336 37.99832,47.084398 38.024376,47.077251 38.037384,47.077583 38.050354,47.083387 38.057148,47.093396 38.063257,47.097795 38.073624,47.097583 38.086738,47.094098 38.109804,47.077169 38.118757,47.066832 38.120156,47.062809 38.104371,47.054915 38.093047,47.048162 38.084639,47.039873 38.075887,47.035726 38.071085,47.0269 38.074013,47.015331 38.081584,47.011386 38.09329,47.011454 38.10537,47.016739 38.11717,47.026837 38.123948,47.030646 38.137347,47.034982 38.156752,47.045864 38.176165,47.05955 38.195797,47.08434 38.235092,47.107011 38.238575,47.107755 38.230125,47.11938 38.22977,47.120043 38.229543,47.120126 38.229328,47.120588 38.229328,47.120742 38.228999,47.121179 38.228989,47.12166 38.229065,47.122149 38.229018,47.122375 38.228456,47.122674 38.229151,47.127094 38.231915,47.129669 38.236328,47.13955 38.235673,47.196147 38.235873,47.196732 38.235645,47.199315 38.235836,47.203682 38.237122,47.206913 38.236395,47.207194 38.236536,47.207604 38.236391,47.208377 38.23644,47.208568 38.237644,47.209323 38.238247,47.209553 38.238754,47.210198 38.239919,47.210338 38.240312,47.21061 38.24136,47.212061 38.241508,47.212593 38.241392,47.213628 38.241739,47.214448 38.242386,47.215181 38.242806,47.216436 38.242926,47.217502 38.242638,47.218043 38.241546,47.218416 38.24055,47.218514 38.240159,47.218753 38.239983,47.219021 38.24005,47.221346 38.239826,47.221649 38.238792,47.221756 38.238339,47.222058 38.238348,47.222573 38.238658,47.22338 38.238397,47.22372 38.23775,47.224032 38.236798,47.224335 38.236147,47.225104 38.235993,47.225474 38.235547,47.22569 38.234809,47.225754 38.234457,47.225906 38.234118,47.22637 38.233949,47.227418 38.233177,47.228656 38.233136,47.22902 38.233314,47.229611 38.234347,47.230708 38.237203,47.231708 38.238888,47.232267 38.240651,47.232538 38.242585,47.232721 38.243951,47.233268 38.245631,47.233899 38.246418,47.234061 38.246722,47.234044 38.24694,47.234011 38.247296,47.23382 38.247544,47.233629 38.247938,47.233449 38.248503,47.233313 38.250709,47.233236 38.253887,47.23371 38.254617,47.234166 38.254876,47.234768 38.255671,47.235107 38.257667,47.235621 38.260588,47.238368 38.28837,47.238377 38.288111,47.256617 38.323777,47.256874 38.324361,47.25664 38.325653,47.257308 38.3259,47.257806 38.326742,47.258775 38.327584,47.259352 38.328688,47.26047 38.329481,47.261931 38.331173,47.263696 38.331269,47.264053 38.331215,47.264483 38.331008,47.264744 38.329791,47.265311 38.329139,47.26579 38.328973,47.266282 38.329434,47.267149 38.330517,47.268045 38.331487,47.268552 38.332338,47.26895 38.332673,47.269524 38.332654,47.270088 38.332248,47.270944 38.332167,47.271957 38.331281,47.273982 38.33116,47.275096 38.330835,47.276036 38.329323,47.276163 38.327322,47.276852 38.32673,47.277476 38.32659,47.278012 38.326909,47.278677 38.327445,47.279367 38.327488,47.279873 38.326716,47.280391 38.325192,47.280313 38.323868,47.280603 38.323403,47.281242 38.323374,47.281676 38.325589,47.284466 38.326278,47.28466 38.328169,47.284796 38.329634,47.285533 38.33002,47.286408 38.330192,47.287486 38.330879,47.287897 38.330428,47.289694 38.331035,47.290492 38.332971,47.292018 38.333798,47.29216 38.33423,47.293164 38.334276,47.295128 38.333966,47.295929 38.334257,47.296613 38.334012,47.297122 38.333686,47.297267 38.333252,47.297326 38.332641,47.297235 38.332217,47.296942 38.329806,47.297159 38.327785,47.297173 38.32715,47.297522 38.327008,47.29793 38.327288,47.299203 38.328405,47.300454 38.330499,47.300694 38.332593,47.301109 38.334688,47.302528 38.335553,47.304198 38.336586,47.305506 38.336738,47.30629 38.336096,47.306246 38.300723,47.305723 38.286256,47.305938 38.271144,47.30586 38.22057,47.305212 38.221051,47.320265 38.220545,47.326066 38.222567,47.327964 38.2236,47.328345 38.225178,47.328659 38.227014,47.32938 38.227304,47.330464 38.226765,47.33139 38.225582,47.332461 38.223048,47.332834 38.222788,47.333148 38.224072,47.334139 38.224778,47.335347 38.226171,47.336555 38.228141,47.337589 38.230455,47.338362 38.23101,47.339244 38.231394,47.343043 38.231693,47.343818 38.232594,47.344355 38.235597,47.34527 38.238429,47.345603 38.239373,47.345936 38.245401,47.349699 38.246334,47.350548 38.246967,47.351426 38.246419,47.352845 38.246838,47.353808 38.247601,47.354712 38.249728,47.356462 38.249922,47.357301 38.249097,47.358549 38.248958,47.359186 38.247736,47.359982 38.247511,47.360452 38.247785,47.361443 38.247544,47.362085 38.245814,47.362956 38.245542,47.36342 38.245958,47.363927 38.24972,47.366615 38.251339,47.368471 38.254095,47.369993 38.255907,47.371718 38.258177,47.373242 38.28656,47.373496 38.286429,47.391247 38.29948,47.391479 38.299845,47.391617 38.300221,47.392114 38.300576,47.392437 38.301757,47.392945 38.302026,47.393134 38.302273,47.393541 38.302724,47.407201 38.302015,47.475058 38.296065,47.474782 38.295665,47.474905 38.29551,47.475155 38.29557,47.47581 38.295218,47.476019 38.294513,47.476089 38.291688,47.475968 38.289557,47.476479 38.289827,47.477624 38.288766,47.478857 38.288751,47.47964 38.289044,47.480452 38.288993,47.481032 38.287537,47.483947 38.287283,47.486252 38.287568,47.48688 38.288411,47.487362 38.28911,47.488935 38.289938,47.489276 38.29125,47.489318 38.291961,47.489562 38.292522,47.490133 38.292632,47.490936 38.292141,47.49242 38.291607,47.49316 38.291374,47.494074 38.291552,47.495612 38.291279,47.49683 38.290627,47.497744 38.290448,47.498658 38.291096,47.499712 38.29312,47.500854 38.293406,47.501292 38.293414,47.501542 38.293857,47.50191 38.293829,47.502572 38.293508,47.502884 38.293272,47.503312 38.293563,47.504247 38.29351,47.50469 38.293254,47.504894 38.292377,47.505054 38.291552,47.505671 38.291585,47.505969 38.293628,47.507566 38.29363,47.507857 38.293439,47.508061 38.292221,47.508056 38.285489,47.508283 38.284798,47.508698 38.284771,47.544409 38.304398,47.544783 38.305211,47.54554 38.307096,47.546528 38.307266,47.546775 38.306386,47.547352 38.306063,47.547841 38.306148,47.548269 38.308291,47.549257 38.308907,47.551783 38.31124,47.553151 38.310765,47.576024 38.3509,47.576026 38.350366,47.616779 38.35713,47.616831 38.358117,47.627017 38.340952,47.6309 38.344612,47.634148 38.345696,47.637048 38.341515,47.637876 38.339479,47.654028 38.327226,47.653874 38.328108,47.670523 38.32576,47.687904 38.321064,47.688034 38.318557,47.697976 38.308522,47.698245 38.306786,47.698774 38.304878,47.698726 38.304324,47.698166 38.296614,47.697778 38.282743,47.687295 38.245248,47.708936 38.228467,47.714611 38.230632,47.716985 38.217861,47.723748 38.212515,47.723282 38.208726,47.726109 38.208884,47.730206 38.179478,47.730541 38.179542,47.738022 38.113251,47.739377 38.10242,47.734734 38.096407,47.733457 38.092712,47.732122 38.088623,47.73129 38.087968,47.730343 38.08876,47.728247 38.087296,47.726046 38.084242,47.725702 38.073634,47.727437 38.07015,47.726862 38.068039,47.72571 38.047236,47.728141 38.041712,47.723527 38.034471,47.710483 38.026505,47.709586 38.024033,47.705686 37.995814,47.703632 37.94773,47.751151 37.905483,47.742554 37.898729,47.739955 37.886143,47.727658 37.875446,47.719389 37.845701,47.711026 37.78946,47.715268 37.766663,47.709862 37.738962,47.685893 37.691821,47.712146 37.655662,47.692402 37.62445,47.678957 37.608009,47.674753 37.609613,47.66216 37.509282,47.654791 37.510013,47.646708 37.495295,47.644406 37.494188,47.633209 37.491707,47.627564 37.441269,47.636891 37.442962,47.623177 37.405867,47.629773 37.411302,47.600404 37.193073,47.638544 37.172538,47.641025 37.15259,47.640966 37.102705,47.642768 37.102214,47.636678 37.0618,47.638724 37.056533,47.626443 37.053663,47.588235 37.133001,47.58401 37.12769,47.531738 37.08447,47.496202 37.129904,47.468769 37.133244,47.46938 37.146026,47.470511 37.16515,47.470832 37.169729,47.470541 37.179594,47.48362 37.196195,47.478974 37.19102,47.472445 37.189419,47.471647 37.188762,47.469398 37.206544,47.469231 37.206637,47.468596 37.208185,47.466828 37.211663,47.466698 37.211794,47.469121 37.244953,47.468896 37.238492,47.457763 37.242044,47.45626 37.24237,47.455397 37.239949,47.451052 37.243948,47.449733 37.236746,47.436398 37.232078,47.437489 37.194581,47.373579 37.203501,47.355752</coordinates>
            </LinearRing>
          </outerBoundaryIs>
        </Polygon>
      </Placemark>
      <Placemark>
        <name>Zaporizhzhia RUAF</name>
        <ExtendedData>
          <Data name="descripción">
            <value />
          </Data>
          <Data name="description">
            <value />
          </Data>
        </ExtendedData>
        <Polygon>
          <outerBoundaryIs>
            <LinearRing>
              <tessellate>1</tessellate>
              <coordinates>34.645745,47.559108 34.577391,47.562804 34.535103,47.557522 34.501156,47.544614 34.481225,47.534172 34.466777,47.531358 34.427594,47.52987 34.301238,47.517478 34.27244,47.50987 34.221005,47.489726 34.138774,47.477226 34.220244,47.451282 34.235723,47.440622 34.242945,47.4332 34.256833,47.395272 34.251856,47.391424 34.261148,47.360338 34.272666,47.36157 34.283122,47.325438 34.281553,47.324244 34.292334,47.279428 34.292605,47.277472 34.293148,47.277064 34.293259,47.276728 34.293046,47.276156 34.293238,47.275628 34.292843,47.274726 34.292935,47.27433 34.293402,47.2738 34.293787,47.27364 34.294182,47.27366 34.294588,47.273808 34.294993,47.274224 34.295248,47.27446 34.295244,47.274772 34.295358,47.274922 34.295732,47.274976 34.296444,47.274744 34.296715,47.274144 34.296454,47.273566 34.296401,47.273168 34.296663,47.272874 34.297158,47.272686 34.298062,47.272718 34.298855,47.272296 34.300699,47.27159 34.30107,47.272314 34.301526,47.27263 34.302246,47.272794 34.303207,47.272426 34.303195,47.272046 34.302486,47.27112 34.302752,47.270484 34.305272,47.269142 34.309126,47.273084 34.329614,47.290752 34.350106,47.293106 34.35841,47.293596 34.368572,47.284946 34.371866,47.28392 34.401111,47.287342 34.398667,47.29849 34.418844,47.301106 34.413547,47.323334 34.475308,47.330444 34.488229,47.28036 34.519231,47.283734 34.522806,47.267486 34.526895,47.267542 34.530778,47.250884 34.526071,47.250188 34.523253,47.250306 34.490323,47.246694 34.51978,47.105208 34.552928,47.106136 34.553545,47.102158 34.552617,47.1018 34.567408,47.02451 34.592564,47.02657 34.598828,46.992112 34.619086,46.993944 34.622516,46.972942 34.641051,46.97447 34.652206,46.976584 34.681556,46.9794 34.686514,46.955862 34.736436,46.961072 34.752922,46.879128 34.804621,46.882058 34.812949,46.833166 34.816393,46.828476 34.758388,46.822372 34.767703,46.780942 34.749653,46.780848 34.749888,46.757592 34.734656,46.756814 34.734921,46.747268 34.659093,46.740204 34.66155,46.727144 34.625731,46.724024 34.632656,46.687654 34.68145,46.691894 34.683939,46.677534 34.746289,46.68339 34.756226,46.627016 34.713016,46.620164 34.723182,46.581004 34.749026,46.583842 34.757009,46.55057 34.890505,46.564244 34.895253,46.537394 34.884731,46.536252 34.890458,46.507102 34.947053,46.512612 34.948629,46.50305 34.953001,46.503312 35.021376,46.479224 35.025306,46.479994 35.054202,46.482436 35.071521,46.376396 35.058623,46.37535 35.066456,46.333344 35.069135,46.329616 35.067455,46.328916 35.073017,46.29937 35.10328,46.30219 35.132685,46.300318 35.290636,46.260654 35.366779,46.352062 35.45554,46.432036 35.574168,46.464184 35.655572,46.509526 35.733076,46.577282 35.771846,46.59523 35.836657,46.615514 35.878014,46.636718 35.931074,46.650362 35.979866,46.650748 36.054759,46.65723 36.104371,46.646858 36.130024,46.648054 36.152936,46.656786 36.19327,46.658214 36.221774,46.644716 36.246824,46.618954 36.24457,46.603474 36.209376,46.573368 36.193388,46.552012 36.181178,46.54757 36.168969,46.549268 36.156219,46.55455 36.143764,46.552838 36.138225,46.541232 36.138182,46.514512 36.12235,46.507632 36.112698,46.512092 36.090583,46.50158 36.086129,46.494018 36.087169,46.48504 36.097487,46.478428 36.118804,46.47797 36.153671,46.492174 36.163822,46.486044 36.174512,46.487018 36.21747,46.522028 36.262558,46.573084 36.310537,46.636508 36.38462,46.700496 36.424888,46.716282 36.472734,46.730636 36.535196,46.7445 36.582574,46.75222 36.622058,46.766648 36.714454,46.767386 36.756708,46.753034 36.757879,46.741534 36.767046,46.734842 36.78651,46.734736 36.803938,46.719256 36.79133,46.702884 36.788339,46.6851 36.778243,46.67496 36.768706,46.677626 36.759855,46.67558 36.755202,46.66913 36.748833,46.665506 36.74384,46.654342 36.738287,46.646916 36.738173,46.63018 36.741836,46.624524 36.748244,46.61934 36.764257,46.61794 36.782959,46.625986 36.809871,46.650274 36.838186,46.683036 36.875203,46.755096 36.915501,46.806958 36.988475,46.8504 37.009677,46.8572 37.042559,46.859066 37.06789,46.872424 37.062643,46.883564 37.03392,46.917404 37.021315,46.928022 37.092092,46.96913 37.102617,46.96015 37.1413,46.982266 37.089871,47.007576 37.125464,47.039146 37.098525,47.059624 37.085739,47.05249 37.081024,47.047756 36.985547,47.079478 36.986673,47.080062 36.99069,47.080618 36.993635,47.08126 36.994385,47.082252 36.995613,47.082872 36.998944,47.083696 37.000671,47.083418 37.004501,47.084396 37.00781,47.084504 37.008521,47.08464 37.009189,47.08492 37.009476,47.08591 37.01002,47.086562 37.010036,47.08705 37.010646,47.088318 37.011961,47.088802 37.012353,47.08886 37.012515,47.089372 37.012796,47.08946 37.012222,47.090822 37.011697,47.090726 37.011022,47.090936 37.01053,47.091488 37.009481,47.09192 37.00869,47.092074 37.008584,47.09271 37.008988,47.093254 37.009328,47.09495 37.01063,47.096474 37.01146,47.096882 37.011668,47.09742 37.010882,47.09848 37.010263,47.098924 37.009451,47.099112 37.009189,47.099056 37.008883,47.09887 37.007692,47.098638 37.007252,47.098234 37.007027,47.097756 37.006319,47.097632 37.005097,47.097986 37.003241,47.099288 37.002818,47.09999 37.002888,47.100402 37.002422,47.100492 37.001956,47.100714 37.00194,47.101096 37.002182,47.101362 37.002616,47.101518 37.002775,47.102324 37.003351,47.10284 37.004096,47.102816 37.005156,47.10306 37.006065,47.103448 37.006225,47.103852 37.00676,47.10403 37.007346,47.104462 37.007375,47.105114 37.007972,47.105524 37.008561,47.105716 37.008934,47.10595 37.009718,47.107584 37.009509,47.108438 37.009758,47.10877 37.010237,47.108966 37.010437,47.109234 37.010625,47.110774 37.010298,47.113016 37.010294,47.113714 37.009959,47.114128 37.009196,47.11441 37.008129,47.114348 37.007891,47.114142 37.007825,47.113892 37.007414,47.113594 37.006033,47.113118 37.004393,47.11325 37.000703,47.113998 37.000047,47.114384 36.999745,47.11559 36.999912,47.117082 37.000474,47.118026 37.001946,47.119124 37.002431,47.119916 37.002782,47.121174 37.001644,47.122344 37.001449,47.123092 37.001896,47.124208 37.002769,47.125096 37.002924,47.12588 37.002436,47.126344 37.002057,47.12726 37.000996,47.128068 36.999423,47.128868 36.998841,47.129078 36.998528,47.129286 36.998371,47.129506 36.998086,47.129668 36.997286,47.129534 36.996614,47.129254 36.996665,47.128796 36.994555,47.126646 36.994216,47.12589 36.993556,47.125354 36.993286,47.124558 36.99264,47.1241 36.991824,47.123832 36.990964,47.123996 36.990395,47.12437 36.989982,47.124564 36.989719,47.124786 36.989493,47.125298 36.989267,47.125518 36.988299,47.125772 36.987249,47.125254 36.985587,47.124746 36.984312,47.12453 36.983921,47.124322 36.983479,47.124422 36.982543,47.125034 36.982507,47.125242 36.982277,47.125508 36.981102,47.126176 36.979711,47.126842 36.979434,47.127106 36.979072,47.12737 36.979098,47.127636 36.979751,47.128342 36.980414,47.128968 36.980239,47.130124 36.979881,47.13088 36.978518,47.131298 36.977669,47.131512 36.977229,47.131794 36.977089,47.132062 36.976949,47.132578 36.97653,47.133342 36.975949,47.133698 36.975475,47.134256 36.973858,47.134446 36.972884,47.135 36.971334,47.13492 36.970528,47.135522 36.970382,47.13588 36.970448,47.136192 36.970708,47.136444 36.970861,47.137142 36.971067,47.137424 36.971236,47.137534 36.971396,47.13748 36.971448,47.13731 36.971551,47.137196 36.972158,47.137306 36.972725,47.137696 36.973228,47.138684 36.973818,47.139658 36.973816,47.139916 36.972545,47.14088 36.972196,47.14132 36.970876,47.141998 36.970523,47.142532 36.969311,47.142812 36.966725,47.143676 36.964472,47.144798 36.963979,47.14484 36.963571,47.14507 36.963858,47.146502 36.963566,47.147088 36.963046,47.147384 36.962413,47.147582 36.962177,47.148494 36.961748,47.148862 36.961362,47.149084 36.960474,47.14905 36.960328,47.149182 36.95853,47.149446 36.957338,47.14919 36.955127,47.149492 36.954372,47.150138 36.954335,47.150606 36.954775,47.151324 36.955005,47.151568 36.954721,47.15292 36.954179,47.153964 36.953416,47.154576 36.952374,47.154808 36.951525,47.154668 36.950912,47.15471 36.950399,47.155432 36.950271,47.156434 36.950272,47.157452 36.949653,47.158676 36.946848,47.159958 36.945338,47.159966 36.943434,47.159254 36.942092,47.15812 36.942059,47.157648 36.941646,47.157346 36.940345,47.15756 36.938722,47.158576 36.938134,47.160424 36.936989,47.162272 36.937348,47.165056 36.936827,47.165594 36.935478,47.165436 36.934352,47.16497 36.932626,47.164592 36.931428,47.164126 36.929512,47.162856 36.929746,47.162576 36.929186,47.162224 36.927788,47.162014 36.926279,47.161156 36.925267,47.161032 36.924287,47.160314 36.922841,47.160518 36.922468,47.160708 36.923307,47.162072 36.923587,47.162142 36.92421,47.163744 36.923308,47.16475 36.923243,47.165698 36.923478,47.166238 36.925062,47.167142 36.925072,47.167594 36.924862,47.168084 36.924909,47.1685 36.92428,47.16947 36.924252,47.170264 36.923637,47.170512 36.923352,47.170352 36.922889,47.1699 36.922488,47.169968 36.922217,47.170138 36.921759,47.170056 36.921108,47.170676 36.920225,47.171174 36.919354,47.171278 36.91902,47.171192 36.918692,47.17079 36.918362,47.170988 36.917924,47.170498 36.917413,47.169456 36.916328,47.169136 36.916128,47.16922 36.915929,47.169172 36.915036,47.168262 36.915097,47.167906 36.914751,47.167654 36.91498,47.167312 36.914858,47.166464 36.914316,47.165804 36.913958,47.165806 36.91382,47.16612 36.913357,47.16651 36.912664,47.16669 36.912542,47.166822 36.912314,47.166854 36.912073,47.166596 36.911755,47.166684 36.91134,47.166516 36.910789,47.165812 36.910174,47.165708 36.909802,47.165984 36.909837,47.166274 36.908856,47.16689 36.907913,47.166766 36.907293,47.16683 36.90721,47.16709 36.907298,47.167738 36.906753,47.168368 36.905992,47.168692 36.902758,47.169672 36.902474,47.170092 36.902726,47.171238 36.902627,47.171478 36.902378,47.171658 36.902024,47.171576 36.901487,47.171616 36.901297,47.171878 36.9013,47.172256 36.900691,47.17273 36.900307,47.173342 36.899669,47.17388 36.899065,47.17394 36.898526,47.173884 36.897764,47.17318 36.895849,47.172764 36.893325,47.171518 36.891079,47.17101 36.890786,47.1711 36.890663,47.170962 36.890689,47.17078 36.890506,47.170692 36.890119,47.17078 36.889819,47.170602 36.888917,47.170686 36.888401,47.170914 36.888612,47.171952 36.887985,47.1723 36.887195,47.172466 36.886619,47.172502 36.886263,47.172692 36.886397,47.173828 36.886605,47.173912 36.886827,47.174566 36.886813,47.17503 36.886648,47.176018 36.886684,47.176432 36.886184,47.176918 36.885663,47.177214 36.885211,47.177154 36.884862,47.177204 36.884578,47.177078 36.884481,47.176888 36.884028,47.176532 36.883632,47.176522 36.883106,47.176426 36.882937,47.17631 36.882918,47.176094 36.883117,47.175878 36.883,47.175606 36.882432,47.175456 36.881949,47.174854 36.881426,47.174662 36.88095,47.174754 36.88067,47.175018 36.880132,47.175254 36.879486,47.175344 36.878609,47.1757 36.878514,47.175986 36.87809,47.176276 36.877879,47.176696 36.877517,47.177074 36.877526,47.17829 36.876879,47.178838 36.87675,47.179502 36.876856,47.180326 36.876277,47.180662 36.875783,47.181332 36.875396,47.181494 36.873421,47.181552 36.873161,47.182128 36.872785,47.182376 36.872388,47.182696 36.872002,47.182708 36.871937,47.183312 36.872097,47.18349 36.872086,47.183654 36.87125,47.184 36.870564,47.184012 36.870394,47.184298 36.869488,47.184394 36.869046,47.184516 36.868454,47.184578 36.868203,47.18465 36.867738,47.18471 36.867602,47.184856 36.867157,47.184944 36.866579,47.184844 36.865744,47.18486 36.864275,47.185488 36.863989,47.185482 36.863638,47.186262 36.863845,47.186628 36.863858,47.187314 36.863346,47.187602 36.863092,47.187918 36.862411,47.188362 36.861067,47.188884 36.859788,47.189172 36.858688,47.189616 36.859056,47.19032 36.85954,47.190612 36.859674,47.191094 36.860067,47.191576 36.859898,47.191988 36.859942,47.192224 36.859901,47.192604 36.859014,47.192632 36.858399,47.19231 36.857877,47.192338 36.857595,47.19257 36.85727,47.193154 36.856827,47.193616 36.856063,47.19418 36.855981,47.194578 36.856328,47.19489 36.856237,47.19631 36.856403,47.196592 36.857208,47.197112 36.857409,47.197316 36.857267,47.19787 36.856897,47.197896 36.856468,47.198028 36.854922,47.19893 36.79192,47.20297 36.677504,47.198212 36.677458,47.196416 36.679472,47.193922 36.684185,47.191732 36.661522,47.190436 36.667693,47.145418 36.491401,47.116596 36.483154,47.179644 36.403532,47.17534 36.448184,47.221332 36.435153,47.260104 36.43486,47.265038 36.430154,47.265122 36.370856,47.296068 36.362355,47.29697 36.346739,47.265226 36.316872,47.271328 36.316872,47.2744 36.272569,47.283874 36.264325,47.283482 36.248185,47.284488 36.229126,47.281648 36.221399,47.277876 36.187736,47.282814 36.18128,47.29288 36.192163,47.298054 36.169588,47.328996 36.162393,47.327326 36.105417,47.341664 36.015668,47.337722 35.928553,47.361622 35.913517,47.376676 35.919778,47.454314 35.920904,47.463953 35.916533,47.464566 35.915982,47.478955 35.916054,47.491381 35.886788,47.490471 35.871516,47.489224 35.859108,47.490626 35.8539133,47.4910943 35.853977,47.495152 35.846551,47.495775 35.843947,47.501759 35.83632,47.501038 35.834487,47.513321 35.830146,47.513507 35.826147,47.520648 35.817807,47.518729 35.815476,47.517592 35.814138,47.513111 35.8047455,47.4924433 35.790041,47.491562 35.768669,47.49104 35.76987,47.495042 35.758729,47.495526 35.759169,47.498279 35.754858,47.500594 35.752498,47.502856 35.740181,47.504682 35.723688,47.511372 35.716808,47.517592 35.7146999,47.5211898 35.7141849,47.5241458 35.713134,47.526365 35.708529,47.525774 35.706498,47.529703 35.705037,47.529239 35.70703,47.524596 35.7064172,47.523914 35.7044002,47.5221752 35.689344,47.519956 35.681162,47.522188 35.678044,47.526154 35.670721,47.524266 35.667655,47.528473 35.637729,47.519131 35.623277,47.514624 35.61618,47.524588 35.59059,47.525183 35.589446,47.527785 35.581646,47.527983 35.57773,47.545772 35.586203,47.546798 35.590623,47.547667 35.588281,47.558871 35.585721,47.559901 35.574995,47.558768 35.574382,47.554424 35.561758,47.552788 35.560939,47.556814 35.555578,47.556438 35.551973,47.553628 35.543202,47.552778 35.538481,47.552242 35.538043,47.547414 35.530192,47.546443 35.5073333,47.5441404 35.50688,47.547934 35.4922016,47.547043 35.488184,47.547713 35.479446,47.547706 35.477918,47.556966 35.463676,47.555924 35.462239,47.56244 35.478954,47.57158 35.4792953,47.5738911 35.490187,47.574893 35.490142,47.576285 35.478946,47.575697 35.475642,47.596977 35.4603233,47.596942 35.4590337,47.6001262 35.4478216,47.5997607 35.447366,47.606224 35.434406,47.607017 35.431101,47.610823 35.431615,47.613491 35.429074,47.614673 35.419134,47.614429 35.421211,47.611175 35.4159979,47.6073611 35.4159036,47.605687 35.4110303,47.6055644 35.4073205,47.6036326 35.403813,47.598475 35.397806,47.597986 35.395319,47.598515 35.3891417,47.598415 35.3888647,47.593439 35.3837914,47.5934399 35.3838296,47.5903433 35.3765104,47.5902421 35.3750393,47.5891204 35.3669223,47.5887911 35.3665973,47.5934599 35.3710789,47.5945977 35.371732,47.5960499 35.3717912,47.5974307 35.3593458,47.5971992 35.358848,47.600034 35.358439,47.611096 35.3467,47.612378 35.34408,47.607245 35.3362892,47.6088223 35.3301453,47.6123529 35.320938,47.613924 35.312896,47.621939 35.312094,47.628641 35.307744,47.636792 35.3052544,47.6389627 35.2859424,47.6459022 35.280655,47.646632 35.277802,47.64503 35.278264,47.639718 35.277384,47.631338 35.2801534,47.6099947 35.2787801,47.6083455 35.293987,47.588033 35.2969187,47.5829041 35.2986396,47.5816595 35.2997769,47.5806463 35.3202235,47.5724091 35.327793,47.56368 35.3291722,47.5576374 35.3290223,47.5569828 35.330249,47.5520598 35.331535,47.547052 35.333667,47.537514 35.335464,47.528183 35.327271,47.523822 35.30029,47.516506 35.271548,47.505114 35.266114,47.491544 35.263718,47.47771 35.19955,47.448088 35.119304,47.45565 35.056327,47.452414 35.029026,47.429688 34.991352,47.404362 34.948725,47.39389 34.871748,47.419636 34.879819,47.444172 34.860158,47.462624 34.749519,47.49871 34.698346,47.504108 34.654891,47.542968 34.645745,47.559108</coordinates>
            </LinearRing>
          </outerBoundaryIs>
        </Polygon>
      </Placemark>
      <Placemark>
        <name>Zaporizhzhia RUAF</name>
        <ExtendedData>
          <Data name="descripción">
            <value />
          </Data>
          <Data name="description">
            <value />
          </Data>
        </ExtendedData>
        <Polygon>
          <outerBoundaryIs>
            <LinearRing>
              <tessellate>1</tessellate>
              <coordinates>35.919778,47.454314 35.913517,47.376691 35.928553,47.361637 36.015668,47.337737 36.105417,47.341678 36.162393,47.327341 36.169588,47.329011 36.192163,47.298069 36.18128,47.292894 36.187736,47.282828 36.221399,47.277891 36.229126,47.281663 36.248185,47.284502 36.264325,47.283497 36.272569,47.283888 36.316872,47.274414 36.316872,47.271342 36.346739,47.26524 36.362355,47.296984 36.370856,47.296082 36.430154,47.265136 36.43486,47.265053 36.435153,47.260119 36.448184,47.221346 36.403532,47.175355 36.483154,47.179659 36.491401,47.116611 36.667693,47.145433 36.661522,47.19045 36.684185,47.191746 36.679472,47.193936 36.677458,47.196431 36.677504,47.198226 36.79192,47.202985 36.854922,47.198944 36.888943,47.199999 36.882368,47.20563 36.930933,47.206968 36.931433,47.200661 36.962659,47.201933 36.955726,47.22891 36.949038,47.228148 36.945267,47.240323 36.936301,47.28643 36.933572,47.296704 36.928559,47.308972 36.926119,47.319493 36.944231,47.320598 36.946592,47.310966 37.026243,47.314725 37.028063,47.311322 37.031655,47.309839 37.032017,47.309497 37.032368,47.308862 37.032976,47.308808 37.033721,47.309224 37.034052,47.309155 37.034113,47.308377 37.03484,47.308079 37.03478,47.307427 37.034249,47.30663 37.035048,47.305643 37.035418,47.303114 37.034472,47.301772 37.035157,47.300602 37.036268,47.299833 37.064827,47.309529 37.077052,47.321909 37.080903,47.322895 37.085998,47.322804 37.095418,47.326025 37.092868,47.329927 37.122545,47.340399 37.106385,47.375894 37.141476,47.38039 37.142976,47.377645 37.144904,47.377981 37.147646,47.372142 37.150239,47.36979 37.162075,47.341243 37.203501,47.355752 37.194581,47.373579 37.232078,47.437489 37.236746,47.436398 37.243948,47.449733 37.239949,47.451052 37.24237,47.455397 37.242044,47.45626 37.238492,47.457763 37.244953,47.468896 37.211794,47.469121 37.211663,47.466698 37.208185,47.466828 37.206637,47.468596 37.206544,47.469231 37.188762,47.469398 37.189419,47.471647 37.19102,47.472445 37.196195,47.478974 37.179594,47.48362 37.169729,47.470541 37.146026,47.470511 37.129904,47.468769 37.08447,47.496202 37.077989,47.491627 37.073567,47.494253 37.02212,47.553689 37.001472,47.538956 36.980134,47.560832 36.966601,47.553769 36.944524,47.576359 36.893176,47.544959 36.830206,47.624428 36.769126,47.602604 36.770758,47.609139 36.773506,47.634782 36.749873,47.63327 36.725168,47.631231 36.72381,47.635698 36.718455,47.659291 36.75482,47.662341 36.75395,47.666769 36.769345,47.667874 36.768466,47.666576 36.768842,47.666275 36.772372,47.665554 36.774132,47.664357 36.775248,47.664042 36.776096,47.66447 36.7766,47.665158 36.776708,47.666684 36.775088,47.669037 36.775523,47.669577 36.776242,47.669515 36.777391,47.667892 36.778325,47.667367 36.779173,47.667246 36.779905,47.668152 36.779439,47.669282 36.779487,47.670238 36.780442,47.670473 36.781397,47.670073 36.782352,47.669962 36.783061,47.670924 36.782257,47.671926 36.783142,47.672629 36.784285,47.67258 36.785361,47.673315 36.784955,47.674232 36.782557,47.675082 36.78076,47.67547 36.7806,47.676304 36.783869,47.679594 36.785282,47.67978 36.787726,47.679677 36.789054,47.679949 36.789781,47.680453 36.791364,47.679929 36.792628,47.681025 36.792003,47.682294 36.790267,47.684504 36.78834,47.68456 36.714135,47.678949 36.700393,47.732912 36.686255,47.731238 36.685319,47.734412 36.683688,47.738165 36.680917,47.749345 36.680516,47.749659 36.679039,47.75508 36.67822,47.75817 36.680186,47.760019 36.676584,47.773907 36.673692,47.783939 36.671327,47.793451 36.645656,47.790226 36.622153,47.787538 36.622218,47.786809 36.619677,47.786356 36.616234,47.785787 36.611538,47.786042 36.607859,47.785449 36.5939327,47.7835564 36.586996,47.7854894 36.588338,47.806329 36.5884562,47.8159429 36.5987083,47.817052 36.602672,47.828537 36.6077443,47.8409474 36.6043209,47.8506632 36.585318,47.847416 36.5346856,47.8386539 36.521341,47.83639 36.5214157,47.8350716 36.5199591,47.8349891 36.522503,47.828868 36.4890137,47.825481 36.4810279,47.8249046 36.4694407,47.8242707 36.4579658,47.8244213 36.4554341,47.8238998 36.4505196,47.824376 36.4414214,47.825871 36.4385142,47.8269101 36.4352584,47.826911 36.4321715,47.8264505 36.4255184,47.8288891 36.4210943,47.8290549 36.4122998,47.8283897 36.4086051,47.8291074 36.4052255,47.8303007 36.4005279,47.8306201 36.3982963,47.8315997 36.3926745,47.8311761 36.3907265,47.831626 36.3891982,47.8318301 36.3879487,47.830768 36.3848591,47.8307681 36.383488,47.8317577 36.3804957,47.8305996 36.378353,47.8308525 36.3757784,47.8298554 36.374408,47.838098 36.324846,47.839408 36.323734,47.839047 36.32288,47.836497 36.32312,47.835734 36.324081,47.83501 36.327205,47.833807 36.3279369,47.832415 36.3304259,47.8308017 36.3290097,47.829073 36.3294818,47.8273155 36.331928,47.8267105 36.332259,47.825206 36.3296106,47.8230512 36.332313,47.820887 36.331633,47.820361 36.329948,47.820151 36.3314459,47.8149421 36.3351366,47.8152015 36.3363382,47.8100139 36.3420888,47.8106767 36.34608,47.8047393 36.357596,47.796378 36.3540219,47.7947274 36.344913,47.793537 36.33532,47.792311 36.3322807,47.7937145 36.3209511,47.7927343 36.3211228,47.7884671 36.3164021,47.7880057 36.3057535,47.7874112 36.281599,47.782158 36.254276,47.780005 36.250357,47.783052 36.224984,47.779256 36.222774,47.775489 36.225223,47.770954 36.2412126,47.7631094 36.244077,47.748058 36.2442167,47.7453362 36.2486799,47.7352929 36.2432726,47.7303859 36.2487657,47.7129481 36.238237,47.711819 36.239191,47.70852 36.250267,47.709177 36.253404,47.706802 36.262545,47.698569 36.272352,47.696677 36.2845684,47.6957255 36.2933887,47.6920606 36.2820615,47.6802342 36.2761554,47.679906 36.2654991,47.6810275 36.2640694,47.6809062 36.2642731,47.6801186 36.261558,47.67949 36.257371,47.676275 36.257509,47.675563 36.256617,47.673348 36.260452,47.670379 36.261012,47.669131 36.259468,47.66852 36.260521,47.666073 36.262164,47.666526 36.262862,47.665389 36.2627778,47.6636461 36.263481,47.6623262 36.2604769,47.6607075 36.2584018,47.6603086 36.2533101,47.6587709 36.2532028,47.6584096 36.2499841,47.6582651 36.2502631,47.6556346 36.250291,47.654623 36.247924,47.653273 36.248368,47.650185 36.244834,47.651307 36.2336298,47.647316 36.238617,47.638568 36.243376,47.637605 36.2483069,47.6255698 36.251996,47.6245636 36.2527677,47.6234529 36.2567585,47.6232736 36.2551574,47.6101893 36.242631,47.609971 36.2404986,47.5959785 36.225405,47.597494 36.223115,47.587389 36.224888,47.578108 36.21539,47.577346 36.213016,47.57751 36.188334,47.575362 36.171701,47.580482 36.154298,47.578593 36.125617,47.580928 36.111664,47.58299 36.099577,47.586287 36.098461,47.583798 36.093235,47.579559 36.085635,47.57034 36.086104,47.563147 36.081771,47.562903 36.083341,47.550062 36.07581,47.532818 36.068702,47.532007 36.067762,47.529243 36.043448,47.53166 36.036496,47.531196 36.020907,47.529883 36.008346,47.52826 36.002234,47.528502 35.9993958,47.5286464 35.99931,47.5253429 35.9963488,47.525198 35.9961772,47.5226477 35.9949326,47.5213146 35.997808,47.5198945 35.995904,47.516042 35.993306,47.514326 35.972177,47.517839 35.965982,47.520397 35.953606,47.522308 35.9488587,47.5256227 35.9468631,47.5257821 35.9457259,47.5267384 35.9460048,47.5274338 35.9455542,47.527912 35.9436018,47.5315124 35.9391406,47.5366342 35.924551,47.537308 35.922159,47.533832 35.92044,47.532951 35.918543,47.527422 35.908195,47.529788 35.906848,47.529325 35.902127,47.530232 35.900649,47.526628 35.911186,47.524123 35.911358,47.518906 35.911833,47.510765 35.910418,47.50981 35.911278,47.506478 35.914181,47.50551 35.915804,47.500881 35.91598,47.495664 35.916054,47.491381 35.915982,47.478955 35.916384,47.468488 35.916533,47.464566 35.920904,47.463953 35.919778,47.454314</coordinates>
            </LinearRing>
          </outerBoundaryIs>
        </Polygon>
      </Placemark>
      <Placemark>
        <name>Mykolaiv AFU</name>
        <ExtendedData>
          <Data name="descripción">
            <value />
          </Data>
          <Data name="description">
            <value />
          </Data>
        </ExtendedData>
        <Polygon>
          <outerBoundaryIs>
            <LinearRing>
              <tessellate>1</tessellate>
              <coordinates>31.552836,46.563391 31.558158,46.559968 31.564852,46.560086 31.570345,46.563391 31.572234,46.571652 31.568286,46.581918 31.562106,46.587817 31.554724,46.586991 31.549918,46.580856 31.546828,46.572006 31.552836,46.563391</coordinates>
            </LinearRing>
          </outerBoundaryIs>
        </Polygon>
      </Placemark>
      <Placemark>
        <name>Kharkiv RUAF</name>
        <ExtendedData>
          <Data name="descripción">
            <value />
          </Data>
          <Data name="description">
            <value />
          </Data>
        </ExtendedData>
        <Polygon>
          <outerBoundaryIs>
            <LinearRing>
              <tessellate>1</tessellate>
              <coordinates>37.6103417,49.7139434 37.6109,49.7128657 37.6092287,49.712217 37.6096203,49.7106309 37.6104876,49.7104883 37.610862,49.709215 37.6103552,49.7081712 37.611936,49.70729 37.614532,49.706632 37.6158585,49.7058963 37.61749,49.706115 37.6202437,49.7049597 37.6220407,49.7051403 37.6211647,49.7098949 37.6213793,49.7121982 37.6248292,49.713156 37.627745,49.711811 37.636567,49.712167 37.642104,49.714676 37.6448935,49.712012 37.654802,49.711814 37.655284,49.715644 37.650497,49.716923 37.649166,49.718394 37.65418,49.729367 37.660013,49.739739 37.664634,49.739079 37.666346,49.743112 37.670719,49.74243 37.6796567,49.7429816 37.6824796,49.7420449 37.688343,49.735491 37.6969336,49.733889 37.708022,49.7355118 37.7096839,49.7328515 37.7247673,49.7339388 37.7265242,49.7289022 37.733192,49.728892 37.746496,49.729 37.745984,49.725694 37.747897,49.722236 37.743519,49.716342 37.748862,49.711001 37.753062,49.710186 37.75253,49.705548 37.7907799,49.7001397 37.8012886,49.6956869 37.8026619,49.689857 37.8133049,49.689968 37.8309003,49.6870807 37.8403416,49.6825271 37.8382817,49.6765289 37.8402557,49.6753626 37.8409424,49.6671971 37.8489247,49.6611971 37.8500405,49.6510288 37.8449764,49.6498063 37.8445741,49.6470315 37.8516539,49.6426812 37.8487474,49.6350324 37.8629094,49.6215781 37.862882,49.614568 37.860877,49.612117 37.854385,49.612004 37.851325,49.611647 37.847866,49.612157 37.845534,49.614642 37.838886,49.615681 37.837704,49.61415 37.821409,49.617463 37.819017,49.617106 37.806582,49.612772 37.80195,49.621685 37.800108,49.621756 37.805134,49.61222 37.790682,49.608748 37.788591,49.607612 37.789074,49.604312 37.787476,49.599756 37.77471,49.598724 37.767094,49.599137 37.76496,49.598273 37.763942,49.586504 37.766119,49.586577 37.76924,49.584813 37.769798,49.574744 37.760855,49.572784 37.7628493,49.5594018 37.7601713,49.5565848 37.7596283,49.5545699 37.7476721,49.5541844 37.744578,49.556436 37.732581,49.557172 37.726077,49.559132 37.722956,49.563392 37.72006,49.571577 37.719117,49.572867 37.713795,49.571658 37.708443,49.571876 37.7066848,49.5738277 37.7000825,49.5733614 37.6935663,49.5717814 37.687415,49.567688 37.686772,49.56354 37.690033,49.559198 37.698874,49.554048 37.700816,49.551728 37.699766,49.542252 37.698131,49.542082 37.696979,49.541474 37.695532,49.53995 37.695901,49.537589 37.699004,49.531562 37.698194,49.530095 37.693637,49.529415 37.693185,49.527399 37.689943,49.527594 37.689632,49.526758 37.693023,49.526488 37.69284,49.525396 37.698904,49.51768 37.6990704,49.5147055 37.6955942,49.5080737 37.6943497,49.5024165 37.6898874,49.4931891 37.7015604,49.4913493 37.7110447,49.4880877 37.7195972,49.4913136 37.741962,49.485175 37.763338,49.484492 37.767992,49.48329 37.7633118,49.4752717 37.776054,49.4705996 37.7726138,49.4649366 37.7604262,49.4644767 37.7580039,49.4593058 37.7498695,49.4524555 37.7434985,49.4512715 37.7337138,49.4473376 37.7265743,49.4471914 37.7186837,49.4439257 37.721949,49.441889 37.702897,49.43807 37.670455,49.438776 37.659183,49.4399495 37.657857,49.439411 37.65786,49.438558 37.658762,49.437714 37.6633458,49.4368519 37.681649,49.435607 37.679238,49.42225 37.673477,49.420027 37.672828,49.417632 37.673704,49.413866 37.678175,49.411592 37.6775996,49.4056341 37.6886289,49.4031208 37.6839176,49.3898125 37.6898828,49.3898266 37.6946465,49.3906505 37.7100102,49.3996163 37.729411,49.4020539 37.742332,49.402331 37.745038,49.401051 37.7544324,49.4020992 37.7661054,49.3978541 37.7709978,49.4020434 37.7846448,49.3975748 37.7961461,49.3912065 37.815973,49.3866252 37.819784,49.389803 37.834805,49.388797 37.836069,49.381517 37.838129,49.380567 37.841734,49.380511 37.842249,49.373302 37.847763,49.373209 37.849595,49.371149 37.851874,49.370256 37.85848,49.370839 37.859924,49.373617 37.860066,49.376784 37.876468,49.376577 37.886081,49.378924 37.891558,49.378869 37.895764,49.399373 37.895808,49.403602 37.881001,49.414787 37.87905,49.41348 37.878108,49.413572 37.881178,49.416536 37.875789,49.417657 37.876118,49.418966 37.877205,49.419117 37.87958,49.435739 37.874772,49.43643 37.876112,49.44671 37.856711,49.445604 37.844576,49.445064 37.850399,49.488809 37.843622,49.491222 37.840751,49.491822 37.838153,49.492002 37.83753,49.492238 37.837508,49.492642 37.839359,49.494278 37.840223,49.494631 37.841267,49.496383 37.844003,49.500036 37.844338,49.502607 37.841846,49.508394 37.845404,49.515126 37.84644,49.519112 37.846833,49.520633 37.866064,49.520066 37.885033,49.519308 37.896111,49.525436 37.912619,49.531183 37.918528,49.533724 37.921072,49.537159 37.924517,49.540881 37.925762,49.542124 37.92791,49.543049 37.927573,49.547907 37.88484,49.549162 37.885183,49.550443 37.90028,49.572004 37.90852,49.570779 37.92145,49.568426 37.923449,49.570511 37.949092,49.569162 37.95148,49.56911 37.952116,49.570002 37.951637,49.57262 37.950062,49.574221 37.944452,49.577213 37.940394,49.580089 37.936665,49.58317 37.934028,49.586455 37.932763,49.589462 37.932844,49.594069 37.941978,49.593852 37.944376,49.611278 37.962468,49.612097 37.974896,49.611523 37.97452,49.614768 37.975619,49.615946 37.976084,49.618398 37.975715,49.619819 37.977634,49.623142 37.980223,49.624844 37.986882,49.626306 37.993216,49.626926 37.995344,49.627435 37.996747,49.628335 37.997593,49.629596 37.996807,49.631358 37.991023,49.634886 37.988803,49.638805 37.989045,49.639708 37.986239,49.643723 37.995817,49.647832 38.045087,49.657521 38.036252,49.662254 38.034901,49.659798 38.031833,49.659231 38.026556,49.66343 38.029631,49.665015 38.031676,49.666933 38.030273,49.668214 38.026436,49.66911 38.023114,49.671395 38.020135,49.674124 38.019237,49.67522 38.018511,49.677205 38.015342,49.677397 38.01175,49.677561 38.011433,49.678221 38.014576,49.679207 38.0142,49.682915 38.012136,49.683295 38.011445,49.684564 38.012123,49.685436 38.014338,49.685846 38.013388,49.687187 38.013211,49.695422 38.00633,49.695128 37.998578,49.700315 38.017516,49.706134 38.017403,49.713174 38.009793,49.714267 37.995431,49.712901 37.990051,49.715385 37.974485,49.708919 37.95994,49.718693 37.951826,49.731508 37.968008,49.758964 37.976702,49.767168 37.97984,49.764699 37.981948,49.756908 37.983749,49.756605 37.987437,49.755304 37.988805,49.754697 37.989654,49.752486 37.999075,49.753497 38.009679,49.756738 38.011866,49.765429 38.022852,49.771553 38.02045,49.7736 38.035112,49.777983 38.036093,49.780396 38.048919,49.783584 38.053006,49.783474 38.055692,49.791896 38.039846,49.795225 38.034582,49.799825 38.029202,49.803344 38.010086,49.812733 38.019818,49.834683 38.018167,49.837386 38.038147,49.83905 38.048687,49.839052 38.053648,49.837557 38.06926,49.836145 38.077834,49.837167 38.094076,49.845682 38.066563,49.86555 38.036444,49.89747 38.036024,49.900077 38.032171,49.900638 38.03086,49.901952 38.026901,49.904475 38.025893,49.906121 38.02437,49.907849 38.022021,49.909791 38.020889,49.910472 38.02053,49.910987 38.021345,49.913849 38.022032,49.915142 38.022075,49.915688 38.02126,49.916318 38.020702,49.921052 38.017884,49.924154 38.019143,49.925474 38.043556,49.932872 38.024372,49.951179 38.020058,49.954368 38.016558,49.956536 38.008293,49.962957 38.008438,49.964518 38.005421,49.966941 38.004978,49.967073 38.004496,49.966874 37.999507,49.963445 37.998886,49.963406 37.97995,49.976679 37.979136,49.976958 37.977722,49.97721 37.975193,49.977492 37.972582,49.977919 37.965214,49.980787 37.961624,49.982883 37.954293,49.994167 37.951226,49.997548 37.950154,49.999158 37.950433,49.999291 37.950058,49.999721 37.949699,49.999633 37.947803,50.002344 37.946079,50.00456 37.945395,50.006027 37.942396,50.009816 37.939816,50.015598 37.935782,50.019569 37.930379,50.026314 37.926944,50.033549 37.922449,50.036918 37.903168,50.046338 37.902997,50.047055 37.892354,50.050913 37.883513,50.052346 37.876904,50.052842 37.8724529,50.0535604 37.8668013,50.0423742 37.856241,50.0359255 37.8463342,50.0317762 37.8439672,50.0281033 37.8403261,50.0224024 37.8399828,50.0206378 37.825764,50.015519 37.8235763,50.0134723 37.8118654,50.0076282 37.800117,50.00169 37.785725,50.0054189 37.783737,50.001977 37.779422,49.999337 37.774062,49.99947 37.7698463,49.9921776 37.767774,49.982491 37.76076,49.981733 37.754352,49.982938 37.751839,49.982343 37.7497855,49.9798148 37.744036,49.97687 37.742896,49.972384 37.7370273,49.9672589 37.7341949,49.9665964 37.7266418,49.9604126 37.7331649,49.956216 37.752411,49.953673 37.752829,49.948174 37.75181,49.940076 37.740671,49.918903 37.74131,49.911218 37.741611,49.90699 37.738693,49.904364 37.732914,49.902819 37.734856,49.901504 37.732593,49.900511 37.711118,49.8932936 37.7087147,49.9002324 37.7040799,49.9054013 37.6991017,49.9051249 37.694098,49.898223 37.692117,49.898096 37.691225,49.896517 37.687243,49.89466 37.68448,49.893291 37.682655,49.893303 37.682718,49.89127 37.673437,49.892192 37.673512,49.900109 37.672234,49.901308 37.663302,49.898732 37.660125,49.897093 37.655858,49.892997 37.648722,49.894022 37.64519,49.889592 37.645963,49.887977 37.644112,49.884424 37.643981,49.881037 37.644623,49.878846 37.641597,49.868677 37.63825,49.862647 37.646404,49.861153 37.642627,49.853959 37.634817,49.852797 37.629675,49.840622 37.629807,49.837525 37.634193,49.834874 37.640038,49.833358 37.644681,49.829626 37.634314,49.82537 37.630958,49.82401 37.611319,49.82632 37.599754,49.825893 37.596225,49.828648 37.592997,49.8284 37.592782,49.827029 37.587148,49.824579 37.586566,49.823522 37.590025,49.818411 37.590369,49.807278 37.60363,49.807072 37.605276,49.803817 37.6089607,49.8000556 37.6082027,49.7975776 37.6049508,49.79775 37.6048342,49.7956282 37.610532,49.790778 37.6079726,49.7874268 37.601966,49.7872098 37.5942412,49.7841619 37.5965587,49.7807258 37.5855723,49.7771233 37.5795642,49.7781764 37.574071,49.776569 37.5702086,49.7741856 37.558996,49.770788 37.548794,49.768757 37.545501,49.770463 37.543324,49.769341 37.545321,49.766101 37.550173,49.763279 37.5560803,49.7628271 37.560221,49.764508 37.5686637,49.7660922 37.5769893,49.767201 37.579135,49.7668129 37.5825683,49.7671455 37.5848857,49.7679216 37.5868598,49.7668683 37.5868108,49.764677 37.595874,49.762378 37.611725,49.761733 37.622842,49.756192 37.622155,49.752443 37.621003,49.74883 37.620543,49.745376 37.62386,49.743142 37.6197455,49.740588 37.6214332,49.7386394 37.6208464,49.7300336 37.614628,49.730418 37.611179,49.729818 37.610692,49.728701 37.608524,49.729358 37.605327,49.728683 37.602881,49.728073 37.603653,49.726824 37.603353,49.725437 37.6035864,49.724943 37.602339,49.7241686 37.6036079,49.722029 37.6049189,49.7213865 37.6103417,49.7139434</coordinates>
            </LinearRing>
          </outerBoundaryIs>
        </Polygon>
      </Placemark>
      <Placemark>
        <name>Kharkiv RUAF</name>
        <ExtendedData>
          <Data name="descripción">
            <value />
          </Data>
          <Data name="description">
            <value />
          </Data>
        </ExtendedData>
        <Polygon>
          <outerBoundaryIs>
            <LinearRing>
              <tessellate>1</tessellate>
              <coordinates>37.007613,50.286016 37.0180631,50.2874868 37.021353,50.285855 37.024001,50.286847 37.0228633,50.2891409 37.022385,50.292902 37.0256099,50.2931439 37.026006,50.296145 37.024966,50.296244 37.024044,50.298389 37.021944,50.299772 37.0217391,50.3061873 37.027959,50.303534 37.034874,50.303316 37.046725,50.308373 37.058884,50.310482 37.062656,50.311178 37.064673,50.311866 37.070359,50.315088 37.071753,50.315323 37.071968,50.318518 37.070787,50.32154 37.061324,50.321602 37.059864,50.324784 37.055282,50.325039 37.053791,50.325567 37.0470337,50.3263353 37.040764,50.329121 37.039689,50.331262 37.028514,50.336556 37.023564,50.338368 37.028504,50.348766 37.020836,50.348814 37.014571,50.348818 37.013142,50.348709 37.011175,50.348771 37.007406,50.348751 37.005848,50.34884 37.004332,50.348792 36.995187,50.349054 36.985673,50.348837 36.983597,50.349115 36.956485,50.349283 36.937577,50.350224 36.92036,50.347354 36.915207,50.346295 36.891954,50.339374 36.89106,50.338969 36.889865,50.338701 36.881426,50.336219 36.872457,50.335726 36.855441,50.328453 36.85191,50.32774 36.833404,50.313328 36.832488,50.312903 36.831615,50.312725 36.83076,50.311957 36.830119,50.312094 36.829568,50.312396 36.826505,50.312889 36.820915,50.313492 36.809436,50.311409 36.804609,50.30949 36.800368,50.306049 36.79447,50.305505 36.789817,50.304823 36.785747,50.304446 36.77569,50.302891 36.772808,50.303018 36.771495,50.302738 36.770389,50.302146 36.768338,50.301719 36.76693,50.296668 36.766895,50.295879 36.765708,50.294216 36.764586,50.291828 36.770094,50.29059 36.770795,50.290997 36.772486,50.290516 36.772561,50.28969 36.771854,50.288861 36.769646,50.289445 36.766803,50.289956 36.766262,50.289526 36.766012,50.289571 36.765806,50.290384 36.764223,50.290552 36.76352,50.290417 36.762762,50.289897 36.762128,50.289694 36.762309,50.289574 36.762286,50.289195 36.761939,50.289096 36.760858,50.289665 36.7602,50.289762 36.757261,50.28936 36.756318,50.288832 36.755762,50.28816 36.753876,50.287912 36.754481,50.289214 36.754185,50.289501 36.753463,50.289473 36.752364,50.288923 36.749564,50.288042 36.748384,50.287486 36.748481,50.28714 36.750424,50.286438 36.750456,50.285104 36.750902,50.284177 36.750875,50.282619 36.7506,50.281464 36.750119,50.280822 36.748946,50.280316 36.748501,50.280248 36.745356,50.280756 36.745244,50.281608 36.742342,50.281569 36.741428,50.282057 36.741029,50.282956 36.739895,50.282771 36.728916,50.277082 36.720333,50.277198 36.719733,50.277012 36.717788,50.275612 36.731313,50.272556 36.738898,50.267392 36.740726,50.26358 36.753795,50.257188 36.75358,50.256035 36.759458,50.252975 36.75418,50.248571 36.758773,50.247062 36.76186,50.242008 36.766967,50.241871 36.769195,50.23955 36.773955,50.239205 36.778257,50.245392 36.784101,50.244204 36.789054,50.244188 36.794951,50.245325 36.800805,50.246819 36.802578,50.2435645 36.804265,50.242341 36.811946,50.242874 36.820018,50.242964 36.834854,50.244473 36.835942,50.245908 36.843595,50.247323 36.848618,50.25039 36.8542389,50.2442897 36.849554,50.241574 36.851447,50.239831 36.850508,50.236716 36.855669,50.231914 36.860668,50.230983 36.877358,50.231977 36.8815565,50.2298174 36.885802,50.229011 36.891237,50.228809 36.89493,50.229623 36.895792,50.231974 36.901769,50.233939 36.905,50.234146 36.905429,50.236146 36.909807,50.237486 36.928168,50.235544 36.940498,50.234267 36.942733,50.234071 36.943614,50.235786 36.9473992,50.2353716 36.949952,50.242295 36.951084,50.245666 36.955548,50.247745 36.954218,50.250016 36.955423,50.252739 36.963126,50.251551 36.964236,50.252398 36.966638,50.264224 36.9764285,50.2732269 36.9777589,50.2755582 36.98258,50.277334 36.991191,50.274338 36.995207,50.27118 37.002922,50.269855 37.007892,50.275538 37.010832,50.275926 37.012286,50.276494 37.016136,50.276173 37.018152,50.278505 37.012373,50.280803 37.007613,50.286016</coordinates>
            </LinearRing>
          </outerBoundaryIs>
        </Polygon>
      </Placemark>
      <Placemark>
        <name>Kharkiv RUAF</name>
        <ExtendedData>
          <Data name="descripción">
            <value />
          </Data>
          <Data name="description">
            <value />
          </Data>
        </ExtendedData>
        <Polygon>
          <outerBoundaryIs>
            <LinearRing>
              <tessellate>1</tessellate>
              <coordinates>36.510973,50.295487 36.5005,50.299438 36.497026,50.302601 36.494303,50.3039 36.492589,50.304651 36.489973,50.307704 36.489588,50.309373 36.489118,50.309973 36.48762,50.311666 36.472933,50.313092 36.462789,50.312351 36.445623,50.311556 36.442449,50.311227 36.440519,50.310815 36.440007,50.310868 36.433831,50.330512 36.433413,50.330614 36.426772,50.328744 36.425708,50.328268 36.425008,50.327696 36.424597,50.326881 36.422872,50.325882 36.421997,50.324486 36.416128,50.318679 36.415372,50.318358 36.414358,50.31727 36.414219,50.316382 36.405113,50.30957 36.401236,50.308035 36.399977,50.306992 36.374576,50.300438 36.374578,50.299944 36.376811,50.296764 36.378465,50.294446 36.378531,50.294076 36.378875,50.28635 36.384713,50.279445 36.388319,50.269741 36.389521,50.265571 36.391564,50.262264 36.396815,50.261209 36.398973,50.260419 36.403638,50.261264 36.405367,50.260734 36.407955,50.256446 36.409116,50.255877 36.410372,50.256854 36.411713,50.257283 36.414631,50.257215 36.416348,50.25009 36.419906,50.24982 36.422441,50.253469 36.426943,50.252372 36.425858,50.250854 36.440176,50.245482 36.443092,50.248199 36.448392,50.247008 36.451317,50.247597 36.455056,50.247065 36.455936,50.247352 36.460354,50.246406 36.476189,50.245322 36.480342,50.242413 36.472504,50.239762 36.471553,50.236238 36.469002,50.233903 36.484429,50.229093 36.488292,50.229258 36.492547,50.22724 36.502779,50.22728 36.504083,50.22783 36.507194,50.226168 36.511422,50.224521 36.536454,50.228334 36.538861,50.230609 36.543707,50.228569 36.550629,50.235628 36.564673,50.239337 36.567184,50.237094 36.573236,50.236009 36.582368,50.232043 36.585619,50.230204 36.587883,50.227354 36.589986,50.22647 36.596852,50.226141 36.60094,50.227843 36.599996,50.228337 36.597335,50.229154 36.596906,50.22913 36.595189,50.229845 36.594739,50.230149 36.594562,50.231659 36.594299,50.23229 36.58651,50.235035 36.576949,50.240208 36.576393,50.240729 36.575667,50.241001 36.573571,50.243027 36.571912,50.243732 36.57091,50.243905 36.570022,50.243841 36.560049,50.250739 36.568809,50.257897 36.56953,50.257767 36.570079,50.257459 36.574654,50.255938 36.57758,50.258548 36.574614,50.26075 36.580136,50.262726 36.578494,50.265902 36.57728,50.267945 36.576324,50.269247 36.575484,50.270837 36.575503,50.271795 36.574589,50.273728 36.573961,50.274324 36.573847,50.274701 36.574744,50.27574 36.575226,50.27579 36.577296,50.276431 36.580761,50.276029 36.580878,50.275558 36.593895,50.275783 36.593663,50.277997 36.591745,50.27861 36.590078,50.279356 36.588439,50.281641 36.588725,50.282784 36.587981,50.284406 36.586278,50.285732 36.582959,50.286354 36.573321,50.285805 36.566343,50.285284 36.560198,50.284104 36.558338,50.282429 36.557593,50.281831 36.556205,50.28137 36.553014,50.281937 36.549208,50.281974 36.547033,50.28234 36.538286,50.284099 36.534717,50.284328 36.531748,50.284885 36.530733,50.285099 36.530033,50.285089 36.527496,50.285685 36.526293,50.285856 36.524876,50.28611 36.523887,50.286473 36.523861,50.287184 36.523562,50.287854 36.522923,50.288288 36.522695,50.28887 36.522861,50.28938 36.525084,50.290736 36.525323,50.291173 36.5252,50.291937 36.52447,50.292094 36.524169,50.292525 36.52457,50.293257 36.524156,50.293579 36.523371,50.293596 36.521276,50.293229 36.519832,50.293477 36.518816,50.293836 36.517132,50.293671 36.516408,50.294082 36.515941,50.294391 36.514128,50.294881 36.513784,50.295092 36.512733,50.295371 36.511344,50.295354 36.510973,50.295487</coordinates>
            </LinearRing>
          </outerBoundaryIs>
        </Polygon>
      </Placemark>
      <Placemark>
        <name>Donetsk RUAF</name>
        <ExtendedData>
          <Data name="descripción">
            <value />
          </Data>
          <Data name="description">
            <value />
          </Data>
        </ExtendedData>
        <Polygon>
          <outerBoundaryIs>
            <LinearRing>
              <tessellate>1</tessellate>
              <coordinates>37.177628,48.345686 37.176722,48.346767 37.17491,48.346704 37.174719,48.345507 37.173413,48.345393 37.1674901,48.3381336 37.1644002,48.3377343 37.164694,48.336167 37.153299,48.334337 37.1557329,48.3211174 37.1463208,48.318658 37.138183,48.318125 37.131063,48.317365 37.1322055,48.3115578 37.120171,48.308134 37.1145639,48.3085174 37.113026,48.309846 37.112138,48.309544 37.10667,48.311738 37.106808,48.313329 37.1113223,48.3159813 37.1103701,48.3176785 37.1064486,48.3197029 37.1026823,48.3169596 37.1008719,48.3144677 37.090358,48.318649 37.0860367,48.320417 37.0827751,48.320845 37.0793419,48.3157937 37.0796852,48.3135676 37.0762775,48.3063105 37.0734617,48.2975319 37.0632552,48.2968716 37.056502,48.296888 37.0478825,48.2971238 37.0395998,48.2951252 37.0433268,48.2795467 37.0460064,48.2685891 37.030133,48.267093 37.0322545,48.2581432 37.031916,48.256007 37.030782,48.255207 37.0180653,48.2541222 37.0137392,48.2537565 37.0119367,48.2619567 37.0088897,48.2625852 37.0047699,48.2622995 37.0020662,48.2638708 36.9877325,48.2631852 36.980474,48.263429 36.96545,48.267123 36.960003,48.260618 36.961297,48.25654 36.9490273,48.2551787 36.938846,48.24726 36.9311545,48.2456847 36.926346,48.245639 36.9256643,48.2483944 36.9248957,48.2483185 36.9255862,48.2455276 36.9272736,48.2366477 36.9332051,48.2053833 36.931591,48.2022555 36.9332,48.195236 36.939187,48.1927727 36.9409515,48.1889677 36.9421794,48.1841939 36.9173416,48.1822044 36.9162746,48.1857786 36.9131725,48.1850991 36.910783,48.193261 36.909574,48.192103 36.908696,48.191824 36.907485,48.19187 36.905156,48.19306 36.903899,48.192808 36.9035,48.191726 36.905994,48.19043 36.90638,48.189356 36.905765,48.188423 36.90472,48.187947 36.903011,48.181546 36.8874725,48.1755599 36.8879017,48.1723259 36.8957551,48.1703439 36.897341,48.1621633 36.8927327,48.1616353 36.8920297,48.1609641 36.878906,48.159635 36.8785219,48.1596209 36.8824465,48.1417614 36.885262,48.127062 36.88847,48.113198 36.88847,48.112195 36.890867,48.101113 36.892203,48.095337 36.8941462,48.0809153 36.8948602,48.0774695 36.8890409,48.0705723 36.8823138,48.0629193 36.8817558,48.0627472 36.881951,48.061766 36.878424,48.061673 36.876738,48.051106 36.866503,48.051748 36.8581517,48.052329 36.8573039,48.0429012 36.856169,48.033577 36.861142,48.02551 36.874232,48.022651 36.879401,48.021542 36.887607,48.019707 36.900071,48.016901 36.920575,48.011068 36.930226,48.008264 36.932745,48.007993 36.93475,48.008297 36.939704,48.008043 36.946322,48.010767 36.950219,48.004856 36.967084,48.00432 36.970677,48.005154 36.973821,48.004594 36.978694,48.005788 36.984745,48.001998 36.991139,48.000734 37.002798,48.001303 37.021598,48.003488 37.029161,48.005108 37.031,48.01086 37.038216,48.011453 37.047534,48.011349 37.050629,48.010843 37.055894,48.009434 37.060329,48.008263 37.06131,48.007908 37.061847,48.006702 37.065674,48.005694 37.069037,48.006889 37.072964,48.006387 37.074573,48.005023 37.074497,48.003309 37.077087,48.002362 37.080608,48.002132 37.088032,48.003482 37.094385,48.00452 37.095588,48.00418 37.099474,48.005002 37.101202,48.006706 37.105843,48.006839 37.108595,48.005193 37.110749,48.005381 37.112738,48.00415 37.127824,48.004141 37.135017,48.002669 37.141333,48.006511 37.14428,48.005088 37.160029,48.007693 37.182907,48.003798 37.184205,48.006 37.198942,48.012852 37.210147,48.010885 37.236328,48.009757 37.273661,47.99501 37.288932,47.993079 37.292591,47.989248 37.290692,47.982194 37.290341,47.981579 37.259496,47.955868 37.248311,47.9458 37.229709,47.929994 37.222047,47.923654 37.217037,47.919485 37.201561,47.913847 37.19138,47.909501 37.118514,47.879104 37.13757,47.86804 37.138228,47.866674 37.147696,47.862034 37.15542,47.857016 37.153028,47.839314 37.149962,47.809946 37.159688,47.809022 37.157062,47.7952 37.151276,47.795243 37.139868,47.797957 37.135748,47.794723 37.132678,47.774942 37.123302,47.776908 37.118418,47.748044 37.123398,47.744446 37.123447,47.73712 37.115162,47.724951 37.105836,47.683376 37.102684,47.642768 37.152568,47.640966 37.172516,47.641025 37.193052,47.638544 37.41128,47.600404 37.405846,47.629773 37.44294,47.623177 37.441248,47.636891 37.491686,47.627564 37.494166,47.633209 37.495274,47.644406 37.509992,47.646708 37.50926,47.654791 37.609592,47.66216 37.607988,47.674753 37.624428,47.678957 37.65564,47.692402 37.6918,47.712146 37.73894,47.685893 37.766642,47.709862 37.789438,47.715268 37.84568,47.711026 37.875424,47.719389 37.886122,47.727658 37.898708,47.739955 37.905462,47.742554 37.947708,47.751151 37.995792,47.703632 38.024012,47.705686 38.026484,47.709586 38.03445,47.710483 38.04169,47.723527 38.047214,47.728141 38.068018,47.72571 38.070128,47.726862 38.073612,47.727437 38.08422,47.725702 38.087274,47.726046 38.088738,47.728247 38.087946,47.730343 38.088602,47.73129 38.09269,47.732122 38.096386,47.733457 38.102398,47.734734 38.11323,47.739377 38.17952,47.738022 38.181102,47.766394 38.165972,47.778543 38.200284,47.793922 38.204386,47.789987 38.231832,47.78259 38.257394,47.813476 38.256326,47.814513 38.235002,47.813013 38.23549,47.808144 38.223376,47.807092 38.21435,47.811804 38.206404,47.811514 38.183632,47.83583 38.14615,47.849077 38.132472,47.857546 38.13729,47.864563 38.125964,47.869312 38.117896,47.870996 38.109142,47.87429 38.109142,47.876876 38.113348,47.882112 38.119882,47.883227 38.123326,47.885493 38.124722,47.889565 38.123738,47.894255 38.126666,47.907489 38.110954,47.907216 38.108604,47.909517 38.108972,47.913199 38.115524,47.918491 38.11649,47.924704 38.111554,47.935981 38.126556,47.939266 38.15289,47.941859 38.116922,47.968765 38.117124,47.970606 38.115608,47.971872 38.139362,47.992446 38.149644,47.988143 38.139242,48.009512 38.141488,48.011647 38.110342,48.013952 38.110344,48.029346 38.102364,48.029493 38.098458,48.031059 38.097354,48.03366 38.097792,48.041196 38.094798,48.044658 38.090774,48.047317 38.056824,48.044371 38.047274,48.046655 38.034978,48.045954 38.029414,48.061875 38.008838,48.062817 38.002854,48.064216 38.001586,48.07422 37.997272,48.078871 37.996962,48.08071 37.997852,48.082318 37.998236,48.084912 37.995916,48.089067 37.989902,48.09256 37.980626,48.09594 37.976668,48.098286 37.97406,48.102515 37.983722,48.110362 37.991644,48.120245 37.997164,48.123022 38.013068,48.125876 38.014324,48.139608 38.062116,48.168735 38.072114,48.161251 38.076962,48.159492 38.100642,48.172454 38.12304,48.179771 38.154714,48.184792 38.16442,48.190954 38.182368,48.195055 38.174318,48.21678 38.171476,48.225625 38.171722,48.238587 38.17701,48.240426 38.183602,48.257578 37.907812,48.272855 37.907396,48.272806 37.906944,48.272818 37.906488,48.272837 37.905798,48.273392 37.905112,48.273601 37.904934,48.273442 37.905094,48.273366 37.905232,48.273439 37.905668,48.273286 37.906276,48.272776 37.90553,48.272676 37.904922,48.272655 37.874566,48.271639 37.87254,48.284218 37.858878,48.283165 37.848098,48.282319 37.840442,48.281936 37.840764,48.279231 37.798607,48.276128 37.776932,48.273916 37.776095,48.276818 37.76751,48.275894 37.764765,48.276076 37.763596,48.279609 37.754222,48.278807 37.747116,48.278181 37.745625,48.277737 37.731667,48.273497 37.728749,48.275497 37.723629,48.297934 37.7223,48.304749 37.720668,48.311711 37.71624,48.311688 37.714131,48.312819 37.707381,48.319779 37.71191,48.320116 37.711829,48.326597 37.71156,48.328075 37.715261,48.329119 37.718351,48.329233 37.715908,48.342274 37.712332,48.342256 37.710192,48.351754 37.708392,48.361135 37.707175,48.366276 37.708088,48.376592 37.71247,48.382978 37.708688,48.393358 37.705088,48.403496 37.7049386,48.4049295 37.7039035,48.4077908 37.701677,48.4175774 37.698128,48.443493 37.700183,48.443561 37.7130405,48.4469932 37.7003113,48.4533021 37.699453,48.4565467 37.6958481,48.4622955 37.6932732,48.4613279 37.6834885,48.4604742 37.677714,48.463589 37.6719872,48.4629216 37.6704422,48.4663363 37.6689831,48.4653119 37.67085,48.458571 37.6719852,48.4536845 37.6721329,48.4520327 37.6697644,48.4518913 37.669672,48.449196 37.6681635,48.4490626 37.6680646,48.4483402 37.673116,48.448124 37.673742,48.445631 37.673253,48.44348 37.6671409,48.438201 37.66634,48.435515 37.664284,48.43335 37.6633319,48.4304094 37.656901,48.429291 37.645963,48.429117 37.6394687,48.4285713 37.6381894,48.4312593 37.6377271,48.4327416 37.6309464,48.4325708 37.627374,48.446665 37.64125,48.450807 37.6520744,48.4534159 37.6620308,48.459222 37.6579968,48.4644013 37.6498428,48.461271 37.6368824,48.4598481 37.6382771,48.4541417 37.627495,48.453145 37.610437,48.444364 37.59893,48.445077 37.5894902,48.4445286 37.586584,48.453117 37.583944,48.4641049 37.5634304,48.4625113 37.5572292,48.4637276 37.5547499,48.4697519 37.5485272,48.4693251 37.5373692,48.4674755 37.5303995,48.4702549 37.5227605,48.4711654 37.5188981,48.4750348 37.496668,48.4773108 37.4970972,48.4795298 37.4877416,48.4806108 37.4854242,48.4827728 37.4791877,48.4835558 37.4585454,48.4858315 37.451747,48.487796 37.4418584,48.487755 37.440624,48.488866 37.439292,48.491952 37.428386,48.494143 37.426932,48.495588 37.424535,48.495839 37.4207437,48.4964029 37.406203,48.499812 37.4079584,48.5031344 37.386788,48.504969 37.386659,48.504364 37.38507,48.503155 37.384166,48.501646 37.379751,48.5011944 37.3753828,48.5000556 37.371598,48.494859 37.36743,48.491162 37.365268,48.486822 37.363543,48.486364 37.362689,48.484688 37.363926,48.483563 37.363305,48.482064 37.357009,48.482731 37.350932,48.482042 37.347507,48.482153 37.343396,48.483231 37.3397227,48.4838252 37.3302814,48.4828865 37.3261615,48.4863568 37.3167156,48.4895044 37.3022102,48.4880822 37.3016094,48.4829622 37.3022102,48.4808002 37.2985195,48.4777278 37.298777,48.476533 37.2926017,48.4758883 37.2938033,48.4713361 37.28774,48.463228 37.274476,48.46086 37.273746,48.4592 37.277994,48.456288 37.2787383,48.4529538 37.262504,48.451515 37.253967,48.450688 37.253098,48.45311 37.251811,48.457437 37.248506,48.457042 37.24314,48.459153 37.2324078,48.4589045 37.233346,48.454736 37.2270688,48.4549952 37.2230338,48.4516551 37.2241848,48.4393542 37.213246,48.43531 37.206752,48.435995 37.205238,48.434516 37.209066,48.418003 37.2203683,48.4157993 37.2335719,48.410666 37.2399233,48.4092416 37.2407488,48.4062278 37.2441392,48.4065127 37.245688,48.399357 37.216789,48.396817 37.2197385,48.4013306 37.2162194,48.4019574 37.2146745,48.3995641 37.2038169,48.3987948 37.204868,48.39353 37.205538,48.392214 37.210844,48.392551 37.20894,48.389012 37.2115809,48.3876255 37.2301718,48.3888581 37.2510142,48.3918383 37.2575659,48.3894588 37.258393,48.3841295 37.2643394,48.383219 37.2646445,48.3687986 37.2483475,48.3680652 37.2365547,48.3635813 37.2196278,48.3639082 37.210276,48.363815 37.200318,48.364641 37.1955654,48.3653454 37.1946641,48.3633781 37.1982695,48.362665 37.1990421,48.3592859 37.2074963,48.3582808 37.2065733,48.354071 37.2038802,48.3537342 37.2041055,48.3515723 37.195737,48.3509163 37.196515,48.347684 37.177628,48.345686</coordinates>
            </LinearRing>
          </outerBoundaryIs>
        </Polygon>
      </Placemark>
      <Placemark>
        <name>Sumy AFU</name>
        <ExtendedData>
          <Data name="descripción">
            <value />
          </Data>
          <Data name="description">
            <value />
          </Data>
        </ExtendedData>
        <Polygon>
          <outerBoundaryIs>
            <LinearRing>
              <tessellate>1</tessellate>
              <coordinates>35.658631,50.350974 35.628392,50.354625 35.626445,50.35193 35.601577,50.367468 35.611632,50.37465 35.602954,50.379983 35.601742,50.382196 35.596743,50.383939 35.595166,50.389941 35.594334,50.391328 35.593846,50.393043 35.587242,50.392596 35.58347,50.394612 35.583479,50.429929 35.587256,50.431349 35.587085,50.43687 35.586442,50.448568 35.578952,50.453843 35.578157,50.456166 35.574897,50.457726 35.572151,50.460336 35.571003,50.462615 35.565906,50.462272 35.561979,50.459182 35.562081,50.456462 35.567984,50.457212 35.568511,50.457832 35.569718,50.457774 35.569034,50.456583 35.567469,50.455729 35.567192,50.454382 35.565198,50.452795 35.563601,50.452439 35.56115,50.452944 35.560568,50.453552 35.56002,50.454662 35.557712,50.454966 35.556128,50.454887 35.555615,50.454984 35.555401,50.456126 35.554737,50.456519 35.554533,50.45733 35.553637,50.458023 35.553074,50.458312 35.552342,50.458599 35.551498,50.458663 35.550251,50.458574 35.549571,50.458434 35.547765,50.457968 35.546461,50.457552 35.545862,50.457425 35.545354,50.45698 35.544354,50.457631 35.543708,50.457709 35.541728,50.458766 35.538011,50.45968 35.537517,50.460315 35.537903,50.461099 35.537431,50.461427 35.537098,50.46157 35.53632,50.462167 35.534952,50.463557 35.532971,50.465291 35.53184,50.465954 35.530217,50.466678 35.527033,50.467384 35.524708,50.468227 35.522447,50.469422 35.520357,50.470152 35.514598,50.472863 35.512057,50.474536 35.509506,50.475501 35.50734,50.476835 35.505968,50.477985 35.504488,50.479762 35.502482,50.481087 35.496142,50.482904 35.491186,50.484957 35.482931,50.486631 35.479653,50.487103 35.476306,50.488381 35.475109,50.489946 35.474585,50.490829 35.472788,50.492594 35.471228,50.494756 35.467689,50.498801 35.467216,50.499667 35.466485,50.500424 35.465997,50.501002 35.465015,50.501717 35.46494,50.502109 35.463952,50.50318 35.462922,50.504743 35.4618,50.504615 35.461594,50.504755 35.461726,50.504853 35.461696,50.50495 35.461537,50.505019 35.460706,50.504891 35.459828,50.504376 35.45924,50.504447 35.45879,50.50464 35.45852,50.505112 35.458101,50.505504 35.457709,50.505994 35.457317,50.506375 35.457444,50.50714 35.459094,50.507986 35.459456,50.508527 35.459518,50.509664 35.459134,50.509944 35.458514,50.509992 35.457886,50.5103 35.457746,50.510585 35.45737,50.510978 35.457481,50.51193 35.457828,50.513263 35.445351,50.523265 35.444904,50.526049 35.444758,50.528574 35.444633,50.529197 35.444453,50.529344 35.439567,50.529186 35.437148,50.529717 35.435868,50.530506 35.434585,50.532462 35.435414,50.534794 35.434876,50.535721 35.435453,50.536867 35.437532,50.538409 35.437723,50.539268 35.438338,50.539944 35.439082,50.540415 35.439761,50.542147 35.439103,50.542959 35.437851,50.543753 35.43617,50.54493 35.431089,50.54704 35.430586,50.547031 35.429176,50.547313 35.426197,50.547564 35.425319,50.54833 35.423614,50.549149 35.419199,50.550131 35.417035,50.551018 35.414022,50.550493 35.411538,50.550585 35.411091,50.551524 35.411279,50.552102 35.410137,50.553416 35.408153,50.5531 35.405858,50.553693 35.40363,50.553245 35.403679,50.552294 35.403348,50.550609 35.398041,50.548726 35.397216,50.546589 35.397592,50.543907 35.395543,50.543516 35.393408,50.543724 35.390406,50.542049 35.391355,50.538317 35.385528,50.538871 35.377736,50.540526 35.349447,50.54367 35.338359,50.542102 35.335166,50.542714 35.333244,50.544822 35.32497,50.540058 35.321983,50.540783 35.317384,50.537652 35.320458,50.532311 35.320841,50.529693 35.32294,50.528603 35.32439,50.523368 35.322186,50.521709 35.318509,50.522031 35.316462,50.521208 35.313141,50.523926 35.310618,50.524071 35.307203,50.522886 35.293952,50.526592 35.291785,50.526423 35.288478,50.527068 35.284097,50.526394 35.281514,50.527229 35.280467,50.526497 35.280433,50.524814 35.278453,50.522267 35.278466,50.521002 35.277013,50.520424 35.276247,50.518646 35.273012,50.519391 35.266885,50.519024 35.262699,50.517854 35.261365,50.522937 35.269386,50.523817 35.26859,50.525894 35.265734,50.525898 35.264137,50.533631 35.260935,50.531006 35.258248,50.530781 35.258737,50.532384 35.256822,50.536168 35.256767,50.537679 35.253278,50.539953 35.250674,50.540176 35.246526,50.541381 35.249044,50.542591 35.252062,50.541996 35.255939,50.542709 35.259044,50.542223 35.263522,50.544028 35.26933,50.542574 35.269059,50.54141 35.270332,50.540683 35.272358,50.542485 35.270521,50.543961 35.271663,50.545299 35.270229,50.545764 35.269989,50.54686 35.271912,50.547854 35.271124,50.549513 35.269118,50.552941 35.270942,50.555433 35.270299,50.556273 35.272102,50.559153 35.274164,50.561096 35.27245,50.561893 35.27494,50.563001 35.277773,50.562691 35.27864,50.563264 35.27747,50.565012 35.274788,50.565891 35.2744,50.567212 35.268705,50.567095 35.265756,50.571666 35.267699,50.572095 35.266981,50.574213 35.268746,50.5756 35.271245,50.57641 35.273498,50.577923 35.273711,50.57964 35.271563,50.579859 35.270871,50.581277 35.269487,50.581279 35.268264,50.582045 35.26702,50.58227 35.267665,50.583149 35.259211,50.585336 35.249114,50.586451 35.245541,50.587457 35.243202,50.58707 35.243845,50.58608 35.243758,50.582136 35.241866,50.579807 35.238082,50.577547 35.231715,50.572701 35.218297,50.576526 35.206738,50.577526 35.20096,50.576799 35.191006,50.574836 35.184828,50.575164 35.182685,50.574401 35.178526,50.576715 35.177969,50.583457 35.187166,50.590277 35.186185,50.591618 35.177276,50.593375 35.174566,50.593729 35.173779,50.59498 35.170832,50.595957 35.168485,50.596498 35.169915,50.597911 35.170312,50.599639 35.166811,50.607016 35.170624,50.609024 35.173785,50.609773 35.174787,50.611052 35.179022,50.61285 35.175492,50.616471 35.169048,50.618636 35.170719,50.62108 35.169065,50.622737 35.171671,50.624382 35.174106,50.623196 35.177146,50.627878 35.178511,50.632178 35.179865,50.632936 35.179485,50.634888 35.18988,50.636289 35.190586,50.647582 35.191653,50.648179 35.195677,50.647306 35.200463,50.648062 35.197847,50.650554 35.197209,50.654323 35.199466,50.655408 35.192343,50.664155 35.193983,50.664673 35.195713,50.66609 35.187668,50.667961 35.186821,50.667046 35.182621,50.66697 35.180653,50.668852 35.182846,50.674823 35.180832,50.675191 35.176931,50.673873 35.169737,50.675184 35.166162,50.684985 35.157122,50.687291 35.153289,50.687554 35.151173,50.683574 35.149944,50.678864 35.148028,50.677962 35.143066,50.67816 35.138011,50.676572 35.13042,50.677138 35.127054,50.670621 35.123397,50.670844 35.114247,50.668891 35.093778,50.674848 35.091676,50.680152 35.07773,50.681255 35.076207,50.683601 35.07374,50.68475 35.06104,50.687202 35.058896,50.686973 35.058254,50.684357 35.061768,50.683486 35.062346,50.683717 35.064297,50.682099 35.062987,50.679692 35.061848,50.679135 35.058367,50.680222 35.057871,50.681336 35.050937,50.685007 35.051441,50.68661 35.048818,50.68703 35.042879,50.68885 35.04003,50.685287 35.042374,50.682974 35.041198,50.681966 35.03105,50.677393 35.025407,50.676246 35.020602,50.679907 35.020091,50.681302 35.02044,50.682515 35.021741,50.683254 35.023742,50.683645 35.024653,50.685242 35.024587,50.687322 35.02643,50.687457 35.025394,50.690717 35.025187,50.69308 35.02352,50.694628 35.024566,50.695712 35.030089,50.696248 35.030494,50.695744 35.034136,50.695117 35.037716,50.695599 35.040156,50.696562 35.041152,50.699134 35.038719,50.700484 35.035571,50.700289 35.032752,50.700273 35.032073,50.700754 35.033106,50.701484 35.037144,50.701453 35.043178,50.704859 35.048433,50.702337 35.055287,50.7062 35.05674,50.706418 35.05575,50.704598 35.055361,50.702778 35.062117,50.695662 35.068664,50.692048 35.068687,50.691371 35.072268,50.691078 35.072586,50.692444 35.070906,50.692837 35.070378,50.694766 35.068894,50.69615 35.070216,50.696687 35.070637,50.697986 35.072174,50.697872 35.073257,50.697576 35.073964,50.698127 35.073405,50.698631 35.075548,50.700618 35.06859,50.703286 35.069086,50.706745 35.074346,50.709305 35.077741,50.709206 35.078096,50.709607 35.075028,50.710953 35.075845,50.711416 35.083314,50.708535 35.088896,50.713916 35.092076,50.716252 35.060334,50.72919 35.055714,50.728881 35.050664,50.73232 35.046569,50.731897 35.046509,50.732994 35.042096,50.73356 35.040652,50.733386 35.038864,50.731964 35.03579,50.732442 35.02658,50.735932 35.024211,50.73612 35.016005,50.736824 35.012692,50.737962 35.009347,50.741259 34.997333,50.740726 34.984083,50.739401 34.981262,50.739651 34.977157,50.752949 34.976231,50.752927 34.97569,50.752037 34.975898,50.751071 34.974596,50.749519 34.973079,50.749014 34.974251,50.747298 34.975394,50.7443 34.973646,50.742323 34.967641,50.740958 34.967214,50.739624 34.966399,50.739175 34.966271,50.737258 34.964089,50.736512 34.961391,50.736906 34.951548,50.732994 34.948909,50.735061 34.945241,50.738922 34.944514,50.74216 34.935075,50.744402 34.934389,50.747349 34.922459,50.747798 34.913876,50.749118 34.912073,50.746257 34.91894,50.744988 34.921772,50.744948 34.928468,50.741421 34.926967,50.73879 34.927097,50.736159 34.925597,50.732282 34.922915,50.729418 34.923109,50.728646 34.927809,50.729856 34.930631,50.729945 34.931564,50.730849 34.933898,50.730144 34.933914,50.729277 34.933146,50.728951 34.934008,50.728245 34.935132,50.728137 34.935712,50.726622 34.934211,50.726255 34.933085,50.725232 34.932646,50.72421 34.930645,50.724066 34.929588,50.723541 34.932024,50.722111 34.93636,50.723129 34.937997,50.722474 34.938014,50.720953 34.937172,50.720463 34.937893,50.718724 34.94002,50.718125 34.94024,50.720351 34.94592,50.718395 34.945884,50.717391 34.943936,50.715747 34.940013,50.715842 34.938798,50.715546 34.937914,50.714899 34.937346,50.713495 34.938542,50.697611 34.930468,50.697107 34.927967,50.695664 34.926485,50.693921 34.923694,50.690216 34.922536,50.689144 34.920262,50.68829 34.912367,50.686419 34.91031,50.685014 34.910574,50.681281 34.909686,50.678328 34.907738,50.676446 34.905387,50.675294 34.901671,50.674375 34.892266,50.673843 34.889676,50.673377 34.886987,50.672227 34.885127,50.670252 34.881151,50.661516 34.881181,50.656502 34.880641,50.654961 34.874496,50.647906 34.872505,50.645224 34.86973,50.632784 34.865727,50.628261 34.862792,50.625669 34.8602,50.624058 34.856503,50.623316 34.850187,50.622983 34.84717,50.62248 34.842508,50.619784 34.838578,50.615809 34.835248,50.611779 34.832945,50.610092 34.829048,50.608323 34.826112,50.607765 34.822918,50.607779 34.814665,50.609118 34.812405,50.608962 34.808658,50.607833 34.805199,50.605247 34.796134,50.602308 34.790538,50.600025 34.797542,50.594261 34.789743,50.588495 34.78703,50.587999 34.786377,50.587067 34.784213,50.587437 34.783251,50.585464 34.780572,50.585671 34.773581,50.567399 34.774143,50.565342 34.766771,50.566461 34.766153,50.564036 34.764763,50.563519 34.758034,50.568808 34.744594,50.570992 34.737205,50.569986 34.728185,50.56947 34.730476,50.56321 34.734631,50.556578 34.734704,50.554546 34.729691,50.541977 34.733828,50.539854 34.724421,50.531516 34.721786,50.52807 34.720292,50.525159 34.712498,50.526758 34.710798,50.524428 34.711965,50.524272 34.710103,50.522176 34.712433,50.518672 34.709098,50.517514 34.697665,50.514851 34.683383,50.510178 34.670467,50.505455 34.666627,50.5051 34.659011,50.502724 34.648157,50.501084 34.642516,50.498354 34.642185,50.495568 34.639536,50.494421 34.636555,50.494462 34.635463,50.493246 34.62993,50.491525 34.630686,50.489764 34.633416,50.489095 34.634155,50.488084 34.637435,50.487265 34.636443,50.486446 34.633858,50.487046 34.631005,50.486446 34.627959,50.486336 34.623757,50.487809 34.61725,50.481359 34.606405,50.479543 34.593688,50.472461 34.592182,50.473231 34.590506,50.47269 34.589727,50.471497 34.589674,50.467206 34.586618,50.4657 34.58116,50.461571 34.581405,50.455226 34.578431,50.454897 34.578548,50.451726 34.576206,50.449757 34.564485,50.451721 34.563041,50.449041 34.560396,50.449804 34.552014,50.451002 34.549324,50.449251 34.54406,50.447718 34.515879,50.450174 34.512932,50.449676 34.506706,50.430953 34.503353,50.431551 34.496828,50.419078 34.488939,50.407909 34.481457,50.400781 34.493588,50.395238 34.486321,50.388382 34.472829,50.394473 34.461899,50.387172 34.453906,50.38548 34.427547,50.381597 34.425308,50.38438 34.400796,50.374491 34.402927,50.37327 34.399479,50.371829 34.395088,50.368089 34.390996,50.367034 34.376892,50.358791 34.383443,50.356924 34.38307,50.351437 34.391252,50.34468 34.410016,50.337465 34.410897,50.335907 34.410254,50.33383 34.399533,50.318609 34.436829,50.297498 34.452839,50.288882 34.461165,50.287092 34.464428,50.288757 34.507687,50.284746 34.519249,50.280806 34.517678,50.2798 34.511878,50.274881 34.515554,50.27382 34.514065,50.270107 34.520185,50.262847 34.522477,50.261362 34.519275,50.259219 34.51927,50.256321 34.518367,50.255641 34.513515,50.254795 34.512562,50.252923 34.51427,50.248472 34.519384,50.244935 34.526214,50.24288 34.525819,50.240582 34.527466,50.240092 34.530436,50.240917 34.535208,50.243883 34.533225,50.246114 34.529339,50.246809 34.528886,50.247998 34.52841,50.248893 34.530754,50.2494 34.532696,50.250304 34.533919,50.24827 34.538189,50.247608 34.53938,50.24799 34.543574,50.247056 34.544602,50.244572 34.547894,50.245827 34.551101,50.246313 34.553181,50.244789 34.551932,50.243058 34.553773,50.240943 34.554756,50.238883 34.553788,50.235107 34.55442,50.233055 34.557369,50.229795 34.560068,50.228942 34.563025,50.230038 34.562315,50.232673 34.558858,50.2341 34.56277,50.236447 34.57102,50.226537 34.557547,50.206422 34.553347,50.206354 34.522889,50.176913 34.525391,50.172088 34.534342,50.171343 34.526619,50.154504 34.53765,50.154516 34.5392,50.142031 34.546754,50.140645 34.546282,50.13285 34.549842,50.132862 34.554927,50.130722 34.563014,50.126821 34.568203,50.125276 34.56974,50.124498 34.569552,50.123547 34.571409,50.122084 34.572633,50.121581 34.575509,50.12228 34.577228,50.124668 34.58015,50.125867 34.579385,50.129146 34.580346,50.129322 34.581622,50.128462 34.585302,50.128098 34.587007,50.128339 34.594602,50.127321 34.594022,50.125904 34.597047,50.125202 34.596724,50.124391 34.59785,50.123985 34.598153,50.123044 34.597489,50.122601 34.598144,50.121665 34.598971,50.122599 34.600778,50.122809 34.602577,50.121928 34.606092,50.121047 34.607588,50.121724 34.609942,50.120805 34.609586,50.120232 34.611297,50.119533 34.612235,50.119659 34.613602,50.118878 34.617715,50.117766 34.622644,50.118171 34.626544,50.116245 34.630015,50.113052 34.634381,50.112061 34.637448,50.113216 34.639549,50.11503 34.641605,50.114861 34.644071,50.112616 34.648682,50.110536 34.65387,50.115457 34.656895,50.114548 34.65579,50.112085 34.656832,50.11142 34.66474,50.111084 34.665794,50.111459 34.663286,50.112192 34.661636,50.113475 34.662344,50.115539 34.663223,50.116336 34.666739,50.117436 34.66785,50.119523 34.666895,50.120452 34.670567,50.127758 34.67424,50.129616 34.675682,50.130868 34.674484,50.131199 34.673716,50.132026 34.672205,50.132576 34.676359,50.133402 34.678487,50.131862 34.681077,50.130762 34.676506,50.126796 34.675986,50.126038 34.677869,50.125335 34.676491,50.118662 34.677344,50.117106 34.679833,50.115584 34.679147,50.114576 34.677861,50.113937 34.677091,50.112713 34.676924,50.11142 34.678755,50.111066 34.680929,50.111702 34.683474,50.110389 34.68616,50.110678 34.687414,50.110432 34.688462,50.10994 34.691502,50.109754 34.693548,50.110593 34.696439,50.111115 34.698444,50.111278 34.69902,50.11221 34.699057,50.113302 34.698959,50.114221 34.697219,50.115178 34.697925,50.118666 34.697763,50.119448 34.698374,50.120229 34.700129,50.120437 34.700168,50.120975 34.699113,50.122022 34.698572,50.12307 34.696719,50.124559 34.696343,50.131396 34.701969,50.132853 34.700944,50.139206 34.69958,50.147537 34.700543,50.149786 34.703585,50.150545 34.70469,50.151292 34.706041,50.151303 34.707113,50.152314 34.711661,50.151255 34.720071,50.150954 34.721636,50.155326 34.725005,50.157993 34.734467,50.160659 34.749626,50.15784 34.74639,50.150904 34.739979,50.144683 34.763624,50.143695 34.765596,50.148042 34.782331,50.153654 34.800608,50.154867 34.798456,50.159658 34.806386,50.160624 34.821508,50.160501 34.82761,50.158954 34.829764,50.157188 34.831298,50.156472 34.84258,50.159125 34.855064,50.162409 34.901959,50.159305 34.940605,50.152446 34.964022,50.1556 34.9675,50.157399 34.973427,50.158578 34.973093,50.162475 34.961981,50.185093 34.97795,50.182287 34.99362,50.183685 35.001369,50.182432 35.001458,50.181025 35.003778,50.180662 35.003012,50.178342 35.006371,50.177881 35.009107,50.184634 35.021028,50.181987 35.031244,50.1805 35.032534,50.180232 35.031123,50.178723 35.032421,50.173177 35.029867,50.166262 35.039308,50.16483 35.042484,50.165763 35.046346,50.171531 35.058941,50.185676 35.062878,50.18379 35.063392,50.184426 35.06279,50.185502 35.064248,50.187348 35.065706,50.186831 35.068876,50.190092 35.069521,50.192712 35.071584,50.194932 35.069616,50.19646 35.07684,50.200615 35.069864,50.20595 35.089465,50.212574 35.10512,50.214525 35.128244,50.227174 35.148376,50.242895 35.161151,50.238008 35.192417,50.228972 35.195562,50.233498 35.199781,50.23536 35.234997,50.228156 35.237713,50.236594 35.260487,50.234555 35.261319,50.237899 35.259074,50.239873 35.259539,50.244126 35.262665,50.248544 35.261546,50.251857 35.260683,50.258464 35.262049,50.261415 35.265981,50.263585 35.265951,50.265622 35.299625,50.262615 35.315882,50.270798 35.329505,50.273984 35.331198,50.276895 35.325277,50.277728 35.29652,50.289857 35.321404,50.311592 35.318702,50.313659 35.330421,50.318905 35.382172,50.294747 35.385373,50.305907 35.380068,50.311414 35.37914,50.320703 35.397028,50.318947 35.408091,50.321492 35.410399,50.321626 35.409936,50.322389 35.410245,50.323097 35.411979,50.323855 35.414417,50.326084 35.414646,50.328257 35.415904,50.329335 35.418105,50.330331 35.419233,50.330286 35.419932,50.331173 35.419837,50.332354 35.420841,50.333301 35.421159,50.333837 35.423415,50.335295 35.436432,50.322662 35.439117,50.317119 35.459402,50.315023 35.458313,50.309583 35.496255,50.292664 35.504159,50.300033 35.524891,50.290119 35.528638,50.294784 35.528109,50.296047 35.528266,50.29742 35.529666,50.298524 35.530938,50.297847 35.533584,50.297553 35.535153,50.302136 35.515718,50.31745 35.558139,50.321821 35.57294,50.319771 35.594048,50.331285 35.599836,50.329237 35.611976,50.326366 35.61836,50.326158 35.630496,50.324526 35.624189,50.320462 35.628096,50.317794 35.637238,50.315182 35.637002,50.313752 35.649984,50.310184 35.650971,50.31297 35.655948,50.312327 35.660411,50.326918 35.669939,50.326048 35.673201,50.325014 35.675132,50.328287 35.680067,50.33117 35.681698,50.331259 35.682817,50.335283 35.688485,50.334895 35.692543,50.345643 35.682609,50.347572 35.680166,50.34261 35.653993,50.346902 35.658631,50.350974</coordinates>
            </LinearRing>
          </outerBoundaryIs>
        </Polygon>
      </Placemark>
      <Placemark>
        <name>Sumy AFU</name>
        <ExtendedData>
          <Data name="descripción">
            <value />
          </Data>
          <Data name="description">
            <value />
          </Data>
        </ExtendedData>
        <Polygon>
          <outerBoundaryIs>
            <LinearRing>
              <tessellate>1</tessellate>
              <coordinates>35.3613889,51.018488 35.3767839,51.022601 35.383826,51.01978 35.393891,51.0198 35.394602,51.022654 35.40357,51.022775 35.404294,51.024522 35.409398,51.026556 35.407797,51.0292 35.403664,51.028916 35.402918,51.031442 35.400098,51.03168 35.400284,51.033672 35.401198,51.0337 35.403018,51.034214 35.403572,51.034404 35.403758,51.034796 35.403951,51.038824 35.408799,51.039105 35.409112,51.039356 35.407836,51.042545 35.405717,51.042601 35.4054,51.04487 35.406114,51.048138 35.395026,51.054925 35.389703,51.053333 35.386698,51.05352 35.385344,51.055549 35.380268,51.061499 35.375154,51.067152 35.372625,51.065918 35.370568,51.066254 35.36688,51.06655 35.364543,51.066022 35.363055,51.066371 35.361139,51.066372 35.359756,51.065922 35.357923,51.065621 35.357089,51.065247 35.35482,51.063516 35.35061,51.062111 35.34651,51.059327 35.3469699,51.0559828 35.3453977,51.0546343 35.3318095,51.0538249 35.3258641,51.0577092 35.32187,51.057169 35.28761,51.061545 35.280852,51.056664 35.2813196,51.049217 35.2808668,51.0451157 35.2800708,51.0427412 35.2634771,51.0399126 35.2577901,51.0336643 35.2562398,51.0314268 35.2478279,51.0272709 35.2490693,51.0261378 35.2460856,51.025439 35.2376142,51.0215761 35.2315454,51.023921 35.2249392,51.0300089 35.2219154,51.0371704 35.2159721,51.0431443 35.2186769,51.0450542 35.2159646,51.046451 35.213006,51.044696 35.21143,51.044873 35.208337,51.042325 35.203627,51.042246 35.2021033,51.0438515 35.193073,51.045608 35.184774,51.049029 35.1849965,51.052389 35.172712,51.05357 35.168484,51.052694 35.1627155,51.0598732 35.158966,51.061346 35.155344,51.061124 35.151856,51.064088 35.148294,51.065841 35.147822,51.069662 35.149596,51.072374 35.14926,51.074647 35.138427,51.075689 35.13035,51.076021 35.126054,51.075567 35.124775,51.074393 35.123663,51.074102 35.122894,51.073219 35.124284,51.072704 35.124058,51.071621 35.127298,51.070964 35.12897,51.07197 35.131029,51.07133 35.133689,51.071428 35.133689,51.070124 35.130075,51.069488 35.129986,51.068038 35.132,51.067258 35.131097,51.065724 35.133141,51.06456 35.134653,51.062016 35.136508,51.054887 35.135805,51.051161 35.133736,51.047194 35.133475,51.043429 35.134311,51.042704 35.136348,51.041979 35.136584,51.039419 35.139276,51.030528 35.138219,51.029213 35.137047,51.025775 35.137308,51.024711 35.139028,51.023701 35.138817,51.023312 35.138092,51.023247 35.135703,51.024065 35.135343,51.023369 35.135842,51.022402 35.135723,51.021603 35.134705,51.020976 35.133773,51.019756 35.132423,51.016398 35.130154,51.013784 35.130846,51.011954 35.130076,51.011066 35.129949,51.009839 35.128726,51.008496 35.128415,51.007285 35.127144,51.006193 35.127195,51.005512 35.128851,51.005064 35.129336,51.004164 35.130112,51.00346 35.129255,51.002541 35.128656,51.001406 35.127477,51.00104 35.12587,51.000782 35.125658,51.000159 35.124143,50.999924 35.120997,50.99996 35.115963,50.999401 35.113933,50.999436 35.112586,50.998886 35.106947,50.998553 35.103197,50.997895 35.100978,50.998026 35.099532,50.998372 35.100038,50.999575 35.100891,51.000392 35.100611,51.001042 35.100171,51.001178 35.099473,51.001098 35.096274,51.001478 35.094847,51.001614 35.093848,51.001318 35.093829,51.000375 35.092909,50.999944 35.092106,51.000242 35.091648,51.001154 35.088844,51.001691 35.087055,51.001662 35.085439,51.000499 35.083994,51.000223 35.081769,51.000246 35.078983,51.000636 35.077805,51.000048 35.077473,50.998944 35.076621,50.998743 35.075012,50.999733 35.071376,50.999228 35.069729,50.998003 35.069113,50.996239 35.068664,50.991745 35.064095,50.988872 35.061931,50.983729 35.061484,50.980099 35.049019,50.977117 35.034527,50.970207 35.036518,50.958324 35.033634,50.946451 35.03638,50.939026 35.032788,50.933036 35.007041,50.926752 35.006787,50.924042 35.001854,50.921172 35.000675,50.917248 35.002489,50.91599 35.003101,50.912242 35.017188,50.907947 35.018954,50.901497 35.020866,50.900491 35.02707,50.899485 35.03163,50.898817 35.034421,50.898744 35.032404,50.896775 35.028735,50.896332 35.025229,50.895288 35.019663,50.89327 35.019347,50.890317 35.016543,50.889367 35.015656,50.887917 35.012895,50.886651 35.008761,50.885492 35.003357,50.879657 35.001559,50.878262 35.001622,50.876313 35.002887,50.87523 35.00192,50.873119 34.999462,50.87163 34.99752,50.869707 34.998631,50.867977 35.003344,50.866466 35.010536,50.866479 35.022689,50.863254 35.028455,50.866014 35.037003,50.86577 35.041448,50.86348 35.048468,50.862707 35.051447,50.862155 35.056716,50.861973 35.058866,50.862939 35.059986,50.862767 35.059994,50.860907 35.061212,50.859137 35.065366,50.858196 35.063951,50.855027 35.059747,50.854213 35.056662,50.85421 35.055127,50.852687 35.054118,50.851049 35.054675,50.849724 35.054245,50.8487 35.055961,50.846326 35.0527,50.844396 35.049785,50.840535 35.056148,50.83314 35.054009,50.825081 35.058561,50.824942 35.061397,50.82567 35.062541,50.824554 35.064185,50.811478 35.069232,50.811598 35.069728,50.810761 35.066962,50.809543 35.065207,50.809441 35.062812,50.809127 35.06077,50.808174 35.058402,50.808003 35.052063,50.805975 35.049845,50.804488 35.050159,50.802663 35.047555,50.798342 35.048784,50.796265 35.043946,50.79546 35.043314,50.79574 35.03544,50.793451 35.030656,50.792845 35.021565,50.791557 35.01454,50.791315 34.995811,50.787765 34.990436,50.785683 34.981885,50.783112 34.981392,50.780766 34.979118,50.780088 34.978605,50.779439 34.97569,50.778955 34.975353,50.777688 34.97596,50.776476 34.974686,50.774919 34.972555,50.774503 34.972583,50.773616 34.971195,50.77376 34.966724,50.774022 34.965858,50.772602 34.96271,50.771442 34.956542,50.769537 34.95385,50.769098 34.953444,50.771911 34.954434,50.772597 34.952896,50.773969 34.954884,50.774596 34.95877,50.778658 34.962216,50.780364 34.960854,50.781472 34.96026,50.783328 34.952977,50.784598 34.950285,50.783235 34.948966,50.781927 34.942491,50.780493 34.929281,50.779307 34.93565,50.771289 34.933755,50.770859 34.933234,50.770102 34.93408,50.768807 34.929248,50.767357 34.928764,50.76881 34.926649,50.768688 34.926624,50.764808 34.927004,50.763291 34.931184,50.759179 34.934389,50.747349 34.935075,50.744402 34.944514,50.74216 34.945241,50.738922 34.948909,50.735061 34.951548,50.732994 34.961391,50.736906 34.964089,50.736512 34.966271,50.737258 34.966399,50.739175 34.967214,50.739624 34.967641,50.740958 34.973646,50.742323 34.975394,50.7443 34.974251,50.747298 34.973079,50.749014 34.974596,50.749519 34.975898,50.751071 34.97569,50.752037 34.976231,50.752927 34.977157,50.752949 34.981262,50.739651 34.984083,50.739401 34.997333,50.740726 35.009347,50.741259 35.012692,50.737962 35.016005,50.736824 35.02658,50.735932 35.03579,50.732442 35.038864,50.731964 35.040652,50.733386 35.042096,50.73356 35.046509,50.732994 35.046569,50.731897 35.050664,50.73232 35.055714,50.728881 35.060334,50.72919 35.092076,50.716252 35.088896,50.713916 35.083314,50.708535 35.075845,50.711416 35.075028,50.710953 35.078096,50.709607 35.077741,50.709206 35.074346,50.709305 35.069086,50.706745 35.06859,50.703286 35.075548,50.700618 35.073405,50.698631 35.073964,50.698127 35.073257,50.697576 35.072174,50.697872 35.070637,50.697986 35.070216,50.696687 35.068894,50.69615 35.070378,50.694766 35.070906,50.692837 35.072586,50.692444 35.072268,50.691078 35.068687,50.691371 35.068664,50.692048 35.062117,50.695662 35.055361,50.702778 35.05575,50.704598 35.05674,50.706418 35.055287,50.7062 35.048433,50.702337 35.043178,50.704859 35.037144,50.701453 35.033106,50.701484 35.032073,50.700754 35.032752,50.700273 35.038719,50.700484 35.041152,50.699134 35.040156,50.696562 35.037716,50.695599 35.034136,50.695117 35.030494,50.695744 35.030089,50.696248 35.024566,50.695712 35.02352,50.694628 35.025187,50.69308 35.025394,50.690717 35.02643,50.687457 35.024587,50.687322 35.024653,50.685242 35.023742,50.683645 35.021741,50.683254 35.02044,50.682515 35.020091,50.681302 35.020602,50.679907 35.025407,50.676246 35.03105,50.677393 35.041198,50.681966 35.042374,50.682974 35.04003,50.685287 35.042879,50.68885 35.048818,50.68703 35.051441,50.68661 35.050937,50.685007 35.057871,50.681336 35.058367,50.680222 35.061848,50.679135 35.062987,50.679692 35.064297,50.682099 35.062346,50.683717 35.061768,50.683486 35.058254,50.684357 35.058896,50.686973 35.06104,50.687202 35.07374,50.68475 35.076207,50.683601 35.07773,50.681255 35.091676,50.680152 35.093778,50.674848 35.114247,50.668891 35.123397,50.670844 35.127054,50.670621 35.13042,50.677138 35.138011,50.676572 35.143066,50.67816 35.148028,50.677962 35.149944,50.678864 35.151173,50.683574 35.153289,50.687554 35.157122,50.687291 35.166162,50.684985 35.169737,50.675184 35.176931,50.673873 35.180832,50.675191 35.182846,50.674823 35.180653,50.668852 35.182621,50.66697 35.186821,50.667046 35.187668,50.667961 35.195713,50.66609 35.193983,50.664673 35.192343,50.664155 35.199466,50.655408 35.197209,50.654323 35.197847,50.650554 35.200463,50.648062 35.195677,50.647306 35.191653,50.648179 35.190586,50.647582 35.18988,50.636289 35.179485,50.634888 35.179865,50.632936 35.178511,50.632178 35.177146,50.627878 35.174106,50.623196 35.171671,50.624382 35.169065,50.622737 35.170719,50.62108 35.169048,50.618636 35.175492,50.616471 35.179022,50.61285 35.174787,50.611052 35.173785,50.609773 35.170624,50.609024 35.166811,50.607016 35.170312,50.599639 35.169915,50.597911 35.168485,50.596498 35.170832,50.595957 35.173779,50.59498 35.174566,50.593729 35.177276,50.593375 35.186185,50.591618 35.187166,50.590277 35.177969,50.583457 35.178526,50.576715 35.182685,50.574401 35.184828,50.575164 35.191006,50.574836 35.20096,50.576799 35.206738,50.577526 35.218297,50.576526 35.231715,50.572701 35.238082,50.577547 35.241866,50.579807 35.243758,50.582136 35.243845,50.58608 35.243202,50.58707 35.245541,50.587457 35.249114,50.586451 35.259211,50.585336 35.267665,50.583149 35.26702,50.58227 35.268264,50.582045 35.269487,50.581279 35.270871,50.581277 35.271563,50.579859 35.273711,50.57964 35.273498,50.577923 35.271245,50.57641 35.268746,50.5756 35.266981,50.574213 35.267699,50.572095 35.265756,50.571666 35.268705,50.567095 35.2744,50.567212 35.274788,50.565891 35.27747,50.565012 35.27864,50.563264 35.277773,50.562691 35.27494,50.563001 35.27245,50.561893 35.274164,50.561096 35.272102,50.559153 35.270299,50.556273 35.270942,50.555433 35.269118,50.552941 35.271912,50.547854 35.269989,50.54686 35.270229,50.545764 35.271663,50.545299 35.270521,50.543961 35.272358,50.542485 35.270332,50.540683 35.269059,50.54141 35.26933,50.542574 35.263522,50.544028 35.259044,50.542223 35.255939,50.542709 35.252062,50.541996 35.249044,50.542591 35.246526,50.541381 35.250674,50.540176 35.253278,50.539953 35.256767,50.537679 35.256822,50.536168 35.258737,50.532384 35.258248,50.530781 35.260935,50.531006 35.264137,50.533631 35.265734,50.525898 35.26859,50.525894 35.269386,50.523817 35.261365,50.522937 35.262699,50.517854 35.266885,50.519024 35.273012,50.519391 35.276247,50.518646 35.277013,50.520424 35.278466,50.521002 35.278453,50.522267 35.280433,50.524814 35.280467,50.526497 35.281514,50.527229 35.284097,50.526394 35.288478,50.527068 35.291785,50.526423 35.293952,50.526592 35.307203,50.522886 35.310618,50.524071 35.313141,50.523926 35.316462,50.521208 35.318509,50.522031 35.322186,50.521709 35.32439,50.523368 35.32294,50.528603 35.320841,50.529693 35.320458,50.532311 35.317384,50.537652 35.321983,50.540783 35.32497,50.540058 35.333244,50.544822 35.335166,50.542714 35.338359,50.542102 35.349447,50.54367 35.377736,50.540526 35.385528,50.538871 35.391355,50.538317 35.390406,50.542049 35.393408,50.543724 35.395543,50.543516 35.397592,50.543907 35.397216,50.546589 35.398041,50.548726 35.403348,50.550609 35.403679,50.552294 35.40363,50.553245 35.405858,50.553693 35.408153,50.5531 35.410137,50.553416 35.411279,50.552102 35.411091,50.551524 35.411538,50.550585 35.414022,50.550493 35.417035,50.551018 35.419199,50.550131 35.423614,50.549149 35.425319,50.54833 35.426197,50.547564 35.429176,50.547313 35.431089,50.54704 35.43617,50.54493 35.437851,50.543753 35.439086,50.544514 35.431105,50.555298 35.430525,50.558591 35.427682,50.562295 35.42104,50.566463 35.414885,50.568931 35.405271,50.57308 35.390572,50.580101 35.390754,50.580416 35.39269,50.581432 35.394065,50.582689 35.397737,50.587884 35.398606,50.588197 35.399298,50.58928 35.400138,50.589644 35.400214,50.590154 35.400424,50.590435 35.419259,50.598699 35.421126,50.599625 35.424999,50.603044 35.425187,50.603473 35.423232,50.604947 35.422404,50.60576 35.42229,50.606676 35.420936,50.607798 35.419534,50.608264 35.41893,50.608789 35.418896,50.609141 35.419378,50.610352 35.421078,50.613432 35.420884,50.61426 35.421011,50.615741 35.418091,50.616024 35.415859,50.615658 35.414217,50.615087 35.4133,50.61357 35.413118,50.613476 35.412937,50.613519 35.411567,50.61564 35.410902,50.616997 35.409035,50.62007 35.406503,50.624705 35.402296,50.631918 35.398647,50.635583 35.39209,50.641874 35.392106,50.642263 35.393056,50.643924 35.392896,50.644582 35.393122,50.644733 35.392933,50.645531 35.392852,50.64629 35.393038,50.647254 35.39286,50.647725 35.39311,50.649178 35.392848,50.649809 35.392867,50.650034 35.393546,50.650554 35.395257,50.651508 35.396876,50.653267 35.398881,50.655 35.400059,50.655335 35.400183,50.65606 35.402514,50.656169 35.403385,50.656006 35.40929,50.655407 35.420226,50.655632 35.422424,50.655562 35.424085,50.655084 35.426852,50.655007 35.427978,50.655282 35.429275,50.655747 35.432382,50.656723 35.433968,50.656973 35.434867,50.657509 35.462923,50.66634 35.467033,50.663992 35.47305,50.661365 35.480267,50.657975 35.485768,50.656041 35.488982,50.658489 35.488608,50.661262 35.487466,50.666692 35.486969,50.670598 35.486719,50.671158 35.487112,50.671581 35.487771,50.672052 35.488772,50.672522 35.489359,50.673177 35.490548,50.674151 35.491476,50.675134 35.494248,50.67745 35.494375,50.677867 35.493631,50.678446 35.492886,50.678658 35.490323,50.679101 35.488248,50.679723 35.486472,50.680006 35.475597,50.680785 35.470986,50.680911 35.468009,50.682023 35.465634,50.683272 35.462525,50.685473 35.461433,50.686722 35.456136,50.6862045 35.4511908,50.6864892 35.446946,50.685017 35.436082,50.685488 35.434663,50.68624 35.429404,50.687132 35.424178,50.687157 35.42281,50.688882 35.417857,50.689012 35.415202,50.691034 35.407762,50.690662 35.40507,50.691361 35.405008,50.694389 35.408364,50.695329 35.413351,50.70031 35.413641,50.701602 35.416318,50.704124 35.4170991,50.7158472 35.4204504,50.7157162 35.4281237,50.7170636 35.4290612,50.7228019 35.4365809,50.7234369 35.4383455,50.7268375 35.4416126,50.7263257 35.4458499,50.7289167 35.446354,50.729917 35.446103,50.730899 35.452756,50.738707 35.455481,50.739215 35.45723,50.740773 35.460353,50.741136 35.4603839,50.7426735 35.456318,50.745389 35.458147,50.751602 35.46831,50.75274 35.469393,50.756376 35.471651,50.756521 35.477058,50.75994 35.481194,50.765143 35.482755,50.767943 35.488544,50.776986 35.480341,50.781256 35.474326,50.784631 35.471142,50.783758 35.469788,50.783397 35.467232,50.783199 35.46472,50.783422 35.461962,50.783234 35.459531,50.782639 35.456771,50.782273 35.453356,50.782246 35.450449,50.782965 35.435026,50.792282 35.433062,50.794266 35.420515,50.797253 35.416401,50.798243 35.415378,50.798854 35.411507,50.802421 35.41049,50.805416 35.410418,50.806349 35.410874,50.808487 35.412259,50.811163 35.413826,50.815973 35.416748,50.819492 35.4204,50.828894 35.419243,50.838054 35.419974,50.841022 35.418923,50.844199 35.416112,50.848785 35.413206,50.853399 35.4103,50.856767 35.409173,50.857318 35.407647,50.858871 35.405992,50.862835 35.40352,50.86455 35.401941,50.864907 35.398577,50.863961 35.394448,50.864463 35.392311,50.865679 35.385925,50.867219 35.382028,50.870291 35.373046,50.876245 35.3779,50.878722 35.385391,50.881694 35.385425,50.883532 35.382596,50.885268 35.383454,50.888084 35.376605,50.89579 35.378399,50.901818 35.382917,50.904736 35.382699,50.906346 35.381108,50.907764 35.38101,50.909162 35.382599,50.910792 35.380569,50.911607 35.376994,50.911773 35.373784,50.913644 35.364068,50.91838 35.363085,50.925253 35.364182,50.928821 35.365524,50.929009 35.367794,50.931242 35.365834,50.932634 35.364307,50.932632 35.354873,50.93103 35.350272,50.930715 35.347497,50.931004 35.345959,50.932055 35.345408,50.932766 35.344516,50.93387 35.343882,50.93565 35.339196,50.934443 35.333316,50.934648 35.331385,50.934697 35.33087,50.935043 35.332394,50.935546 35.32573,50.946721 35.329468,50.94762 35.33035,50.952084 35.332036,50.952769 35.334724,50.956085 35.335446,50.956256 35.335742,50.958436 35.336567,50.958959 35.338996,50.96191 35.342002,50.963588 35.342797,50.968129 35.345694,50.969731 35.34725,50.971113 35.348457,50.971966 35.350348,50.972717 35.351938,50.974552 35.350822,50.975335 35.350436,50.976334 35.348914,50.976805 35.343232,50.987769 35.340674,50.987768 35.334631,50.991016 35.332665,50.992455 35.329692,50.99637 35.337442,50.998429 35.337627,50.998932 35.330945,51.002919 35.328782,51.008678 35.322786,51.013501 35.325064,51.014801 35.3266712,51.0176698 35.3328194,51.0178799 35.3399755,51.0193989 35.3476085,51.019038 35.3512106,51.0214617 35.3562056,51.0206869 35.3567366,51.0186152 35.3613889,51.018488</coordinates>
            </LinearRing>
          </outerBoundaryIs>
        </Polygon>
      </Placemark>
      <Placemark>
        <name>Sumy AFU</name>
        <ExtendedData>
          <Data name="descripción">
            <value />
          </Data>
          <Data name="description">
            <value />
          </Data>
        </ExtendedData>
        <Polygon>
          <outerBoundaryIs>
            <LinearRing>
              <tessellate>1</tessellate>
              <coordinates>34.7168159,51.1715735 34.713417,51.172685 34.688754,51.18093 34.66944,51.196745 34.668232,51.19885 34.664045,51.19599 34.63821,51.185104 34.621226,51.183564 34.596582,51.199304 34.594457,51.197755 34.580659,51.183753 34.562864,51.173872 34.556399,51.178185 34.54404,51.178871 34.52546,51.168876 34.525031,51.164597 34.538548,51.154531 34.54648,51.150474 34.55317,51.145349 34.554928,51.146178 34.560462,51.139037 34.575566,51.126496 34.588785,51.123244 34.58887,51.111815 34.576558,51.114937 34.570916,51.106474 34.563807,51.102564 34.568664,51.100609 34.566998,51.097247 34.556338,51.086179 34.543858,51.084881 34.537062,51.05507 34.526465,51.039729 34.53765,51.034432 34.530658,51.004329 34.521331,51.004828 34.505136,51.010727 34.500289,50.98385 34.505767,50.98251 34.493395,50.967843 34.471244,50.915197 34.467827,50.915803 34.458625,50.910054 34.448876,50.898841 34.445894,50.899294 34.444574,50.897138 34.441339,50.895626 34.465026,50.886909 34.474467,50.872588 34.457048,50.865101 34.455206,50.862546 34.455831,50.84588 34.453903,50.841501 34.44913,50.838239 34.435431,50.834758 34.415932,50.834084 34.410534,50.832608 34.403029,50.824605 34.389323,50.822229 34.384358,50.823533 34.37771,50.823914 34.366254,50.828197 34.359948,50.827818 34.355764,50.829796 34.350551,50.83004 34.347333,50.834547 34.311219,50.839836 34.307718,50.841002 34.30139,50.838886 34.298624,50.835459 34.302307,50.833537 34.307707,50.833784 34.312325,50.830374 34.286387,50.809179 34.2814,50.80577 34.22199,50.817708 34.223515,50.822585 34.228053,50.827301 34.227575,50.833237 34.225618,50.836531 34.222235,50.837473 34.220458,50.836697 34.218906,50.835015 34.216156,50.834337 34.213967,50.833761 34.212486,50.834205 34.210114,50.833817 34.203736,50.834883 34.201963,50.835606 34.19936,50.835452 34.197572,50.836193 34.196026,50.837432 34.194866,50.837886 34.193056,50.838425 34.189529,50.840807 34.187453,50.840585 34.186236,50.840037 34.181993,50.836269 34.169559,50.831115 34.160149,50.809092 34.142873,50.809869 34.141445,50.800386 34.147168,50.800689 34.154608,50.800341 34.156643,50.798298 34.162283,50.795713 34.163215,50.786782 34.161364,50.77617 34.171394,50.768298 34.177893,50.766558 34.170206,50.756287 34.163804,50.754269 34.155685,50.750186 34.148274,50.744825 34.150105,50.741706 34.163265,50.734213 34.141836,50.719167 34.133883,50.724386 34.128161,50.730366 34.102614,50.722503 34.080676,50.70752 34.096709,50.696141 34.106171,50.69107 34.118162,50.685726 34.121158,50.684253 34.128523,50.679569 34.136213,50.67232 34.140778,50.670987 34.144271,50.665029 34.148106,50.660901 34.151939,50.658949 34.153985,50.657728 34.157918,50.65618 34.160636,50.655371 34.171995,50.651398 34.183352,50.646227 34.182388,50.636423 34.187485,50.633687 34.192668,50.630161 34.194762,50.628432 34.205197,50.619993 34.227099,50.600714 34.222753,50.598593 34.22803,50.582465 34.22717,50.581566 34.229913,50.577863 34.22982,50.574598 34.232294,50.568942 34.224284,50.568312 34.226345,50.553393 34.228531,50.554069 34.232691,50.5542 34.234316,50.554434 34.236366,50.553976 34.2379,50.551418 34.238232,50.549732 34.241064,50.532536 34.241545,50.530778 34.245031,50.528803 34.24711,50.525997 34.246804,50.525077 34.245679,50.523429 34.247892,50.519368 34.249055,50.518068 34.254861,50.489921 34.249539,50.459099 34.250154,50.453631 34.251182,50.44591 34.252682,50.440865 34.253342,50.440192 34.254084,50.43976 34.253786,50.439293 34.253277,50.43799 34.254083,50.437681 34.255586,50.437536 34.25681,50.437513 34.257114,50.437382 34.257164,50.437039 34.25703,50.436853 34.256253,50.436393 34.2559,50.435787 34.255516,50.435424 34.255649,50.435175 34.256109,50.43506 34.257028,50.435336 34.257922,50.435259 34.258616,50.434887 34.259253,50.433884 34.259771,50.433591 34.260697,50.433325 34.261398,50.433397 34.264181,50.432208 34.270605,50.432372 34.271736,50.432564 34.275136,50.42852 34.276935,50.425268 34.278003,50.423085 34.286104,50.414016 34.287672,50.412723 34.336228,50.392274 34.338403,50.391211 34.342838,50.390673 34.355512,50.382308 34.360808,50.379107 34.366961,50.376616 34.368977,50.378388 34.370221,50.378436 34.371636,50.374564 34.372483,50.374498 34.373588,50.374748 34.374059,50.374646 34.37409,50.373948 34.373714,50.373277 34.37426,50.372367 34.374034,50.371512 34.374419,50.371005 34.375403,50.37147 34.390996,50.367034 34.395088,50.368089 34.399479,50.371829 34.402927,50.37327 34.400796,50.374491 34.425308,50.38438 34.427547,50.381597 34.453906,50.38548 34.461899,50.387172 34.472829,50.394473 34.486321,50.388382 34.493588,50.395238 34.481457,50.400781 34.488939,50.407909 34.496828,50.419078 34.503353,50.431551 34.506706,50.430953 34.512932,50.449676 34.515879,50.450174 34.54406,50.447718 34.549324,50.449251 34.552014,50.451002 34.560396,50.449804 34.563041,50.449041 34.564485,50.451721 34.576206,50.449757 34.578548,50.451726 34.578431,50.454897 34.581405,50.455226 34.58116,50.461571 34.586618,50.4657 34.589674,50.467206 34.589727,50.471497 34.590506,50.47269 34.592182,50.473231 34.593688,50.472461 34.606405,50.479543 34.61725,50.481359 34.623757,50.487809 34.627959,50.486336 34.631005,50.486446 34.633858,50.487046 34.636443,50.486446 34.637435,50.487265 34.634155,50.488084 34.633416,50.489095 34.630686,50.489764 34.62993,50.491525 34.635463,50.493246 34.636555,50.494462 34.639536,50.494421 34.642185,50.495568 34.642516,50.498354 34.648157,50.501084 34.659011,50.502724 34.666627,50.5051 34.670467,50.505455 34.683383,50.510178 34.697665,50.514851 34.709098,50.517514 34.712433,50.518672 34.710103,50.522176 34.711965,50.524272 34.710798,50.524428 34.712498,50.526758 34.720292,50.525159 34.721786,50.52807 34.724421,50.531516 34.733828,50.539854 34.729691,50.541977 34.734704,50.554546 34.734631,50.556578 34.730476,50.56321 34.728185,50.56947 34.737205,50.569986 34.744594,50.570992 34.758034,50.568808 34.764763,50.563519 34.766153,50.564036 34.766771,50.566461 34.774143,50.565342 34.773581,50.567399 34.780572,50.585671 34.783251,50.585464 34.784213,50.587437 34.786377,50.587067 34.78703,50.587999 34.789743,50.588495 34.797542,50.594261 34.790538,50.600025 34.796134,50.602308 34.805199,50.605247 34.808658,50.607833 34.812405,50.608962 34.814665,50.609118 34.822918,50.607779 34.826112,50.607765 34.829048,50.608323 34.832945,50.610092 34.835248,50.611779 34.838578,50.615809 34.842508,50.619784 34.84717,50.62248 34.850187,50.622983 34.856503,50.623316 34.8602,50.624058 34.862792,50.625669 34.865727,50.628261 34.86973,50.632784 34.872505,50.645224 34.874496,50.647906 34.880641,50.654961 34.881181,50.656502 34.881151,50.661516 34.885127,50.670252 34.886987,50.672227 34.889676,50.673377 34.892266,50.673843 34.901671,50.674375 34.905387,50.675294 34.907738,50.676446 34.909686,50.678328 34.910574,50.681281 34.91031,50.685014 34.912367,50.686419 34.920262,50.68829 34.922536,50.689144 34.923694,50.690216 34.927967,50.695664 34.930468,50.697107 34.938542,50.697611 34.937346,50.713495 34.937914,50.714899 34.938798,50.715546 34.940013,50.715842 34.943936,50.715747 34.945884,50.717391 34.94592,50.718395 34.94024,50.720351 34.94002,50.718125 34.937893,50.718724 34.937172,50.720463 34.938014,50.720953 34.937997,50.722474 34.93636,50.723129 34.932024,50.722111 34.929588,50.723541 34.930645,50.724066 34.932646,50.72421 34.933085,50.725232 34.934211,50.726255 34.935712,50.726622 34.935132,50.728137 34.934008,50.728245 34.933146,50.728951 34.933914,50.729277 34.933898,50.730144 34.931564,50.730849 34.930631,50.729945 34.927809,50.729856 34.923109,50.728646 34.922915,50.729418 34.925597,50.732282 34.927097,50.736159 34.926967,50.73879 34.928468,50.741421 34.921772,50.744948 34.91894,50.744988 34.912073,50.746257 34.913876,50.749118 34.922459,50.747798 34.934389,50.747349 34.931184,50.759179 34.927004,50.763291 34.926624,50.764808 34.926649,50.768688 34.928764,50.76881 34.929248,50.767357 34.93408,50.768807 34.933234,50.770102 34.933755,50.770859 34.93565,50.771289 34.929281,50.779307 34.942491,50.780493 34.948966,50.781927 34.950285,50.783235 34.952977,50.784598 34.96026,50.783328 34.960854,50.781472 34.962216,50.780364 34.95877,50.778658 34.954884,50.774596 34.952896,50.773969 34.954434,50.772597 34.953444,50.771911 34.95385,50.769098 34.956542,50.769537 34.96271,50.771442 34.965858,50.772602 34.966724,50.774022 34.971195,50.77376 34.972583,50.773616 34.972555,50.774503 34.974686,50.774919 34.97596,50.776476 34.975353,50.777688 34.97569,50.778955 34.978605,50.779439 34.979118,50.780088 34.981392,50.780766 34.981885,50.783112 34.990436,50.785683 34.995811,50.787765 35.01454,50.791315 35.021565,50.791557 35.030656,50.792845 35.03544,50.793451 35.043314,50.79574 35.043946,50.79546 35.048784,50.796265 35.047555,50.798342 35.050159,50.802663 35.049845,50.804488 35.052063,50.805975 35.058402,50.808003 35.06077,50.808174 35.062812,50.809127 35.065207,50.809441 35.066962,50.809543 35.069728,50.810761 35.069232,50.811598 35.064185,50.811478 35.062541,50.824554 35.061397,50.82567 35.058561,50.824942 35.054009,50.825081 35.056148,50.83314 35.049785,50.840535 35.0527,50.844396 35.055961,50.846326 35.054245,50.8487 35.054675,50.849724 35.054118,50.851049 35.055127,50.852687 35.056662,50.85421 35.059747,50.854213 35.063951,50.855027 35.065366,50.858196 35.061212,50.859137 35.059994,50.860907 35.059986,50.862767 35.058866,50.862939 35.056716,50.861973 35.051447,50.862155 35.048468,50.862707 35.041448,50.86348 35.037003,50.86577 35.028455,50.866014 35.022689,50.863254 35.010536,50.866479 35.003344,50.866466 34.998631,50.867977 34.99752,50.869707 34.999462,50.87163 35.00192,50.873119 35.002887,50.87523 35.001622,50.876313 35.001559,50.878262 35.008761,50.885492 35.012895,50.886651 35.015656,50.887917 35.016543,50.889367 35.019347,50.890317 35.019663,50.89327 35.025229,50.895288 35.028735,50.896332 35.032404,50.896775 35.034421,50.898744 35.03163,50.898817 35.020866,50.900491 35.018954,50.901497 35.017188,50.907947 35.003101,50.912242 35.002489,50.91599 35.000675,50.917248 35.001854,50.921172 35.006787,50.924042 35.007041,50.926752 35.032788,50.933036 35.03638,50.939026 35.033634,50.946451 35.036518,50.958324 35.034527,50.970207 35.049019,50.977117 35.061484,50.980099 35.061931,50.983729 35.064095,50.988872 35.068664,50.991745 35.069113,50.996239 35.069729,50.998003 35.071376,50.999228 35.075012,50.999733 35.076621,50.998743 35.077473,50.998944 35.077805,51.000048 35.078983,51.000636 35.081769,51.000246 35.083994,51.000223 35.085439,51.000499 35.087055,51.001662 35.088844,51.001691 35.091648,51.001154 35.092106,51.000242 35.092909,50.999944 35.093829,51.000375 35.093848,51.001318 35.094847,51.001614 35.096274,51.001478 35.099473,51.001098 35.100171,51.001178 35.100611,51.001042 35.100891,51.000392 35.100038,50.999575 35.099532,50.998372 35.100978,50.998026 35.103197,50.997895 35.106947,50.998553 35.112586,50.998886 35.113933,50.999436 35.115963,50.999401 35.120997,50.99996 35.124143,50.999924 35.125658,51.000159 35.12587,51.000782 35.127477,51.00104 35.128656,51.001406 35.129255,51.002541 35.130112,51.00346 35.129336,51.004164 35.128851,51.005064 35.127195,51.005512 35.127144,51.006193 35.128415,51.007285 35.128726,51.008496 35.129949,51.009839 35.130076,51.011066 35.130846,51.011954 35.130154,51.013784 35.132423,51.016398 35.133773,51.019756 35.134705,51.020976 35.135723,51.021603 35.135842,51.022402 35.135343,51.023369 35.135703,51.024065 35.138092,51.023247 35.138817,51.023312 35.139028,51.023701 35.137308,51.024711 35.137047,51.025775 35.138219,51.029213 35.139276,51.030528 35.136584,51.039419 35.136348,51.041979 35.134311,51.042704 35.133475,51.043429 35.133736,51.047194 35.135805,51.051161 35.136508,51.054887 35.134653,51.062016 35.133141,51.06456 35.131097,51.065724 35.132,51.067258 35.129986,51.068038 35.130075,51.069488 35.133689,51.070124 35.133689,51.071428 35.131029,51.07133 35.12897,51.07197 35.127298,51.070964 35.124058,51.071621 35.124284,51.072704 35.122894,51.073219 35.123663,51.074102 35.124775,51.074393 35.126054,51.075567 35.13035,51.076021 35.138427,51.075689 35.14926,51.074647 35.149596,51.075448 35.143846,51.079732 35.141671,51.080446 35.141192,51.082535 35.13994,51.083437 35.136505,51.083492 35.135001,51.081228 35.122466,51.083708 35.120827,51.08468 35.122743,51.088024 35.11957,51.089529 35.131272,51.096129 35.135155,51.100261 35.136101,51.107811 35.1351245,51.1097897 35.1300605,51.1118374 35.1233657,51.1190035 35.1118644,51.1204042 35.1036247,51.1219666 35.0932391,51.1216433 35.088022,51.120381 35.085359,51.116958 35.080082,51.117017 35.075405,51.114407 35.0743796,51.1121243 35.0752199,51.109785 35.0565196,51.1098052 35.0555885,51.1025901 35.0536702,51.1020035 35.0453504,51.1011485 35.0240014,51.101833 35.0150228,51.0918528 34.9918011,51.0994627 34.9664545,51.099889 34.9490895,51.1031708 34.9469741,51.107093 34.9505533,51.1111372 34.9447202,51.123404 34.9269974,51.1272077 34.9289286,51.130709 34.9281132,51.1318401 34.919931,51.1325214 34.9158688,51.1312634 34.910744,51.123079 34.9110391,51.1217935 34.9193201,51.1179783 34.918891,51.1120243 34.8884924,51.1064109 34.8837809,51.1097577 34.8691221,51.1024405 34.8587533,51.1016279 34.8259058,51.1033336 34.8267935,51.1099191 34.8199844,51.1127447 34.8171796,51.1190605 34.7967658,51.1262856 34.7986647,51.1355569 34.7903801,51.1412825 34.7876578,51.1492448 34.787751,51.152347 34.7790219,51.1524963 34.7730676,51.1517537 34.7696356,51.1494427 34.7587831,51.1485562 34.7536518,51.1492794 34.7502014,51.1607011 34.7468134,51.1653015 34.73278,51.164225 34.731336,51.1655395 34.7196463,51.1683976 34.7168159,51.1715735</coordinates>
            </LinearRing>
          </outerBoundaryIs>
        </Polygon>
      </Placemark>
      <Placemark>
        <name>Sumy AFU</name>
        <ExtendedData>
          <Data name="descripción">
            <value />
          </Data>
          <Data name="description">
            <value />
          </Data>
        </ExtendedData>
        <Polygon>
          <outerBoundaryIs>
            <LinearRing>
              <tessellate>1</tessellate>
              <coordinates>34.305762,51.238533 34.29055,51.245927 34.283919,51.249666 34.274579,51.251604 34.263827,51.255315 34.259965,51.256779 34.258055,51.25698 34.256671,51.25839 34.254976,51.259042 34.254815,51.25931 34.243806,51.263491 34.239172,51.263464 34.235696,51.264109 34.230536,51.265222 34.230293,51.263143 34.229439,51.26257 34.228712,51.262553 34.228434,51.26386 34.22748,51.264513 34.225758,51.264652 34.22421,51.264345 34.223349,51.263394 34.222843,51.261443 34.22123,51.260118 34.218175,51.258865 34.216108,51.259384 34.214988,51.260207 34.213869,51.260494 34.211092,51.2601 34.209058,51.259526 34.207221,51.258378 34.205872,51.257004 34.205038,51.255416 34.205258,51.254763 34.206642,51.254694 34.208723,51.2552 34.210224,51.254709 34.21108,51.253941 34.210905,51.252942 34.2101,51.252108 34.208093,51.251113 34.204336,51.249983 34.201887,51.24842 34.201286,51.246695 34.200342,51.246367 34.199398,51.246571 34.199226,51.247516 34.198367,51.24919 34.197079,51.249854 34.195018,51.249407 34.193814,51.248406 34.193467,51.247264 34.195261,51.245033 34.19473,51.244493 34.193924,51.244542 34.192056,51.246145 34.188578,51.248544 34.186855,51.25028 34.18457,51.251065 34.182884,51.251206 34.179751,51.24868 34.179042,51.246557 34.178168,51.246337 34.176522,51.246494 34.174689,51.247344 34.172481,51.247433 34.169954,51.247717 34.168933,51.247427 34.168866,51.246792 34.170019,51.245254 34.169408,51.244434 34.168773,51.244682 34.168138,51.245413 34.167212,51.245908 34.164758,51.24577 34.16131,51.244902 34.160507,51.244081 34.161907,51.242062 34.162216,51.241194 34.161282,51.24081 34.160042,51.24086 34.157344,51.243035 34.1565,51.243057 34.155998,51.24281 34.155854,51.242101 34.156167,51.241544 34.157565,51.241288 34.15895,51.240213 34.159489,51.239243 34.159012,51.237814 34.1578,51.236514 34.157782,51.234666 34.156885,51.234355 34.153784,51.235348 34.15094,51.235588 34.149629,51.235262 34.148724,51.233696 34.14752,51.233017 34.147259,51.2325 34.148361,51.231558 34.148506,51.230373 34.147509,51.229508 34.147404,51.228745 34.14479,51.227004 34.144197,51.222878 34.139029,51.214982 34.147426,51.197086 34.130927,51.185384 34.117265,51.182801 34.120425,51.176022 34.122046,51.158489 34.117746,51.153764 34.124174,51.152485 34.128026,51.153466 34.133308,51.144796 34.132199,51.141994 34.107843,51.144142 34.102619,51.139267 34.091389,51.131699 34.07872,51.119684 34.080306,51.118951 34.067478,51.087611 34.062931,51.088336 34.043277,51.085933 34.02166,51.079449 34.015067,51.079813 34.014345,51.078107 34.019821,51.076823 34.018782,51.066851 34.015774,51.065425 34.014483,51.063999 34.013008,51.0537 34.017986,51.051398 34.019746,51.051928 34.022192,51.051272 34.024852,51.047368 34.022533,51.045336 34.030685,51.03769 34.04725,51.014459 34.049562,51.014227 34.058822,51.011602 34.060237,51.014028 34.062404,51.013459 34.063026,51.012566 34.068259,51.011801 34.071687,51.009624 34.07731,51.004414 34.079323,50.99785 34.08168,50.995715 34.080818,50.994957 34.080126,50.994184 34.078919,50.993519 34.078049,50.99262 34.076654,50.993093 34.073004,50.992741 34.065958,50.966478 34.060757,50.960885 34.052235,50.956683 34.046172,50.954744 34.045802,50.953612 34.047591,50.951965 34.046425,50.949844 34.047663,50.948371 34.053061,50.946053 34.059488,50.944816 34.061623,50.945093 34.071191,50.943823 34.070588,50.939985 34.071611,50.93469 34.093563,50.937729 34.09603,50.935679 34.099495,50.936061 34.101415,50.93601 34.104975,50.933966 34.1054,50.931934 34.1126,50.928302 34.105752,50.925858 34.10371,50.924496 34.09868,50.923881 34.107853,50.90198 34.129891,50.871233 34.131988,50.871737 34.135116,50.873215 34.141372,50.875197 34.149571,50.876625 34.150862,50.877205 34.153617,50.877716 34.155692,50.879278 34.1595,50.879262 34.160765,50.880314 34.16295,50.880467 34.165947,50.881964 34.170912,50.881275 34.174119,50.873431 34.1799,50.871113 34.179958,50.86887 34.182462,50.866847 34.180967,50.866214 34.181189,50.86569 34.183106,50.864569 34.184943,50.863852 34.187414,50.858951 34.18797,50.85497 34.187496,50.852019 34.185005,50.850884 34.182596,50.850782 34.181213,50.847219 34.181708,50.845945 34.181154,50.844048 34.183992,50.842639 34.186236,50.840037 34.187453,50.840585 34.189529,50.840807 34.193056,50.838425 34.196026,50.837432 34.197572,50.836193 34.19936,50.835452 34.201963,50.835606 34.203736,50.834883 34.210114,50.833817 34.212486,50.834205 34.213967,50.833761 34.216156,50.834337 34.218906,50.835015 34.220458,50.836697 34.222235,50.837473 34.225618,50.836531 34.227575,50.833237 34.228053,50.827301 34.223515,50.822585 34.22199,50.817708 34.2814,50.80577 34.286387,50.809179 34.312325,50.830374 34.307707,50.833784 34.302307,50.833537 34.298624,50.835459 34.30139,50.838886 34.307718,50.841002 34.311219,50.839836 34.347333,50.834547 34.350551,50.83004 34.355764,50.829796 34.359948,50.827818 34.366254,50.828197 34.37771,50.823914 34.384358,50.823533 34.389323,50.822229 34.403029,50.824605 34.410534,50.832608 34.415932,50.834084 34.435431,50.834758 34.44913,50.838239 34.453903,50.841501 34.455831,50.84588 34.455206,50.862546 34.457048,50.865101 34.474467,50.872588 34.465026,50.886909 34.441339,50.895626 34.444574,50.897138 34.445894,50.899294 34.448876,50.898841 34.458625,50.910054 34.467827,50.915803 34.471244,50.915197 34.493395,50.967843 34.505767,50.98251 34.500289,50.98385 34.505136,51.010727 34.521331,51.004828 34.530658,51.004329 34.53765,51.034432 34.526465,51.039729 34.537062,51.05507 34.543858,51.084881 34.556338,51.086179 34.566998,51.097247 34.568664,51.100609 34.563807,51.102564 34.570916,51.106474 34.576558,51.114937 34.58887,51.111815 34.588785,51.123244 34.575566,51.126496 34.560462,51.139037 34.554928,51.146178 34.55317,51.145349 34.54648,51.150474 34.538548,51.154531 34.525031,51.164597 34.52546,51.168876 34.54404,51.178871 34.556399,51.178185 34.562864,51.173872 34.580659,51.183753 34.594457,51.197755 34.596582,51.199304 34.621226,51.183564 34.63821,51.185104 34.664045,51.19599 34.668232,51.19885 34.663015,51.245447 34.662757,51.247468 34.658723,51.24762 34.658143,51.247343 34.656895,51.247444 34.655716,51.247316 34.654851,51.247085 34.653152,51.247111 34.652333,51.247325 34.651794,51.247897 34.649507,51.248519 34.649373,51.248844 34.648812,51.249449 34.647737,51.249551 34.646535,51.2488 34.645913,51.248868 34.645076,51.249366 34.641771,51.24988 34.640735,51.249677 34.638383,51.249688 34.635392,51.250912 34.634276,51.250698 34.632173,51.250966 34.630059,51.251054 34.62706,51.250642 34.62385,51.250919 34.621326,51.250373 34.60989,51.251517 34.60507,51.254493 34.601592,51.254047 34.60105,51.252373 34.600878,51.247269 34.602166,51.246195 34.597445,51.245872 34.580708,51.233836 34.55513,51.244636 34.541123,51.252836 34.522984,51.252763 34.513345,51.242868 34.512697,51.241838 34.483515,51.244632 34.482017,51.246506 34.479567,51.247191 34.477285,51.2473 34.474981,51.248833 34.468385,51.251118 34.464919,51.251311 34.462285,51.25216 34.457934,51.254083 34.456501,51.255267 34.45554,51.256317 34.454977,51.257698 34.452654,51.259214 34.448352,51.260418 34.446441,51.261646 34.445539,51.261711 34.439013,51.256604 34.432354,51.258554 34.4155125,51.2621954 34.4095756,51.2617581 34.3990185,51.2624563 34.3951561,51.2607645 34.3909933,51.2606839 34.3898561,51.2588913 34.3764139,51.2575313 34.3655098,51.2546068 34.3597177,51.2505366 34.3507036,51.2529272 34.342941,51.247755 34.330798,51.24006 34.305762,51.238533</coordinates>
            </LinearRing>
          </outerBoundaryIs>
        </Polygon>
      </Placemark>
      <Placemark>
        <name>Sumy AFU</name>
        <ExtendedData>
          <Data name="descripción">
            <value />
          </Data>
          <Data name="description">
            <value />
          </Data>
        </ExtendedData>
        <Polygon>
          <outerBoundaryIs>
            <LinearRing>
              <tessellate>1</tessellate>
              <coordinates>34.14479,51.227004 34.147404,51.228745 34.147509,51.229508 34.148506,51.230373 34.148361,51.231558 34.147259,51.2325 34.14752,51.233017 34.148724,51.233696 34.149629,51.235262 34.15094,51.235588 34.153784,51.235348 34.156885,51.234355 34.157782,51.234666 34.1578,51.236514 34.159012,51.237814 34.159489,51.239243 34.15895,51.240213 34.157565,51.241288 34.156167,51.241544 34.155854,51.242101 34.155998,51.24281 34.1565,51.243057 34.157344,51.243035 34.160042,51.24086 34.161282,51.24081 34.162216,51.241194 34.161907,51.242062 34.160507,51.244081 34.16131,51.244902 34.164758,51.24577 34.167212,51.245908 34.168138,51.245413 34.168773,51.244682 34.169408,51.244434 34.170019,51.245254 34.168866,51.246792 34.168933,51.247427 34.169954,51.247717 34.172481,51.247433 34.174689,51.247344 34.176522,51.246494 34.178168,51.246337 34.179042,51.246557 34.179751,51.24868 34.182884,51.251206 34.18457,51.251065 34.186855,51.25028 34.188578,51.248544 34.192056,51.246145 34.193924,51.244542 34.19473,51.244493 34.195261,51.245033 34.193467,51.247264 34.193814,51.248406 34.195018,51.249407 34.197079,51.249854 34.198367,51.24919 34.199226,51.247516 34.199398,51.246571 34.200342,51.246367 34.201286,51.246695 34.201887,51.24842 34.204336,51.249983 34.208093,51.251113 34.2101,51.252108 34.210905,51.252942 34.21108,51.253941 34.210224,51.254709 34.208723,51.2552 34.206642,51.254694 34.205258,51.254763 34.205038,51.255416 34.205872,51.257004 34.207221,51.258378 34.209058,51.259526 34.211092,51.2601 34.213869,51.260494 34.214988,51.260207 34.216108,51.259384 34.218175,51.258865 34.22123,51.260118 34.222843,51.261443 34.223349,51.263394 34.22421,51.264345 34.225758,51.264652 34.22748,51.264513 34.228434,51.26386 34.228712,51.262553 34.229439,51.26257 34.230293,51.263143 34.230536,51.265222 34.230888,51.266907 34.232245,51.268434 34.233567,51.269117 34.233585,51.269928 34.231319,51.270925 34.230872,51.272 34.231336,51.273021 34.232619,51.273921 34.234934,51.274653 34.238172,51.274901 34.244912,51.27638 34.247809,51.276274 34.25091,51.27551 34.254536,51.282088 34.245273,51.284332 34.243559,51.284542 34.237877,51.292521 34.239543,51.293662 34.241706,51.293347 34.244591,51.294092 34.245185,51.296254 34.249704,51.296845 34.249754,51.298846 34.254825,51.299102 34.255117,51.301431 34.25816,51.302555 34.26365,51.298984 34.266166,51.298412 34.269914,51.307459 34.272196,51.314088 34.273139,51.314195 34.275756,51.313604 34.277236,51.312919 34.277406,51.312382 34.276246,51.31224 34.27631,51.311683 34.278196,51.310219 34.280594,51.310458 34.281792,51.310267 34.282276,51.31073 34.282289,51.311328 34.281544,51.312001 34.280971,51.313156 34.28091,51.314237 34.279968,51.316538 34.280056,51.317472 34.280538,51.318013 34.282619,51.319149 34.283474,51.320296 34.285142,51.321248 34.28968,51.322428 34.286772,51.327446 34.284893,51.330144 34.285184,51.330288 34.285861,51.330203 34.28567,51.330811 34.285075,51.331061 34.284226,51.331013 34.282465,51.333892 34.28261,51.334164 34.283004,51.33444 34.282976,51.334907 34.282586,51.335435 34.282816,51.335729 34.28732,51.339234 34.274921,51.340863 34.257926,51.345796 34.252348,51.345742 34.24531,51.348208 34.238443,51.346921 34.222993,51.342954 34.205398,51.341695 34.201021,51.33904 34.195604,51.336863 34.187353,51.329856 34.177986,51.328911 34.170164,51.322924 34.165422,51.320927 34.163713,51.319524 34.16046,51.318228 34.156005,51.317791 34.152923,51.317997 34.146776,51.319465 34.144627,51.319465 34.14321,51.318928 34.133231,51.313456 34.117935,51.306695 34.121486,51.305857 34.125464,51.303018 34.123949,51.302111 34.119545,51.303409 34.117893,51.300766 34.120044,51.299904 34.120307,51.297432 34.118601,51.297426 34.117937,51.296125 34.122335,51.296024 34.130081,51.297641 34.134588,51.297546 34.134159,51.293923 34.13639,51.293868 34.138707,51.295879 34.144243,51.294899 34.147548,51.29349 34.155326,51.293956 34.156641,51.292579 34.158156,51.291998 34.158641,51.291094 34.157032,51.290738 34.156902,51.287236 34.146173,51.288066 34.145826,51.2872 34.136378,51.286325 34.132073,51.284577 34.122363,51.283743 34.120333,51.282659 34.118819,51.28136 34.115448,51.281339 34.100122,51.281618 34.09081,51.273551 34.085533,51.271712 34.08369,51.270839 34.067665,51.268726 34.068891,51.264947 34.067396,51.264156 34.073986,51.25975 34.081604,51.253034 34.078161,51.253437 34.075412,51.252302 34.075089,51.24901 34.073908,51.248511 34.071804,51.253638 34.068194,51.254967 34.065084,51.254912 34.063458,51.253536 34.059092,51.246865 34.06182,51.24515 34.061081,51.24397 34.064719,51.242038 34.064252,51.23944 34.067007,51.232364 34.06837,51.232132 34.070935,51.232437 34.075034,51.233638 34.077053,51.235127 34.078088,51.236493 34.079298,51.236536 34.0801,51.235635 34.079615,51.233443 34.080018,51.232285 34.082368,51.231312 34.083379,51.231086 34.084456,51.230525 34.086266,51.230479 34.089629,51.231516 34.090433,51.232622 34.092126,51.234243 34.096114,51.234904 34.100484,51.23413 34.106736,51.234624 34.109969,51.23443 34.111285,51.233987 34.111758,51.232338 34.110767,51.23106 34.111321,51.230213 34.116377,51.22943 34.118421,51.228888 34.119078,51.22781 34.120093,51.227244 34.121287,51.227445 34.121881,51.227861 34.122079,51.229091 34.120931,51.230854 34.120126,51.232401 34.120255,51.232947 34.122358,51.233125 34.124374,51.232712 34.128148,51.231007 34.128505,51.230039 34.129634,51.228722 34.130692,51.228398 34.132135,51.228988 34.133236,51.229578 34.13326,51.230863 34.134442,51.231154 34.135453,51.231122 34.137694,51.230188 34.1384,51.228159 34.137722,51.22732 34.136357,51.227124 34.133714,51.227595 34.13246,51.227675 34.131841,51.22676 34.135067,51.2245 34.137655,51.223958 34.140601,51.22395 34.142286,51.223234 34.144197,51.222878 34.14479,51.227004</coordinates>
            </LinearRing>
          </outerBoundaryIs>
        </Polygon>
      </Placemark>
      <Placemark>
        <name>Kharkiv RUAF</name>
        <ExtendedData>
          <Data name="descripción">
            <value />
          </Data>
          <Data name="description">
            <value />
          </Data>
        </ExtendedData>
        <Polygon>
          <outerBoundaryIs>
            <LinearRing>
              <tessellate>1</tessellate>
              <coordinates>35.885824,50.4359 35.886964,50.435892 35.888448,50.434846 35.890465,50.434381 35.894714,50.434299 35.901408,50.433944 35.903211,50.433151 35.914015,50.430971 35.919755,50.430212 35.919991,50.427547 35.926342,50.427492 35.935312,50.428504 35.941406,50.430472 35.942785,50.431459 35.941504,50.433266 35.940621,50.433522 35.93858,50.433751 35.937481,50.433512 35.937256,50.433198 35.937472,50.432557 35.937561,50.431697 35.937017,50.431118 35.936237,50.430607 35.935455,50.430721 35.933964,50.430479 35.932667,50.430541 35.931927,50.431068 35.930234,50.432704 35.929827,50.433179 35.9284,50.433704 35.927896,50.434079 35.927792,50.434654 35.927343,50.43501 35.926232,50.435189 35.924417,50.435862 35.923406,50.43591 35.922734,50.436347 35.92204,50.437044 35.921261,50.437262 35.920711,50.437125 35.920232,50.436852 35.9201,50.436508 35.918354,50.435438 35.917434,50.435207 35.914969,50.435338 35.913405,50.434943 35.913286,50.434681 35.912759,50.434486 35.912134,50.434453 35.9114,50.43462 35.910876,50.435034 35.910793,50.435179 35.910563,50.435333 35.909958,50.435316 35.909483,50.435445 35.909203,50.435413 35.909009,50.435477 35.90876,50.435884 35.909032,50.436149 35.90909,50.436332 35.908935,50.436483 35.908711,50.436512 35.908627,50.436624 35.908804,50.436862 35.908728,50.437023 35.908158,50.437218 35.907567,50.437496 35.906888,50.437995 35.90505,50.43859 35.904324,50.438619 35.903452,50.438416 35.903038,50.438216 35.90147,50.438218 35.900566,50.438838 35.899701,50.438929 35.899002,50.438769 35.897796,50.438792 35.895836,50.438564 35.895199,50.438313 35.894912,50.437947 35.893972,50.437599 35.892968,50.437599 35.892222,50.437818 35.890953,50.437709 35.890153,50.438366 35.88926,50.438779 35.885824,50.4359</coordinates>
            </LinearRing>
          </outerBoundaryIs>
        </Polygon>
      </Placemark>
      <Placemark>
        <name>Luhansk RUAF</name>
        <ExtendedData>
          <Data name="descripción">
            <value />
          </Data>
          <Data name="description">
            <value />
          </Data>
        </ExtendedData>
        <Polygon>
          <outerBoundaryIs>
            <LinearRing>
              <tessellate>1</tessellate>
              <coordinates>40.028596,49.45365 40.018598,49.453753 39.992975,49.429203 39.965655,49.41849 39.947454,49.397931 39.865739,49.425927 39.81048,49.435725 39.781812,49.412578 39.769723,49.396969 39.683176,49.427916 39.674526,49.435836 39.624861,49.426282 39.571543,49.423022 39.486512,49.433408 39.46936,49.433145 39.440192,49.446544 39.41874,49.44961 39.397966,49.467625 39.371873,49.450311 39.35058,49.45674 39.337164,49.442128 39.326995,49.445408 39.314078,49.447572 39.276904,49.462605 39.267188,49.454591 39.260468,49.455935 39.249971,49.460849 39.239619,49.46175 39.202549,49.461391 39.19101,49.454201 39.175013,49.440091 39.082836,49.454959 39.059297,49.46355 39.032171,49.430941 39.006768,49.427313 38.980271,49.433807 38.887874,49.462385 38.866516,49.465766 38.864727,49.468031 38.852907,49.46988 38.798348,49.486952 38.737583,49.494298 38.702558,49.493795 38.685477,49.496176 38.657748,49.50725 38.645884,49.515125 38.598112,49.53068 38.54775,49.534291 38.528474,49.551554 38.46521,49.585506 38.351946,49.567439 38.386439,49.413061 38.472811,49.319389 38.47721,49.271235 38.581218,49.267278 38.589198,49.21387 38.605826,49.202657 38.673769,49.19683 38.670936,49.171032 38.654914,49.085283 38.647457,49.05193 38.644129,48.996074 38.741192,48.962244 38.754425,48.942814 38.765875,48.899043 38.79872,48.874683 38.845002,48.826054 38.875438,48.805888 38.870674,48.781044 38.744734,48.629528 38.715025,48.452747 38.666875,48.446729 38.612568,48.429301 38.527302,48.416076 38.496883,48.395077 38.493768,48.363108 38.471055,48.359804 38.47232,48.356048 38.465065,48.353444 38.463476,48.350448 38.43357,48.339913 38.438125,48.318575 38.437557,48.315751 38.435728,48.314996 38.433912,48.313733 38.433169,48.311186 38.431877,48.309631 38.428138,48.308619 38.427233,48.307036 38.429076,48.301563 38.430588,48.300622 38.433131,48.299966 38.433666,48.299283 38.433536,48.296832 38.432745,48.295782 38.429732,48.294515 38.42904,48.293539 38.429153,48.290474 38.428216,48.289593 38.425905,48.288826 38.424889,48.287979 38.424944,48.286815 38.425997,48.285974 38.427674,48.285147 38.428109,48.284351 38.427608,48.283387 38.426462,48.282309 38.426175,48.281459 38.426572,48.280745 38.427708,48.279658 38.428006,48.277886 38.434452,48.277744 38.440925,48.277336 38.479842,48.276238 38.483435,48.275292 38.48559,48.274331 38.487174,48.27421 38.488748,48.273495 38.489168,48.273477 38.48957,48.273568 38.490252,48.273559 38.490489,48.273291 38.490941,48.273066 38.491094,48.273238 38.491484,48.273252 38.491962,48.273152 38.492704,48.272795 38.493968,48.272823 38.494804,48.273023 38.498916,48.273115 38.500308,48.273721 38.500703,48.274242 38.500965,48.274275 38.50127,48.274135 38.501596,48.274096 38.501987,48.2741 38.502253,48.274206 38.502571,48.274165 38.502931,48.274024 38.503566,48.274013 38.504018,48.27376 38.504368,48.273735 38.504931,48.27384 38.505651,48.273806 38.535342,48.272123 38.539943,48.272146 38.54182,48.27194 38.543555,48.271985 38.545816,48.272558 38.545995,48.272869 38.546439,48.273089 38.547076,48.272952 38.549,48.273374 38.549921,48.273468 38.551229,48.273827 38.552216,48.274258 38.552558,48.27429 38.55294,48.274164 38.554113,48.274127 38.555792,48.274509 38.557766,48.274517 38.559267,48.274354 38.561112,48.273571 38.561967,48.272605 38.56291,48.272243 38.564024,48.271924 38.566318,48.270187 38.567225,48.269914 38.568198,48.269956 38.571358,48.268569 38.573561,48.268033 38.575034,48.267383 38.576605,48.265207 38.580904,48.263312 38.58692,48.258503 38.588193,48.256324 38.588199,48.254559 38.588728,48.253458 38.590385,48.2522 38.590437,48.251455 38.589469,48.249765 38.58931,48.248499 38.589624,48.247148 38.589392,48.245189 38.588323,48.243536 38.587705,48.241784 38.587857,48.240956 38.588009,48.240543 38.588376,48.240353 38.589091,48.239858 38.58921,48.239253 38.588835,48.238768 38.588074,48.238354 38.587624,48.237641 38.587753,48.237106 38.588204,48.236428 38.588494,48.235392 38.588612,48.2342 38.588969,48.233405 38.589212,48.233186 38.589183,48.233013 38.588788,48.232279 38.588811,48.230695 38.589444,48.228352 38.589149,48.227273 38.589283,48.226623 38.590817,48.225567 38.591879,48.224196 38.592141,48.223212 38.592829,48.22223 38.594418,48.221105 38.594721,48.220685 38.594726,48.219145 38.595032,48.217804 38.596232,48.216488 38.59801,48.215485 38.598949,48.214738 38.599287,48.214142 38.599796,48.213574 38.601673,48.212659 38.602864,48.212388 38.603593,48.212274 38.60396,48.211836 38.604263,48.211012 38.604126,48.210775 38.604226,48.210623 38.60488,48.210473 38.605435,48.209447 38.607218,48.208645 38.607826,48.208689 38.608133,48.208448 38.607975,48.207937 38.608075,48.207211 38.608303,48.206656 38.609731,48.205812 38.612868,48.204594 38.613495,48.204034 38.61325,48.203496 38.611804,48.202701 38.611036,48.201383 38.610954,48.199893 38.610766,48.199447 38.608551,48.197533 38.608027,48.195407 38.608524,48.1937 38.609481,48.193275 38.610774,48.193378 38.611038,48.19328 38.61132,48.192746 38.610734,48.189594 38.610227,48.188962 38.607784,48.188704 38.605447,48.188932 38.604708,48.188746 38.604535,48.188211 38.605006,48.186961 38.604833,48.186512 38.604188,48.186178 38.602662,48.18611 38.601522,48.185698 38.600874,48.184325 38.600054,48.183266 38.599873,48.182665 38.597838,48.182122 38.59752,48.18145 38.598255,48.180316 38.598691,48.17901 38.598446,48.178088 38.598718,48.177834 38.599913,48.177494 38.600125,48.177289 38.600121,48.17694 38.600544,48.176357 38.601978,48.176 38.602741,48.175401 38.602823,48.174672 38.601362,48.173163 38.601402,48.172512 38.602312,48.172032 38.605126,48.171526 38.610901,48.169645 38.613553,48.1697 38.614616,48.169525 38.61537,48.169147 38.616449,48.168506 38.622566,48.166684 38.632674,48.163115 38.636558,48.16155 38.638374,48.161599 38.639954,48.161375 38.641011,48.160628 38.643527,48.159423 38.646687,48.158289 38.647288,48.158292 38.647764,48.158158 38.648506,48.157328 38.649466,48.156822 38.650571,48.156611 38.652093,48.155846 38.652391,48.155518 38.652344,48.155177 38.651993,48.154495 38.652019,48.153789 38.652243,48.153036 38.652776,48.152561 38.65998,48.151353 38.665767,48.149644 38.671254,48.149052 38.675863,48.147884 38.67985,48.146171 38.683451,48.145232 38.684626,48.145503 38.685149,48.146297 38.685346,48.147081 38.686046,48.147487 38.687125,48.147432 38.688716,48.146517 38.690176,48.145773 38.69374,48.145287 38.70272,48.143136 38.712215,48.142632 38.71613,48.141812 38.720546,48.139233 38.72181,48.138544 38.725339,48.137699 38.727725,48.137491 38.728188,48.137356 38.728929,48.136864 38.732192,48.136171 38.735024,48.135123 38.737793,48.134218 38.73982,48.133933 38.741878,48.134326 38.742756,48.134773 38.743206,48.134853 38.743764,48.134736 38.744686,48.13479 38.745925,48.134731 38.748176,48.133935 38.750855,48.133239 38.751979,48.132823 38.752208,48.132414 38.75263,48.132048 38.755076,48.131495 38.7578,48.131171 38.759494,48.131276 38.760206,48.131824 38.760948,48.132063 38.761798,48.1319 38.762277,48.131534 38.762876,48.131326 38.763389,48.131046 38.7635,48.130513 38.763724,48.130296 38.764355,48.130114 38.765103,48.130237 38.765319,48.130627 38.765192,48.13116 38.765324,48.131468 38.765778,48.13161 38.766618,48.13161 38.759195,48.153524 38.762257,48.16076 38.766006,48.161354 38.765264,48.164147 38.787934,48.177055 38.795664,48.177706 38.805455,48.184364 38.824347,48.186358 38.839465,48.1943 38.843618,48.20872 38.841593,48.236181 38.867095,48.269156 38.848902,48.283912 38.819886,48.294501 38.810944,48.296703 38.809897,48.299361 38.816731,48.310615 38.829501,48.312648 38.83709,48.319942 38.838653,48.327128 38.85506,48.353691 38.854802,48.373298 38.865786,48.374867 38.857376,48.397994 38.884586,48.397306 38.914891,48.405957 38.963235,48.418864 38.979325,48.432444 38.982719,48.492372 38.993538,48.516568 38.992086,48.529124 38.997502,48.566231 39.008234,48.594452 39.020136,48.600732 39.023885,48.609623 39.024546,48.617606 39.039286,48.617192 39.049405,48.63026 39.046742,48.632257 39.061591,48.648319 39.040808,48.696799 39.056417,48.725302 39.049997,48.777176 39.054635,48.780519 39.09567,48.785214 39.243769,48.840595 39.29013,48.847883 39.312983,48.878165 39.317462,48.879157 39.343224,48.871114 39.374955,48.904582 39.398366,48.894649 39.43528,48.902201 39.458453,48.914198 39.486256,48.912812 39.551773,48.891859 39.568178,48.911402 39.64275,48.885784 39.655145,48.900336 39.705054,48.883106 39.712381,48.883928 39.719486,48.891439 39.778294,48.868965 39.81255,48.876078 39.81761,48.879411 39.823745,48.879496 39.825536,48.875001 39.82973,48.871409 39.920579,48.850145 39.917195,48.843673 39.936788,48.839195 39.938872,48.842624 39.966084,48.836001 39.974168,48.853483 39.994124,48.868104 39.974034,48.870812 39.962311,48.872756 39.958175,48.874828 39.957372,48.87472 39.954117,48.876261 39.952965,48.876504 39.942132,48.885461 39.941666,48.886254 39.940381,48.887243 39.936756,48.888626 39.936016,48.889346 39.932278,48.890863 39.930727,48.891138 39.929474,48.891951 39.928221,48.892481 39.927365,48.893371 39.92448,48.895446 39.922495,48.895559 39.920243,48.895461 39.889696,48.893136 39.876477,48.892374 39.870894,48.891659 39.860762,48.890832 39.860326,48.890502 39.859032,48.890581 39.858767,48.890773 39.858267,48.890895 39.855943,48.890718 39.85507,48.890911 39.853898,48.890921 39.85166,48.892903 39.845774,48.902845 39.845388,48.90279 39.844616,48.90241 39.843673,48.901416 39.842707,48.90106 39.84186,48.901094 39.841178,48.90152 39.840452,48.902537 39.839444,48.903088 39.838426,48.903137 39.836592,48.902792 39.834543,48.901516 39.833696,48.900804 39.834589,48.89743 39.835439,48.896876 39.836117,48.894474 39.835679,48.89244 39.834487,48.891749 39.833483,48.890127 39.832865,48.88811 39.830317,48.886728 39.827339,48.886362 39.826426,48.887809 39.827214,48.888984 39.827101,48.889651 39.825775,48.890967 39.825477,48.892176 39.825136,48.892566 39.82336,48.893021 39.821841,48.893928 39.82186,48.894437 39.820496,48.895256 39.818441,48.89568 39.818057,48.896569 39.818536,48.898774 39.819227,48.900061 39.819468,48.901998 39.819923,48.902989 39.818999,48.904006 39.819031,48.904341 39.819337,48.904593 39.820265,48.904986 39.819283,48.905329 39.819167,48.905493 39.818773,48.905558 39.818533,48.906271 39.819121,48.906831 39.819158,48.907041 39.819026,48.907407 39.819078,48.907823 39.818946,48.907923 39.818406,48.908009 39.817642,48.907891 39.816476,48.907867 39.815954,48.907688 39.81555,48.907753 39.815251,48.908095 39.815091,48.908541 39.814936,48.908708 39.814934,48.909052 39.814804,48.909203 39.814812,48.909353 39.814891,48.909385 39.814884,48.90946 39.814513,48.909617 39.8144,48.909909 39.814094,48.909975 39.813372,48.910386 39.813343,48.910488 39.813043,48.910497 39.812786,48.91045 39.812358,48.91068 39.810836,48.910971 39.810247,48.911474 39.809974,48.911513 39.809332,48.911925 39.80884,48.912069 39.808788,48.912276 39.808418,48.912514 39.808255,48.912703 39.80842,48.912946 39.808288,48.913187 39.807203,48.913738 39.80512,48.914592 39.803679,48.914722 39.801789,48.914668 39.800726,48.914436 39.799143,48.91439 39.798105,48.914114 39.7975,48.913584 39.797417,48.913094 39.79758,48.912623 39.797876,48.912268 39.797906,48.911773 39.797577,48.911187 39.797124,48.910838 39.796328,48.910649 39.795126,48.910646 39.793843,48.910961 39.793132,48.91143 39.793012,48.912024 39.793065,48.912265 39.793923,48.913689 39.793837,48.914275 39.793408,48.914765 39.792636,48.915066 39.791884,48.915231 39.791251,48.915158 39.790876,48.915001 39.788988,48.914719 39.788043,48.914712 39.785769,48.914948 39.783312,48.9151 39.782474,48.915361 39.781946,48.915757 39.781719,48.916216 39.781556,48.916928 39.781093,48.917548 39.778291,48.919438 39.777818,48.920067 39.777195,48.920542 39.776442,48.920856 39.775796,48.921529 39.775291,48.922197 39.77535,48.922447 39.774864,48.922994 39.774664,48.923289 39.774478,48.92417 39.774228,48.924769 39.774398,48.924964 39.774811,48.925049 39.775125,48.925027 39.775396,48.925147 39.775948,48.925281 39.776299,48.92546 39.776624,48.925682 39.777513,48.92589 39.777801,48.925872 39.77812,48.926077 39.778458,48.926091 39.778496,48.926415 39.77879,48.926524 39.779315,48.927228 39.779374,48.927795 39.778612,48.930057 39.778456,48.931399 39.778717,48.93239 39.779687,48.933691 39.781304,48.934412 39.783655,48.934825 39.786714,48.934682 39.788197,48.935114 39.789296,48.936217 39.790058,48.938283 39.789971,48.93899 39.788528,48.939858 39.786054,48.940867 39.785115,48.941643 39.784978,48.942496 39.785156,48.942796 39.784992,48.94318 39.78447,48.943428 39.783404,48.943485 39.781948,48.943064 39.781346,48.943111 39.780938,48.943376 39.780281,48.944252 39.778658,48.944569 39.778061,48.944854 39.777097,48.94518 39.776529,48.94578 39.776546,48.946446 39.776948,48.947056 39.77898,48.94862 39.779397,48.949353 39.779285,48.950001 39.778159,48.952029 39.778251,48.952487 39.777828,48.9541 39.777747,48.954854 39.777481,48.955289 39.77666,48.95576 39.774167,48.956147 39.770316,48.957244 39.76867,48.957511 39.768323,48.957613 39.767804,48.957574 39.76692,48.957887 39.766595,48.95806 39.766195,48.959022 39.766654,48.959879 39.766576,48.960468 39.766434,48.96081 39.765736,48.961117 39.763075,48.961145 39.762667,48.961349 39.762585,48.961816 39.762995,48.962459 39.762749,48.963005 39.76224,48.96325 39.761106,48.963401 39.760689,48.963645 39.760444,48.96389 39.760409,48.964345 39.760811,48.964804 39.761277,48.964888 39.761571,48.965057 39.761945,48.965112 39.762608,48.96556 39.763849,48.966515 39.76402,48.967232 39.76374,48.967802 39.763192,48.968228 39.762168,48.968399 39.76084,48.968231 39.760004,48.967822 39.759275,48.967118 39.758214,48.966956 39.757554,48.967101 39.756959,48.967696 39.756673,48.969971 39.756959,48.970292 39.757725,48.970269 39.759245,48.970539 39.760262,48.971238 39.760385,48.971841 39.759781,48.972353 39.758449,48.972821 39.758105,48.973308 39.758169,48.973932 39.758608,48.974427 39.758592,48.975492 39.758048,48.975954 39.757074,48.976049 39.75432,48.975747 39.752924,48.975911 39.752085,48.976244 39.75056,48.977408 39.749379,48.977884 39.748499,48.978725 39.748391,48.981608 39.748842,48.982441 39.749882,48.983393 39.751497,48.984109 39.751918,48.984086 39.75245,48.984286 39.753124,48.984921 39.753161,48.985605 39.751913,48.986623 39.749928,48.987131 39.746998,48.987329 39.746116,48.987077 39.745384,48.986759 39.744289,48.985826 39.743709,48.98554 39.741988,48.98513 39.738504,48.983352 39.735483,48.982416 39.732986,48.980595 39.732317,48.979319 39.730018,48.978324 39.729703,48.978034 39.730146,48.977241 39.730074,48.976842 39.728597,48.976063 39.726992,48.975988 39.725706,48.976803 39.725364,48.978421 39.723734,48.980293 39.721677,48.9815 39.719117,48.981703 39.717719,48.982177 39.717439,48.982647 39.717706,48.984065 39.717239,48.984914 39.716941,48.986255 39.716169,48.987643 39.713724,48.98983 39.712737,48.990078 39.712232,48.99038 39.711814,48.990737 39.711852,48.991318 39.711141,48.992044 39.710773,48.992123 39.710339,48.99245 39.709478,48.992613 39.708704,48.992455 39.707931,48.99256 39.707598,48.992844 39.70748,48.993354 39.70783,48.993914 39.708416,48.994404 39.708344,48.994652 39.707521,48.995533 39.706444,48.996016 39.705926,48.996612 39.705352,48.997812 39.703843,48.999327 39.701779,49.000042 39.699888,49.00078 39.699169,49.000936 39.698235,49.000895 39.696894,49.000263 39.69647,48.999531 39.692119,48.995745 39.687432,48.994636 39.682352,48.991948 39.676144,48.99016 39.673175,48.992385 39.663745,49.000748 39.663776,49.001184 39.670713,49.003418 39.67534,49.009573 39.675358,49.010202 39.676792,49.01114 39.676291,49.013756 39.674303,49.014205 39.673687,49.014655 39.672779,49.016834 39.674016,49.019323 39.676657,49.021322 39.67727,49.023658 39.676739,49.024924 39.676796,49.026781 39.677454,49.027626 39.679423,49.028477 39.680834,49.028738 39.681583,49.02929 39.682632,49.029842 39.682973,49.030339 39.682886,49.031107 39.682692,49.031492 39.681844,49.03212 39.680691,49.033011 39.68065,49.033287 39.68091,49.033536 39.682212,49.033691 39.683341,49.033564 39.6849,49.033888 39.685121,49.034148 39.685125,49.034743 39.684762,49.035462 39.684687,49.036863 39.684285,49.037549 39.683033,49.038624 39.682428,49.038809 39.681675,49.038607 39.681223,49.038404 39.680656,49.037898 39.679556,49.037701 39.678921,49.037898 39.678775,49.038179 39.679187,49.038573 39.679018,49.038946 39.678635,49.039319 39.677093,49.039495 39.676066,49.039474 39.674871,49.03922 39.673718,49.039361 39.673338,49.039587 39.677173,49.041969 39.68036,49.044665 39.682056,49.04578 39.692594,49.050374 39.707836,49.048382 39.723044,49.04492 39.738524,49.042719 39.741516,49.041952 39.765928,49.040146 39.766655,49.040116 39.774118,49.042648 39.77695,49.043871 39.788708,49.050333 39.798129,49.056615 39.802187,49.058594 39.808248,49.05804 39.812013,49.057891 39.817485,49.057422 39.823662,49.057698 39.846813,49.061212 39.879448,49.06428 39.88081,49.064231 39.90968,49.057544 39.937975,49.056452 39.942224,49.069526 39.942332,49.071726 39.938492,49.082478 39.945389,49.089855 39.958728,49.10557 39.972016,49.124361 39.99725,49.148366 40.002377,49.151461 40.010573,49.160927 40.020403,49.169052 40.025073,49.173801 40.030537,49.179372 40.077692,49.187293 40.093351,49.202886 40.108473,49.211395 40.123303,49.231014 40.136744,49.239586 40.138145,49.239814 40.176937,49.237301 40.188297,49.238393 40.208032,49.242035 40.214906,49.245775 40.21968,49.256714 40.220548,49.258619 40.219185,49.263548 40.217369,49.265616 40.185892,49.281794 40.185765,49.28447 40.185394,49.286277 40.182977,49.288328 40.179873,49.292786 40.179118,49.294718 40.17978,49.295334 40.178701,49.295951 40.17876,49.296852 40.184165,49.301928 40.18399,49.303869 40.187161,49.307611 40.188696,49.3115 40.189414,49.317961 40.194125,49.330127 40.195574,49.337257 40.196078,49.342876 40.195436,49.345666 40.192436,49.348396 40.183429,49.351282 40.180301,49.352938 40.176057,49.356326 40.170796,49.356213 40.169439,49.356686 40.164864,49.360598 40.164978,49.361378 40.161902,49.364646 40.163493,49.365506 40.163152,49.367119 40.161631,49.369058 40.158564,49.371304 40.155668,49.373005 40.143512,49.37848 40.142256,49.378646 40.129044,49.382501 40.114852,49.385364 40.113234,49.385922 40.105598,49.391562 40.096415,49.396854 40.078387,49.409226 40.077246,49.410232 40.063912,49.429191 40.047316,49.444503 40.028596,49.45365</coordinates>
            </LinearRing>
          </outerBoundaryIs>
        </Polygon>
      </Placemark>
      <Placemark>
        <name>Luhansk RUAF</name>
        <ExtendedData>
          <Data name="descripción">
            <value />
          </Data>
          <Data name="description">
            <value />
          </Data>
        </ExtendedData>
        <Polygon>
          <outerBoundaryIs>
            <LinearRing>
              <tessellate>1</tessellate>
              <coordinates>39.981505,48.251538 39.984313,48.255327 39.977841,48.278809 39.971374,48.284688 39.975783,48.293132 39.97371,48.300984 39.970911,48.302762 39.971128,48.30236 39.970872,48.301482 39.970572,48.301192 39.970218,48.300512 39.970209,48.300256 39.970521,48.299436 39.970448,48.29898 39.970153,48.298784 39.969137,48.298743 39.967631,48.299115 39.966739,48.299622 39.966121,48.299861 39.965149,48.299772 39.963623,48.299252 39.962753,48.299185 39.960579,48.299444 39.960008,48.299388 39.959392,48.299097 39.958863,48.298377 39.958577,48.298194 39.95795,48.298185 39.957201,48.298494 39.956047,48.2993 39.955778,48.299553 39.955745,48.300146 39.955986,48.30045 39.956546,48.300801 39.956795,48.301291 39.95664,48.302456 39.956734,48.302772 39.956641,48.303125 39.956145,48.303524 39.954866,48.303937 39.953948,48.304072 39.952676,48.303915 39.951769,48.303469 39.951562,48.302636 39.951752,48.30194 39.952156,48.301074 39.951986,48.30036 39.951645,48.300033 39.949858,48.299494 39.949551,48.299127 39.949582,48.298779 39.95033,48.298281 39.950567,48.297988 39.950739,48.297694 39.950698,48.297436 39.95038,48.297191 39.949279,48.296903 39.94873,48.29667 39.948396,48.296281 39.948415,48.295506 39.948576,48.294711 39.94843,48.2944 39.948046,48.294244 39.94689,48.294024 39.946482,48.293875 39.94587,48.292844 39.944652,48.292179 39.943934,48.292094 39.943217,48.292167 39.941716,48.292939 39.941331,48.292955 39.940654,48.29257 39.939962,48.292592 39.938274,48.292153 39.937849,48.292234 39.937574,48.292214 39.93694,48.291716 39.936541,48.291032 39.936557,48.289525 39.936829,48.288852 39.936994,48.287964 39.93674,48.287148 39.936315,48.286204 39.936174,48.28531 39.935396,48.28422 39.934846,48.283718 39.934206,48.283531 39.933435,48.283709 39.932943,48.283769 39.932117,48.283634 39.931248,48.283542 39.930454,48.283287 39.930044,48.282924 39.930085,48.282607 39.930384,48.282398 39.930824,48.281994 39.931805,48.281414 39.932682,48.281081 39.933636,48.280879 39.934316,48.280563 39.934882,48.280042 39.934982,48.279638 39.934872,48.279293 39.934548,48.279099 39.934075,48.27911 39.933023,48.279293 39.93269,48.279242 39.932417,48.279102 39.932122,48.278456 39.931775,48.278266 39.931557,48.278005 39.929847,48.277887 39.929554,48.277811 39.928496,48.277082 39.927679,48.276128 39.926969,48.275018 39.926405,48.27448 39.925798,48.273957 39.925631,48.273648 39.925687,48.273415 39.925886,48.273013 39.925986,48.272555 39.925875,48.272097 39.925734,48.271982 39.925567,48.271768 39.925097,48.271532 39.924132,48.271364 39.923092,48.271295 39.921483,48.271604 39.92083,48.271681 39.920321,48.271627 39.919691,48.271307 39.918969,48.270605 39.91865,48.270425 39.916431,48.269842 39.915611,48.269722 39.914815,48.269712 39.914363,48.269835 39.914288,48.269976 39.914325,48.27021 39.915009,48.271299 39.915027,48.271644 39.914878,48.271822 39.9146,48.271986 39.91415,48.271957 39.913871,48.271864 39.91297,48.271174 39.912557,48.271045 39.911672,48.271008 39.910803,48.271172 39.910379,48.271482 39.910285,48.271751 39.910513,48.272078 39.911771,48.272825 39.91225,48.273734 39.912042,48.274222 39.911663,48.274767 39.911477,48.275369 39.912285,48.276584 39.911911,48.27862 39.912014,48.278752 39.912803,48.278885 39.912764,48.279909 39.912552,48.280921 39.912242,48.283012 39.911953,48.284261 39.911962,48.284853 39.912078,48.285878 39.911916,48.286231 39.912109,48.287371 39.91249,48.287778 39.912849,48.287927 39.91301,48.288341 39.912578,48.289891 39.912501,48.290488 39.911888,48.291142 39.910788,48.291144 39.910085,48.29165 39.908953,48.294126 39.904924,48.297542 39.900887,48.299585 39.89005,48.303454 39.888761,48.303776 39.887918,48.303947 39.887477,48.30419 39.887223,48.304443 39.887226,48.304704 39.887647,48.306077 39.888163,48.307288 39.888137,48.307416 39.887818,48.308143 39.887573,48.308542 39.887289,48.308824 39.887013,48.308979 39.886704,48.309035 39.885991,48.309103 39.885618,48.309208 39.883948,48.309381 39.881017,48.309292 39.877099,48.309275 39.876581,48.309373 39.875397,48.309436 39.867798,48.309416 39.86594,48.309164 39.865348,48.308754 39.858545,48.30872 39.858013,48.308984 39.857849,48.309188 39.857707,48.30927 39.856988,48.309288 39.856345,48.309241 39.856051,48.309012 39.85386,48.309243 39.851101,48.309341 39.850129,48.309307 39.845506,48.309714 39.843003,48.309904 39.841577,48.310108 39.8413,48.31019 39.841115,48.310962 39.842085,48.317297 39.842196,48.319748 39.841994,48.3223 39.841577,48.324538 39.841583,48.325616 39.840802,48.328734 39.841187,48.328887 39.844834,48.329325 39.845231,48.32958 39.845456,48.330177 39.845433,48.332313 39.846955,48.333118 39.848477,48.333494 39.859418,48.334434 39.864608,48.334602 39.877495,48.333991 39.918637,48.341735 39.91887,48.347176 39.931604,48.34907 39.937749,48.348488 39.943378,48.348306 39.94485,48.350235 39.945936,48.352249 39.946918,48.353784 39.947088,48.354594 39.946614,48.35492 39.942683,48.354636 39.941565,48.354987 39.941408,48.356705 39.942172,48.357525 39.941804,48.358242 39.941891,48.358712 39.941817,48.359025 39.941626,48.359181 39.9409,48.359352 39.940742,48.359872 39.940347,48.360293 39.93977,48.360434 39.939513,48.360626 39.939524,48.360908 39.939486,48.361333 39.939221,48.361546 39.939271,48.36181 39.939596,48.362041 39.939664,48.362301 39.939312,48.362619 39.93939,48.36338 39.939825,48.363682 39.940882,48.365124 39.938038,48.366256 39.935651,48.368903 39.934754,48.370962 39.935058,48.373363 39.939976,48.378657 39.942649,48.383327 39.942655,48.385491 39.941756,48.386744 39.940469,48.387549 39.93914,48.387755 39.937467,48.387334 39.936061,48.386502 39.934656,48.384588 39.932693,48.378169 39.930253,48.3761 39.92704,48.375171 39.92312,48.37536 39.920401,48.376404 39.917681,48.379159 39.916407,48.381848 39.915991,48.38522 39.915276,48.386438 39.912844,48.3876 39.908394,48.38859 39.906427,48.389627 39.906001,48.391086 39.907034,48.392317 39.909063,48.393087 39.915353,48.394115 39.917489,48.395127 39.918643,48.396916 39.918147,48.398978 39.915796,48.40095 39.912802,48.401696 39.909294,48.402124 39.907197,48.402852 39.906302,48.403778 39.905919,48.405133 39.906608,48.407741 39.911009,48.412628 39.912437,48.416211 39.91225,48.419454 39.910204,48.42203 39.908322,48.423176 39.900215,48.426397 39.897362,48.428064 39.894971,48.430578 39.888883,48.442256 39.889275,48.443083 39.891145,48.443866 39.896706,48.444308 39.898177,48.445051 39.898459,48.446936 39.897907,48.447914 39.895087,48.449076 39.889446,48.449946 39.883586,48.452482 39.879324,48.455258 39.8744,48.457403 39.856942,48.464044 39.851158,48.467468 39.846999,48.472693 39.845735,48.475277 39.84562,48.477054 39.846277,48.483099 39.84785,48.485914 39.847733,48.488074 39.847508,48.494472 39.846515,48.49868 39.847025,48.501438 39.848708,48.502818 39.852039,48.503536 39.854219,48.503156 39.856125,48.501885 39.85858,48.501364 39.862322,48.502093 39.865604,48.504226 39.866931,48.50633 39.867012,48.508718 39.864218,48.514547 39.863541,48.518378 39.86213,48.520492 39.862177,48.523743 39.86032,48.5279 39.856129,48.53427 39.855278,48.536715 39.855114,48.539302 39.856888,48.543125 39.85666,48.545519 39.853756,48.549244 39.852518,48.553067 39.853212,48.555072 39.855334,48.558815 39.855235,48.560858 39.851324,48.566963 39.847178,48.570611 39.841757,48.573032 39.832566,48.574952 39.826683,48.576834 39.825005,48.57707 39.820625,48.578925 39.820709,48.579597 39.823969,48.580785 39.825943,48.582486 39.8262,48.584245 39.825341,48.585721 39.824096,48.586459 39.822529,48.586686 39.820115,48.586118 39.816443,48.584599 39.812976,48.583882 39.809552,48.583875 39.804959,48.58506 39.803627,48.586018 39.800879,48.589133 39.796758,48.59157 39.793989,48.592605 39.789761,48.593298 39.784382,48.593166 39.773766,48.592352 39.772636,48.592133 39.771557,48.591115 39.770674,48.589102 39.769619,48.58777 39.766774,48.586302 39.76469,48.585864 39.760717,48.58429 39.757315,48.583788 39.754241,48.582883 39.753416,48.582257 39.75208,48.582043 39.750855,48.582334 39.750402,48.583816 39.750983,48.587504 39.750085,48.589768 39.748114,48.590613 39.746013,48.590609 39.744341,48.590152 39.741214,48.588151 39.738688,48.587001 39.736255,48.586179 39.732105,48.58581 39.725031,48.586606 39.723165,48.58614 39.721728,48.584992 39.716,48.585349 39.714209,48.585272 39.704001,48.587817 39.701259,48.587977 39.695639,48.586787 39.691564,48.58642 39.6899,48.586876 39.688318,48.586748 39.687237,48.587005 39.686826,48.587772 39.686835,48.58841 39.687182,48.588886 39.686841,48.58955 39.686243,48.589901 39.685205,48.589944 39.683055,48.591357 39.683225,48.59229 39.682859,48.592686 39.681978,48.592741 39.680522,48.592544 39.679324,48.591778 39.679477,48.590771 39.679103,48.590225 39.678422,48.590066 39.677742,48.59019 39.676316,48.591029 39.675667,48.592385 39.675407,48.593745 39.676092,48.594737 39.677851,48.5958 39.678367,48.595874 39.678882,48.595684 39.679569,48.595636 39.680214,48.595982 39.680516,48.596655 39.680001,48.597374 39.679444,48.597753 39.678395,48.598148 39.677175,48.598315 39.675914,48.597913 39.675211,48.596914 39.673784,48.596009 39.671976,48.5955 39.670726,48.595558 39.669493,48.596028 39.668876,48.596518 39.668154,48.598184 39.668157,48.599741 39.668074,48.601156 39.668961,48.602076 39.670982,48.603256 39.671262,48.603703 39.670673,48.604495 39.669526,48.604946 39.667212,48.605174 39.6658,48.605119 39.664734,48.60481 39.663539,48.604927 39.661619,48.605738 39.661128,48.606274 39.66099,48.607039 39.660595,48.60735 39.660533,48.608156 39.660643,48.609259 39.661494,48.610974 39.663806,48.613103 39.663846,48.613841 39.66483,48.615828 39.666964,48.620198 39.667747,48.621235 39.670166,48.623414 39.672757,48.625308 39.6798,48.629409 39.684106,48.63158 39.68673,48.632452 39.688041,48.63306 39.688923,48.633725 39.689976,48.634957 39.690557,48.635395 39.692336,48.635921 39.693514,48.636617 39.694284,48.63798 39.693906,48.642854 39.69334,48.643506 39.692301,48.644214 39.691512,48.645006 39.691263,48.646095 39.692083,48.647745 39.692903,48.648885 39.693352,48.649081 39.693758,48.649475 39.694312,48.649696 39.697044,48.650922 39.699462,48.652466 39.700883,48.652801 39.702644,48.653578 39.703332,48.654377 39.70432,48.655035 39.705059,48.656357 39.706279,48.656959 39.706783,48.656703 39.708832,48.65469 39.70947,48.654512 39.710194,48.654589 39.711047,48.655574 39.711299,48.656984 39.710375,48.658045 39.709699,48.659894 39.709538,48.662112 39.71076,48.664144 39.711269,48.66729 39.710853,48.667796 39.710195,48.668034 39.708943,48.6678 39.70709,48.666913 39.705126,48.666965 39.70445,48.666649 39.703709,48.666687 39.702944,48.667157 39.702455,48.668285 39.701751,48.669214 39.701952,48.669946 39.702453,48.670594 39.703954,48.6715 39.707815,48.672803 39.711444,48.674308 39.712755,48.675417 39.71349,48.677068 39.714273,48.680312 39.716806,48.681451 39.721571,48.682363 39.72286,48.683332 39.723205,48.68396 39.722524,48.685002 39.71871,48.687403 39.716975,48.689397 39.716837,48.690196 39.71687,48.690938 39.71834,48.692443 39.718431,48.693167 39.716246,48.694407 39.716054,48.695282 39.716516,48.695748 39.717407,48.696157 39.719918,48.696902 39.720095,48.697718 39.718469,48.70046 39.718137,48.702319 39.717756,48.702711 39.716964,48.702793 39.716431,48.702536 39.715148,48.70086 39.714381,48.70043 39.71275,48.700551 39.711849,48.700963 39.71069,48.701999 39.707085,48.703561 39.704681,48.706316 39.704649,48.707415 39.705134,48.708185 39.706306,48.709466 39.706964,48.711312 39.707449,48.712026 39.708536,48.712169 39.709852,48.71173 39.711168,48.711632 39.711697,48.712016 39.712054,48.7124 39.71181,48.714246 39.712274,48.71513 39.712223,48.71556 39.711593,48.715977 39.709089,48.716412 39.707358,48.717129 39.707199,48.718367 39.704331,48.71992 39.704294,48.72085 39.705768,48.721501 39.706489,48.721257 39.707167,48.720673 39.70745,48.720014 39.708702,48.719886 39.709918,48.721018 39.709669,48.723538 39.710615,48.724861 39.711647,48.725562 39.712764,48.725824 39.715256,48.727699 39.719627,48.728675 39.720723,48.728574 39.721657,48.727617 39.72159,48.726656 39.720407,48.725921 39.720531,48.725302 39.721263,48.725155 39.72247,48.725259 39.724196,48.726145 39.726534,48.728824 39.725965,48.729455 39.723405,48.730478 39.722734,48.731813 39.723141,48.733388 39.725534,48.737265 39.725062,48.740375 39.726384,48.740889 39.728504,48.741005 39.73114,48.741857 39.731822,48.742864 39.732248,48.744437 39.733441,48.744923 39.734918,48.744417 39.736652,48.7434 39.738747,48.743292 39.739417,48.743812 39.73953,48.744798 39.738785,48.747313 39.737037,48.748664 39.736586,48.749958 39.736651,48.752157 39.735863,48.753435 39.736362,48.754374 39.737617,48.75546 39.738186,48.7568 39.737998,48.758036 39.737561,48.758456 39.73657,48.758496 39.735817,48.75928 39.73575,48.759894 39.735968,48.760341 39.736129,48.760679 39.735733,48.761017 39.735884,48.761325 39.736662,48.761595 39.736925,48.762573 39.736498,48.763288 39.736692,48.764033 39.736424,48.764391 39.736542,48.764636 39.737059,48.764937 39.738968,48.766613 39.739933,48.766567 39.741103,48.766064 39.742143,48.766182 39.744332,48.767335 39.745888,48.767399 39.748602,48.767095 39.751016,48.767554 39.75343,48.767873 39.75404,48.768111 39.754908,48.76818 39.755613,48.76795 39.756117,48.767118 39.756664,48.766484 39.758228,48.765867 39.759043,48.765 39.760287,48.764076 39.76153,48.763756 39.764866,48.763853 39.766175,48.76433 39.767773,48.765523 39.76847,48.766292 39.768631,48.767882 39.768604,48.768988 39.768247,48.769767 39.767826,48.770223 39.765902,48.770991 39.764536,48.770938 39.763685,48.770998 39.762885,48.771608 39.762486,48.772224 39.762429,48.772756 39.76354,48.774186 39.764006,48.774598 39.765497,48.77528 39.765685,48.775848 39.7655,48.778012 39.765787,48.778706 39.767042,48.779636 39.768169,48.78 39.769725,48.780972 39.770435,48.781695 39.770801,48.78253 39.771619,48.783438 39.773513,48.784461 39.775842,48.784498 39.778385,48.785073 39.780778,48.786807 39.78085,48.787141 39.780794,48.787391 39.781411,48.788823 39.782957,48.790211 39.783902,48.791739 39.783462,48.793014 39.78408,48.793764 39.784416,48.794658 39.78501,48.795581 39.785555,48.79802 39.785545,48.79929 39.78532,48.800617 39.782729,48.803492 39.780395,48.806255 39.779934,48.807229 39.779891,48.808813 39.779719,48.809662 39.77959,48.810512 39.779934,48.811983 39.781436,48.813414 39.782509,48.814166 39.782788,48.814653 39.784483,48.816525 39.784742,48.816537 39.784959,48.816379 39.785006,48.816177 39.785486,48.816083 39.786189,48.816235 39.786484,48.816641 39.78635,48.817188 39.786794,48.817488 39.787284,48.81826 39.787047,48.819569 39.785942,48.821226 39.785067,48.822592 39.785038,48.823332 39.785602,48.824506 39.786743,48.825009 39.788094,48.824942 39.7888,48.824592 39.789399,48.824598 39.789652,48.824328 39.789986,48.823195 39.790908,48.82278 39.79175,48.822663 39.793494,48.822856 39.794998,48.823214 39.797104,48.824165 39.797622,48.824734 39.797796,48.825248 39.797318,48.826015 39.796392,48.826667 39.793397,48.82825 39.792972,48.828067 39.791901,48.82823 39.791646,48.828364 39.791339,48.829075 39.791872,48.830433 39.791762,48.832441 39.792016,48.833987 39.791326,48.835363 39.791537,48.836004 39.792608,48.836692 39.795075,48.836951 39.796126,48.837634 39.796144,48.838488 39.795981,48.839212 39.796205,48.839822 39.796847,48.840391 39.800064,48.842569 39.80079,48.84283 39.803051,48.84297 39.804106,48.843718 39.804655,48.843724 39.805447,48.843281 39.806229,48.841874 39.806067,48.841511 39.806473,48.840827 39.80777,48.840189 39.808423,48.839749 39.807658,48.838448 39.827678,48.831653 39.831505,48.83328 39.88509,48.821379 39.936307,48.800857 39.956926,48.798447 39.976341,48.793884 40.07932,48.869754 40.072195,48.876378 40.069384,48.880402 40.056956,48.908017 40.05508,48.910575 40.054207,48.910317 40.053405,48.9103 40.052167,48.910701 40.051386,48.910618 40.050433,48.910253 40.048698,48.9102 40.047827,48.910892 40.046512,48.91121 40.046025,48.911535 40.045368,48.912368 40.045289,48.912905 40.045636,48.913442 40.045638,48.914034 40.045231,48.914232 40.044266,48.914147 40.041409,48.91479 40.039495,48.914868 40.038355,48.914214 40.0376,48.913418 40.036789,48.913482 40.035954,48.914036 40.036095,48.914651 40.036508,48.915339 40.036,48.91573 40.034566,48.915742 40.033559,48.915381 40.032552,48.914767 40.030252,48.914861 40.02924,48.91504 40.027208,48.912648 40.016423,48.904388 40.015938,48.902168 40.003591,48.90139 39.994124,48.868104 39.974168,48.853483 39.966084,48.836001 39.938872,48.842624 39.936788,48.839195 39.917195,48.843673 39.920579,48.850145 39.860773,48.863997 39.82973,48.871409 39.825536,48.875001 39.823745,48.879496 39.81761,48.879411 39.81255,48.876078 39.778294,48.868965 39.719486,48.891439 39.712381,48.883928 39.705054,48.883106 39.655145,48.900336 39.64275,48.885784 39.568178,48.911402 39.551773,48.891859 39.486256,48.912812 39.458453,48.914198 39.43528,48.902201 39.398366,48.894649 39.374955,48.904582 39.343224,48.871114 39.317462,48.879157 39.312983,48.878165 39.29013,48.847883 39.243769,48.840595 39.09567,48.785214 39.054635,48.780519 39.049997,48.777176 39.056417,48.725302 39.040808,48.696799 39.061591,48.648319 39.046742,48.632257 39.049405,48.63026 39.039286,48.617192 39.024546,48.617606 39.023885,48.609623 39.020136,48.600732 39.008234,48.594452 38.997502,48.566231 38.992086,48.529124 38.993538,48.516568 38.982719,48.492372 38.979325,48.432444 38.963235,48.418864 38.914891,48.405957 38.884586,48.397306 38.857376,48.397994 38.865786,48.374867 38.854802,48.373298 38.85506,48.353691 38.843651,48.333172 38.838653,48.327128 38.83709,48.319942 38.829501,48.312648 38.816731,48.310615 38.809897,48.299361 38.810944,48.296703 38.819886,48.294501 38.848902,48.283912 38.867095,48.269156 38.841593,48.236181 38.843618,48.20872 38.839465,48.1943 38.824347,48.186358 38.805455,48.184364 38.795664,48.177706 38.787934,48.177055 38.765264,48.164147 38.766006,48.161354 38.762257,48.16076 38.759195,48.153524 38.766618,48.13161 38.767064,48.131358 38.767446,48.130892 38.767664,48.130344 38.76809,48.130107 38.768524,48.130034 38.769606,48.13016 38.770418,48.12994 38.771033,48.12947 38.771542,48.127836 38.772433,48.126896 38.773227,48.12659 38.774118,48.126485 38.774676,48.126666 38.77501,48.127315 38.776205,48.128369 38.776873,48.129094 38.777842,48.129704 38.779228,48.129954 38.780399,48.129658 38.780841,48.128832 38.780823,48.127523 38.7804,48.127025 38.780842,48.126401 38.78166,48.126156 38.782906,48.12617 38.7857,48.125509 38.789399,48.124188 38.790631,48.122683 38.791526,48.122002 38.793322,48.121522 38.794456,48.120962 38.795139,48.1201 38.796122,48.119211 38.797736,48.118548 38.800379,48.117915 38.802111,48.11793 38.803515,48.118476 38.804263,48.118451 38.804859,48.1182 38.807107,48.11825 38.80911,48.119292 38.810262,48.119312 38.811461,48.119035 38.811652,48.118123 38.8112,48.117211 38.811436,48.116923 38.81532,48.116019 38.819633,48.11566 38.81347,48.101602 38.806608,48.087946 38.807844,48.087652 38.80857,48.087047 38.814067,48.085241 38.817988,48.084472 38.818608,48.08388 38.818584,48.083001 38.816948,48.082017 38.815167,48.082211 38.808732,48.077897 38.805429,48.078442 38.804486,48.078414 38.799473,48.074662 38.807152,48.069347 38.812641,48.067158 38.814051,48.067153 38.816233,48.066346 38.817827,48.0656 38.818979,48.066479 38.82167,48.070618 38.821344,48.071067 38.827166,48.076761 38.829419,48.07635 38.837122,48.082954 38.837261,48.086149 38.846044,48.101051 38.880039,48.096531 38.970318,48.081734 39.108688,48.051822 39.134315,48.053383 39.138528,48.07405 39.15888,48.1046 39.195225,48.105998 39.254117,48.113702 39.282368,48.137131 39.347699,48.115853 39.381025,48.149576 39.458162,48.192584 39.48307,48.191379 39.507288,48.18582 39.500807,48.22116 39.599774,48.205307 39.634964,48.19691 39.666329,48.25788 39.680323,48.260878 39.765017,48.250376 39.904014,48.251854 39.96963,48.250214 39.981505,48.251538</coordinates>
            </LinearRing>
          </outerBoundaryIs>
        </Polygon>
      </Placemark>
      <Placemark>
        <name>Luhansk RUAF</name>
        <ExtendedData>
          <Data name="descripción">
            <value />
          </Data>
          <Data name="description">
            <value />
          </Data>
        </ExtendedData>
        <Polygon>
          <outerBoundaryIs>
            <LinearRing>
              <tessellate>1</tessellate>
              <coordinates>39.349053,47.866914 39.349096,47.869749 39.348538,47.870865 39.348452,47.871405 39.354031,47.872585 39.355962,47.872585 39.387462,47.871088 39.40536,47.841026 39.413704,47.830136 39.42242,47.833261 39.424341,47.835589 39.426348,47.836879 39.429332,47.837214 39.431009,47.837537 39.431828,47.837828 39.432371,47.838146 39.432529,47.838204 39.432759,47.838155 39.433043,47.838142 39.433177,47.838211 39.433096,47.838345 39.433279,47.838526 39.433449,47.838732 39.433591,47.838738 39.434334,47.838686 39.434904,47.838674 39.435207,47.838734 39.436381,47.839192 39.436675,47.839268 39.43662,47.84032 39.436015,47.841516 39.436362,47.842951 39.436203,47.843553 39.436302,47.84414 39.435365,47.844245 39.433913,47.84651 39.440901,47.854912 39.442325,47.855229 39.442685,47.8556 39.443003,47.855855 39.443642,47.855895 39.444496,47.855732 39.444924,47.855777 39.445138,47.855908 39.445479,47.855911 39.445777,47.855813 39.44586,47.855629 39.44598,47.85541 39.446262,47.855231 39.446699,47.854615 39.44667,47.854074 39.44644,47.853711 39.446232,47.853333 39.446023,47.853129 39.445491,47.852915 39.445326,47.852719 39.445427,47.852556 39.445972,47.852316 39.446628,47.852519 39.447138,47.852296 39.447983,47.85217 39.448228,47.851943 39.448423,47.85193 39.448686,47.85208 39.449572,47.852417 39.449884,47.852486 39.449858,47.852557 39.449767,47.852642 39.449822,47.852768 39.450704,47.853162 39.451371,47.853901 39.451759,47.854 39.452899,47.854573 39.453523,47.855048 39.454125,47.855277 39.455103,47.855326 39.455716,47.855217 39.456119,47.855336 39.456716,47.855382 39.457007,47.855561 39.457502,47.855574 39.457782,47.855516 39.458254,47.855602 39.458825,47.855874 39.460018,47.85721 39.461374,47.857666 39.461507,47.858053 39.462306,47.858843 39.463597,47.85905 39.463902,47.859012 39.464089,47.859108 39.464148,47.859348 39.464608,47.859626 39.465123,47.859628 39.465616,47.859715 39.466023,47.859876 39.46643,47.859814 39.466666,47.859637 39.468589,47.859721 39.468989,47.859587 39.46969,47.859396 39.470487,47.85919 39.471627,47.859128 39.471802,47.858998 39.471943,47.858987 39.472206,47.859089 39.473134,47.859293 39.473844,47.859616 39.474752,47.859645 39.475012,47.859767 39.475552,47.859832 39.476572,47.860191 39.477584,47.86032 39.520414,47.825122 39.53453,47.832499 39.542041,47.824994 39.543497,47.825606 39.544353,47.826274 39.545764,47.826863 39.546912,47.827868 39.548595,47.82849 39.550278,47.828883 39.551033,47.828855 39.552304,47.829664 39.553358,47.82983 39.554583,47.830573 39.555489,47.830704 39.556858,47.831177 39.557338,47.831788 39.560067,47.832814 39.561896,47.833754 39.566204,47.83656 39.612442,47.836622 39.62228,47.837453 39.624409,47.838516 39.626968,47.839032 39.630052,47.838583 39.635154,47.838393 39.63695,47.83741 39.638299,47.837164 39.639863,47.837436 39.647113,47.835654 39.652085,47.833128 39.738252,47.827543 39.756789,47.846785 39.757353,47.846865 39.758883,47.846512 39.763208,47.846512 39.762807,47.870572 39.763551,47.870995 39.764982,47.871245 39.766459,47.871187 39.767593,47.871215 39.770551,47.870717 39.77101,47.870879 39.77139,47.870816 39.771685,47.870608 39.773834,47.870204 39.77652,47.869583 39.779056,47.869675 39.780605,47.870011 39.783774,47.869702 39.792265,47.869708 39.794557,47.870915 39.793353,47.919614 39.794203,47.919889 39.794839,47.920868 39.796343,47.92153 39.796752,47.922365 39.798309,47.923839 39.798508,47.924212 39.799178,47.924543 39.799516,47.925045 39.800672,47.925786 39.800746,47.926098 39.80097,47.926339 39.80128,47.927241 39.800941,47.928353 39.800452,47.929192 39.800449,47.930938 39.800959,47.932274 39.801827,47.932745 39.80321,47.933719 39.803679,47.933941 39.803559,47.937197 39.803721,47.937282 39.805385,47.937181 39.806031,47.937351 39.806142,47.93765 39.806015,47.950677 39.821336,47.950768 39.821399,47.95117 39.82113,47.951616 39.821188,47.951982 39.821733,47.952525 39.822198,47.953658 39.822534,47.954044 39.824186,47.954763 39.824647,47.955309 39.82462,47.955941 39.824388,47.956207 39.823984,47.9563 39.82337,47.956113 39.822664,47.956167 39.822452,47.956306 39.8222,47.956959 39.822296,47.957259 39.823262,47.957629 39.823348,47.958254 39.82295,47.95856 39.822253,47.958865 39.822092,47.959271 39.822146,47.959648 39.821544,47.959993 39.820031,47.960173 39.818776,47.960266 39.818373,47.960478 39.818271,47.96069 39.818497,47.961028 39.818704,47.961516 39.818469,47.961764 39.817978,47.962098 39.817817,47.962559 39.817872,47.963021 39.817601,47.963212 39.817073,47.96346 39.817132,47.963842 39.817986,47.964568 39.818281,47.965122 39.81795,47.965521 39.817377,47.965778 39.817127,47.966137 39.817091,47.966696 39.817548,47.966912 39.818306,47.967069 39.818383,47.967525 39.818631,47.967723 39.818783,47.968201 39.818613,47.968621 39.817757,47.969084 39.817544,47.969389 39.81701,47.969596 39.816584,47.970493 39.816681,47.970695 39.816864,47.970854 39.816865,47.970985 39.816287,47.971017 39.81602,47.971329 39.816474,47.972299 39.81786,47.973201 39.817887,47.973994 39.818386,47.974673 39.818676,47.97465 39.81946,47.97521 39.819766,47.975267 39.819962,47.975441 39.819858,47.975658 39.820273,47.976538 39.820129,47.976706 39.820304,47.976992 39.82021,47.977206 39.820115,47.977277 39.82078,47.978308 39.820772,47.978451 39.820892,47.978752 39.821263,47.97888 39.821617,47.97951 39.822101,47.979486 39.82237,47.97962 39.822566,47.979903 39.822288,47.980012 39.82214,47.980121 39.822078,47.980799 39.82227,47.980935 39.822355,47.981099 39.822621,47.98112 39.822576,47.981628 39.822746,47.981778 39.82273,47.981976 39.822779,47.982174 39.822689,47.982286 39.822663,47.982398 39.822912,47.98281 39.822775,47.983064 39.822207,47.983225 39.821788,47.983171 39.820308,47.983407 39.819503,47.983586 39.819272,47.983804 39.818395,47.984158 39.817733,47.984238 39.81725,47.983752 39.816976,47.983739 39.816668,47.98356 39.816288,47.983636 39.816024,47.984033 39.815956,47.984619 39.815566,47.985263 39.815115,47.985646 39.815008,47.985958 39.815244,47.98673 39.815329,47.987546 39.815522,47.987857 39.815318,47.98854 39.81505,47.988605 39.815147,47.989001 39.815265,47.989138 39.815533,47.989166 39.81615,47.989396 39.81653,47.989496 39.816756,47.989402 39.817324,47.98938 39.81814,47.989818 39.818142,47.989962 39.818433,47.990099 39.818514,47.990289 39.818488,47.990465 39.818129,47.990596 39.817067,47.99057 39.81682,47.990893 39.816659,47.991718 39.815993,47.993238 39.816229,47.993351 39.817108,47.993566 39.817578,47.993778 39.817812,47.994175 39.817785,47.994438 39.817946,47.994776 39.817334,47.995466 39.816299,47.995302 39.815931,47.995456 39.815606,47.996027 39.814383,47.996274 39.813514,47.996799 39.813168,47.997178 39.81308,47.997514 39.81331,47.998056 39.813782,47.998692 39.815252,47.999576 39.816138,47.999984 39.816467,48.000335 39.816523,48.001266 39.816464,48.001562 39.816086,48.001646 39.815579,48.001672 39.814675,48.001533 39.814374,48.00166 39.814159,48.001872 39.814114,48.002384 39.813677,48.002415 39.81348,48.002574 39.813119,48.002722 39.812853,48.002731 39.812592,48.002621 39.812043,48.002587 39.811449,48.002672 39.810041,48.002714 39.809605,48.00287 39.809984,48.003209 39.810441,48.003429 39.810405,48.003585 39.81059,48.004043 39.810905,48.004458 39.810724,48.00474 39.80975,48.004907 39.80878,48.004775 39.808177,48.004759 39.807403,48.004657 39.807103,48.00482 39.806482,48.005542 39.806139,48.005544 39.80541,48.005444 39.804616,48.005603 39.804037,48.005691 39.803876,48.005972 39.803672,48.006985 39.803233,48.007697 39.802798,48.00781 39.802388,48.007738 39.80202,48.007565 39.800749,48.007082 39.800328,48.007142 39.79993,48.00761 39.799715,48.008261 39.799231,48.0086 39.798404,48.008794 39.797534,48.008886 39.796973,48.009359 39.796476,48.009727 39.794705,48.010471 39.793298,48.011186 39.793007,48.011865 39.79072,48.013735 39.790248,48.01387 39.79014,48.01414 39.790161,48.014382 39.790126,48.014548 39.79022,48.014672 39.790172,48.01489 39.789925,48.015095 39.78976,48.015265 39.789466,48.01532 39.789194,48.015505 39.788854,48.015611 39.78845,48.015876 39.78839,48.016239 39.788422,48.016565 39.78767,48.017489 39.787997,48.017862 39.787935,48.018221 39.78771,48.018452 39.787678,48.018625 39.787485,48.018627 39.786713,48.018846 39.786397,48.019066 39.786389,48.019227 39.786446,48.019373 39.786822,48.019556 39.78676,48.019761 39.786955,48.019908 39.786865,48.020042 39.786928,48.020146 39.786968,48.020335 39.787067,48.020647 39.786702,48.021024 39.785543,48.021918 39.785212,48.022501 39.785033,48.023098 39.785102,48.023963 39.785386,48.02416 39.785605,48.024746 39.785464,48.024955 39.785473,48.025178 39.785397,48.025358 39.784943,48.025604 39.783869,48.025717 39.783674,48.0258 39.783286,48.025805 39.783199,48.025896 39.783335,48.026178 39.783564,48.026384 39.78375,48.026675 39.783649,48.026777 39.783549,48.027022 39.783783,48.027399 39.783965,48.027418 39.784018,48.027508 39.783953,48.027632 39.78423,48.027995 39.784143,48.028401 39.783935,48.029008 39.782747,48.029647 39.782341,48.030546 39.781936,48.031257 39.781488,48.03166 39.781435,48.032085 39.781538,48.032325 39.781632,48.032367 39.781662,48.032437 39.781183,48.032763 39.780619,48.033476 39.780843,48.03397 39.780938,48.034392 39.780589,48.03457 39.780239,48.034677 39.779203,48.03462 39.778832,48.034759 39.778696,48.035286 39.77841,48.035663 39.778467,48.036326 39.778188,48.036871 39.778424,48.037431 39.77866,48.037617 39.778703,48.037832 39.778348,48.038219 39.777971,48.039345 39.77811,48.039664 39.778483,48.03983 39.780107,48.039955 39.780637,48.040139 39.83342,48.041085 39.833304,48.042303 39.835764,48.042316 39.840254,48.041539 39.840737,48.042107 39.846853,48.041119 39.875672,48.041623 39.879336,48.04314 39.88343,48.045861 39.884837,48.048034 39.848047,48.058088 39.842751,48.060566 39.832464,48.066743 39.868605,48.079393 39.87382,48.108949 39.870668,48.117498 39.870953,48.117624 39.871128,48.11758 39.871302,48.117364 39.871488,48.117373 39.87171,48.117671 39.871802,48.117984 39.872106,48.118151 39.8742,48.118593 39.875843,48.119106 39.877115,48.120482 39.87744,48.121435 39.878012,48.122216 39.879217,48.123177 39.880905,48.12428 39.88163,48.12455 39.882592,48.124748 39.883205,48.125 39.883273,48.125191 39.883255,48.125411 39.883016,48.125616 39.883025,48.125707 39.883188,48.125999 39.883636,48.126404 39.884255,48.126766 39.884468,48.127099 39.884333,48.127226 39.883831,48.127279 39.883548,48.127223 39.883415,48.127303 39.883472,48.127557 39.88648,48.130239 39.890691,48.132605 39.894342,48.133545 39.896705,48.134799 39.896998,48.135703 39.89699,48.136693 39.89749,48.137891 39.898268,48.138339 39.899368,48.138714 39.900345,48.139566 39.90086,48.140653 39.901913,48.141438 39.902526,48.14171 39.90286,48.142068 39.902872,48.142604 39.902369,48.143162 39.902524,48.143412 39.902787,48.143525 39.903451,48.143493 39.903889,48.143559 39.904112,48.143855 39.903992,48.14415 39.903663,48.144486 39.904256,48.145684 39.904919,48.146126 39.904853,48.146429 39.904504,48.146924 39.904434,48.14714 39.904536,48.147322 39.905068,48.147911 39.905428,48.148529 39.905906,48.150905 39.905977,48.154407 39.9053,48.157226 39.904493,48.158571 39.904255,48.159236 39.90421,48.159858 39.90488,48.160245 39.905163,48.160717 39.90492,48.16099 39.904334,48.161264 39.904406,48.161539 39.904736,48.161643 39.905001,48.161818 39.904881,48.16355 39.90378,48.16692 39.901993,48.169202 39.902056,48.170613 39.90317,48.171909 39.905658,48.173048 39.906709,48.174444 39.907973,48.179898 39.912317,48.180743 39.914623,48.18093 39.915739,48.180716 39.91621,48.180731 39.92024,48.182056 39.926224,48.181766 39.92906,48.181429 39.931307,48.180983 39.932512,48.181087 39.93421,48.180904 39.934764,48.181041 39.93712,48.181436 39.938415,48.181781 39.938915,48.182011 39.93867,48.182695 39.940627,48.187512 39.940796,48.187749 39.941159,48.189288 39.941639,48.189868 39.941729,48.190309 39.941948,48.190964 39.942283,48.191298 39.942403,48.193212 39.941792,48.194315 39.941701,48.194909 39.941816,48.195471 39.941717,48.195789 39.941032,48.19635 39.939286,48.197281 39.938013,48.198084 39.938234,48.209186 39.940744,48.210694 39.941237,48.212164 39.941494,48.213704 39.940934,48.216563 39.941163,48.223433 39.941621,48.224802 39.942665,48.230232 39.942924,48.230478 39.943183,48.230537 39.943484,48.23051 39.95088,48.229225 39.954274,48.228891 39.956299,48.228162 39.957102,48.228048 39.95817,48.228148 39.959277,48.228191 39.961102,48.228013 39.963152,48.228167 39.9654,48.228187 39.967769,48.228468 39.969463,48.228423 39.970422,48.228144 39.97182,48.227322 39.973266,48.226978 39.97489,48.226891 39.978992,48.227022 39.985368,48.226581 40.000909,48.225384 40.00219,48.224759 40.003429,48.223791 40.003962,48.223703 40.00468,48.223974 40.00479,48.224224 40.004749,48.224588 40.004968,48.224817 40.005305,48.224885 40.007964,48.224486 40.008216,48.225297 40.008311,48.226471 40.008041,48.228217 40.007308,48.229666 40.007008,48.231326 40.006965,48.232214 40.006794,48.23249 40.006066,48.232756 40.005662,48.23373 40.005868,48.234241 40.005756,48.234332 40.005087,48.234324 40.004169,48.234631 40.003894,48.235125 40.003748,48.235618 40.003916,48.236034 40.004216,48.236245 40.004472,48.236613 40.004268,48.23716 40.00461,48.237907 40.004579,48.238176 40.00414,48.238672 40.003904,48.239391 40.003948,48.23968 40.004123,48.239852 40.005115,48.240254 40.006018,48.241126 40.010097,48.244278 40.011393,48.245774 40.012956,48.245836 40.015335,48.24762 40.0175,48.249147 40.018616,48.250268 40.019342,48.250776 40.01933,48.251022 40.019067,48.251309 40.01891,48.251583 40.018596,48.252876 40.018164,48.253311 40.018293,48.253917 40.017865,48.254808 40.017522,48.256892 40.01689,48.258282 40.017164,48.259352 40.016228,48.260962 40.015824,48.261967 40.015258,48.262762 40.015125,48.263188 40.015335,48.264472 40.015197,48.26526 40.015653,48.267461 40.015849,48.267797 40.016067,48.269376 40.016266,48.269618 40.016108,48.269796 40.015758,48.270031 40.015185,48.270826 40.014329,48.271466 40.009954,48.272686 40.009268,48.27302 40.008155,48.273822 40.006977,48.275379 40.006516,48.276115 40.005669,48.276965 40.003547,48.281779 40.001477,48.285028 39.999927,48.28898 39.99976,48.290161 40.000193,48.29207 39.998877,48.292401 39.998782,48.292546 39.998863,48.292897 39.999244,48.293291 39.999192,48.293743 39.998942,48.293885 39.998178,48.294098 39.997894,48.29431 39.997397,48.296831 39.99638,48.298517 39.995986,48.299517 39.994874,48.300833 39.994474,48.301812 39.994417,48.302077 39.994998,48.302233 39.996202,48.30229 39.996343,48.304616 39.996742,48.307241 39.996284,48.309274 39.995219,48.311774 39.995376,48.312662 39.993703,48.31287 39.993328,48.313145 39.993033,48.313625 39.990826,48.316198 39.99102,48.316664 39.99101,48.316897 39.990758,48.317106 39.988379,48.317532 39.987318,48.317631 39.986842,48.317573 39.985292,48.317052 39.984855,48.316821 39.984182,48.316262 39.982908,48.315859 39.982278,48.315757 39.98023,48.315889 39.978826,48.315779 39.978099,48.315545 39.97749,48.315175 39.976292,48.31475 39.975094,48.31424 39.974625,48.313752 39.974134,48.31345 39.972343,48.312978 39.971097,48.311877 39.970989,48.311627 39.971171,48.311109 39.971777,48.310094 39.971704,48.309679 39.971582,48.309536 39.970995,48.309186 39.970823,48.308953 39.970822,48.308656 39.971238,48.30778 39.971095,48.307338 39.97081,48.307168 39.970486,48.307097 39.969079,48.30719 39.96838,48.307155 39.967527,48.306864 39.966564,48.306804 39.965996,48.306603 39.965777,48.306366 39.96586,48.305749 39.965274,48.304573 39.964746,48.304453 39.964217,48.303747 39.963138,48.30325 39.962998,48.302855 39.963124,48.302479 39.963592,48.302183 39.964287,48.302139 39.965643,48.302716 39.966922,48.302919 39.968019,48.302915 39.969154,48.303156 39.9697,48.303102 39.970911,48.302762 39.97371,48.300984 39.975783,48.293132 39.971374,48.284688 39.977841,48.278809 39.984313,48.255327 39.981505,48.251538 39.96963,48.250214 39.904014,48.251854 39.765017,48.250376 39.698707,48.259082 39.680323,48.260878 39.666329,48.25788 39.634964,48.19691 39.599774,48.205307 39.500807,48.22116 39.507288,48.18582 39.48307,48.191379 39.458162,48.192584 39.381025,48.149576 39.347699,48.115853 39.282368,48.137131 39.254117,48.113702 39.195225,48.105998 39.15888,48.1046 39.138528,48.07405 39.134315,48.053383 39.108688,48.051822 38.970318,48.081734 38.880039,48.096531 38.846044,48.101051 38.837261,48.086149 38.837122,48.082954 38.829419,48.07635 38.829387,48.075269 38.828105,48.074127 38.82773,48.073963 38.827785,48.073283 38.828668,48.072727 38.828968,48.071835 38.828968,48.070943 38.828185,48.070704 38.82826,48.070264 38.827241,48.069637 38.827166,48.069384 38.829762,48.068317 38.829826,48.067967 38.827466,48.066207 38.827406,48.065911 38.827948,48.065444 38.829546,48.064852 38.829406,48.064548 38.830575,48.063483 38.830562,48.063254 38.830422,48.063054 38.829668,48.062768 38.829,48.062425 38.82753,48.060593 38.828631,48.060231 38.828544,48.059261 38.827756,48.057786 38.821973,48.057388 38.821243,48.051263 38.818776,48.050668 38.815182,48.050614 38.814648,48.050379 38.813342,48.048479 38.814654,48.047182 38.81516,48.047021 38.815751,48.045928 38.818434,48.043418 38.820097,48.044301 38.823117,48.042268 38.825163,48.038812 38.824978,48.037537 38.82146,48.035992 38.824763,48.030911 38.82562,48.028815 38.826283,48.028066 38.829183,48.022628 38.829814,48.022389 38.83013,48.019241 38.834229,48.014343 38.836763,48.01313 38.837753,48.013036 38.84004,48.01383 38.841776,48.015147 38.843877,48.015655 38.980075,48.00961 38.982472,48.009402 38.983452,48.00908 38.998115,48.008718 39.035779,48.006628 39.039464,48.005472 39.04023,48.00466 39.04275,47.993159 39.044121,47.986424 39.043518,47.985003 39.042577,47.97601 39.040607,47.965998 39.040505,47.962029 39.040274,47.961105 39.038376,47.958467 39.038265,47.956939 39.038454,47.956129 39.038996,47.955735 39.039794,47.955658 39.040121,47.955996 39.040413,47.956496 39.040705,47.956795 39.041368,47.956944 39.042266,47.956838 39.043109,47.956086 39.044711,47.956206 39.045512,47.956532 39.046184,47.956512 39.046584,47.956014 39.046638,47.955113 39.047089,47.954173 39.047829,47.953847 39.049685,47.953866 39.050951,47.954162 39.051853,47.954685 39.052668,47.954676 39.053398,47.95438 39.053742,47.953595 39.053056,47.952599 39.050738,47.951124 39.050781,47.950645 39.051709,47.950107 39.053152,47.949972 39.054492,47.950275 39.055027,47.950077 39.055238,47.949165 39.056176,47.948431 39.056912,47.946676 39.057892,47.946559 39.059338,47.947072 39.059997,47.947867 39.060115,47.948595 39.060437,47.948844 39.061578,47.948843 39.064178,47.948381 39.064952,47.948742 39.065254,47.950302 39.065813,47.95146 39.066074,47.95155 39.067027,47.951155 39.067731,47.950076 39.068365,47.949817 39.069206,47.949931 39.070673,47.951691 39.071454,47.952762 39.072757,47.953121 39.07382,47.95292 39.074229,47.952344 39.07565,47.951192 39.076001,47.949637 39.077059,47.948187 39.077716,47.947875 39.078687,47.948056 39.079256,47.947899 39.079449,47.947413 39.078891,47.945751 39.079406,47.945301 39.08035,47.945035 39.080806,47.94334 39.081605,47.942594 39.083284,47.942524 39.083932,47.942195 39.084,47.941851 39.083594,47.941334 39.083685,47.940905 39.084125,47.940736 39.090476,47.940598 39.09159,47.940461 39.065884,47.89566 39.074253,47.869603 39.082849,47.869591 39.082702,47.851558 39.109416,47.851781 39.109433,47.842612 39.149823,47.842491 39.149919,47.851497 39.162238,47.851651 39.165178,47.849927 39.169288,47.846804 39.170442,47.846813 39.171662,47.846341 39.172186,47.84638 39.172234,47.846946 39.172539,47.847397 39.177435,47.85107 39.182036,47.853578 39.230843,47.853723 39.235027,47.853979 39.236077,47.853947 39.236484,47.85475 39.236516,47.856058 39.235689,47.857021 39.235214,47.858332 39.236366,47.860148 39.238119,47.860927 39.238545,47.862224 39.238027,47.864442 39.242358,47.866911 39.349053,47.866914</coordinates>
            </LinearRing>
          </outerBoundaryIs>
        </Polygon>
      </Placemark>
      <Placemark>
        <name>Donetsk RUAF</name>
        <ExtendedData>
          <Data name="descripción">
            <value />
          </Data>
          <Data name="description">
            <value />
          </Data>
        </ExtendedData>
        <Polygon>
          <outerBoundaryIs>
            <LinearRing>
              <tessellate>1</tessellate>
              <coordinates>38.35713,47.616831 38.456529,47.617063 38.4564,47.644133 38.510449,47.644217 38.526708,47.644391 38.547602,47.644388 38.592101,47.644757 38.616346,47.644682 38.618899,47.647544 38.621436,47.648714 38.623331,47.650663 38.624544,47.651585 38.626199,47.653428 38.629595,47.653384 38.629263,47.66934 38.665698,47.669455 38.666149,47.678758 38.66557,47.69696 38.665044,47.697336 38.662464,47.697769 38.661428,47.698115 38.659036,47.700007 38.659234,47.700072 38.660357,47.699713 38.661737,47.699643 38.663081,47.699723 38.666314,47.700179 38.667132,47.699411 38.669968,47.698961 38.677674,47.698872 38.678814,47.698696 38.679962,47.6987 38.680387,47.698885 38.704458,47.699387 38.704833,47.699267 38.707086,47.698915 38.709735,47.69874 38.727886,47.698792 38.730964,47.699259 38.734772,47.699523 38.735276,47.699325 38.735549,47.699096 38.735557,47.698764 38.735882,47.69831 38.73596,47.697982 38.735891,47.697688 38.735436,47.697321 38.73563,47.694917 38.73534,47.694438 38.732106,47.692927 38.731046,47.692605 38.730087,47.691982 38.729908,47.691237 38.730459,47.6899 38.731353,47.689372 38.732884,47.68901 38.733286,47.688632 38.733574,47.687935 38.734065,47.687406 38.734789,47.687273 38.735549,47.687411 38.736728,47.688034 38.737283,47.687913 38.737946,47.687419 38.738524,47.686405 38.739551,47.685707 38.739764,47.684866 38.739742,47.684244 38.73894,47.683653 38.73728,47.683408 38.736364,47.683208 38.735646,47.682288 38.735413,47.68114 38.73572,47.680521 38.736847,47.680438 38.738415,47.680851 38.739234,47.681331 38.739753,47.681261 38.740271,47.680902 38.740972,47.680507 38.742802,47.680758 38.74466,47.682415 38.744172,47.683071 38.744138,47.683632 38.744843,47.684233 38.744966,47.685204 38.746157,47.686279 38.747138,47.686413 38.747843,47.686133 38.74811,47.685618 38.749316,47.685187 38.750348,47.684596 38.751079,47.684473 38.751788,47.684759 38.752228,47.68522 38.75262,47.686085 38.753183,47.686316 38.754092,47.686159 38.754915,47.685424 38.772526,47.685572 38.772601,47.703372 38.77185,47.713941 38.770734,47.719167 38.770621,47.720943 38.770851,47.722141 38.771478,47.722631 38.77214,47.723006 38.772384,47.723468 38.772414,47.723872 38.771938,47.72546 38.771786,47.726745 38.772118,47.72743 38.773142,47.727975 38.773565,47.728665 38.774148,47.728961 38.775299,47.729095 38.776131,47.729523 38.776534,47.730485 38.7765,47.731627 38.776045,47.732886 38.775735,47.733442 38.775802,47.734091 38.776194,47.73464 38.777313,47.735361 38.778646,47.735996 38.780456,47.736574 38.783238,47.736776 38.788916,47.736805 38.789202,47.738717 38.789016,47.742173 38.788898,47.765526 38.789416,47.766039 38.788924,47.7668 38.7887,47.767815 38.78899,47.76834 38.789678,47.768454 38.791481,47.768366 38.793457,47.768766 38.793845,47.769268 38.793781,47.769937 38.792805,47.771454 38.792575,47.772069 38.792745,47.77249 38.793343,47.772795 38.795099,47.773061 38.796464,47.77339 38.796536,47.773572 38.796228,47.774067 38.795752,47.774877 38.795664,47.775513 38.795728,47.775888 38.795931,47.776134 38.795968,47.776372 38.795901,47.776549 38.79561,47.776652 38.79334,47.776443 38.79272,47.77657 38.792389,47.776777 38.792202,47.777487 38.792065,47.777769 38.791632,47.777911 38.789527,47.777779 38.789076,47.777988 38.788882,47.778542 38.78911,47.779347 38.789868,47.779952 38.790326,47.780441 38.790483,47.781618 38.791775,47.782792 38.793152,47.783735 38.79329,47.784238 38.792878,47.784666 38.790993,47.784833 38.789065,47.784828 38.788063,47.784632 38.786846,47.784609 38.785957,47.784881 38.785553,47.785366 38.785051,47.786614 38.784012,47.787718 38.783875,47.788187 38.783883,47.788998 38.7836,47.789697 38.783547,47.790792 38.783682,47.791297 38.784289,47.791902 38.785175,47.792392 38.785632,47.792997 38.787823,47.79379 38.788639,47.794673 38.789069,47.795441 38.7904,47.796194 38.790573,47.796486 38.790533,47.797578 38.790794,47.798295 38.790758,47.799239 38.790164,47.799635 38.789526,47.801358 38.789518,47.803333 38.789042,47.80445 38.78893,47.815871 38.811898,47.815935 38.814106,47.815756 38.820477,47.815807 38.822471,47.816059 38.825323,47.816571 38.828748,47.818704 38.828917,47.819411 38.828785,47.823432 38.829423,47.823823 38.830493,47.824177 38.831477,47.824646 38.832195,47.825745 38.832129,47.82728 38.831222,47.827736 38.829886,47.827903 38.828716,47.828613 38.827438,47.830908 38.826689,47.833073 38.825597,47.835238 38.825792,47.837576 38.826405,47.838414 38.826602,47.839033 38.825478,47.83966 38.824868,47.840172 38.824894,47.840777 38.82522,47.841295 38.825743,47.842376 38.826223,47.842766 38.826296,47.843828 38.826025,47.845408 38.827578,47.84732 38.8275,47.848079 38.82805,47.848372 38.828753,47.848404 38.829586,47.848233 38.829985,47.848627 38.830678,47.84891 38.830985,47.849251 38.831577,47.849297 38.832082,47.849198 38.833436,47.849391 38.83357,47.850077 38.834073,47.85076 38.834232,47.851528 38.835195,47.851877 38.836492,47.852052 38.837484,47.852254 38.837722,47.852759 38.837455,47.853846 38.837837,47.855196 38.837446,47.856489 38.837636,47.85781 38.837053,47.859074 38.835802,47.860449 38.83553,47.862221 38.83619,47.863865 38.838952,47.865422 38.842007,47.866546 38.84326,47.866519 38.844751,47.866294 38.846844,47.866184 38.860116,47.865717 38.862601,47.866178 38.871483,47.866725 38.878176,47.867084 38.878406,47.871054 38.87855,47.871539 38.879697,47.872597 38.878849,47.873475 38.879112,47.87426 38.878706,47.874465 38.87859,47.874668 38.877888,47.875461 38.877858,47.875857 38.878602,47.876052 38.880132,47.875887 38.881963,47.875579 38.883736,47.874675 38.886035,47.874449 38.88782,47.873906 38.889457,47.874303 38.890612,47.874247 38.891189,47.873837 38.891766,47.873197 38.892486,47.873314 38.893412,47.874326 38.898183,47.874391 38.8985,47.874109 38.899032,47.873021 38.900954,47.872542 38.904454,47.872334 38.905619,47.87255 38.90842,47.872724 38.909346,47.8731 38.909906,47.874311 38.911044,47.874672 38.912354,47.874716 38.917011,47.874011 38.927912,47.873118 38.931902,47.871964 38.93223,47.872162 38.932515,47.874174 38.934063,47.87405 38.937156,47.875135 38.937805,47.875721 38.958458,47.871253 38.968895,47.870006 39.074253,47.869603 39.065884,47.89566 39.09159,47.940461 39.090476,47.940598 39.084125,47.940736 39.083685,47.940905 39.083594,47.941334 39.084,47.941851 39.083932,47.942195 39.083284,47.942524 39.081605,47.942594 39.080806,47.94334 39.08035,47.945035 39.079406,47.945301 39.078891,47.945751 39.079449,47.947413 39.079256,47.947899 39.078687,47.948056 39.077716,47.947875 39.077059,47.948187 39.076001,47.949637 39.07565,47.951192 39.074874,47.951769 39.074229,47.952344 39.07382,47.95292 39.072757,47.953121 39.071454,47.952762 39.070673,47.951691 39.069206,47.949931 39.068365,47.949817 39.067731,47.950076 39.067027,47.951155 39.066074,47.95155 39.065813,47.95146 39.065254,47.950302 39.064952,47.948742 39.064178,47.948381 39.061578,47.948843 39.060437,47.948844 39.060115,47.948595 39.059997,47.947867 39.059338,47.947072 39.057892,47.946559 39.056912,47.946676 39.056422,47.947137 39.056176,47.948431 39.055238,47.949165 39.055027,47.950077 39.054492,47.950275 39.053152,47.949972 39.051709,47.950107 39.050781,47.950645 39.050738,47.951124 39.053056,47.952599 39.053742,47.953595 39.053398,47.95438 39.052668,47.954676 39.051853,47.954685 39.050951,47.954162 39.049685,47.953866 39.047829,47.953847 39.047089,47.954173 39.046638,47.955113 39.046584,47.956014 39.046184,47.956512 39.045512,47.956532 39.044711,47.956206 39.043846,47.956067 39.043109,47.956086 39.042266,47.956838 39.041368,47.956944 39.040705,47.956795 39.040413,47.956496 39.040121,47.955996 39.039794,47.955658 39.038996,47.955735 39.038454,47.956129 39.038265,47.956939 39.038376,47.958467 39.039341,47.959934 39.040274,47.961105 39.040505,47.962029 39.040607,47.965998 39.042577,47.97601 39.043518,47.985003 39.044121,47.986424 39.04275,47.993159 39.04023,48.00466 39.039464,48.005472 39.035779,48.006628 38.998115,48.008718 38.983452,48.00908 38.982472,48.009402 38.980075,48.00961 38.920349,48.012232 38.843877,48.015655 38.841776,48.015147 38.84004,48.01383 38.83857,48.013115 38.837753,48.013036 38.836763,48.01313 38.834229,48.014343 38.83013,48.019241 38.829814,48.022389 38.829183,48.022628 38.828853,48.023326 38.826283,48.028066 38.82562,48.028815 38.824763,48.030911 38.82146,48.035992 38.824978,48.037537 38.825163,48.038812 38.823117,48.042268 38.820097,48.044301 38.818434,48.043418 38.815751,48.045928 38.81516,48.047021 38.814654,48.047182 38.813342,48.048479 38.814648,48.050379 38.815182,48.050614 38.818776,48.050668 38.821243,48.051263 38.821973,48.057388 38.827756,48.057786 38.828544,48.059261 38.828016,48.059525 38.828631,48.060231 38.82753,48.060593 38.829,48.062425 38.829668,48.062768 38.830422,48.063054 38.830562,48.063254 38.830575,48.063483 38.829406,48.064548 38.829546,48.064852 38.827948,48.065444 38.827406,48.065911 38.827466,48.066207 38.829826,48.067967 38.829762,48.068317 38.827166,48.069384 38.827241,48.069637 38.82826,48.070264 38.828185,48.070704 38.828968,48.070943 38.828968,48.071835 38.828668,48.072727 38.827785,48.073283 38.82773,48.073963 38.828105,48.074127 38.829387,48.075269 38.829419,48.07635 38.827166,48.076761 38.821344,48.071067 38.82167,48.070618 38.818979,48.066479 38.817827,48.0656 38.817466,48.065562 38.816233,48.066346 38.814051,48.067153 38.812641,48.067158 38.807152,48.069347 38.799473,48.074662 38.804486,48.078414 38.805429,48.078442 38.808732,48.077897 38.812314,48.080441 38.815167,48.082211 38.816948,48.082017 38.818584,48.083001 38.818608,48.08388 38.817988,48.084472 38.814067,48.085241 38.810668,48.086413 38.80857,48.087047 38.807844,48.087652 38.806608,48.087946 38.81347,48.101602 38.815942,48.10723 38.819633,48.11566 38.81532,48.116019 38.811436,48.116923 38.8112,48.117211 38.811652,48.118123 38.811461,48.119035 38.810262,48.119312 38.80911,48.119292 38.807107,48.11825 38.804859,48.1182 38.804263,48.118451 38.803515,48.118476 38.802111,48.11793 38.800379,48.117915 38.797736,48.118548 38.796122,48.119211 38.795139,48.1201 38.794456,48.120962 38.793322,48.121522 38.791526,48.122002 38.790631,48.122683 38.789399,48.124188 38.7857,48.125509 38.782906,48.12617 38.78166,48.126156 38.780842,48.126401 38.7804,48.127025 38.780823,48.127523 38.780841,48.128832 38.780399,48.129658 38.779228,48.129954 38.777842,48.129704 38.776873,48.129094 38.776205,48.128369 38.77501,48.127315 38.774676,48.126666 38.774118,48.126485 38.773227,48.12659 38.772433,48.126896 38.771542,48.127836 38.771033,48.12947 38.770418,48.12994 38.769606,48.13016 38.768524,48.130034 38.76809,48.130107 38.767664,48.130344 38.767446,48.130892 38.767064,48.131358 38.766618,48.13161 38.765778,48.13161 38.765324,48.131468 38.765192,48.13116 38.765319,48.130627 38.765103,48.130237 38.764355,48.130114 38.763724,48.130296 38.7635,48.130513 38.763389,48.131046 38.762876,48.131326 38.762277,48.131534 38.761798,48.1319 38.760948,48.132063 38.760206,48.131824 38.759494,48.131276 38.7578,48.131171 38.755076,48.131495 38.75263,48.132048 38.752208,48.132414 38.751979,48.132823 38.750855,48.133239 38.748176,48.133935 38.745925,48.134731 38.744686,48.13479 38.743764,48.134736 38.743206,48.134853 38.742756,48.134773 38.741878,48.134326 38.73982,48.133933 38.737793,48.134218 38.735024,48.135123 38.732192,48.136171 38.728929,48.136864 38.728188,48.137356 38.727725,48.137491 38.725339,48.137699 38.72181,48.138544 38.720546,48.139233 38.71613,48.141812 38.712215,48.142632 38.70272,48.143136 38.69374,48.145287 38.690176,48.145773 38.688716,48.146517 38.687125,48.147432 38.686046,48.147487 38.685346,48.147081 38.685149,48.146297 38.684626,48.145503 38.683451,48.145232 38.67985,48.146171 38.675863,48.147884 38.671254,48.149052 38.665767,48.149644 38.65998,48.151353 38.652776,48.152561 38.652243,48.153036 38.652019,48.153789 38.651993,48.154495 38.652344,48.155177 38.652391,48.155518 38.652093,48.155846 38.650571,48.156611 38.649466,48.156822 38.648506,48.157328 38.647994,48.157882 38.647764,48.158158 38.647288,48.158292 38.646687,48.158289 38.643527,48.159423 38.641011,48.160628 38.639954,48.161375 38.638374,48.161599 38.636558,48.16155 38.632674,48.163115 38.622566,48.166684 38.616449,48.168506 38.61537,48.169147 38.614616,48.169525 38.613553,48.1697 38.610901,48.169645 38.605126,48.171526 38.602312,48.172032 38.601402,48.172512 38.601362,48.173163 38.602823,48.174672 38.602741,48.175401 38.601978,48.176 38.600544,48.176357 38.600121,48.17694 38.600125,48.177289 38.599913,48.177494 38.598718,48.177834 38.598446,48.178088 38.598691,48.17901 38.598255,48.180316 38.59752,48.18145 38.597838,48.182122 38.599873,48.182665 38.600054,48.183266 38.600874,48.184325 38.601522,48.185698 38.602662,48.18611 38.604188,48.186178 38.604833,48.186512 38.605006,48.186961 38.604535,48.188211 38.604708,48.188746 38.605447,48.188932 38.607784,48.188704 38.610227,48.188962 38.610734,48.189594 38.61132,48.192746 38.611038,48.19328 38.610774,48.193378 38.609481,48.193275 38.608524,48.1937 38.608027,48.195407 38.608551,48.197533 38.609161,48.198258 38.610766,48.199447 38.610954,48.199893 38.611036,48.201383 38.611804,48.202701 38.61325,48.203496 38.613495,48.204034 38.612868,48.204594 38.609731,48.205812 38.608303,48.206656 38.608075,48.207211 38.607975,48.207937 38.608133,48.208448 38.607826,48.208689 38.607218,48.208645 38.605435,48.209447 38.60488,48.210473 38.604226,48.210623 38.604126,48.210775 38.604263,48.211012 38.60396,48.211836 38.603593,48.212274 38.602864,48.212388 38.601673,48.212659 38.599796,48.213574 38.599287,48.214142 38.598949,48.214738 38.59801,48.215485 38.596232,48.216488 38.595032,48.217804 38.594726,48.219145 38.594721,48.220685 38.594418,48.221105 38.592829,48.22223 38.592141,48.223212 38.591879,48.224196 38.590817,48.225567 38.589283,48.226623 38.589149,48.227273 38.589444,48.228352 38.588811,48.230695 38.588788,48.232279 38.589183,48.233013 38.589212,48.233186 38.588969,48.233405 38.588612,48.2342 38.588494,48.235392 38.588204,48.236428 38.587753,48.237106 38.587624,48.237641 38.588074,48.238354 38.588835,48.238768 38.58921,48.239253 38.589091,48.239858 38.588376,48.240353 38.588009,48.240543 38.587857,48.240956 38.587705,48.241784 38.588323,48.243536 38.589392,48.245189 38.589624,48.247148 38.58931,48.248499 38.589469,48.249765 38.590437,48.251455 38.590385,48.2522 38.588728,48.253458 38.588199,48.254559 38.588193,48.256324 38.58692,48.258503 38.580904,48.263312 38.576605,48.265207 38.575034,48.267383 38.573561,48.268033 38.571358,48.268569 38.568198,48.269956 38.567225,48.269914 38.566318,48.270187 38.564024,48.271924 38.56291,48.272243 38.561967,48.272605 38.561112,48.273571 38.559267,48.274354 38.557766,48.274517 38.555792,48.274509 38.554113,48.274127 38.55294,48.274164 38.552558,48.27429 38.552216,48.274258 38.551229,48.273827 38.549921,48.273468 38.549,48.273374 38.547076,48.272952 38.546439,48.273089 38.545995,48.272869 38.545816,48.272558 38.543555,48.271985 38.54182,48.27194 38.539943,48.272146 38.535342,48.272123 38.505651,48.273806 38.504931,48.27384 38.504368,48.273735 38.504018,48.27376 38.503566,48.274013 38.502931,48.274024 38.502571,48.274165 38.502253,48.274206 38.501987,48.2741 38.501596,48.274096 38.50127,48.274135 38.500965,48.274275 38.500703,48.274242 38.500308,48.273721 38.498916,48.273115 38.498555,48.273093 38.494804,48.273023 38.493968,48.272823 38.492704,48.272795 38.491962,48.273152 38.491484,48.273252 38.491094,48.273238 38.490941,48.273066 38.490489,48.273291 38.490252,48.273559 38.48957,48.273568 38.489168,48.273477 38.488748,48.273495 38.487174,48.27421 38.48559,48.274331 38.483435,48.275292 38.479842,48.276238 38.440925,48.277336 38.434452,48.277744 38.428006,48.277886 38.427708,48.279658 38.426572,48.280745 38.426175,48.281459 38.426462,48.282309 38.427608,48.283387 38.428109,48.284351 38.427674,48.285147 38.425997,48.285974 38.424944,48.286815 38.424889,48.287979 38.425905,48.288826 38.428216,48.289593 38.429153,48.290474 38.42904,48.293539 38.429732,48.294515 38.432745,48.295782 38.433536,48.296832 38.433666,48.299283 38.433131,48.299966 38.430588,48.300622 38.429076,48.301563 38.427233,48.307036 38.428138,48.308619 38.431877,48.309631 38.433169,48.311186 38.433912,48.313733 38.435728,48.314996 38.437557,48.315751 38.438125,48.318575 38.43357,48.339913 38.434854,48.34106 38.463476,48.350448 38.465065,48.353444 38.47232,48.356048 38.471055,48.359804 38.493768,48.363108 38.492895,48.364755 38.488296,48.364096 38.485966,48.364388 38.483207,48.365535 38.47667,48.367793 38.473402,48.369606 38.47151,48.37211 38.468846,48.374328 38.467436,48.379103 38.45071,48.380841 38.447842,48.376963 38.442804,48.388191 38.436206,48.395712 38.436359,48.396524 38.438067,48.398583 38.43789,48.401293 38.437888,48.403589 38.436684,48.405428 38.438125,48.407551 38.439222,48.410756 38.438648,48.414125 38.439105,48.415579 38.439692,48.416265 38.438797,48.417933 38.439294,48.418881 38.438984,48.42058 38.437156,48.421885 38.436186,48.423133 38.435697,48.427414 38.433049,48.433086 38.433055,48.434669 38.434196,48.437895 38.432914,48.440652 38.432663,48.443124 38.433534,48.446929 38.414204,48.441867 38.400893,48.439847 38.403547,48.434411 38.38262,48.429243 38.381429,48.429449 38.366506,48.418833 38.363095,48.417364 38.372046,48.406308 38.367114,48.39705 38.361777,48.35654 38.327592,48.350988 38.282315,48.336077 38.235895,48.331344 38.237827,48.322567 38.241003,48.321908 38.245118,48.307544 38.233958,48.306531 38.230459,48.302777 38.231971,48.297474 38.228608,48.295165 38.224901,48.286918 38.217285,48.283165 38.216325,48.280627 38.216396,48.277861 38.219626,48.272558 38.218689,48.267373 38.203591,48.267768 38.202398,48.263362 38.190907,48.264213 38.183624,48.257578 38.177031,48.240426 38.171743,48.238587 38.171497,48.225625 38.17434,48.21678 38.18239,48.195055 38.164442,48.190954 38.154736,48.184792 38.123062,48.179771 38.100664,48.172454 38.076983,48.159492 38.072136,48.161251 38.062138,48.168735 38.014346,48.139608 38.013089,48.125876 37.997186,48.123022 37.991665,48.120245 37.983743,48.110362 37.974082,48.102515 37.97669,48.098286 37.980647,48.09594 37.989924,48.09256 37.995938,48.089067 37.998258,48.084912 37.997873,48.082318 37.996983,48.08071 37.997294,48.078871 38.001607,48.07422 38.002876,48.064216 38.00886,48.062817 38.029435,48.061875 38.034999,48.045954 38.047296,48.046655 38.056846,48.044371 38.090796,48.047317 38.09482,48.044658 38.097814,48.041196 38.097375,48.03366 38.09848,48.031059 38.102385,48.029493 38.110366,48.029346 38.110363,48.013952 38.141509,48.011647 38.139264,48.009512 38.149665,47.988143 38.139383,47.992446 38.115629,47.971872 38.117145,47.970606 38.116943,47.968765 38.152911,47.941859 38.126577,47.939266 38.111575,47.935981 38.116511,47.924704 38.115545,47.918491 38.108994,47.913199 38.108625,47.909517 38.110975,47.907216 38.126687,47.907489 38.123759,47.894255 38.124744,47.889565 38.123348,47.885493 38.119904,47.883227 38.11337,47.882112 38.109164,47.876876 38.109163,47.87429 38.117917,47.870996 38.125985,47.869312 38.137311,47.864563 38.132494,47.857546 38.146171,47.849077 38.183653,47.83583 38.206425,47.811514 38.214372,47.811804 38.223398,47.807092 38.235512,47.808144 38.235023,47.813013 38.256348,47.814513 38.257416,47.813476 38.231853,47.78259 38.204407,47.789987 38.200305,47.793922 38.165993,47.778543 38.181124,47.766394 38.181169,47.760782 38.179542,47.738022 38.179478,47.730541 38.208884,47.730206 38.208726,47.726109 38.212515,47.723282 38.217861,47.723748 38.230632,47.716985 38.228467,47.714611 38.245248,47.708936 38.282743,47.687295 38.296614,47.697778 38.304324,47.698166 38.304878,47.698726 38.306786,47.698774 38.308522,47.698245 38.318557,47.697976 38.321064,47.688034 38.32576,47.687904 38.328108,47.670523 38.327226,47.653874 38.339479,47.654028 38.341515,47.637876 38.345696,47.637048 38.344612,47.634148 38.340952,47.6309 38.358117,47.627017 38.35713,47.616831</coordinates>
            </LinearRing>
          </outerBoundaryIs>
        </Polygon>
      </Placemark>
      <Placemark>
        <name>Sumy RUAF</name>
        <ExtendedData>
          <Data name="descripción">
            <value />
          </Data>
          <Data name="description">
            <value />
          </Data>
        </ExtendedData>
        <Polygon>
          <outerBoundaryIs>
            <LinearRing>
              <tessellate>1</tessellate>
              <coordinates>35.047762,51.208484 35.044986,51.206987 35.043884,51.205866 35.038616,51.204287 35.038135,51.217674 35.036188,51.218494 35.031838,51.21977 35.030683,51.219755 35.029531,51.219482 35.027713,51.219465 35.026454,51.219717 35.025149,51.220214 35.023871,51.220427 35.022429,51.221472 35.022164,51.222514 35.021548,51.22355 35.020253,51.224439 35.017799,51.225556 35.013628,51.228124 35.011708,51.230925 35.009956,51.231662 35.006086,51.231943 35.004794,51.231914 34.999815,51.229737 34.996811,51.22971 34.994022,51.229199 34.991556,51.229904 34.98604,51.231591 34.982478,51.23444 34.980246,51.235309 34.979264,51.235336 34.965678,51.231544 34.956633,51.228312 34.950454,51.227438 34.949968,51.225738 34.953083,51.219875 34.951312,51.218998 34.946898,51.21879 34.943466,51.218871 34.940564,51.217861 34.939068,51.211444 34.936813,51.208999 34.933368,51.206781 34.929666,51.205585 34.924475,51.204941 34.911901,51.206393 34.907611,51.205183 34.905295,51.204135 34.904181,51.20306 34.904482,51.201742 34.905469,51.200102 34.904609,51.198429 34.901558,51.196568 34.898289,51.193114 34.891076,51.194598 34.888755,51.195436 34.884285,51.195984 34.882462,51.195207 34.880381,51.194915 34.876992,51.192031 34.876566,51.191293 34.872474,51.19184 34.862115,51.199056 34.845748,51.191075 34.846808,51.18897 34.84605,51.188791 34.844734,51.187993 34.84462,51.187652 34.843475,51.187096 34.840818,51.185818 34.839019,51.184607 34.835966,51.183503 34.833427,51.183072 34.833538,51.18025 34.834614,51.178206 34.834723,51.169463 34.816067,51.169261 34.813605,51.1715 34.809134,51.172298 34.808561,51.174155 34.809251,51.175454 34.808544,51.176548 34.806336,51.176256 34.805577,51.175984 34.80451,51.176118 34.803315,51.175928 34.802227,51.175505 34.798327,51.175889 34.795529,51.178044 34.791778,51.178957 34.7886,51.182836 34.784169,51.184425 34.780211,51.180796 34.779134,51.177636 34.772383,51.174902 34.761959,51.176384 34.754509,51.180755 34.7424065,51.1792062 34.738854,51.179523 34.736668,51.179191 34.742785,51.169509 34.750048,51.166228 34.752933,51.166338 34.759865,51.153665 34.770062,51.152063 34.776072,51.154037 34.784129,51.1584476 34.7908236,51.1552419 34.79584,51.152292 34.798045,51.14772 34.800403,51.144879 34.800315,51.143003 34.804306,51.140076 34.804309,51.138169 34.8035708,51.1347154 34.8020633,51.1304699 34.826114,51.119181 34.8255809,51.1132305 34.8365259,51.1117854 34.8526621,51.1060733 34.8624468,51.1051841 34.867459,51.1106998 34.8779304,51.1145256 34.891452,51.115421 34.910157,51.123306 34.900024,51.131082 34.9089956,51.1402017 34.9173212,51.1410633 34.9307431,51.1377115 34.928798,51.133945 34.93168,51.128322 34.9329236,51.1269412 34.9431374,51.1245709 34.948215,51.123974 34.9541686,51.1223778 34.9653266,51.1192262 34.9649638,51.115023 34.963427,51.1027594 34.967044,51.102804 34.971444,51.1057276 35.0043172,51.1038413 35.0075788,51.1057815 35.016076,51.1043264 35.021464,51.106254 35.0285589,51.1046828 35.0403743,51.1048893 35.0435417,51.1051475 35.0462719,51.1073343 35.0470873,51.1108909 35.050778,51.1107832 35.0518509,51.1122919 35.0693604,51.1119147 35.0694462,51.1218554 35.0828369,51.1218055 35.0954969,51.1261816 35.1121065,51.1253851 35.1377705,51.1190472 35.1297026,51.1160697 35.1351936,51.1116224 35.1380512,51.1068753 35.136965,51.1028441 35.1382769,51.0969482 35.1231892,51.0903669 35.132504,51.083601 35.1346,51.083385 35.137963,51.084298 35.1477,51.082642 35.155642,51.090818 35.156182,51.090742 35.173707,51.087226 35.176883,51.098731 35.173213,51.100316 35.171307,51.101756 35.169854,51.103293 35.16957,51.102836 35.169328,51.10188 35.168394,51.100481 35.167117,51.10065 35.164596,51.100779 35.164316,51.10516 35.166995,51.105655 35.164402,51.107146 35.163171,51.108566 35.164193,51.112491 35.16581,51.11532 35.168635,51.119281 35.170087,51.119982 35.174907,51.121468 35.168311,51.126402 35.163276,51.127546 35.153666,51.131546 35.141741,51.134194 35.142084,51.135971 35.144144,51.137048 35.143286,51.139094 35.143372,51.140602 35.136384,51.144358 35.135182,51.148047 35.140589,51.151169 35.137843,51.1537 35.132693,51.155638 35.127715,51.158114 35.125905,51.159784 35.123236,51.16533 35.130553,51.169097 35.13432,51.170863 35.130857,51.173893 35.129588,51.186477 35.130408,51.194403 35.135417,51.196623 35.140807,51.201911 35.143467,51.205138 35.137939,51.208035 35.136734,51.209782 35.1375,51.215373 35.13972,51.218168 35.150856,51.221176 35.150078,51.223589 35.13391,51.227741 35.11965,51.231483 35.117655,51.229622 35.11374,51.231154 35.105006,51.232766 35.084986,51.230374 35.074724,51.232017 35.06914,51.230193 35.067627,51.229286 35.065865,51.227727 35.064919,51.225912 35.062597,51.22438 35.061794,51.22337 35.061305,51.221727 35.063587,51.21828 35.062745,51.217179 35.062606,51.216077 35.059174,51.214004 35.056385,51.21298 35.055335,51.210947 35.053136,51.210415 35.051865,51.209369 35.050157,51.208684 35.047762,51.208484</coordinates>
            </LinearRing>
          </outerBoundaryIs>
        </Polygon>
      </Placemark>
      <Placemark>
        <name>Kharkiv RUAF</name>
        <ExtendedData>
          <Data name="descripción">
            <value />
          </Data>
          <Data name="description">
            <value />
          </Data>
        </ExtendedData>
        <Polygon>
          <outerBoundaryIs>
            <LinearRing>
              <tessellate>1</tessellate>
              <coordinates>36.283724,50.335597 36.282201,50.336652 36.274734,50.331256 36.27445,50.329627 36.275166,50.328797 36.272202,50.324379 36.273755,50.324009 36.277691,50.330252 36.283724,50.335597</coordinates>
            </LinearRing>
          </outerBoundaryIs>
        </Polygon>
      </Placemark>
      <Placemark>
        <name>Sumy RUAF</name>
        <ExtendedData>
          <Data name="descripción">
            <value />
          </Data>
          <Data name="description">
            <value />
          </Data>
        </ExtendedData>
        <Polygon>
          <outerBoundaryIs>
            <LinearRing>
              <tessellate>1</tessellate>
              <coordinates>35.29803,51.068918 35.301604,51.068838 35.304298,51.067882 35.307583,51.067803 35.311861,51.06598 35.315306,51.065528 35.317378,51.064335 35.319449,51.061847 35.326286,51.060312 35.331578,51.056941 35.336883,51.057671 35.3406257,51.0659637 35.330868,51.069879 35.328043,51.071104 35.325999,51.074094 35.327989,51.07707 35.31256,51.077231 35.311766,51.07868 35.304277,51.078728 35.303645,51.077876 35.303658,51.07732 35.30493,51.076467 35.304987,51.076128 35.304872,51.075681 35.304154,51.074647 35.303694,51.074005 35.301701,51.073966 35.301125,51.073698 35.301064,51.073308 35.301344,51.072142 35.30111,51.071947 35.299861,51.072087 35.298354,51.072388 35.298044,51.072141 35.298347,51.070784 35.29668,51.070038 35.295041,51.069557 35.29803,51.068918</coordinates>
            </LinearRing>
          </outerBoundaryIs>
        </Polygon>
      </Placemark>
      <Placemark>
        <name>Sumy RUAF</name>
        <ExtendedData>
          <Data name="descripción">
            <value />
          </Data>
          <Data name="description">
            <value />
          </Data>
        </ExtendedData>
        <Polygon>
          <outerBoundaryIs>
            <LinearRing>
              <tessellate>1</tessellate>
              <coordinates>35.373599,50.923332 35.373399,50.915356 35.379579,50.912677 35.384843,50.912925 35.385476,50.910417 35.389199,50.906502 35.389591,50.899719 35.379685,50.895643 35.394939,50.900289 35.403721,50.902591 35.396566,50.906546 35.397067,50.908972 35.402017,50.910575 35.401103,50.912266 35.400442,50.913237 35.400166,50.91456 35.397595,50.916775 35.396223,50.917301 35.395801,50.918045 35.392727,50.919234 35.3933,50.924139 35.392879,50.924642 35.387558,50.923614 35.373599,50.923332</coordinates>
            </LinearRing>
          </outerBoundaryIs>
        </Polygon>
      </Placemark>
      <Placemark>
        <name>Chernihiv RUAF</name>
        <ExtendedData>
          <Data name="descripción">
            <value />
          </Data>
          <Data name="description">
            <value />
          </Data>
        </ExtendedData>
        <Polygon>
          <outerBoundaryIs>
            <LinearRing>
              <tessellate>1</tessellate>
              <coordinates>33.302091,52.351219 33.301758,52.350891 33.301828,52.349705 33.301198,52.348535 33.300288,52.347903 33.297896,52.347267 33.296657,52.346582 33.296405,52.345766 33.297349,52.344272 33.301319,52.341466 33.303389,52.341453 33.30466,52.340398 33.304773,52.339316 33.306576,52.337153 33.307863,52.334052 33.310159,52.332908 33.312584,52.331069 33.314121,52.330647 33.315658,52.330697 33.317358,52.329958 33.318142,52.328217 33.319456,52.32732 33.321199,52.327106 33.3222,52.326808 33.323415,52.326248 33.325359,52.324561 33.32734,52.323927 33.329964,52.323962 33.332454,52.324499 33.33417,52.325719 33.334535,52.327653 33.333526,52.328827 33.333376,52.330322 33.33505,52.332761 33.338279,52.335082 33.344496,52.339087 33.345178,52.339985 33.345167,52.34104 33.34793,52.342984 33.351465,52.344337 33.356744,52.345111 33.35904,52.345202 33.361003,52.344645 33.362092,52.343698 33.361928,52.342858 33.360967,52.341959 33.358675,52.340955 33.358857,52.340211 33.360113,52.339467 33.362312,52.339824 33.364657,52.339832 33.366816,52.339443 33.368217,52.338855 33.369218,52.33784 33.369547,52.33652 33.369475,52.335716 33.370444,52.333974 33.370813,52.332809 33.371549,52.331843 33.372322,52.331699 33.372944,52.332072 33.374114,52.332325 33.374803,52.332139 33.375406,52.331717 33.374914,52.330974 33.374036,52.330259 33.373131,52.330074 33.371367,52.330021 33.369214,52.329154 33.36907,52.328704 33.369554,52.32846 33.37078,52.32855 33.371601,52.328468 33.37393,52.328644 33.375915,52.329555 33.377257,52.330466 33.37818,52.331381 33.378641,52.332664 33.378507,52.333503 33.378783,52.334079 33.379571,52.334243 33.381346,52.333672 33.382456,52.332014 33.383526,52.33146 33.384747,52.331222 33.386098,52.331246 33.387822,52.332509 33.388169,52.333232 33.389074,52.333562 33.389646,52.333412 33.389762,52.332352 33.388062,52.331307 33.387966,52.330844 33.388203,52.330519 33.389923,52.329818 33.390572,52.329072 33.391612,52.328734 33.394498,52.329156 33.395791,52.329026 33.396888,52.328174 33.397856,52.328371 33.397728,52.329142 33.39732,52.331751 33.397513,52.332472 33.399745,52.333069 33.400217,52.333508 33.400281,52.334708 33.399326,52.335662 33.397218,52.33644 33.395434,52.336829 33.393534,52.338506 33.393313,52.340602 33.39938,52.347732 33.399755,52.348689 33.40033,52.349168 33.401925,52.349223 33.403367,52.348635 33.405268,52.347056 33.406139,52.346815 33.407598,52.347182 33.408092,52.347758 33.408939,52.350052 33.410243,52.350937 33.411216,52.351092 33.411568,52.351914 33.412319,52.35253 33.413752,52.352648 33.415991,52.352352 33.416489,52.352323 33.416772,52.352503 33.417096,52.352994 33.416691,52.355793 33.416768,52.356707 33.417428,52.357859 33.416536,52.357976 33.417102,52.360478 33.411942,52.360619 33.410204,52.359783 33.409862,52.3596 33.40965,52.359618 33.409395,52.359727 33.409079,52.360078 33.408762,52.361176 33.407919,52.361576 33.40766,52.361628 33.407364,52.361613 33.405776,52.361449 33.403108,52.36058 33.402151,52.363209 33.401925,52.364129 33.402321,52.364895 33.403044,52.365568 33.403779,52.36607 33.408059,52.367088 33.393077,52.371138 33.380356,52.372012 33.373289,52.370455 33.373615,52.36925 33.37006,52.36182 33.363563,52.360941 33.360218,52.364598 33.358589,52.362489 33.356154,52.359679 33.355129,52.358935 33.356465,52.358374 33.353922,52.357778 33.351314,52.35325 33.336594,52.351875 33.33609,52.352834 33.332716,52.352786 33.330053,52.352966 33.32666,52.353801 33.323034,52.354345 33.321971,52.354722 33.320609,52.355675 33.318205,52.35572 33.311489,52.355426 33.310792,52.35519 33.309403,52.35388 33.307853,52.35196 33.307851,52.351275 33.307548,52.350616 33.306273,52.350551 33.304237,52.351389 33.302091,52.351219</coordinates>
            </LinearRing>
          </outerBoundaryIs>
        </Polygon>
      </Placemark>
      <Placemark>
        <name>Chernihiv RUAF</name>
        <ExtendedData>
          <Data name="descripción">
            <value />
          </Data>
          <Data name="description">
            <value />
          </Data>
        </ExtendedData>
        <Polygon>
          <outerBoundaryIs>
            <LinearRing>
              <tessellate>1</tessellate>
              <coordinates>33.250492,52.366425 33.240343,52.368692 33.240407,52.364263 33.244441,52.363974 33.248625,52.364905 33.25047,52.366136 33.250492,52.366425</coordinates>
            </LinearRing>
          </outerBoundaryIs>
        </Polygon>
      </Placemark>
      <Placemark>
        <name>Chernihiv AFU</name>
        <ExtendedData>
          <Data name="descripción">
            <value />
          </Data>
          <Data name="description">
            <value />
          </Data>
        </ExtendedData>
        <Polygon>
          <outerBoundaryIs>
            <LinearRing>
              <tessellate>1</tessellate>
              <coordinates>33.414766,52.34973 33.414722,52.351088 33.412139,52.351157 33.410243,52.350937 33.408939,52.350052 33.408092,52.347758 33.407598,52.347182 33.406139,52.346815 33.405268,52.347056 33.403367,52.348635 33.401925,52.349223 33.40033,52.349168 33.399755,52.348689 33.39938,52.347732 33.393313,52.340602 33.393534,52.338506 33.395434,52.336829 33.397218,52.33644 33.399326,52.335662 33.400281,52.334708 33.400217,52.333508 33.399745,52.333069 33.397513,52.332472 33.39732,52.331751 33.397856,52.328371 33.396888,52.328174 33.395791,52.329026 33.394498,52.329156 33.391612,52.328734 33.390572,52.329072 33.389923,52.329818 33.388203,52.330519 33.387966,52.330844 33.388062,52.331307 33.389762,52.332352 33.389646,52.333412 33.389074,52.333562 33.388169,52.333232 33.387822,52.332509 33.386098,52.331246 33.384747,52.331222 33.383526,52.33146 33.382456,52.332014 33.381346,52.333672 33.379571,52.334243 33.378783,52.334079 33.378507,52.333503 33.378641,52.332664 33.37818,52.331381 33.377257,52.330466 33.375915,52.329555 33.37393,52.328644 33.371601,52.328468 33.37078,52.32855 33.369554,52.32846 33.36907,52.328704 33.369214,52.329154 33.371367,52.330021 33.373131,52.330074 33.374036,52.330259 33.374914,52.330974 33.375406,52.331717 33.374803,52.332139 33.374114,52.332325 33.372944,52.332072 33.372322,52.331699 33.371549,52.331843 33.370813,52.332809 33.370444,52.333974 33.369475,52.335716 33.369218,52.33784 33.366816,52.339443 33.364657,52.339832 33.362312,52.339824 33.360113,52.339467 33.358857,52.340211 33.358675,52.340955 33.361505,52.342322 33.362092,52.343698 33.361003,52.344645 33.35904,52.345202 33.356744,52.345111 33.351465,52.344337 33.34793,52.342984 33.345167,52.34104 33.345178,52.339985 33.344496,52.339087 33.338279,52.335082 33.33505,52.332761 33.333376,52.330322 33.334535,52.327653 33.33417,52.325719 33.332454,52.324499 33.329964,52.323962 33.32734,52.323927 33.325359,52.324561 33.323415,52.326248 33.321199,52.327106 33.319456,52.32732 33.318142,52.328217 33.317358,52.329958 33.315658,52.330697 33.314121,52.330647 33.312584,52.331069 33.310159,52.332908 33.307863,52.334052 33.306576,52.337153 33.304773,52.339316 33.30466,52.340398 33.303389,52.341453 33.301319,52.341466 33.297349,52.344272 33.296405,52.345766 33.296657,52.346582 33.297896,52.347267 33.300288,52.347903 33.301198,52.348535 33.301828,52.349705 33.301758,52.350891 33.302091,52.351219 33.304108,52.351337 33.289117,52.357776 33.265289,52.363019 33.26459,52.362698 33.264106,52.362718 33.263223,52.363412 33.259848,52.364106 33.25812,52.363446 33.257878,52.362984 33.255984,52.36251 33.254309,52.362645 33.253063,52.362311 33.247804,52.361702 33.243618,52.361852 33.24065,52.362403 33.233187,52.366537 33.233234,52.367055 33.195266,52.370636 33.195231,52.371568 33.194529,52.371993 33.194085,52.372417 33.193626,52.374943 33.192309,52.376124 33.190864,52.376992 33.189218,52.37684 33.189009,52.376386 33.188758,52.373392 33.170054,52.372962 33.16993,52.37196 33.169985,52.369435 33.170828,52.3681 33.172616,52.367262 33.173572,52.366452 33.173563,52.365354 33.172961,52.365256 33.172788,52.364686 33.173301,52.364228 33.173039,52.362788 33.1718,52.3618 33.170459,52.35469 33.170302,52.352182 33.17355,52.351308 33.174072,52.351267 33.174337,52.351068 33.174137,52.350818 33.172706,52.34967 33.172091,52.348995 33.170703,52.348364 33.170611,52.34465 33.170561,52.342116 33.172594,52.341446 33.173378,52.336716 33.177551,52.336811 33.178635,52.335648 33.180405,52.336057 33.183109,52.337801 33.184482,52.338083 33.196584,52.337211 33.201905,52.337513 33.216233,52.34001 33.219534,52.336537 33.233844,52.338786 33.23486,52.338034 33.236519,52.327502 33.238205,52.318801 33.234047,52.31824 33.233471,52.316623 33.233627,52.315536 33.229062,52.311301 33.228745,52.309375 33.231891,52.308937 33.23178,52.307351 33.231639,52.306676 33.232099,52.305895 33.239283,52.304466 33.254621,52.303299 33.252536,52.300452 33.245902,52.296083 33.277996,52.295952 33.280376,52.290313 33.297273,52.29605 33.298923,52.295226 33.299791,52.29261 33.301774,52.291043 33.325888,52.304592 33.333764,52.296498 33.342035,52.297752 33.342816,52.29649 33.342044,52.295703 33.343847,52.294075 33.345307,52.293708 33.346681,52.294258 33.347025,52.295229 33.348317,52.296068 33.350355,52.295491 33.351332,52.295727 33.35152,52.296003 33.352137,52.296068 33.355785,52.295386 33.35776,52.293864 33.365573,52.292603 33.36858,52.292392 33.370301,52.293571 33.37026,52.294607 33.369639,52.295282 33.369586,52.295804 33.37089,52.296458 33.371241,52.297258 33.371078,52.298504 33.371603,52.299257 33.373673,52.300797 33.373426,52.302468 33.371285,52.303881 33.370558,52.304981 33.370947,52.305661 33.372599,52.305409 33.376215,52.303944 33.383043,52.302713 33.385728,52.301573 33.387328,52.301606 33.391046,52.300442 33.395566,52.299925 33.397333,52.300428 33.399589,52.30148 33.40021,52.302302 33.400188,52.303281 33.400959,52.303893 33.400915,52.304557 33.400183,52.305571 33.400096,52.305934 33.399709,52.306624 33.399157,52.306697 33.398431,52.307022 33.398368,52.307932 33.398333,52.308269 33.397397,52.308763 33.396427,52.308938 33.395516,52.308475 33.391053,52.311001 33.389852,52.311543 33.3882,52.311784 33.388415,52.313751 33.385668,52.315757 33.385862,52.316446 33.387932,52.317052 33.390942,52.316411 33.393541,52.314798 33.397213,52.313159 33.39895,52.313231 33.401256,52.314435 33.404333,52.319274 33.404191,52.321804 33.405289,52.322126 33.407899,52.322155 33.410508,52.322578 33.414272,52.324977 33.415261,52.327701 33.417023,52.330137 33.418744,52.331467 33.417512,52.334082 33.41658,52.334939 33.416736,52.335459 33.417758,52.33568 33.418909,52.335665 33.421968,52.336916 33.428456,52.344775 33.425913,52.345654 33.425173,52.346584 33.424111,52.346873 33.422362,52.347109 33.418135,52.348315 33.414766,52.34973</coordinates>
            </LinearRing>
          </outerBoundaryIs>
        </Polygon>
      </Placemark>
      <Placemark>
        <name>Kharkiv RUAF</name>
        <ExtendedData>
          <Data name="descripción">
            <value />
          </Data>
          <Data name="description">
            <value />
          </Data>
        </ExtendedData>
        <Polygon>
          <outerBoundaryIs>
            <LinearRing>
              <tessellate>1</tessellate>
              <coordinates>37.7982734,49.2062572 37.796878,49.208007 37.7902502,49.2095959 37.7947993,49.2175015 37.8017945,49.2183985 37.8046269,49.2213977 37.8192824,49.2311799 37.8110726,49.2330447 37.7964964,49.2320147 37.7831154,49.2318352 37.778314,49.2306241 37.7715362,49.2324286 37.7567763,49.2238082 37.7531284,49.2201924 37.7686638,49.2115864 37.7672262,49.208208 37.77447,49.2067726 37.7937261,49.2026455 37.7980304,49.2016976 37.7982734,49.2062572</coordinates>
            </LinearRing>
          </outerBoundaryIs>
        </Polygon>
      </Placemark>
      <Placemark>
        <name>Donetsk AFU</name>
        <ExtendedData>
          <Data name="descripción">
            <value />
          </Data>
          <Data name="description">
            <value />
          </Data>
        </ExtendedData>
        <Polygon>
          <outerBoundaryIs>
            <LinearRing>
              <tessellate>1</tessellate>
              <coordinates>37.86461,49.1991503 37.8654038,49.2034545 37.8656184,49.2079549 37.869388,49.214051 37.873765,49.218424 37.8756093,49.2195861 37.8716546,49.2220463 37.8725595,49.2267796 37.8719842,49.2319331 37.8677283,49.2362356 37.864109,49.235436 37.853252,49.224534 37.851601,49.221684 37.850285,49.221357 37.849767,49.219776 37.8485688,49.2142851 37.8468699,49.204481 37.8449045,49.2046261 37.8440631,49.2009556 37.851522,49.199051 37.857588,49.198791 37.86461,49.1991503</coordinates>
            </LinearRing>
          </outerBoundaryIs>
        </Polygon>
      </Placemark>
      <Placemark>
        <name>Dnipropetrovsk AFU</name>
        <ExtendedData>
          <Data name="descripción">
            <value />
          </Data>
          <Data name="description">
            <value />
          </Data>
        </ExtendedData>
        <Polygon>
          <outerBoundaryIs>
            <LinearRing>
              <tessellate>1</tessellate>
              <coordinates>36.8026047,48.1223418 36.821059,48.1244075 36.8204719,48.1278094 36.83042,48.1288423 36.8329506,48.1350288 36.8636803,48.139184 36.8640817,48.1440057 36.8753944,48.1453785 36.8719412,48.1557387 36.8777507,48.1624083 36.872574,48.184191 36.870801,48.184478 36.867976,48.183362 36.864551,48.18339 36.862838,48.182789 36.861383,48.183161 36.859713,48.182846 36.858449,48.183232 36.85683,48.184513 36.855462,48.184953 36.854052,48.184534 36.834104,48.188967 36.827029,48.188792 36.823731,48.189818 36.817992,48.189924 36.816385,48.191966 36.809524,48.229022 36.767985,48.22558 36.767312,48.228434 36.703449,48.222468 36.697589,48.243251 36.674968,48.239665 36.637927,48.229328 36.631481,48.228321 36.624597,48.228706 36.627143,48.215867 36.623461,48.215589 36.617123,48.217548 36.613715,48.217119 36.612709,48.222296 36.609985,48.225642 36.597368,48.22759 36.592819,48.227136 36.591702,48.231028 36.557343,48.234005 36.552352,48.232916 36.518186,48.215815 36.51166,48.211178 36.508568,48.20471 36.51062,48.201492 36.513326,48.186328 36.507753,48.185976 36.514655,48.182713 36.518305,48.169707 36.523214,48.153081 36.449094,48.154761 36.448101,48.15713 36.437877,48.154996 36.431851,48.149125 36.418429,48.147232 36.411489,48.180313 36.376664,48.177081 36.379954,48.161824 36.361274,48.15962 36.364129,48.151616 36.331045,48.1482 36.335263,48.132205 36.322832,48.130873 36.329284,48.128166 36.327971,48.121921 36.052231,48.058723 36.057751,48.046868 36.055789,48.046335 36.065155,48.025372 36.034282,48.018858 36.041865,48.003386 36.06188,48.001078 36.065613,47.982432 36.069954,47.973426 36.06748,47.971387 36.047583,47.96573 36.051378,47.958579 36.073921,47.965127 36.084954,47.930514 36.10918,47.94177 36.120202,47.927707 36.11066,47.92454 36.127949,47.902096 36.122701,47.899779 36.129894,47.890509 36.117356,47.870505 36.118535,47.864799 36.087015,47.861163 36.084914,47.868574 36.068973,47.866471 36.073715,47.84796 36.075952,47.848301 36.080354,47.848342 36.086089,47.848756 36.088691,47.849342 36.092482,47.849541 36.094427,47.849884 36.096951,47.849623 36.098535,47.849723 36.099733,47.849534 36.101481,47.842553 36.1639442,47.849313 36.1594654,47.8664149 36.1559415,47.8692483 36.1498995,47.869589 36.1468584,47.8827394 36.149359,47.8861559 36.1480086,47.8889309 36.1432464,47.8926129 36.144931,47.9010003 36.1427541,47.905128 36.1483555,47.9097004 36.1563454,47.9086574 36.1756325,47.9133943 36.1815164,47.9186342 36.1890324,47.9223199 36.1978833,47.919395 36.2031448,47.9217249 36.2209825,47.910487 36.232465,47.908912 36.2400945,47.9130501 36.2484201,47.9136653 36.2558927,47.9093307 36.2675688,47.9185207 36.2737849,47.9144201 36.297925,47.9285783 36.3086277,47.9286863 36.3090145,47.9231449 36.3264458,47.924153 36.3351295,47.930605 36.3359445,47.9354788 36.340708,47.9359106 36.3407769,47.9376218 36.3377573,47.9381251 36.337656,47.9423662 36.3470951,47.951185 36.361283,47.9520667 36.3624417,47.9539924 36.3606392,47.9641659 36.3811283,47.9639878 36.3952469,47.9620229 36.4009123,47.9552226 36.4010823,47.9507144 36.3991031,47.9456073 36.4005543,47.9450537 36.4031309,47.9483996 36.4104147,47.9488698 36.415386,47.9523051 36.4283405,47.9563401 36.439431,47.9588185 36.4555514,47.9628448 36.4627859,47.962615 36.474289,47.95866 36.4785611,47.959834 36.483863,47.9621609 36.4939965,47.9721047 36.5014836,47.9732634 36.5071686,47.9705433 36.5069325,47.9653697 36.5090852,47.9594134 36.5082418,47.9558909 36.5109287,47.9536856 36.5145614,47.9517952 36.5175822,47.9511599 36.5212893,47.9515488 36.5251162,47.9532936 36.5266232,47.9542329 36.5287075,47.9555773 36.5289409,47.9594879 36.5293477,47.9614295 36.526646,47.9665141 36.5273822,47.9699892 36.5295782,47.9701953 36.5317387,47.9728484 36.5376905,47.9744193 36.5448573,47.9753675 36.545664,47.9771733 36.5495644,47.9767548 36.5494544,47.9741425 36.5603326,47.9717452 36.5603393,47.9705621 36.5629231,47.9672585 36.5657126,47.9670861 36.5712154,47.9670443 36.5752337,47.9671074 36.5764354,47.9633718 36.606818,47.966467 36.606621,47.968626 36.6119824,47.9708987 36.609386,47.98374 36.599817,47.984588 36.5978,47.984402 36.588959,47.989772 36.586387,48.000764 36.585594,48.002256 36.582379,48.005755 36.582016,48.0064 36.581234,48.007167 36.579684,48.008498 36.577191,48.010145 36.575345,48.010791 36.574122,48.0112 36.573511,48.011118 36.573079,48.010796 36.572992,48.010175 36.572347,48.009722 36.571295,48.009868 36.569782,48.010573 36.568726,48.010868 36.568369,48.011446 36.568576,48.012252 36.570311,48.013315 36.572389,48.013919 36.57447,48.014433 36.576035,48.015061 36.577385,48.015862 36.578705,48.01609 36.580265,48.016117 36.582934,48.016619 36.584354,48.016755 36.586652,48.017742 36.588826,48.019271 36.589618,48.019602 36.590485,48.019653 36.590863,48.019939 36.591112,48.020368 36.590965,48.020983 36.589916,48.021814 36.588703,48.023565 36.588376,48.025682 36.58729,48.027128 36.587176,48.028439 36.586067,48.030128 36.583929,48.032419 36.578457,48.0366514 36.5736718,48.0396796 36.573329,48.0411713 36.5743158,48.0425629 36.5815414,48.0520789 36.5848838,48.0525648 36.581599,48.060131 36.58021,48.060004 36.578872,48.060514 36.578375,48.061428 36.578092,48.062285 36.578672,48.063059 36.579391,48.063303 36.582411,48.063024 36.584136,48.06383 36.5864148,48.0660691 36.5858279,48.0668673 36.5857051,48.0675729 36.585752,48.068379 36.5855916,48.0690539 36.5851247,48.0700787 36.5844728,48.0711655 36.5842509,48.0721221 36.5845728,48.0734271 36.5850771,48.0746451 36.5863124,48.0755235 36.5857714,48.0761352 36.5853593,48.0767166 36.584856,48.076735 36.584497,48.076271 36.583674,48.076211 36.581522,48.077184 36.580234,48.078172 36.579933,48.079111 36.5784951,48.084531 36.591353,48.086611 36.5915843,48.0908951 36.594872,48.093362 36.594529,48.094685 36.590779,48.097434 36.589793,48.101574 36.601811,48.102527 36.606578,48.104287 36.6180842,48.1058713 36.620088,48.104383 36.6350804,48.1074294 36.6441753,48.1072884 36.6488037,48.1062611 36.650987,48.106113 36.6807371,48.0978287 36.6866593,48.1008667 36.7223307,48.1058482 36.7197602,48.1179536 36.7381323,48.1340947 36.746924,48.1357965 36.7538325,48.133319 36.7638687,48.1316452 36.7665455,48.1299353 36.7691378,48.132865 36.7739083,48.1334063 36.774508,48.131797 36.7782825,48.1305964 36.780182,48.132368 36.797605,48.126108 36.801624,48.126312 36.8026047,48.1223418</coordinates>
            </LinearRing>
          </outerBoundaryIs>
        </Polygon>
      </Placemark>
      <Placemark>
        <name>Dnipropetrovsk AFU</name>
        <ExtendedData>
          <Data name="descripción">
            <value />
          </Data>
          <Data name="description">
            <value />
          </Data>
        </ExtendedData>
        <Polygon>
          <outerBoundaryIs>
            <LinearRing>
              <tessellate>1</tessellate>
              <coordinates>36.90234,48.19157 36.903253,48.191833 36.903325,48.192256 36.903301,48.192732 36.903438,48.193158 36.904055,48.193495 36.905113,48.193561 36.906927,48.192385 36.907924,48.192153 36.908887,48.192117 36.909442,48.192359 36.910452,48.193443 36.91125,48.193732 36.912306,48.194057 36.914438,48.194655 36.915781,48.194683 36.917855,48.1943955 36.920504,48.194105 36.923004,48.194744 36.927929,48.195054 36.928845,48.195582 36.929691,48.195924 36.930566,48.196034 36.931372,48.195882 36.9326421,48.1953218 36.9320843,48.196077 36.931251,48.1992942 36.9290659,48.1996221 36.9252963,48.2019663 36.9263327,48.2054724 36.920859,48.229272 36.9053554,48.2316095 36.897399,48.235122 36.895469,48.238812 36.89401,48.245516 36.895862,48.251715 36.900309,48.252826 36.906913,48.252469 36.924154,48.253822 36.912267,48.309009 36.873764,48.305618 36.871479,48.317066 36.859821,48.315909 36.859954,48.312338 36.856825,48.31242 36.856403,48.315665 36.816783,48.31266 36.810012,48.343685 36.816553,48.349014 36.813679,48.360306 36.812929,48.368489 36.814228,48.368333 36.815478,48.367057 36.816661,48.366305 36.818998,48.365983 36.821763,48.366232 36.823604,48.367241 36.825741,48.369431 36.826777,48.369775 36.827561,48.370748 36.821103,48.403667 36.819792,48.404413 36.819694,48.405926 36.819988,48.406525 36.821141,48.407239 36.823698,48.408242 36.824324,48.409672 36.825229,48.410561 36.825318,48.412646 36.824861,48.413039 36.82459,48.413826 36.824563,48.41466 36.824938,48.414902 36.826074,48.415044 36.827101,48.415273 36.827742,48.415772 36.828083,48.416157 36.829062,48.416563 36.829568,48.416627 36.829894,48.416841 36.829902,48.417041 36.830391,48.417326 36.830886,48.41753 36.831276,48.417395 36.832226,48.41687 36.833355,48.416617 36.833926,48.416605 36.834669,48.416908 36.835967,48.417688 36.836503,48.418168 36.836759,48.418544 36.836454,48.41962 36.836621,48.420254 36.837299,48.42044 36.838097,48.420357 36.839606,48.419848 36.840092,48.419885 36.840207,48.420159 36.840995,48.420563 36.84131,48.420625 36.841368,48.420773 36.842252,48.420706 36.842708,48.420525 36.843555,48.420021 36.843876,48.419724 36.844775,48.419416 36.845543,48.418914 36.846178,48.418165 36.846506,48.417933 36.847263,48.417701 36.84863,48.416423 36.84985,48.416152 36.850218,48.415991 36.850609,48.41601 36.850834,48.41619 36.85137,48.416806 36.85158,48.41753 36.851532,48.417934 36.851393,48.4182 36.850772,48.418549 36.850409,48.41889 36.850292,48.41927 36.85026,48.41965 36.850154,48.419891 36.849984,48.420088 36.849688,48.420239 36.849682,48.420574 36.849799,48.42093 36.850077,48.421287 36.850366,48.42148 36.850611,48.421687 36.85085,48.421932 36.850938,48.422191 36.850836,48.422467 36.850631,48.422564 36.8505,48.422515 36.850362,48.422577 36.850262,48.422817 36.850109,48.422985 36.850374,48.423702 36.850743,48.423808 36.85094,48.423943 36.850968,48.424071 36.851112,48.424112 36.851313,48.424153 36.848498,48.42805 36.845359,48.443622 36.836866,48.443078 36.830083,48.484657 36.85704,48.487227 36.850879,48.518009 36.881451,48.52055 36.891932,48.519658 36.906189,48.520811 36.901643,48.543369 36.884562,48.542057 36.882841,48.55114 36.869012,48.550225 36.860465,48.564424 36.858955,48.568738 36.825002,48.566907 36.824158,48.570076 36.810345,48.568877 36.80672,48.588308 36.806581,48.592885 36.805497,48.595873 36.798661,48.596234 36.797662,48.596539 36.77987,48.59675 36.77872,48.600621 36.745298,48.596769 36.738696,48.62624 36.70404,48.622358 36.70285,48.627563 36.672385,48.624492 36.67385,48.618384 36.654192,48.616302 36.655436,48.609472 36.591152,48.602608 36.58992,48.607993 36.580363,48.607248 36.578399,48.615725 36.563297,48.617438 36.561411,48.620621 36.561261,48.621714 36.561744,48.622431 36.561299,48.623243 36.56035,48.623616 36.558887,48.623706 36.554845,48.62485 36.482577,48.66367 36.447086,48.632652 36.429907,48.634459 36.426339,48.631506 36.434941,48.630313 36.440881,48.627077 36.42446,48.61247 36.380865,48.570216 36.391639,48.564509 36.354727,48.532248 36.349453,48.534822 36.354843,48.539684 36.323634,48.555753 36.296524,48.531423 36.241223,48.482656 36.247783,48.479313 36.217418,48.451919 36.214096,48.451537 36.212779,48.449296 36.206371,48.449941 36.203081,48.44844 36.190242,48.436479 36.189178,48.436307 36.187531,48.435537 36.186192,48.435608 36.18578,48.436612 36.186862,48.43791 36.185884,48.438868 36.184391,48.439151 36.182786,48.437869 36.175546,48.438253 36.172083,48.440231 36.169921,48.439995 36.16999,48.438051 36.168772,48.437246 36.166009,48.437466 36.166148,48.439328 36.164414,48.439975 36.160286,48.439103 36.15839,48.439824 36.159596,48.441183 36.158998,48.44226 36.156725,48.442686 36.153936,48.44163 36.151881,48.438091 36.150685,48.436944 36.146318,48.435561 36.140535,48.434861 36.130433,48.431452 36.128327,48.43067 36.124933,48.43006 36.123707,48.429527 36.12334,48.428766 36.125174,48.427688 36.125589,48.427048 36.125576,48.426408 36.124704,48.425056 36.122937,48.423583 36.122115,48.42342 36.120473,48.423395 36.117595,48.422649 36.115984,48.421564 36.114149,48.419568 36.113016,48.418713 36.111892,48.418627 36.111116,48.419496 36.110727,48.420841 36.111177,48.422198 36.112914,48.423896 36.112182,48.424345 36.110442,48.424598 36.1091,48.424184 36.106584,48.422382 36.104124,48.42168 36.102636,48.421984 36.101506,48.42262 36.100555,48.425017 36.09965,48.426643 36.099799,48.427342 36.100946,48.428717 36.101605,48.431824 36.103394,48.434261 36.10549,48.436276 36.107329,48.439231 36.107413,48.439998 36.10681,48.441164 36.100625,48.44435 36.097616,48.445258 36.096369,48.445142 36.095616,48.444828 36.095369,48.443874 36.093657,48.442572 36.091428,48.441778 36.090442,48.442235 36.089864,48.444656 36.09069,48.446464 36.090116,48.446998 36.0894,48.446952 36.088341,48.44571 36.085548,48.445046 36.083938,48.445369 36.083185,48.446262 36.082067,48.446281 36.079834,48.445237 36.078717,48.445256 36.078159,48.446063 36.075648,48.447491 36.072279,48.448805 36.071773,48.447915 36.070619,48.448352 36.068005,48.448903 36.06677,48.44861 36.066066,48.448093 36.06471,48.44805 36.064728,48.448461 36.063818,48.449569 36.062696,48.449522 36.061145,48.449134 36.06101,48.44977 36.059588,48.450236 36.058984,48.450248 36.058422,48.450402 36.05803,48.450256 36.056822,48.450579 36.056433,48.450399 36.055786,48.450333 36.055514,48.450646 36.055828,48.451129 36.056014,48.451186 36.056242,48.451783 36.056398,48.452407 36.057584,48.452837 36.057212,48.453593 36.05649,48.453558 36.05611,48.453324 36.055492,48.453283 36.055302,48.453527 36.054897,48.453671 36.054609,48.453643 36.054278,48.453729 36.053724,48.453692 36.05349,48.453388 36.053126,48.453626 36.053133,48.454234 36.051945,48.455022 36.051971,48.45532 36.052727,48.455645 36.052346,48.45822 36.052628,48.458937 36.0524,48.45907 36.0517,48.45906 36.050507,48.459633 36.049958,48.459695 36.047759,48.45863 36.051148,48.44968 36.059345,48.438762 36.059816,48.431831 36.104013,48.349849 36.046391,48.365824 35.983934,48.382309 35.889576,48.409897 35.888032,48.409612 35.882711,48.407111 35.88078,48.406406 35.878206,48.40528 35.873915,48.40549 35.872456,48.405737 35.871265,48.406219 35.868958,48.405961 35.868154,48.405503 35.867472,48.404091 35.866834,48.403107 35.86707,48.40213 35.868336,48.40104 35.869281,48.400169 35.869882,48.398871 35.870955,48.398051 35.871749,48.3968 35.872832,48.395904 35.873586,48.39558 35.874125,48.39557 35.874686,48.395759 35.875202,48.396381 35.875782,48.39786 35.876737,48.398186 35.877344,48.398136 35.8778,48.397929 35.880107,48.396041 35.882076,48.39571 35.883146,48.395345 35.883339,48.394905 35.88336,48.394265 35.884046,48.393226 35.883992,48.392838 35.883724,48.392479 35.883788,48.391931 35.839258,48.385759 35.840902,48.380461 35.82327,48.377413 35.826565,48.362195 35.827113,48.357698 35.805211,48.355091 35.814337,48.312652 35.784067,48.309697 35.78876,48.286689 35.76648,48.291858 35.758211,48.294641 35.756663,48.295559 35.755071,48.29585 35.754853,48.29654 35.755623,48.297043 35.757146,48.296851 35.758122,48.297398 35.75818,48.298171 35.75703,48.2989 35.75506,48.299136 35.754074,48.298754 35.752917,48.298849 35.752188,48.299401 35.752388,48.300098 35.753603,48.301289 35.754347,48.302508 35.75759,48.302907 35.759148,48.302493 35.760119,48.302799 35.760326,48.303652 35.7597,48.304992 35.7592,48.304991 35.758872,48.305105 35.75893,48.305676 35.758873,48.306503 35.757665,48.307402 35.756181,48.307638 35.755512,48.307902 35.754569,48.309521 35.75324,48.310513 35.753456,48.311839 35.751783,48.312292 35.750925,48.313116 35.749852,48.312855 35.748737,48.312923 35.748257,48.313655 35.748635,48.3154 35.74734,48.316418 35.747745,48.317621 35.747722,48.318824 35.747966,48.319014 35.748662,48.319048 35.751064,48.317923 35.751932,48.317995 35.752366,48.318517 35.752176,48.31902 35.751544,48.319571 35.751872,48.320517 35.752808,48.32062 35.754135,48.320186 35.755334,48.320425 35.755547,48.321093 35.753507,48.323249 35.752498,48.323865 35.75198,48.323742 35.751764,48.323209 35.751034,48.322971 35.750561,48.323223 35.75054,48.323934 35.752331,48.325103 35.752543,48.325901 35.752412,48.326643 35.75271,48.327698 35.752366,48.328212 35.751506,48.328583 35.750068,48.328283 35.749456,48.328362 35.749376,48.328679 35.749614,48.329152 35.74954,48.32953 35.749997,48.330191 35.750976,48.33005 35.751269,48.330166 35.75187,48.330507 35.751998,48.331092 35.751698,48.331705 35.752459,48.332146 35.753207,48.332205 35.754255,48.332107 35.754677,48.332624 35.754363,48.333202 35.754465,48.333843 35.75388,48.334977 35.753853,48.335768 35.753976,48.335979 35.7544,48.33619 35.75551,48.336244 35.755722,48.336656 35.75456,48.33781 35.753121,48.338111 35.752562,48.337855 35.751789,48.337086 35.750995,48.336916 35.750404,48.337116 35.748864,48.338343 35.74833,48.338371 35.748021,48.337972 35.748145,48.337316 35.747692,48.336845 35.746853,48.336717 35.746117,48.336942 35.745384,48.337711 35.74478,48.337767 35.744259,48.337308 35.744728,48.336194 35.744426,48.335765 35.743653,48.335765 35.743438,48.336107 35.742954,48.3366 35.742068,48.336448 35.741689,48.336001 35.741221,48.335963 35.74015,48.336785 35.74028,48.338166 35.739722,48.3384 35.738178,48.338261 35.737529,48.33845 35.737512,48.338731 35.737581,48.33904 35.737118,48.339202 35.73585,48.338897 35.732583,48.34047 35.732303,48.340742 35.731593,48.340729 35.730498,48.339689 35.729907,48.339526 35.729526,48.339658 35.729442,48.340123 35.728993,48.340456 35.727824,48.340594 35.727004,48.340292 35.726949,48.339881 35.727366,48.339299 35.726603,48.338803 35.725849,48.338722 35.725241,48.338948 35.724766,48.339247 35.724376,48.339346 35.723761,48.3392 35.72339,48.338709 35.722992,48.338498 35.722057,48.338507 35.720478,48.338117 35.719939,48.337308 35.721863,48.336025 35.721817,48.334413 35.720721,48.333864 35.719336,48.333789 35.718879,48.334222 35.71908,48.335181 35.718945,48.335688 35.718122,48.336025 35.715018,48.336082 35.71474,48.336478 35.714966,48.337076 35.71545,48.33753 35.715323,48.338265 35.713071,48.337288 35.711961,48.336794 35.711195,48.336956 35.710428,48.336562 35.709576,48.336482 35.709086,48.336026 35.70985,48.334043 35.709749,48.33323 35.709044,48.332674 35.70764,48.332481 35.706874,48.332727 35.707241,48.333364 35.70779,48.333654 35.707592,48.334041 35.706592,48.334392 35.705427,48.335109 35.702935,48.335097 35.701002,48.334876 35.678834,48.360996 35.70804,48.37192 35.705343,48.374594 35.692176,48.378408 35.692484,48.380112 35.704378,48.385921 35.705616,48.388825 35.699286,48.395521 35.683076,48.396818 35.677606,48.412255 35.675643,48.414276 35.660757,48.410102 35.658036,48.413427 35.628878,48.405244 35.623767,48.401591 35.601654,48.359084 35.598278,48.356511 35.568809,48.348937 35.561141,48.346725 35.574546,48.330182 35.576364,48.322333 35.576327,48.316522 35.584206,48.306766 35.595565,48.302599 35.610168,48.298918 35.615407,48.29525 35.618026,48.290676 35.635134,48.296103 35.664252,48.277996 35.652546,48.269569 35.678965,48.25336 35.687529,48.255426 35.712066,48.239539 35.716818,48.236117 35.727406,48.240469 35.732446,48.230421 35.732911,48.225648 35.736585,48.219074 35.710204,48.210902 35.709403,48.208791 35.743454,48.155115 35.744704,48.14642 35.714128,48.138673 35.707549,48.135286 35.742536,48.095686 35.756717,48.095911 35.756307,48.098314 35.7585,48.098363 35.761509,48.097724 35.773406,48.097219 35.77969,48.094576 35.781521,48.094222 35.783437,48.094355 35.784223,48.094879 35.79133,48.095698 35.793271,48.096446 35.794321,48.096339 35.800842,48.099047 35.802783,48.100035 35.803254,48.100065 35.803768,48.099952 35.804281,48.100098 35.804534,48.100619 35.805213,48.100773 35.805797,48.100565 35.807061,48.098615 35.816547,48.065672 35.920658,48.08178 35.966906,48.094223 35.968705,48.094396 35.97205,48.092992 35.975092,48.092535 35.975837,48.09182 35.976038,48.090831 35.975916,48.090004 35.974808,48.088517 35.974737,48.087636 35.975461,48.08677 35.9767,48.086162 35.977976,48.086122 35.982887,48.087003 35.984034,48.086884 35.984994,48.086438 35.985194,48.08524 35.98566,48.084884 35.985736,48.084544 35.985449,48.084161 35.984894,48.083768 35.984643,48.083257 35.984542,48.082002 35.984683,48.080292 35.984331,48.078899 35.983807,48.078136 35.982969,48.07772 35.981848,48.077695 35.979954,48.078071 35.977239,48.078136 35.97595,48.077462 35.975263,48.076652 35.974361,48.076013 35.97333,48.07554 35.970711,48.074637 35.969681,48.074078 35.969358,48.072995 35.969492,48.072337 35.971,48.07102 35.972279,48.068727 35.974116,48.067093 35.974186,48.066321 35.973783,48.065192 35.973122,48.064122 35.972488,48.06264 35.971664,48.061552 35.971527,48.060637 35.972024,48.059982 35.973363,48.059362 35.97471,48.059311 35.975686,48.059654 35.975966,48.06014 35.97704,48.061426 35.977643,48.062451 35.97872,48.063179 35.979627,48.063464 35.980897,48.063504 35.981962,48.063007 35.98324,48.062237 35.984982,48.060726 35.988157,48.05909 35.988617,48.058358 35.988504,48.057547 35.98809,48.057109 35.987486,48.05705 35.984157,48.057262 35.982866,48.057088 35.982226,48.056559 35.981844,48.055371 35.980403,48.054092 35.979434,48.052813 35.97814,48.051747 35.977533,48.050695 35.977354,48.048438 35.976361,48.047014 35.976293,48.044924 35.975711,48.043351 35.991864,48.046224 36.052231,48.058723 36.327971,48.121921 36.329284,48.128166 36.322832,48.130873 36.335263,48.132205 36.331045,48.1482 36.364129,48.151616 36.361274,48.15962 36.379954,48.161824 36.376664,48.177081 36.411489,48.180313 36.418429,48.147232 36.431851,48.149125 36.437877,48.154996 36.448101,48.15713 36.449094,48.154761 36.523214,48.153081 36.514655,48.182713 36.507753,48.185976 36.513326,48.186328 36.51062,48.201492 36.508568,48.20471 36.51166,48.211178 36.518186,48.215815 36.552352,48.232916 36.557343,48.234005 36.591702,48.231028 36.592819,48.227136 36.597368,48.22759 36.609985,48.225642 36.612709,48.222296 36.613715,48.217119 36.617123,48.217548 36.623461,48.215589 36.627143,48.215867 36.624597,48.228706 36.631481,48.228321 36.637927,48.229328 36.674968,48.239665 36.697589,48.243251 36.703449,48.222468 36.767312,48.228434 36.767985,48.22558 36.809524,48.229022 36.816385,48.191966 36.817992,48.189924 36.823731,48.189818 36.827029,48.188792 36.834104,48.188967 36.854052,48.184534 36.855462,48.184953 36.85683,48.184513 36.858449,48.183232 36.859713,48.182846 36.861383,48.183161 36.862838,48.182789 36.864551,48.18339 36.867976,48.183362 36.870801,48.184478 36.872574,48.184191 36.874772,48.183794 36.877094,48.182852 36.878363,48.182151 36.879952,48.181894 36.881508,48.182145 36.882683,48.182699 36.883517,48.182898 36.884106,48.182911 36.884486,48.182739 36.884816,48.182453 36.884783,48.181786 36.883095,48.179929 36.883005,48.179487 36.883279,48.17896 36.883768,48.178582 36.886883,48.177416 36.887868,48.177208 36.888872,48.177394 36.890603,48.178476 36.891237,48.178586 36.893924,48.179658 36.894371,48.180188 36.894358,48.180475 36.893966,48.181048 36.892767,48.181917 36.892019,48.182313 36.891949,48.182562 36.892046,48.182887 36.892474,48.183138 36.893289,48.183368 36.894511,48.184229 36.894788,48.184782 36.894615,48.185337 36.893949,48.185672 36.892088,48.185802 36.891714,48.186066 36.891654,48.186435 36.891682,48.186732 36.892505,48.187629 36.893135,48.188555 36.89321,48.188916 36.892984,48.189985 36.892872,48.19046 36.89289,48.190893 36.893181,48.191142 36.893872,48.191412 36.894953,48.191451 36.895677,48.191258 36.896009,48.190785 36.895966,48.190282 36.895537,48.189835 36.895256,48.18955 36.895254,48.189307 36.895785,48.188666 36.896332,48.187825 36.89674,48.187518 36.897211,48.187303 36.897983,48.187346 36.898325,48.187604 36.898721,48.188928 36.899481,48.190681 36.899827,48.191069 36.900344,48.191234 36.900817,48.19127 36.901461,48.191091 36.90234,48.19157</coordinates>
            </LinearRing>
          </outerBoundaryIs>
        </Polygon>
      </Placemark>
      <Placemark>
        <name>Sumy RUAF</name>
        <ExtendedData>
          <Data name="descripción">
            <value />
          </Data>
          <Data name="description">
            <value />
          </Data>
        </ExtendedData>
        <Polygon>
          <outerBoundaryIs>
            <LinearRing>
              <tessellate>1</tessellate>
              <coordinates>35.152858,51.080741 35.151684,51.079755 35.152671,51.079054 35.152156,51.075009 35.150569,51.072116 35.151126,51.069023 35.156533,51.067108 35.157784,51.064332 35.164502,51.063968 35.174031,51.056333 35.1917944,51.0509268 35.200208,51.046625 35.202594,51.04654 35.205199,51.048236 35.203802,51.051166 35.200308,51.052617 35.197308,51.049842 35.196291,51.050452 35.196927,51.051202 35.190335,51.053685 35.190498,51.056548 35.188808,51.057014 35.182692,51.062154 35.183108,51.062884 35.181706,51.065261 35.178549,51.067856 35.177264,51.070624 35.1734267,51.0718569 35.171036,51.074959 35.16791,51.075942 35.165906,51.077282 35.166049,51.08067 35.163659,51.083213 35.159396,51.080629 35.157979,51.081923 35.154418,51.080144 35.152858,51.080741</coordinates>
            </LinearRing>
          </outerBoundaryIs>
        </Polygon>
      </Placemark>
      <Placemark>
        <name>Sumy RUAF</name>
        <ExtendedData>
          <Data name="descripción">
            <value />
          </Data>
          <Data name="description">
            <value />
          </Data>
        </ExtendedData>
        <Polygon>
          <outerBoundaryIs>
            <LinearRing>
              <tessellate>1</tessellate>
              <coordinates>35.253651,51.061606 35.248189,51.064483 35.243827,51.063602 35.242236,51.060388 35.226843,51.054775 35.22562,51.053507 35.226478,51.052927 35.226381,51.052547 35.224611,51.0523986 35.222798,51.052439 35.222505,51.052343 35.222262,51.051827 35.222268,51.050917 35.2217116,51.05038 35.2211551,51.0507064 35.2177571,51.0489515 35.229422,51.035353 35.231676,51.02652 35.237041,51.025697 35.238029,51.026547 35.243137,51.027667 35.244855,51.027019 35.253787,51.032253 35.2496383,51.0429013 35.267491,51.0419839 35.2778766,51.0443584 35.2779624,51.0491609 35.2734134,51.0579551 35.267237,51.057924 35.266738,51.057914 35.266684,51.057963 35.264659,51.059664 35.266032,51.061876 35.265839,51.063049 35.261226,51.061445 35.257578,51.058747 35.257578,51.061404 35.255904,51.062119 35.253651,51.061606</coordinates>
            </LinearRing>
          </outerBoundaryIs>
        </Polygon>
      </Placemark>
      <Placemark>
        <name>Sumy RUAF</name>
        <ExtendedData>
          <Data name="descripción">
            <value />
          </Data>
          <Data name="description">
            <value />
          </Data>
        </ExtendedData>
        <Polygon>
          <outerBoundaryIs>
            <LinearRing>
              <tessellate>1</tessellate>
              <coordinates>35.387917,50.885864 35.39028,50.882478 35.389636,50.878363 35.386985,50.875408 35.387208,50.874999 35.394208,50.877964 35.401613,50.879528 35.400617,50.880174 35.389261,50.885033 35.387917,50.885864</coordinates>
            </LinearRing>
          </outerBoundaryIs>
        </Polygon>
      </Placemark>
      <Placemark>
        <name>Kursk AFU</name>
        <ExtendedData>
          <Data name="descripción">
            <value />
          </Data>
          <Data name="description">
            <value />
          </Data>
        </ExtendedData>
        <Polygon>
          <outerBoundaryIs>
            <LinearRing>
              <tessellate>1</tessellate>
              <coordinates>34.282465,51.333892 34.284226,51.331013 34.285075,51.331061 34.28567,51.330811 34.285861,51.330203 34.285608,51.330178 34.285184,51.330288 34.284893,51.330144 34.286772,51.327446 34.28968,51.322428 34.285142,51.321248 34.283474,51.320296 34.282619,51.319149 34.280538,51.318013 34.280056,51.317472 34.279968,51.316538 34.28091,51.314237 34.280971,51.313156 34.281544,51.312001 34.282289,51.311328 34.282276,51.31073 34.281792,51.310267 34.280594,51.310458 34.278196,51.310219 34.27631,51.311683 34.276246,51.31224 34.277406,51.312382 34.277236,51.312919 34.275756,51.313604 34.273139,51.314195 34.272196,51.314088 34.269914,51.307459 34.266166,51.298412 34.26365,51.298984 34.25816,51.302555 34.255117,51.301431 34.254825,51.299102 34.249754,51.298846 34.249704,51.296845 34.245185,51.296254 34.244591,51.294092 34.241706,51.293347 34.239543,51.293662 34.237877,51.292521 34.243559,51.284542 34.245273,51.284332 34.254536,51.282088 34.25091,51.27551 34.255102,51.274845 34.259147,51.275116 34.262256,51.27641 34.2650414,51.279103 34.2653753,51.2820746 34.2645825,51.2840973 34.2631693,51.287067 34.2655792,51.291289 34.2685234,51.2914822 34.2737254,51.2924043 34.2774338,51.2925843 34.2787571,51.2935778 34.2860278,51.2941818 34.2876033,51.2933564 34.2933692,51.2930778 34.2937281,51.2938454 34.2926414,51.2951324 34.2929917,51.2975596 34.2938966,51.2983975 34.2982973,51.298092 34.2997682,51.3001663 34.2975917,51.3010866 34.2924496,51.3020383 34.2929683,51.303185 34.2974764,51.3035705 34.2995588,51.3042193 34.303358,51.305351 34.303244,51.307978 34.302705,51.309902 34.303435,51.311324 34.304593,51.312262 34.307472,51.312689 34.310222,51.313706 34.311172,51.314506 34.311271,51.315945 34.310695,51.317588 34.306712,51.319642 34.305098,51.319726 34.304701,51.320484 34.305908,51.321507 34.307243,51.321887 34.309958,51.321601 34.311502,51.321176 34.313261,51.321507 34.313774,51.323214 34.315297,51.324841 34.316304,51.326494 34.317135,51.328549 34.316937,51.33042 34.315782,51.330177 34.313405,51.330028 34.31151,51.330267 34.311181,51.330467 34.31046,51.331032 34.310217,51.33179 34.310578,51.332544 34.311735,51.33321 34.311927,51.3335 34.311035,51.334416 34.310379,51.335291 34.309283,51.335483 34.308263,51.335653 34.305723,51.336178 34.304985,51.336287 34.303904,51.335338 34.302859,51.334876 34.301471,51.334509 34.298846,51.334661 34.296117,51.335535 34.294503,51.336731 34.291899,51.33803 34.290693,51.338893 34.288556,51.338916 34.28732,51.339234 34.287017,51.33911 34.283474,51.336318 34.282816,51.335729 34.282586,51.335435 34.282976,51.334907 34.283004,51.33444 34.28261,51.334164 34.282465,51.333892</coordinates>
            </LinearRing>
          </outerBoundaryIs>
        </Polygon>
      </Placemark>
      <Placemark>
        <name>Dnipropetrovsk AFU</name>
        <ExtendedData>
          <Data name="descripción">
            <value />
          </Data>
          <Data name="description">
            <value />
          </Data>
        </ExtendedData>
        <Polygon>
          <outerBoundaryIs>
            <LinearRing>
              <tessellate>1</tessellate>
              <coordinates>35.755334,48.320425 35.754135,48.320186 35.752808,48.32062 35.751872,48.320517 35.751789,48.320232 35.751544,48.319571 35.752176,48.31902 35.752366,48.318517 35.751932,48.317995 35.751064,48.317923 35.748662,48.319048 35.747966,48.319014 35.747722,48.318824 35.747745,48.317621 35.74734,48.316418 35.748635,48.3154 35.748257,48.313655 35.748737,48.312923 35.749852,48.312855 35.750925,48.313116 35.751783,48.312292 35.753456,48.311839 35.75324,48.310513 35.754569,48.309521 35.755512,48.307902 35.756181,48.307638 35.757665,48.307402 35.758873,48.306503 35.75893,48.305676 35.758872,48.305105 35.7592,48.304991 35.7597,48.304992 35.760326,48.303652 35.760119,48.302799 35.759148,48.302493 35.75759,48.302907 35.754347,48.302508 35.753603,48.301289 35.752388,48.300098 35.752188,48.299401 35.752917,48.298849 35.754074,48.298754 35.75506,48.299136 35.75703,48.2989 35.75818,48.298171 35.758122,48.297398 35.757146,48.296851 35.755623,48.297043 35.754853,48.29654 35.755071,48.29585 35.756663,48.295559 35.758211,48.294641 35.76648,48.291858 35.78876,48.286689 35.784067,48.309697 35.814337,48.312652 35.805211,48.355091 35.827113,48.357698 35.826565,48.362195 35.82327,48.377413 35.840902,48.380461 35.839258,48.385759 35.883788,48.391931 35.883724,48.392479 35.883992,48.392838 35.884046,48.393226 35.88336,48.394265 35.883339,48.394905 35.883146,48.395345 35.882076,48.39571 35.880107,48.396041 35.8778,48.397929 35.877344,48.398136 35.876737,48.398186 35.875782,48.39786 35.875202,48.396381 35.874686,48.395759 35.874125,48.39557 35.873586,48.39558 35.872832,48.395904 35.871749,48.3968 35.870955,48.398051 35.869882,48.398871 35.869281,48.400169 35.86707,48.40213 35.866834,48.403107 35.867472,48.404091 35.868154,48.405503 35.868958,48.405961 35.871265,48.406219 35.872456,48.405737 35.873915,48.40549 35.878206,48.40528 35.88078,48.406406 35.882711,48.407111 35.888032,48.409612 35.889576,48.409897 35.983934,48.382309 36.046391,48.365824 36.104013,48.349849 36.059816,48.431831 36.059345,48.438762 36.051148,48.44968 36.047759,48.45863 36.049958,48.459695 36.050507,48.459633 36.0517,48.45906 36.0524,48.45907 36.052628,48.458937 36.052346,48.45822 36.052727,48.455645 36.051971,48.45532 36.051945,48.455022 36.053133,48.454234 36.053126,48.453626 36.05349,48.453388 36.053724,48.453692 36.054278,48.453729 36.054609,48.453643 36.054897,48.453671 36.055302,48.453527 36.055492,48.453283 36.05611,48.453324 36.05649,48.453558 36.057212,48.453593 36.057584,48.452837 36.056398,48.452407 36.056242,48.451783 36.056014,48.451186 36.055828,48.451129 36.055514,48.450646 36.055786,48.450333 36.056433,48.450399 36.056822,48.450579 36.05803,48.450256 36.058422,48.450402 36.058984,48.450248 36.059588,48.450236 36.06101,48.44977 36.061145,48.449134 36.062696,48.449522 36.063818,48.449569 36.064728,48.448461 36.06471,48.44805 36.066066,48.448093 36.06677,48.44861 36.068005,48.448903 36.070619,48.448352 36.071773,48.447915 36.072279,48.448805 36.075648,48.447491 36.078159,48.446063 36.078717,48.445256 36.079834,48.445237 36.082067,48.446281 36.083185,48.446262 36.083938,48.445369 36.085548,48.445046 36.088341,48.44571 36.0894,48.446952 36.090116,48.446998 36.09069,48.446464 36.089864,48.444656 36.090442,48.442235 36.091428,48.441778 36.093657,48.442572 36.095369,48.443874 36.095616,48.444828 36.096369,48.445142 36.097616,48.445258 36.100625,48.44435 36.10681,48.441164 36.107413,48.439998 36.107329,48.439231 36.10549,48.436276 36.103394,48.434261 36.101605,48.431824 36.100946,48.428717 36.099799,48.427342 36.09965,48.426643 36.100555,48.425017 36.101506,48.42262 36.102636,48.421984 36.104124,48.42168 36.106584,48.422382 36.1091,48.424184 36.110442,48.424598 36.112182,48.424345 36.112914,48.423896 36.111177,48.422198 36.110727,48.420841 36.111116,48.419496 36.111892,48.418627 36.113016,48.418713 36.114149,48.419568 36.115984,48.421564 36.117595,48.422649 36.120473,48.423395 36.122937,48.423583 36.124704,48.425056 36.125576,48.426408 36.125589,48.427048 36.125174,48.427688 36.12334,48.428766 36.123707,48.429527 36.124933,48.43006 36.128327,48.43067 36.130433,48.431452 36.140535,48.434861 36.146318,48.435561 36.150685,48.436944 36.151881,48.438091 36.153936,48.44163 36.156725,48.442686 36.158998,48.44226 36.159596,48.441183 36.15839,48.439824 36.160286,48.439103 36.164414,48.439975 36.166148,48.439328 36.166009,48.437466 36.168772,48.437246 36.169657,48.437708 36.169921,48.439995 36.172083,48.440231 36.175546,48.438253 36.182786,48.437869 36.184391,48.439151 36.185884,48.438868 36.186862,48.43791 36.18578,48.436612 36.186192,48.435608 36.187531,48.435537 36.189178,48.436307 36.190242,48.436479 36.203081,48.44844 36.206371,48.449941 36.212779,48.449296 36.214096,48.451537 36.217418,48.451919 36.247783,48.479313 36.241223,48.482656 36.296524,48.531423 36.271347,48.543914 36.319198,48.587195 36.250791,48.620143 36.252024,48.622344 36.251954,48.623758 36.2511,48.624388 36.250973,48.624986 36.251532,48.625385 36.254129,48.62547 36.256007,48.624464 36.25746,48.624088 36.258507,48.624166 36.259973,48.625765 36.261865,48.627245 36.262898,48.628576 36.262885,48.629274 36.263329,48.62969 36.263481,48.630068 36.26293,48.630662 36.262278,48.631001 36.262242,48.631589 36.263301,48.632716 36.264779,48.63305 36.266269,48.634408 36.266686,48.635994 36.267114,48.636399 36.268529,48.637183 36.268764,48.637561 36.266886,48.638643 36.265111,48.638971 36.264845,48.639263 36.264841,48.639693 36.265547,48.64012 36.266275,48.640151 36.266954,48.639833 36.267937,48.639716 36.268643,48.640041 36.268739,48.640501 36.268486,48.641213 36.268317,48.642491 36.266818,48.643826 36.266681,48.644401 36.266995,48.64501 36.266922,48.645506 36.26639,48.646285 36.266098,48.647503 36.266332,48.647878 36.267866,48.647994 36.268568,48.648264 36.26849,48.648683 36.266906,48.649219 36.266865,48.649671 36.26736,48.649954 36.268851,48.649797 36.269571,48.650038 36.274299,48.652926 36.280287,48.655122 36.281823,48.656504 36.283101,48.659586 36.277073,48.66286 36.276918,48.662403 36.276376,48.662087 36.27553,48.661985 36.274555,48.662124 36.274224,48.662512 36.273984,48.663495 36.273251,48.663643 36.272428,48.663187 36.272731,48.662525 36.272798,48.661921 36.272237,48.661808 36.271374,48.661823 36.270577,48.661477 36.269223,48.661644 36.267988,48.662145 36.267392,48.662598 36.265809,48.662668 36.261617,48.664121 36.260043,48.666538 36.142978,48.724502 36.161603,48.748927 36.154998,48.752914 36.139977,48.766067 36.14663,48.767649 36.159506,48.768382 36.152985,48.781164 36.15893,48.784331 36.158094,48.785009 36.135958,48.801208 36.132643,48.804154 36.132037,48.804545 36.131991,48.805045 36.132188,48.805372 36.132044,48.805789 36.131342,48.806094 36.130688,48.80673 36.129531,48.806879 36.128608,48.806918 36.127938,48.80669 36.128091,48.80647 36.128125,48.806325 36.127987,48.806194 36.12495,48.805893 36.124559,48.80546 36.123983,48.805231 36.12343,48.805187 36.123094,48.805451 36.123014,48.806386 36.122233,48.806479 36.121607,48.806243 36.121547,48.805746 36.120887,48.805446 36.119523,48.805525 36.118212,48.807011 36.11694,48.807034 36.11378,48.806463 36.112458,48.806474 36.11002,48.805892 36.107774,48.805734 36.104542,48.806763 36.103828,48.806621 36.103728,48.806264 36.103328,48.805964 36.102399,48.806126 36.101355,48.80744 36.099075,48.807581 36.098661,48.807394 36.097776,48.807432 36.096776,48.808301 36.095508,48.80857 36.094389,48.807912 36.093356,48.807961 36.092364,48.809105 36.091671,48.809118 36.08993,48.80791 36.088974,48.808054 36.088668,48.808664 36.087527,48.808912 36.086807,48.808725 36.086361,48.808391 36.085129,48.808451 36.084256,48.809144 36.083683,48.809273 36.081558,48.808423 36.079989,48.80842 36.07811,48.807895 36.077132,48.808218 36.075198,48.807833 36.072965,48.807965 36.072492,48.808724 36.07202,48.80903 36.071435,48.80898 36.070541,48.808305 36.068271,48.808476 36.067886,48.808844 36.067158,48.808816 36.066407,48.808463 36.064552,48.808244 36.063924,48.808432 36.063954,48.808935 36.065149,48.809243 36.066379,48.809765 36.066737,48.810238 36.066401,48.810658 36.065203,48.811263 36.065011,48.811806 36.065645,48.812389 36.065598,48.813062 36.067524,48.814243 36.068413,48.815208 36.068664,48.816214 36.068318,48.817339 36.068671,48.817984 36.070011,48.818657 36.070343,48.820559 36.070016,48.821934 36.068543,48.823215 36.068572,48.823846 36.069822,48.824381 36.070532,48.82534 36.070201,48.826682 36.070722,48.827748 36.072034,48.828437 36.072969,48.829614 36.073861,48.830001 36.075402,48.829888 36.076152,48.830142 36.076601,48.830706 36.076493,48.831723 36.075398,48.834181 36.074746,48.836214 36.070811,48.838544 36.06404,48.840664 36.059757,48.843179 36.05514,48.843011 36.044961,48.843692 36.041855,48.843529 36.019545,48.854818 36.040504,48.873463 36.01198,48.888071 36.04352,48.915628 35.995889,48.939424 36.004422,48.946281 35.977678,48.959706 35.990372,48.968827 35.95796,48.988435 35.947165,48.996549 35.929045,48.965148 35.925613,48.963626 35.892996,48.963457 35.805173,48.927154 35.813711,48.922986 35.811673,48.913913 35.815664,48.902761 35.811537,48.893523 35.81565,48.892976 35.808085,48.876306 35.755547,48.876145 35.75741,48.88632 35.729171,48.885609 35.728055,48.887776 35.703166,48.884885 35.704207,48.881864 35.69512,48.883245 35.684499,48.883072 35.679222,48.881823 35.677078,48.886887 35.644474,48.887269 35.644331,48.881712 35.636836,48.881659 35.63662,48.8697 35.643568,48.870171 35.649994,48.869648 35.685455,48.847241 35.678687,48.842734 35.669959,48.848066 35.668122,48.847772 35.645746,48.831026 35.681046,48.810714 35.670515,48.802493 35.683662,48.79437 35.663433,48.779016 35.66006,48.769456 35.669796,48.763801 35.676489,48.758873 35.674858,48.744494 35.677777,48.740522 35.678123,48.733257 35.643387,48.707215 35.641185,48.708577 35.632638,48.702311 35.629497,48.702955 35.618925,48.702997 35.59847,48.688127 35.600072,48.686429 35.605036,48.683937 35.611459,48.681048 35.583793,48.661659 35.56215,48.649409 35.567101,48.646114 35.563966,48.630908 35.54943,48.631684 35.543707,48.617122 35.550347,48.607439 35.55664,48.594578 35.525335,48.598858 35.539638,48.563364 35.543694,48.5638 35.553874,48.538546 35.519662,48.532572 35.52265,48.526538 35.532676,48.499465 35.565938,48.504754 35.560735,48.51956 35.573043,48.522541 35.606813,48.528134 35.610308,48.530585 35.605431,48.54353 35.619437,48.546245 35.630182,48.530432 35.638642,48.522183 35.615577,48.511009 35.621065,48.500342 35.624492,48.501049 35.626538,48.49632 35.647101,48.478216 35.671028,48.491862 35.678041,48.486283 35.689858,48.478884 35.694636,48.473305 35.698912,48.466304 35.705592,48.460327 35.724032,48.471262 35.733072,48.465461 35.747352,48.472719 35.755864,48.467924 35.760977,48.466665 35.769026,48.460686 35.793772,48.43508 35.788509,48.433384 35.785306,48.431232 35.777013,48.428752 35.783597,48.404134 35.766481,48.401857 35.764777,48.40274 35.759468,48.40237 35.756404,48.401174 35.743066,48.399862 35.737427,48.401086 35.733504,48.400715 35.747723,48.38615 35.713679,48.367522 35.70804,48.37192 35.678834,48.360996 35.701002,48.334876 35.702935,48.335097 35.705427,48.335109 35.706592,48.334392 35.707592,48.334041 35.70779,48.333654 35.707241,48.333364 35.706874,48.332727 35.70764,48.332481 35.709044,48.332674 35.709749,48.33323 35.70985,48.334043 35.709086,48.336026 35.709576,48.336482 35.710428,48.336562 35.711195,48.336956 35.711961,48.336794 35.715323,48.338265 35.71545,48.33753 35.714966,48.337076 35.71474,48.336478 35.715018,48.336082 35.716434,48.336094 35.718122,48.336025 35.718945,48.335688 35.71908,48.335181 35.718879,48.334222 35.719336,48.333789 35.720721,48.333864 35.721817,48.334413 35.721863,48.336025 35.719939,48.337308 35.720478,48.338117 35.722057,48.338507 35.722992,48.338498 35.72339,48.338709 35.723761,48.3392 35.724376,48.339346 35.724766,48.339247 35.725241,48.338948 35.725849,48.338722 35.726603,48.338803 35.727366,48.339299 35.726949,48.339881 35.727004,48.340292 35.727824,48.340594 35.728993,48.340456 35.729442,48.340123 35.729526,48.339658 35.729907,48.339526 35.730498,48.339689 35.731593,48.340729 35.732303,48.340742 35.732583,48.34047 35.73585,48.338897 35.737118,48.339202 35.737581,48.33904 35.737512,48.338731 35.737529,48.33845 35.738178,48.338261 35.739722,48.3384 35.74028,48.338166 35.74015,48.336785 35.741221,48.335963 35.741689,48.336001 35.742068,48.336448 35.742954,48.3366 35.743438,48.336107 35.743653,48.335765 35.744426,48.335765 35.744728,48.336194 35.744259,48.337308 35.74478,48.337767 35.745384,48.337711 35.746117,48.336942 35.746853,48.336717 35.747692,48.336845 35.748145,48.337316 35.748021,48.337972 35.74833,48.338371 35.748864,48.338343 35.750404,48.337116 35.750995,48.336916 35.751789,48.337086 35.752562,48.337855 35.753121,48.338111 35.75456,48.33781 35.755722,48.336656 35.75551,48.336244 35.7544,48.33619 35.753976,48.335979 35.753853,48.335768 35.75388,48.334977 35.754465,48.333843 35.754363,48.333202 35.754677,48.332624 35.754255,48.332107 35.753207,48.332205 35.752459,48.332146 35.751698,48.331705 35.751998,48.331092 35.75187,48.330507 35.751269,48.330166 35.750976,48.33005 35.749997,48.330191 35.74954,48.32953 35.749614,48.329152 35.749376,48.328679 35.749456,48.328362 35.750068,48.328283 35.751506,48.328583 35.752366,48.328212 35.75271,48.327698 35.752412,48.326643 35.752543,48.325901 35.752331,48.325103 35.75054,48.323934 35.750561,48.323223 35.751034,48.322971 35.751764,48.323209 35.75198,48.323742 35.752498,48.323865 35.753507,48.323249 35.755547,48.321093 35.755334,48.320425</coordinates>
            </LinearRing>
          </outerBoundaryIs>
        </Polygon>
      </Placemark>
      <Placemark>
        <name>Dnipropetrovsk AFU</name>
        <ExtendedData>
          <Data name="descripción">
            <value />
          </Data>
          <Data name="description">
            <value />
          </Data>
        </ExtendedData>
        <Polygon>
          <outerBoundaryIs>
            <LinearRing>
              <tessellate>1</tessellate>
              <coordinates>35.618026,48.290676 35.615407,48.29525 35.610168,48.298918 35.595565,48.302599 35.584206,48.306766 35.576327,48.316522 35.576364,48.322333 35.574546,48.330182 35.561141,48.346725 35.598278,48.356511 35.601654,48.359084 35.623767,48.401591 35.628878,48.405244 35.658036,48.413427 35.660757,48.410102 35.675643,48.414276 35.677606,48.412255 35.683076,48.396818 35.699286,48.395521 35.705616,48.388825 35.704378,48.385921 35.692484,48.380112 35.692176,48.378408 35.705343,48.374594 35.70804,48.37192 35.713679,48.367522 35.747723,48.38615 35.733504,48.400715 35.737427,48.401086 35.743066,48.399862 35.756404,48.401174 35.759468,48.40237 35.764777,48.40274 35.766481,48.401857 35.783597,48.404134 35.777013,48.428752 35.785306,48.431232 35.788509,48.433384 35.793772,48.43508 35.779229,48.450182 35.769026,48.460686 35.760977,48.466665 35.755864,48.467924 35.747352,48.472719 35.733072,48.465461 35.724032,48.471262 35.705592,48.460327 35.698912,48.466304 35.694636,48.473305 35.689858,48.478884 35.678041,48.486283 35.671028,48.491862 35.647101,48.478216 35.626538,48.49632 35.624492,48.501049 35.621065,48.500342 35.615577,48.511009 35.638642,48.522183 35.630182,48.530432 35.619437,48.546245 35.605431,48.54353 35.610308,48.530585 35.606813,48.528134 35.573043,48.522541 35.560735,48.51956 35.565938,48.504754 35.532676,48.499465 35.52265,48.526538 35.437428,48.537007 35.435898,48.538393 35.402966,48.526833 35.396834,48.534178 35.37427,48.526578 35.385462,48.511149 35.366724,48.504601 35.356223,48.517957 35.330755,48.509184 35.372372,48.454783 35.357345,48.449417 35.347945,48.447132 35.35303,48.438815 35.342838,48.435053 35.314914,48.42501 35.304754,48.437918 35.291128,48.438561 35.244011,48.43322 35.241783,48.434028 35.237842,48.430633 35.236363,48.428616 35.236086,48.4266 35.243257,48.425984 35.243693,48.424752 35.248015,48.423472 35.250308,48.420798 35.255064,48.417842 35.252046,48.413639 35.253135,48.406973 35.25388,48.405036 35.269445,48.391133 35.2774,48.393073 35.277812,48.388637 35.282413,48.383643 35.30382,48.372448 35.308832,48.371913 35.309416,48.370388 35.271104,48.366881 35.278284,48.360067 35.256627,48.352908 35.272861,48.335267 35.281912,48.326557 35.28094,48.325624 35.280462,48.325504 35.279848,48.325407 35.279196,48.325134 35.27918,48.324901 35.278417,48.324693 35.277878,48.324361 35.27753,48.323641 35.277393,48.323 35.277548,48.32263 35.277514,48.32229 35.277789,48.32201 35.277696,48.321821 35.277082,48.321499 35.276221,48.321694 35.275876,48.321975 35.275786,48.322393 35.275306,48.322973 35.274775,48.323106 35.274442,48.322886 35.273734,48.322789 35.273434,48.322139 35.273519,48.321579 35.273176,48.321146 35.272531,48.320992 35.271714,48.320969 35.270852,48.321009 35.270245,48.320576 35.269845,48.320052 35.268789,48.319775 35.268435,48.319449 35.268457,48.319197 35.269187,48.318665 35.269189,48.318284 35.26666,48.317324 35.266496,48.317115 35.266682,48.316982 35.266753,48.316546 35.267196,48.315988 35.26718,48.315585 35.267406,48.31535 35.267516,48.314851 35.267262,48.314338 35.267056,48.314139 35.265992,48.313685 35.265744,48.313116 35.265976,48.312577 35.265798,48.312242 35.265269,48.311942 35.263481,48.311287 35.262696,48.311403 35.262198,48.312771 35.260798,48.313968 35.26045,48.314537 35.259911,48.314736 35.259201,48.314621 35.258495,48.314129 35.258113,48.313174 35.256253,48.313023 35.255251,48.312016 35.255136,48.310944 35.253962,48.310256 35.253888,48.309792 35.254598,48.309407 35.254431,48.308694 35.25362,48.308295 35.25328,48.307296 35.25346,48.305812 35.25326,48.305556 35.252516,48.305481 35.251643,48.30552 35.251228,48.305056 35.250954,48.304614 35.251094,48.304356 35.251031,48.303927 35.251376,48.303554 35.252281,48.303294 35.252375,48.302974 35.252218,48.302703 35.251048,48.302381 35.250586,48.302387 35.250125,48.302179 35.249834,48.301857 35.249489,48.299997 35.249613,48.299618 35.249905,48.299602 35.250445,48.299713 35.250667,48.299592 35.250639,48.299036 35.251656,48.298266 35.251631,48.297754 35.251322,48.297445 35.250489,48.297425 35.24891,48.296586 35.248619,48.296075 35.248628,48.294793 35.250167,48.292179 35.250222,48.291662 35.249677,48.290931 35.249015,48.29054 35.248378,48.290614 35.248049,48.290561 35.247176,48.290085 35.246761,48.289333 35.24696,48.289199 35.247316,48.289187 35.24807,48.289365 35.249021,48.28892 35.249291,48.288774 35.249574,48.288053 35.249324,48.287552 35.248266,48.287209 35.247043,48.287412 35.246592,48.287302 35.246076,48.28648 35.246076,48.286181 35.247061,48.285324 35.247229,48.284953 35.247007,48.284411 35.246178,48.283726 35.244348,48.283157 35.24412,48.282789 35.244223,48.282396 35.244515,48.281896 35.246258,48.281153 35.247164,48.277954 35.247297,48.276754 35.244526,48.274552 35.243472,48.272636 35.243634,48.268859 35.242295,48.26627 35.232031,48.260939 35.230043,48.253476 35.215771,48.250893 35.197021,48.231779 35.198151,48.220992 35.186821,48.172132 35.19881,48.138278 35.210757,48.139753 35.216463,48.14051 35.22055,48.141844 35.223109,48.141366 35.225324,48.139743 35.234389,48.136036 35.243556,48.135043 35.257186,48.136798 35.275412,48.14292 35.292251,48.14426 35.303587,48.141148 35.317409,48.133611 35.332943,48.127906 35.334701,48.125436 35.336544,48.124285 35.338881,48.123543 35.342598,48.12392 35.342793,48.124093 35.342858,48.124352 35.343246,48.124517 35.34359,48.124457 35.343794,48.124176 35.343703,48.123663 35.343891,48.123508 35.344569,48.123686 35.34464,48.123961 35.344797,48.124078 35.345196,48.124098 35.345826,48.124028 35.346391,48.124286 35.346741,48.124129 35.346962,48.124187 35.346976,48.123888 35.34634,48.12338 35.346282,48.123058 35.34736,48.122426 35.34779,48.122425 35.348778,48.123026 35.349283,48.122962 35.349578,48.122456 35.350131,48.122066 35.352643,48.122481 35.353082,48.122388 35.353222,48.122008 35.352899,48.121536 35.35307,48.12125 35.353541,48.121137 35.354891,48.121739 35.355297,48.121855 35.355702,48.121542 35.355631,48.121185 35.355689,48.120913 35.356327,48.120799 35.356615,48.120993 35.35678,48.121304 35.356903,48.121702 35.357479,48.121974 35.359299,48.121588 35.360174,48.121517 35.360465,48.121288 35.361254,48.121167 35.363233,48.12118 35.364911,48.120935 35.365863,48.121103 35.368257,48.120517 35.368199,48.120037 35.368685,48.119267 35.369185,48.119398 35.3696,48.119672 35.370386,48.119568 35.371344,48.119121 35.373139,48.119017 35.373974,48.11907 35.37467,48.118896 35.375495,48.118865 35.376135,48.1194 35.37675,48.119336 35.377225,48.118955 35.377572,48.118373 35.378051,48.118068 35.37928,48.11837 35.380294,48.118356 35.380716,48.11852 35.380841,48.118932 35.381161,48.11888 35.381524,48.119058 35.381696,48.11955 35.382791,48.120042 35.383158,48.119988 35.383524,48.119618 35.385158,48.118878 35.385852,48.118373 35.386684,48.118354 35.387079,48.118059 35.387127,48.117782 35.38726,48.117562 35.387889,48.11758 35.388503,48.11736 35.388489,48.117063 35.388646,48.116824 35.389018,48.116798 35.39019,48.11627 35.390476,48.116221 35.39059,48.115999 35.39277,48.114806 35.394391,48.114186 35.39695,48.114098 35.397408,48.11427 35.39783,48.114227 35.398522,48.113953 35.399607,48.114006 35.400992,48.114833 35.402157,48.114774 35.402996,48.1143 35.402923,48.113834 35.402635,48.113339 35.403354,48.112533 35.404503,48.111669 35.405153,48.111652 35.405802,48.11175 35.406672,48.111258 35.408013,48.111396 35.408341,48.110935 35.408625,48.11076 35.409344,48.111314 35.409833,48.111218 35.41045,48.110836 35.411159,48.109078 35.410347,48.107833 35.411084,48.102135 35.412942,48.101628 35.415501,48.099639 35.444789,48.102125 35.449124,48.103119 35.450524,48.103138 35.451495,48.103242 35.455425,48.102499 35.456386,48.102027 35.45721,48.102063 35.457518,48.102271 35.459123,48.102042 35.459869,48.102072 35.460666,48.101544 35.461402,48.101483 35.462051,48.101681 35.462401,48.101491 35.462235,48.101073 35.463544,48.100579 35.470303,48.099369 35.470641,48.099181 35.470893,48.098907 35.471355,48.099161 35.4721,48.099074 35.472674,48.098785 35.473479,48.098897 35.473892,48.098644 35.473862,48.098289 35.474133,48.097847 35.47496,48.097629 35.477953,48.098342 35.47917,48.098197 35.479389,48.097931 35.479222,48.097494 35.479462,48.096942 35.479702,48.096762 35.479956,48.096885 35.480426,48.097495 35.480768,48.097415 35.481154,48.097076 35.481539,48.096916 35.48171,48.096326 35.48158,48.095995 35.481859,48.095936 35.482084,48.096265 35.482394,48.096393 35.483456,48.095394 35.484508,48.095315 35.487296,48.0948 35.491464,48.096278 35.4931,48.096467 35.494006,48.096253 35.494655,48.096241 35.49622,48.096964 35.499652,48.097466 35.501245,48.097416 35.503568,48.097021 35.506684,48.097358 35.507899,48.097755 35.508335,48.097653 35.508642,48.097207 35.512362,48.096437 35.512938,48.096022 35.513848,48.095972 35.514286,48.096295 35.514623,48.096239 35.515154,48.095673 35.516285,48.096009 35.516986,48.095878 35.517001,48.095215 35.51793,48.095184 35.518774,48.094982 35.519232,48.095547 35.519605,48.095514 35.519717,48.092774 35.524291,48.074325 35.547788,48.082 35.569786,48.089807 35.605872,48.10311 35.612271,48.105231 35.69576,48.136267 35.703257,48.140441 35.707549,48.135286 35.714128,48.138673 35.744704,48.14642 35.743454,48.155115 35.709403,48.208791 35.710204,48.210902 35.736585,48.219074 35.732911,48.225648 35.732446,48.230421 35.727406,48.240469 35.716818,48.236117 35.687529,48.255426 35.678965,48.25336 35.652546,48.269569 35.664252,48.277996 35.635134,48.296103 35.618026,48.290676</coordinates>
            </LinearRing>
          </outerBoundaryIs>
        </Polygon>
      </Placemark>
      <Placemark>
        <name>Donetsk AFU</name>
        <ExtendedData>
          <Data name="descripción">
            <value />
          </Data>
          <Data name="description">
            <value />
          </Data>
        </ExtendedData>
        <Polygon>
          <outerBoundaryIs>
            <LinearRing>
              <tessellate>1</tessellate>
              <coordinates>36.883005,48.179487 36.884783,48.181786 36.884816,48.182453 36.884486,48.182739 36.884106,48.182911 36.883517,48.182898 36.882683,48.182699 36.881508,48.182145 36.879952,48.181894 36.878363,48.182151 36.877094,48.182852 36.874772,48.183794 36.872574,48.184191 36.8777507,48.1624083 36.8887839,48.1635871 36.8835086,48.1684783 36.8814658,48.1756657 36.883005,48.179487</coordinates>
            </LinearRing>
          </outerBoundaryIs>
        </Polygon>
      </Placemark>
      <Placemark>
        <name>Dnipropetrovsk RUAF</name>
        <ExtendedData>
          <Data name="descripción">
            <value />
          </Data>
          <Data name="description">
            <value />
          </Data>
        </ExtendedData>
        <Polygon>
          <outerBoundaryIs>
            <LinearRing>
              <tessellate>1</tessellate>
              <coordinates>36.866503,48.051748 36.876738,48.051106 36.878424,48.061673 36.881951,48.061766 36.8817558,48.0627472 36.8823138,48.0629193 36.8890409,48.0705723 36.8948602,48.0774695 36.8941462,48.0809153 36.892203,48.095337 36.88847,48.112195 36.88847,48.113198 36.885262,48.127062 36.8824465,48.1417614 36.8785219,48.1596209 36.8778625,48.1589967 36.8824812,48.1366982 36.8746706,48.1360109 36.866636,48.138062 36.86347,48.13718 36.8658949,48.1263663 36.8452097,48.1240746 36.8309618,48.1270538 36.8264986,48.1266527 36.8288161,48.1182303 36.8126798,48.1165686 36.7925741,48.1205223 36.7965717,48.1252277 36.7810817,48.1309171 36.7795521,48.1288276 36.7730954,48.1303094 36.7717815,48.1278212 36.7681767,48.12679 36.7657519,48.1273201 36.7633271,48.1254439 36.7524696,48.1248994 36.746628,48.119019 36.747392,48.116728 36.750601,48.114178 36.746929,48.108594 36.73949,48.11078 36.738208,48.113724 36.7354272,48.1146717 36.7274449,48.112838 36.7272732,48.1037255 36.7234489,48.0998063 36.7216465,48.0984592 36.7143509,48.0976854 36.710551,48.096028 36.7063599,48.0963083 36.7041283,48.0973975 36.7025475,48.0967095 36.699998,48.093033 36.691737,48.095631 36.688666,48.091717 36.684951,48.090182 36.676159,48.093521 36.66584,48.097478 36.664792,48.098918 36.662407,48.09944 36.6582089,48.098028 36.6555667,48.0947223 36.6616232,48.091474 36.6622086,48.0884737 36.6648538,48.0878813 36.6689426,48.0908243 36.6760902,48.0901741 36.6837368,48.0859681 36.687945,48.086684 36.696324,48.085555 36.698839,48.083669 36.702864,48.082213 36.7063076,48.0826037 36.707468,48.080917 36.7108396,48.0800265 36.7138679,48.0804547 36.7147963,48.0840293 36.716111,48.085081 36.7202887,48.0818098 36.7242039,48.0785093 36.7251309,48.0722711 36.7294131,48.0688365 36.7385919,48.0678361 36.7400762,48.0680867 36.7474481,48.0647127 36.7482,48.061217 36.743152,48.059254 36.741787,48.052722 36.7474805,48.0497446 36.7514502,48.0488266 36.7537461,48.0491852 36.7567931,48.0507487 36.7573823,48.0518352 36.760045,48.051723 36.7626081,48.0552525 36.7644964,48.0553959 36.7666154,48.0529322 36.7723499,48.0499454 36.7722641,48.0481954 36.774198,48.047284 36.778978,48.048954 36.7828,48.046994 36.786444,48.05145 36.794802,48.048529 36.8003,48.052468 36.804883,48.052997 36.805359,48.052024 36.80403,48.048457 36.807689,48.046653 36.813029,48.040406 36.818012,48.040556 36.82062,48.039588 36.824721,48.037538 36.826056,48.036194 36.827351,48.035799 36.82988,48.036042 36.830758,48.035906 36.830833,48.03555 36.833574,48.034641 36.836532,48.035391 36.838698,48.037388 36.841925,48.038423 36.844849,48.037354 36.847492,48.034658 36.849832,48.033932 36.850283,48.033745 36.850986,48.033549 36.851411,48.033314 36.852321,48.032999 36.853081,48.032674 36.853829,48.032544 36.85407,48.032998 36.854657,48.033192 36.854848,48.033383 36.85583,48.033695 36.856169,48.033577 36.8573039,48.0429012 36.8581517,48.052329 36.866503,48.051748</coordinates>
            </LinearRing>
          </outerBoundaryIs>
        </Polygon>
      </Placemark>
      <Placemark>
        <name>Kharkiv RUAF</name>
        <ExtendedData>
          <Data name="descripción">
            <value />
          </Data>
          <Data name="description">
            <value />
          </Data>
        </ExtendedData>
        <Polygon>
          <outerBoundaryIs>
            <LinearRing>
              <tessellate>1</tessellate>
              <coordinates>37.7086013,50.1337295 37.7009624,50.1341146 37.6944392,50.1403311 37.6841396,50.1458318 37.6739257,50.1499569 37.6735824,50.1511668 37.6711791,50.1511668 37.6680892,50.1529267 37.6671451,50.1560063 37.664141,50.1592507 37.6538462,50.1661985 37.6545328,50.1678479 37.6526445,50.1692223 37.6529879,50.1703218 37.6495546,50.1725208 37.6476664,50.1732904 37.6464647,50.1743348 37.6442331,50.1741149 37.6410955,50.1754145 37.6374906,50.1733531 37.628713,50.16731 37.61471,50.164944 37.60479,50.159363 37.5897222,50.148906 37.5821691,50.1466509 37.5833707,50.1456059 37.5866322,50.1463209 37.589293,50.1406003 37.5969361,50.1333685 37.593761,50.129612 37.590121,50.12854 37.59132,50.127173 37.596452,50.127319 37.598753,50.12785 37.60764,50.116508 37.645439,50.113456 37.650128,50.09922 37.652243,50.090542 37.6511089,50.0897159 37.650804,50.087324 37.652015,50.086483 37.656395,50.086867 37.661662,50.085303 37.6676742,50.0780401 37.666966,50.075631 37.664695,50.072942 37.664582,50.069757 37.676815,50.065601 37.688374,50.063242 37.692036,50.06642 37.699732,50.065603 37.704907,50.064435 37.7079879,50.0673359 37.714787,50.066097 37.716755,50.062157 37.714063,50.056591 37.7163968,50.0488176 37.72293,50.037392 37.723425,50.032978 37.726175,50.029456 37.731985,50.028312 37.7362677,50.0262087 37.736912,50.022191 37.7515027,50.0170269 37.7515027,50.0156757 37.756119,50.015276 37.760365,50.010884 37.758088,50.004914 37.759962,50.00457 37.762084,50.001213 37.774062,49.99947 37.779422,49.999337 37.783737,50.001977 37.785725,50.0054189 37.800117,50.00169 37.8118654,50.0076282 37.8235763,50.0134723 37.825764,50.015519 37.8399828,50.0206378 37.8403261,50.0224024 37.8439672,50.0281033 37.8463342,50.0317762 37.856241,50.0359255 37.8668013,50.0423742 37.8724529,50.0535604 37.8628678,50.0547533 37.8465826,50.0603595 37.823515,50.069009 37.820528,50.070537 37.809752,50.076728 37.7980479,50.0843374 37.756135,50.078566 37.749422,50.085105 37.748398,50.087936 37.744219,50.093713 37.733492,50.1028202 37.725909,50.106931 37.714561,50.118762 37.706258,50.128193 37.7073997,50.1297956 37.7086013,50.1337295</coordinates>
            </LinearRing>
          </outerBoundaryIs>
        </Polygon>
      </Placemark>
      <Placemark>
        <name>Sumy RUAF</name>
        <ExtendedData>
          <Data name="descripción">
            <value />
          </Data>
          <Data name="description">
            <value />
          </Data>
        </ExtendedData>
        <Polygon>
          <outerBoundaryIs>
            <LinearRing>
              <tessellate>1</tessellate>
              <coordinates>34.3728193,51.2674002 34.3680218,51.2649842 34.361518,51.260125 34.372596,51.259092 34.380664,51.260382 34.384698,51.259777 34.400876,51.264299 34.4091185,51.2628091 34.413118,51.262812 34.4141599,51.2644982 34.4146251,51.2655624 34.4125154,51.2661165 34.4113,51.2670636 34.4035183,51.2694875 34.4006284,51.2710519 34.3837627,51.2737099 34.3791708,51.2705149 34.3728193,51.2674002</coordinates>
            </LinearRing>
          </outerBoundaryIs>
        </Polygon>
      </Placemark>
      <Placemark>
        <name>Dnipropetrovsk RUAF</name>
        <ExtendedData>
          <Data name="descripción">
            <value />
          </Data>
          <Data name="description">
            <value />
          </Data>
        </ExtendedData>
        <Polygon>
          <outerBoundaryIs>
            <LinearRing>
              <tessellate>1</tessellate>
              <coordinates>36.6380517,47.9272127 36.6301939,47.9600744 36.6295867,47.9617494 36.6293131,47.9617063 36.6231325,47.9609929 36.618332,47.960556 36.593464,47.957576 36.592144,47.9568027 36.5874269,47.9563946 36.5867861,47.9575923 36.5737828,47.9564139 36.5659201,47.9581312 36.5653571,47.9596794 36.5627393,47.9595356 36.5622294,47.9632914 36.5519334,47.9623052 36.5479263,47.9754246 36.5462955,47.9756832 36.5457376,47.9739594 36.5388712,47.9731262 36.5331205,47.9716896 36.5290865,47.9665464 36.5306743,47.9611153 36.5301593,47.9595634 36.5310101,47.9583057 36.5307955,47.955173 36.5293396,47.9529473 36.523979,47.950983 36.5182781,47.9502361 36.514759,47.9506672 36.5102,47.952306 36.506677,47.954575 36.507876,47.959476 36.505716,47.964784 36.506,47.97011 36.501533,47.972321 36.4942925,47.9714841 36.484877,47.961798 36.475432,47.957875 36.4713429,47.9584782 36.4625023,47.9619842 36.4553784,47.9619268 36.4369248,47.9568113 36.4271401,47.9549144 36.4158104,47.9508905 36.4117811,47.9479361 36.4041375,47.9476137 36.4015121,47.9433713 36.3970489,47.9444637 36.3995357,47.9508811 36.3839359,47.953195 36.3828577,47.9570708 36.3644413,47.9550828 36.3650314,47.9518538 36.3615279,47.9495512 36.3496213,47.9490355 36.352449,47.930026 36.337098,47.928138 36.332384,47.924991 36.331627,47.92021 36.3097572,47.9196726 36.301871,47.926182 36.297649,47.926684 36.275833,47.913439 36.269688,47.907939 36.253588,47.90721 36.246629,47.911862 36.240011,47.90731 36.236805,47.907508 36.2180167,47.9067331 36.2136393,47.9125439 36.2040263,47.917146 36.1940699,47.918239 36.1878043,47.9154203 36.1865168,47.9178938 36.1819678,47.9172611 36.179307,47.9112782 36.17151,47.910929 36.160747,47.90578 36.158138,47.90547 36.155036,47.907175 36.150688,47.906147 36.148182,47.893291 36.151803,47.893 36.156281,47.89038 36.157298,47.887978 36.154574,47.886402 36.156416,47.878922 36.154978,47.8781 36.155622,47.875652 36.159613,47.876226 36.160546,47.871177 36.1637932,47.8711797 36.166543,47.862514 36.168027,47.856342 36.165743,47.850722 36.1660092,47.8497834 36.1787302,47.8509843 36.1777425,47.8572995 36.1861451,47.8582631 36.1922177,47.858983 36.193571,47.858964 36.197087,47.8596896 36.19667,47.853653 36.192745,47.845896 36.1891712,47.8424793 36.1894287,47.8382162 36.193634,47.838092 36.197658,47.832952 36.231093,47.833064 36.23731,47.833169 36.265854,47.833295 36.275506,47.8226883 36.2748487,47.8171529 36.2752954,47.8146041 36.3003254,47.8153298 36.329948,47.820151 36.331633,47.820361 36.332313,47.820887 36.3296106,47.8230512 36.332259,47.825206 36.331928,47.8267105 36.3294818,47.8273155 36.3290097,47.829073 36.3304259,47.8308017 36.3279369,47.832415 36.327205,47.833807 36.324081,47.83501 36.32312,47.835734 36.32288,47.836497 36.323734,47.839047 36.324846,47.839408 36.374408,47.838098 36.3757784,47.8298554 36.378353,47.8308525 36.3804957,47.8305996 36.383488,47.8317577 36.3848591,47.8307681 36.3879487,47.830768 36.3891982,47.8318301 36.3907265,47.831626 36.3926745,47.8311761 36.3982963,47.8315997 36.4005279,47.8306201 36.4052255,47.8303007 36.4086051,47.8291074 36.4122998,47.8283897 36.4210943,47.8290549 36.4255184,47.8288891 36.4321715,47.8264505 36.4352584,47.826911 36.4385142,47.8269101 36.4414214,47.825871 36.4505196,47.824376 36.4554341,47.8238998 36.4579658,47.8244213 36.4694407,47.8242707 36.4810279,47.8249046 36.4890137,47.825481 36.522503,47.828868 36.5199591,47.8349891 36.5214157,47.8350716 36.521341,47.83639 36.5346856,47.8386539 36.585318,47.847416 36.5794665,47.8714088 36.5773719,47.8804259 36.561904,47.878586 36.5487598,47.8774491 36.5478278,47.881353 36.54296,47.900401 36.541467,47.906156 36.55326,47.906906 36.571372,47.908823 36.5813585,47.9091611 36.5818609,47.9099881 36.5916207,47.9110947 36.5904133,47.9171051 36.589469,47.9216924 36.593503,47.9217787 36.605691,47.919133 36.6174801,47.9174194 36.6361865,47.9197439 36.6398202,47.9201306 36.6395966,47.9211159 36.6380517,47.9272127</coordinates>
            </LinearRing>
          </outerBoundaryIs>
        </Polygon>
      </Placemark>
      <Placemark>
        <name>Kharkiv RUAF</name>
        <ExtendedData>
          <Data name="descripción">
            <value />
          </Data>
          <Data name="description">
            <value />
          </Data>
        </ExtendedData>
        <Polygon>
          <outerBoundaryIs>
            <LinearRing>
              <tessellate>1</tessellate>
              <coordinates>37.4908625,50.4574035 37.4768381,50.4594175 37.4732599,50.4556461 37.468904,50.4534193 37.432024,50.443794 37.4214233,50.4347353 37.4344376,50.4315205 37.4527195,50.4344729 37.4565819,50.4288961 37.4650792,50.4308645 37.4841336,50.4311925 37.4845846,50.4450051 37.4908625,50.4574035</coordinates>
            </LinearRing>
          </outerBoundaryIs>
        </Polygon>
      </Placemark>
      <Placemark>
        <name>N. Kharkiv-Ukrainian Armed Forces</name>
        <ExtendedData>
          <Data name="descripción">
            <value />
          </Data>
          <Data name="description">
            <value />
          </Data>
        </ExtendedData>
        <Polygon>
          <outerBoundaryIs>
            <LinearRing>
              <tessellate>1</tessellate>
              <coordinates>36.663368,50.221775 36.656956,50.216626 36.656584,50.214437 36.658415,50.212875 36.6583,50.212149 36.660174,50.211786 36.664655,50.213014 36.668441,50.213408 36.673084,50.21166 36.679273,50.207591 36.680398,50.2055 36.686082,50.203624 36.689695,50.201501 36.690801,50.199752 36.694912,50.198223 36.706222,50.196484 36.70646,50.195132 36.704949,50.193741 36.69895,50.192789 36.697838,50.191928 36.693077,50.191443 36.689066,50.189222 36.69118,50.185364 36.69464,50.187007 36.698945,50.185493 36.703422,50.181011 36.698964,50.17946 36.695021,50.174831 36.690393,50.171082 36.68353,50.170032 36.675035,50.171101 36.673878,50.169546 36.675273,50.16547 36.679232,50.161178 36.685246,50.158592 36.70173,50.15892 36.697959,50.153878 36.694443,50.154437 36.687707,50.150426 36.675308,50.146745 36.67481,50.144249 36.675704,50.140026 36.679887,50.138054 36.685958,50.136302 36.682758,50.130204 36.6909,50.127595 36.686259,50.121064 36.678275,50.115431 36.67291,50.11256 36.666086,50.111945 36.666083,50.109245 36.670115,50.104482 36.665522,50.102486 36.658467,50.105457 36.653473,50.101162 36.649937,50.10171 36.647174,50.102809 36.648163,50.104018 36.634087,50.110567 36.629839,50.105197 36.626666,50.098286 36.619372,50.096825 36.613795,50.099107 36.603497,50.101578 36.592001,50.101784 36.588402,50.099788 36.584308,50.095987 36.563478,50.095432 36.559388,50.091461 36.55357,50.087761 36.549201,50.080762 36.550085,50.066855 36.555726,50.053754 36.559438,50.049537 36.562152,50.041927 36.567719,50.035363 36.581711,50.035618 36.589993,50.036054 36.590786,50.035168 36.591751,50.034724 36.593766,50.034905 36.594363,50.033227 36.595041,50.032627 36.596711,50.032644 36.598361,50.033039 36.599067,50.033544 36.600952,50.033368 36.602976,50.034045 36.608952,50.030956 36.611494,50.028417 36.621668,50.023388 36.624097,50.020111 36.624638,50.017386 36.626363,50.013451 36.62535,50.011484 36.623153,50.011079 36.622536,50.007539 36.619068,50.003437 36.61991,50.002807 36.621781,50.002176 36.624124,50.00058 36.625351,50.000088 36.625086,49.995956 36.626627,49.994551 36.626453,49.993463 36.624563,49.991382 36.625285,49.985071 36.627406,49.983434 36.641126,49.975661 36.647557,49.971622 36.645151,49.965959 36.638153,49.962835 36.611795,49.943244 36.602262,49.937443 36.608998,49.931891 36.608386,49.929881 36.605028,49.925109 36.602399,49.923486 36.601386,49.921597 36.597532,49.920736 36.593592,49.920703 36.588165,49.917546 36.586095,49.913923 36.582395,49.913726 36.569397,49.918851 36.561164,49.902832 36.551704,49.905197 36.549968,49.906787 36.539371,49.908973 36.535683,49.901593 36.535019,49.89247 36.533496,49.886277 36.472301,49.878838 36.455967,49.881366 36.451156,49.878812 36.449693,49.866356 36.445052,49.865288 36.439363,49.866718 36.43273,49.869143 36.429231,49.865759 36.413336,49.826083 36.409236,49.815309 36.409976,49.814158 36.410587,49.811429 36.413345,49.808099 36.418421,49.805822 36.421221,49.802133 36.420162,49.801155 36.417815,49.800343 36.416971,49.800369 36.415698,49.800062 36.41461,49.799393 36.413222,49.799306 36.412747,49.798938 36.411327,49.79868 36.409775,49.799052 36.409312,49.79896 36.40902,49.798259 36.408179,49.798296 36.407099,49.799091 36.406147,49.799332 36.406057,49.799799 36.405412,49.799714 36.405066,49.799227 36.40548,49.798698 36.405058,49.798409 36.40352,49.798509 36.401381,49.799412 36.400444,49.799484 36.399412,49.799358 36.398122,49.7989 36.396486,49.799035 36.393159,49.797892 36.391967,49.796461 36.392063,49.795529 36.390839,49.795411 36.390313,49.794576 36.390988,49.793575 36.389743,49.792722 36.388133,49.791908 36.387113,49.791861 36.386266,49.791038 36.381974,49.790299 36.380429,49.79039 36.37854,49.789928 36.376137,49.789918 36.374249,49.788306 36.371416,49.784644 36.365193,49.779229 36.366716,49.771089 36.370524,49.760116 36.361115,49.756295 36.359262,49.746532 36.364188,49.728178 36.352072,49.719652 36.341672,49.698671 36.344147,49.689232 36.367973,49.68146 36.37305,49.673467 36.39212,49.668144 36.405241,49.667548 36.41822,49.672677 36.421242,49.665806 36.425636,49.657712 36.421653,49.655999 36.422477,49.651619 36.439696,49.63642 36.426791,49.629224 36.405962,49.623726 36.394005,49.62218 36.394125,49.618867 36.396302,49.613495 36.393616,49.609202 36.387595,49.605526 36.379515,49.602628 36.377947,49.600837 36.37459,49.600684 36.373293,49.599029 36.369765,49.598264 36.365092,49.594589 36.374284,49.589466 36.373271,49.587788 36.367297,49.589995 36.366679,49.589179 36.375502,49.581631 36.379688,49.573637 36.424839,49.570958 36.419866,49.565383 36.424169,49.564475 36.430613,49.561559 36.433279,49.557584 36.448132,49.551326 36.439296,49.544957 36.436764,49.536991 36.452247,49.536348 36.454734,49.535797 36.459282,49.535693 36.466659,49.534759 36.468503,49.534097 36.471356,49.534183 36.473865,49.534047 36.477251,49.534916 36.478386,49.53471 36.479211,49.534134 36.480181,49.53418 36.480795,49.534564 36.481574,49.534367 36.482307,49.533489 36.481944,49.53252 36.480808,49.531719 36.481214,49.53154 36.48382,49.531702 36.484865,49.531281 36.484444,49.53057 36.483117,49.53027 36.482477,49.529969 36.482986,49.529632 36.484611,49.52963 36.486058,49.529234 36.48691,49.529663 36.487808,49.529794 36.488515,49.529414 36.488707,49.529033 36.487922,49.527552 36.488971,49.527162 36.494649,49.524191 36.499401,49.524397 36.51378,49.53491 36.52906,49.551016 36.565116,49.544061 36.580566,49.557511 36.584945,49.555716 36.593143,49.565062 36.599817,49.566505 36.605041,49.563719 36.621729,49.588848 36.699959,49.56973 36.702344,49.588093 36.717872,49.588147 36.71821,49.590539 36.730996,49.594796 36.742755,49.597938 36.742914,49.597161 36.753293,49.598441 36.753201,49.59961 36.760657,49.601892 36.761639,49.603312 36.760045,49.608736 36.781391,49.615357 36.80025,49.619195 36.800597,49.636739 36.855537,49.636713 36.85665,49.624587 36.853944,49.62108 36.853534,49.606981 36.856543,49.60315 36.881952,49.60221 36.885906,49.590812 36.897066,49.590787 36.896015,49.59198 36.897195,49.593173 36.896638,49.59389 36.89857,49.596001 36.904278,49.598112 36.907648,49.598444 36.909472,49.599444 36.92016,49.600219 36.934639,49.632562 36.941374,49.627168 36.94311,49.630641 36.974621,49.642994 36.973854,49.645779 36.981328,49.649786 36.967853,49.660788 36.985231,49.6713 37.02378,49.711701 36.998375,49.714335 37.000603,49.726456 36.991408,49.726639 36.974051,49.766947 36.968177,49.764482 36.965007,49.772748 37.01095,49.786473 37.014182,49.789758 37.017759,49.791492 37.018518,49.794215 37.017217,49.798378 37.018331,49.799196 37.021635,49.798996 37.023906,49.801651 37.032744,49.799076 37.036648,49.798897 37.0392,49.797034 37.04055,49.793842 37.044404,49.791186 37.045644,49.787752 37.044547,49.785703 37.040652,49.78623 37.039206,49.785336 37.038446,49.781783 37.039661,49.780003 37.043622,49.778222 37.051075,49.777062 37.058698,49.771688 37.06253,49.771583 37.064961,49.770644 37.066877,49.770591 37.076714,49.798211 37.084712,49.792711 37.105473,49.788952 37.121428,49.791507 37.121155,49.794238 37.125395,49.798041 37.125173,49.802399 37.138532,49.818108 37.141093,49.817626 37.14623,49.824233 37.154274,49.826925 37.156758,49.826961 37.159069,49.831094 37.167985,49.831719 37.174423,49.839105 37.189019,49.838317 37.187343,49.884905 37.184612,49.884695 37.185006,49.901617 37.184026,49.917655 37.178561,49.917564 37.177238,49.936614 37.156388,49.939789 37.138367,49.947352 37.134162,49.95237 37.14599,49.960555 37.150488,49.963239 37.152412,49.964818 37.162956,49.969523 37.167322,49.972792 37.170943,49.979855 37.167182,49.983937 37.15248,49.989889 37.161017,50.000471 37.157588,50.000491 37.147119,50.005807 37.150598,50.008171 37.153539,50.009354 37.158026,50.013183 37.162159,50.012381 37.164075,50.024785 37.166192,50.02996 37.15756,50.04218 37.168473,50.063622 37.168649,50.066652 37.184412,50.067025 37.188764,50.077719 37.169367,50.084383 37.160439,50.090138 37.160953,50.090716 37.157241,50.093006 37.156313,50.094432 37.157101,50.095748 37.15274,50.098221 37.153177,50.100558 37.156958,50.101452 37.158335,50.103886 37.17177,50.11221 37.168941,50.114765 37.177828,50.118311 37.187746,50.121416 37.192994,50.119096 37.195151,50.119529 37.196892,50.122374 37.199514,50.123442 37.203214,50.122607 37.210913,50.118117 37.212092,50.117636 37.212681,50.116901 37.214128,50.117376 37.217172,50.116746 37.21878,50.115688 37.221932,50.115621 37.227894,50.113835 37.228916,50.112794 37.23114,50.111313 37.240767,50.108417 37.241375,50.107464 37.24473,50.107502 37.251999,50.111547 37.261499,50.105493 37.280684,50.116936 37.268155,50.125678 37.304378,50.135955 37.305259,50.137382 37.302879,50.14266 37.294513,50.147935 37.288807,50.150845 37.289109,50.152545 37.308642,50.153156 37.310512,50.15698 37.312821,50.159167 37.314577,50.159491 37.31451,50.160753 37.312899,50.162014 37.317117,50.165325 37.319791,50.165886 37.322763,50.170659 37.317895,50.183283 37.323529,50.183672 37.330708,50.185269 37.332308,50.186592 37.336242,50.187693 37.34026,50.188134 37.346536,50.189596 37.348949,50.187595 37.350503,50.186913 37.356015,50.184616 37.35878,50.182428 37.359711,50.180051 37.366399,50.17889 37.371971,50.177839 37.372394,50.18025 37.377365,50.181012 37.377096,50.183773 37.374422,50.191919 37.379033,50.192275 37.376155,50.202218 37.371902,50.208755 37.368109,50.220833 37.373975,50.228351 37.376192,50.229956 37.37816,50.230593 37.379612,50.23156 37.383533,50.233122 37.38296,50.235356 37.386765,50.23715 37.402786,50.235248 37.411315,50.247693 37.414984,50.250295 37.421636,50.253522 37.42533,50.253939 37.418134,50.27958 37.422272,50.279918 37.419887,50.289579 37.44637,50.29574 37.460663,50.300413 37.463155,50.298026 37.509697,50.314507 37.512655,50.311286 37.530476,50.317104 37.53063,50.318382 37.52941,50.320098 37.529632,50.323367 37.53162,50.324698 37.531521,50.325912 37.530391,50.326852 37.532222,50.329408 37.534225,50.333663 37.532171,50.333972 37.52118,50.336212 37.51617,50.34039 37.508454,50.34702 37.507498,50.348152 37.506751,50.349423 37.505876,50.35053 37.505728,50.351852 37.504748,50.352153 37.502587,50.35266 37.500016,50.353003 37.486088,50.356139 37.484744,50.356537 37.482788,50.358588 37.482464,50.359112 37.482662,50.359538 37.482943,50.361045 37.482762,50.36162 37.48191,50.36273 37.48129,50.363216 37.480585,50.363428 37.47794,50.36523 37.477057,50.365734 37.476432,50.366169 37.474967,50.366937 37.473633,50.367424 37.472398,50.368208 37.472042,50.368513 37.470719,50.370897 37.470704,50.371222 37.470976,50.374813 37.470847,50.375465 37.469088,50.377089 37.46748,50.378271 37.467181,50.378774 37.466583,50.38064 37.465556,50.381961 37.465358,50.382523 37.46508,50.383421 37.465012,50.384185 37.46522,50.385424 37.465563,50.385989 37.466076,50.387673 37.466045,50.392647 37.466226,50.395889 37.465952,50.397076 37.465842,50.398274 37.46585,50.398563 37.466295,50.399329 37.46627,50.400297 37.466375,50.402017 37.466302,50.405988 37.466176,50.406778 37.466202,50.407006 37.466104,50.407932 37.465586,50.410675 37.464854,50.413072 37.464418,50.414045 37.464527,50.414487 37.464696,50.414734 37.465134,50.415103 37.465107,50.4152 37.464445,50.415385 37.463697,50.415646 37.463437,50.415848 37.463338,50.416023 37.46257,50.418108 37.462602,50.418367 37.462719,50.418538 37.46299,50.418759 37.463662,50.41914 37.464065,50.419638 37.464211,50.419924 37.463725,50.421421 37.463099,50.422803 37.463168,50.422867 37.463688,50.423006 37.463827,50.423149 37.463724,50.423828 37.463421,50.424451 37.46345,50.424746 37.460572,50.425083 37.4587234,50.4277512 37.4550834,50.4284023 37.449431,50.4326631 37.4354449,50.4295199 37.4191397,50.4343524 37.413618,50.433096 37.410948,50.432738 37.408407,50.432516 37.405952,50.432239 37.405142,50.432294 37.403282,50.432062 37.396508,50.430914 37.394947,50.431133 37.377715,50.432512 37.367518,50.43404 37.352456,50.437246 37.342661,50.437172 37.333146,50.436959 37.332536,50.436911 37.32975,50.4362 37.319844,50.43281 37.314302,50.429131 37.313658,50.428816 37.311448,50.427326 37.310204,50.42616 37.309626,50.425391 37.309304,50.424262 37.309134,50.42271 37.305147,50.415448 37.302066,50.410781 37.299885,50.406423 37.299503,50.405918 37.297404,50.404348 37.292607,50.401178 37.291531,50.400761 37.276894,50.396815 37.275134,50.396234 37.273932,50.396173 37.264146,50.393889 37.257684,50.390813 37.257378,50.390926 37.255864,50.392493 37.222456,50.379179 37.224993,50.376248 37.221898,50.375292 37.216421,50.373816 37.214694,50.374284 37.21051,50.373359 37.196609,50.369017 37.183572,50.363639 37.178636,50.362388 37.175804,50.361999 37.171468,50.360947 37.15986,50.358513 37.153014,50.35622 37.149033,50.355844 37.138703,50.360746 37.138043,50.360842 37.130978,50.360192 37.12231,50.359324 37.110702,50.357962 37.103622,50.357276 37.103418,50.357092 37.104994,50.354321 37.105734,50.353372 37.105602,50.35172 37.105458,50.351606 37.104152,50.351351 37.10349,50.351288 37.09648,50.35012 37.083826,50.348253 37.082945,50.347871 37.080771,50.34763 37.078897,50.347306 37.077624,50.347284 37.07369,50.346742 37.071874,50.346655 37.070645,50.346502 37.069888,50.346489 37.06883,50.3466 37.064214,50.346815 37.062966,50.347092 37.0594,50.347151 37.045039,50.345042 37.037859,50.348821 37.037174,50.343899 37.03731,50.336174 37.038134,50.333693 37.040283,50.332298 37.041744,50.332492 37.046556,50.329593 37.048455,50.328342 37.0582975,50.3259261 37.0654097,50.3247526 37.0718345,50.3259363 37.0765292,50.3209039 37.0756211,50.3138534 37.0615807,50.3094881 37.0475407,50.3066569 37.0368857,50.3020176 37.0284118,50.3018565 37.0238485,50.3040921 37.0230053,50.3037156 37.0232736,50.3002635 37.0249581,50.2993335 37.0252374,50.2974462 37.0269544,50.296797 37.0272444,50.2931632 37.02846,50.2913345 37.0313088,50.2919619 37.0334196,50.2864216 37.0176359,50.2663636 37.0081962,50.2695376 37.0004744,50.2663941 36.9980766,50.2672669 36.9925945,50.2614683 36.9870746,50.2630134 36.97486,50.2492208 36.9673396,50.2515982 36.9623086,50.2489357 36.9623847,50.2451981 36.95825,50.2458505 36.9559969,50.2445059 36.952628,50.2451095 36.9484842,50.2339974 36.9461349,50.2274754 36.9189046,50.230834 36.9189094,50.2331864 36.9085802,50.2342175 36.9079928,50.2327231 36.9010674,50.2328635 36.9003645,50.2303175 36.8916303,50.2278374 36.8828965,50.2283217 36.8801893,50.2267418 36.8554288,50.2233231 36.8453636,50.2305634 36.8475401,50.235337 36.8433675,50.240495 36.8500561,50.2441702 36.8474642,50.2471259 36.8402655,50.2426501 36.8349992,50.2417759 36.826529,50.23788 36.818747,50.238266 36.81122,50.239453 36.8090732,50.2412725 36.8036204,50.240731 36.8006671,50.2431564 36.7996015,50.2456224 36.796556,50.2451899 36.794017,50.243006 36.790808,50.243126 36.789058,50.242657 36.785528,50.242722 36.78175,50.243334 36.780209,50.24232 36.778583,50.240181 36.776874,50.238738 36.772394,50.237618 36.770318,50.237103 36.767733,50.23646 36.766658,50.236522 36.765073,50.235342 36.758344,50.23655 36.755832,50.240308 36.75581,50.243738 36.75319,50.247468 36.750954,50.249714 36.751455,50.251356 36.753157,50.252557 36.749217,50.254097 36.743329,50.25538 36.739054,50.25712 36.73834,50.258457 36.73505,50.261111 36.731587,50.264423 36.729941,50.267232 36.726971,50.269764 36.72291,50.271579 36.717103,50.271882 36.710781,50.271308 36.709168,50.270624 36.706241,50.268843 36.705367,50.268492 36.704262,50.267404 36.701945,50.267384 36.700099,50.266848 36.700056,50.265887 36.69907,50.265221 36.696881,50.266313 36.696323,50.266884 36.695336,50.268811 36.694694,50.268934 36.693836,50.268796 36.688935,50.266704 36.687364,50.264204 36.687905,50.263497 36.688869,50.26298 36.688931,50.262682 36.688583,50.262554 36.687073,50.263092 36.686852,50.263002 36.686588,50.262802 36.683806,50.25777 36.68347,50.256786 36.683314,50.255832 36.683861,50.254747 36.684224,50.250382 36.679629,50.237645 36.664599,50.222359 36.663368,50.221775</coordinates>
            </LinearRing>
          </outerBoundaryIs>
        </Polygon>
      </Placemark>
      <Placemark>
        <name>N. Kharkiv-Ukrainian Armed Forces</name>
        <ExtendedData>
          <Data name="descripción">
            <value />
          </Data>
          <Data name="description">
            <value />
          </Data>
        </ExtendedData>
        <Polygon>
          <outerBoundaryIs>
            <LinearRing>
              <tessellate>1</tessellate>
              <coordinates>36.614696,50.215297 36.611256,50.216168 36.605074,50.216246 36.597434,50.218466 36.591076,50.22123 36.589524,50.22328 36.588007,50.223782 36.581751,50.223715 36.575452,50.225433 36.569394,50.226704 36.562158,50.227328 36.557539,50.223614 36.546757,50.225577 36.536619,50.222461 36.535303,50.222295 36.533558,50.220812 36.509554,50.220644 36.508422,50.219995 36.505206,50.21886 36.501903,50.219703 36.498534,50.219993 36.492762,50.221776 36.491311,50.219938 36.472066,50.218927 36.458798,50.219744 36.457399,50.220386 36.456164,50.221448 36.456082,50.223132 36.455741,50.223658 36.455825,50.224433 36.459794,50.225971 36.463337,50.227314 36.464222,50.228663 36.466494,50.230479 36.462779,50.232418 36.466287,50.235193 36.468507,50.23643 36.468981,50.238212 36.465803,50.243504 36.463698,50.243982 36.462751,50.244528 36.459724,50.244523 36.458285,50.245452 36.457811,50.245992 36.451801,50.246999 36.444934,50.24968 36.443531,50.250172 36.439404,50.246192 36.436221,50.243008 36.418442,50.24469 36.416564,50.245563 36.415597,50.247499 36.415005,50.250774 36.40912,50.250799 36.407477,50.250664 36.406907,50.25492 36.405358,50.25554 36.400777,50.255678 36.399028,50.259052 36.398265,50.25987 36.396386,50.260523 36.392379,50.261029 36.389521,50.265571 36.384713,50.279445 36.378875,50.28635 36.368418,50.286855 36.363759,50.287505 36.360426,50.287257 36.356265,50.288072 36.354706,50.288545 36.353119,50.288722 36.347756,50.288624 36.32858,50.289273 36.301954,50.29192 36.297076,50.291839 36.297104,50.292826 36.299408,50.299132 36.2991,50.299655 36.29663,50.299631 36.295568,50.299144 36.290442,50.299072 36.286154,50.298655 36.285473,50.300014 36.285326,50.301462 36.284952,50.301829 36.283992,50.301958 36.283792,50.302118 36.283842,50.302322 36.284853,50.302629 36.285274,50.304194 36.284535,50.306226 36.276586,50.315673 36.276354,50.317032 36.280256,50.322955 36.273755,50.324009 36.272202,50.324379 36.275166,50.328797 36.27445,50.329627 36.274734,50.331256 36.282201,50.336652 36.255537,50.35521 36.241963,50.35826 36.233609,50.363675 36.230828,50.370646 36.231095,50.371129 36.220549,50.378053 36.211177,50.385723 36.209914,50.38604 36.208156,50.388493 36.208736,50.390061 36.208286,50.39152 36.204918,50.394141 36.202422,50.395272 36.201195,50.395057 36.20044,50.395924 36.200768,50.397666 36.198928,50.400091 36.196808,50.400543 36.193937,50.402212 36.19313,50.403634 36.191858,50.403498 36.184638,50.406481 36.176977,50.401533 36.160775,50.391068 36.124186,50.374996 36.109849,50.367012 36.104657,50.365374 36.092429,50.356507 36.090416,50.353198 36.073703,50.339777 36.055531,50.337146 36.043305,50.335719 36.042542,50.332315 36.035396,50.321206 36.040543,50.309586 36.041055,50.300485 36.04826,50.297304 36.055457,50.297304 36.060753,50.294672 36.073404,50.294232 36.083736,50.29922 36.08873,50.299849 36.091665,50.301356 36.100269,50.299603 36.101748,50.291051 36.107367,50.287928 36.114486,50.288701 36.114645,50.277962 36.123815,50.277148 36.130754,50.279625 36.139655,50.275466 36.141101,50.272124 36.140193,50.270618 36.142743,50.268604 36.139812,50.266115 36.141688,50.264175 36.130197,50.255284 36.119568,50.248368 36.116675,50.240958 36.110347,50.238846 36.102977,50.237515 36.100586,50.236185 36.092741,50.225042 36.077125,50.222844 36.068028,50.219796 36.054298,50.218723 36.036468,50.211462 36.062796,50.206516 36.066322,50.203027 36.065213,50.198989 36.071063,50.194428 36.072706,50.189152 36.078125,50.182888 36.073172,50.180688 36.061014,50.181512 36.036495,50.181454 36.026152,50.164357 36.023193,50.155945 36.021097,50.156389 36.012653,50.133127 36.001744,50.134678 35.996032,50.137324 35.990491,50.137328 35.986708,50.135959 35.984817,50.128287 35.986277,50.124357 35.98499,50.122187 35.985162,50.115757 35.989282,50.115161 35.99529,50.113463 35.995118,50.108326 35.987313,50.107924 35.980235,50.106566 35.960217,50.107208 35.94626,50.10549 35.946406,50.101383 35.944275,50.096901 35.944204,50.093962 35.916426,50.09733 35.91346,50.090199 35.9153,50.085232 35.914394,50.085001 35.911513,50.090002 35.904158,50.08964 35.892222,50.084021 35.889389,50.079909 35.886641,50.079999 35.876426,50.081145 35.870889,50.077756 35.868121,50.077108 35.866308,50.079372 35.86295,50.079874 35.856769,50.082347 35.85141,50.099664 35.84448,50.099016 35.841976,50.105406 35.842182,50.107554 35.844945,50.114683 35.841859,50.115612 35.84216,50.117393 35.839714,50.118624 35.835338,50.119104 35.832249,50.120283 35.825255,50.121699 35.819119,50.119372 35.816632,50.116148 35.816893,50.112759 35.818932,50.108912 35.817796,50.106331 35.820136,50.102676 35.821735,50.097325 35.828656,50.098471 35.832847,50.090654 35.832454,50.086085 35.828739,50.084572 35.826311,50.07722 35.82744,50.074317 35.831658,50.072737 35.8346,50.068364 35.844775,50.064355 35.842718,50.063047 35.834908,50.063905 35.833663,50.062681 35.831389,50.062889 35.826413,50.059645 35.829622,50.058903 35.825278,50.053533 35.820538,50.054695 35.811404,50.045006 35.812232,50.04188 35.810829,50.037763 35.812828,50.037024 35.813081,50.034552 35.803206,50.035608 35.80251,50.033861 35.795797,50.034336 35.792823,50.02338 35.797832,50.022568 35.79649,50.020543 35.792558,50.016443 35.794021,50.014149 35.799089,50.015165 35.805104,50.009033 35.806431,50.00612 35.803078,50.002171 35.812849,50.000231 35.824491,50.001978 35.829406,50.000728 35.828383,49.997507 35.834306,49.996067 35.832891,49.994188 35.824287,49.991594 35.819116,49.991758 35.814998,49.995559 35.814956,49.99815 35.81148,49.997319 35.807903,49.98548 35.811395,49.984666 35.812654,49.982746 35.81706,49.981225 35.813686,49.971119 35.792143,49.955896 35.79269,49.949787 35.798041,49.948713 35.802867,49.944671 35.813959,49.944164 35.814427,49.941769 35.814467,49.937551 35.82781,49.933665 35.825139,49.924252 35.828737,49.922664 35.844484,49.923859 35.853021,49.916931 35.855828,49.91763 35.862928,49.917002 35.865478,49.913057 35.870946,49.912429 35.874063,49.911299 35.87158,49.906207 35.868411,49.903327 35.873664,49.901324 35.875796,49.901022 35.87209,49.89381 35.86777,49.891106 35.873806,49.887798 35.87485,49.885701 35.874435,49.883439 35.884395,49.881876 35.890062,49.882533 35.89444,49.882529 35.893882,49.879541 35.889998,49.875834 35.890234,49.874119 35.921926,49.876037 35.930033,49.874561 35.931929,49.864424 35.938462,49.862693 35.940888,49.868084 35.952948,49.86448 35.957605,49.870367 35.966113,49.865455 35.960544,49.863198 35.961617,49.857932 35.974146,49.855456 35.975511,49.851167 35.97927,49.849007 35.980711,49.842032 35.979397,49.839257 35.98216,49.833911 35.98664,49.83244 35.989592,49.82828 35.998585,49.823945 36.001269,49.820882 35.999751,49.818538 35.997276,49.818861 35.993256,49.817412 35.993138,49.815493 35.988681,49.814427 35.988686,49.810204 35.988348,49.805539 35.997838,49.805692 35.999088,49.803409 36.012916,49.80172 36.005407,49.79752 35.990168,49.798365 35.981948,49.790034 35.982816,49.783706 35.984108,49.778381 35.979605,49.77777 35.967707,49.769164 35.964505,49.75865 35.964877,49.755168 35.973646,49.744387 35.976143,49.745597 35.976964,49.747589 35.977124,49.752023 35.97489,49.757928 35.976519,49.759439 35.986217,49.759952 35.987414,49.762114 36.019496,49.759392 36.026156,49.757392 36.035392,49.761159 36.036698,49.76359 36.05673,49.758455 36.06085,49.764203 36.066859,49.763666 36.069415,49.76466 36.072496,49.764325 36.083992,49.767761 36.086734,49.76776 36.089849,49.769694 36.095012,49.767724 36.099143,49.764201 36.11097,49.757726 36.117445,49.757591 36.121799,49.758965 36.125606,49.758931 36.128103,49.757925 36.13163,49.757472 36.133705,49.758232 36.147001,49.76073 36.156303,49.767109 36.159755,49.777116 36.157706,49.783727 36.155273,49.783382 36.152168,49.784484 36.149406,49.787249 36.144539,49.787446 36.140614,49.787422 36.139253,49.78813 36.131963,49.788873 36.128209,49.790028 36.12188,49.78941 36.119633,49.789367 36.117728,49.790764 36.119265,49.791962 36.122519,49.79338 36.123361,49.795553 36.125047,49.797904 36.12795,49.798526 36.128161,49.802642 36.129402,49.806758 36.13176,49.808382 36.14276,49.813813 36.155791,49.819534 36.164772,49.822918 36.169896,49.825974 36.175536,49.824822 36.172034,49.822852 36.171621,49.82055 36.180906,49.820353 36.198259,49.817274 36.20185,49.815971 36.20356,49.814434 36.207845,49.814668 36.211078,49.812837 36.23145,49.813492 36.231776,49.814491 36.235046,49.815392 36.236308,49.816044 36.236046,49.816688 36.239005,49.818616 36.240504,49.819049 36.241488,49.820136 36.244168,49.820652 36.248822,49.820448 36.251994,49.820372 36.255425,49.820943 36.258599,49.820794 36.262114,49.819942 36.26224,49.819046 36.263548,49.818431 36.265447,49.81865 36.267426,49.817486 36.273243,49.818579 36.273878,49.817935 36.281893,49.820918 36.283314,49.821071 36.281556,49.825799 36.279475,49.828697 36.280889,49.83079 36.283431,49.831451 36.283741,49.831006 36.284276,49.830612 36.285902,49.830423 36.288896,49.831152 36.292922,49.827722 36.290855,49.825731 36.293508,49.824238 36.295302,49.822081 36.303681,49.825302 36.30662,49.825045 36.311237,49.823148 36.31551,49.822359 36.315724,49.821575 36.316196,49.821393 36.316604,49.82143 36.316582,49.821759 36.316646,49.821935 36.316966,49.821905 36.317198,49.821625 36.317212,49.82069 36.317434,49.820206 36.319084,49.819749 36.319468,49.819417 36.319378,49.818614 36.319598,49.81846 36.319861,49.818479 36.320451,49.818878 36.321031,49.819081 36.32131,49.819001 36.321181,49.818204 36.321375,49.817648 36.321869,49.81723 36.322818,49.817066 36.323316,49.816792 36.323518,49.816491 36.323279,49.816264 36.3225,49.816184 36.322037,49.816023 36.321926,49.815744 36.322111,49.815573 36.322696,49.815632 36.323309,49.815542 36.32369,49.815181 36.32388,49.814954 36.323863,49.814734 36.323443,49.814653 36.322276,49.814792 36.322179,49.814617 36.322758,49.814033 36.323292,49.813957 36.323438,49.813765 36.323302,49.813394 36.32335,49.812513 36.323596,49.812321 36.323949,49.812405 36.324397,49.812657 36.324929,49.812551 36.325048,49.812368 36.324471,49.812181 36.324348,49.812001 36.324809,49.811337 36.324808,49.81113 36.324614,49.810993 36.32452,49.810572 36.325316,49.810608 36.32564,49.810491 36.325849,49.810043 36.326265,49.810005 36.326927,49.810386 36.327413,49.81036 36.32757,49.809947 36.327262,49.809454 36.326625,49.809353 36.326079,49.809096 36.325825,49.808859 36.32596,49.808412 36.326273,49.808267 36.326793,49.808171 36.326952,49.808034 36.326969,49.807802 36.326596,49.807532 36.326321,49.807212 36.326352,49.806614 36.325632,49.806155 36.325629,49.805902 36.325476,49.805774 36.324976,49.805793 36.324671,49.805647 36.32481,49.80545 36.326083,49.80506 36.326122,49.804788 36.325856,49.804646 36.325452,49.804665 36.325182,49.804883 36.324899,49.80496 36.324548,49.804878 36.324468,49.804617 36.324137,49.80415 36.324164,49.803346 36.324773,49.803174 36.325197,49.803218 36.325595,49.803167 36.325682,49.80294 36.325621,49.802778 36.325176,49.802826 36.324801,49.802729 36.324288,49.802383 36.32281,49.801913 36.322148,49.801883 36.321765,49.801714 36.321717,49.801522 36.321365,49.80104 36.321497,49.8007 36.322061,49.800478 36.322932,49.80038 36.323558,49.800487 36.324747,49.80037 36.325237,49.800102 36.325319,49.79991 36.324711,49.799484 36.324332,49.799089 36.324454,49.798134 36.32442,49.797567 36.324114,49.797208 36.324404,49.796822 36.325488,49.79656 36.325777,49.796271 36.325884,49.795872 36.326378,49.795352 36.328824,49.795156 36.329538,49.794734 36.330412,49.793503 36.333589,49.792391 36.338568,49.791583 36.34136,49.791242 36.343553,49.791501 36.344248,49.791826 36.344265,49.792089 36.343784,49.792503 36.343422,49.793027 36.343385,49.793353 36.343699,49.793536 36.344389,49.79345 36.345808,49.792948 36.348132,49.792526 36.354318,49.793448 36.360072,49.793868 36.361449,49.794287 36.361709,49.794859 36.361711,49.796221 36.362765,49.797195 36.365266,49.797793 36.36789,49.797815 36.370361,49.79712 36.373475,49.795538 36.374644,49.794204 36.375127,49.79287 36.37472,49.791642 36.374163,49.79085 36.374678,49.790412 36.376137,49.789918 36.37854,49.789928 36.380429,49.79039 36.381974,49.790299 36.386266,49.791038 36.387113,49.791861 36.388133,49.791908 36.389743,49.792722 36.390988,49.793575 36.390313,49.794576 36.390839,49.795411 36.392063,49.795529 36.391967,49.796461 36.393159,49.797892 36.396486,49.799035 36.398122,49.7989 36.399412,49.799358 36.400444,49.799484 36.401381,49.799412 36.40352,49.798509 36.405058,49.798409 36.40548,49.798698 36.405066,49.799227 36.405412,49.799714 36.406057,49.799799 36.406147,49.799332 36.407099,49.799091 36.408179,49.798296 36.40902,49.798259 36.409312,49.79896 36.409775,49.799052 36.411327,49.79868 36.412747,49.798938 36.413222,49.799306 36.41461,49.799393 36.415698,49.800062 36.416971,49.800369 36.417815,49.800343 36.420162,49.801155 36.421221,49.802133 36.418421,49.805822 36.413345,49.808099 36.410587,49.811429 36.409976,49.814158 36.409236,49.815309 36.413336,49.826083 36.429231,49.865759 36.43273,49.869143 36.439363,49.866718 36.445052,49.865288 36.449693,49.866356 36.451156,49.878812 36.455967,49.881366 36.472301,49.878838 36.533496,49.886277 36.535019,49.89247 36.535683,49.901593 36.539371,49.908973 36.549968,49.906787 36.551704,49.905197 36.561164,49.902832 36.569397,49.918851 36.582395,49.913726 36.586095,49.913923 36.588165,49.917546 36.593592,49.920703 36.601386,49.921597 36.602399,49.923486 36.605028,49.925109 36.608386,49.929881 36.608998,49.931891 36.602262,49.937443 36.611795,49.943244 36.638153,49.962835 36.645151,49.965959 36.647557,49.971622 36.641126,49.975661 36.627406,49.983434 36.625285,49.985071 36.624563,49.991382 36.626627,49.994551 36.625086,49.995956 36.625351,50.000088 36.624124,50.00058 36.621781,50.002176 36.61991,50.002807 36.619068,50.003437 36.622536,50.007539 36.623153,50.011079 36.62535,50.011484 36.626363,50.013451 36.624638,50.017386 36.624097,50.020111 36.621668,50.023388 36.611494,50.028417 36.608952,50.030956 36.602976,50.034045 36.600952,50.033368 36.599067,50.033544 36.598361,50.033039 36.596711,50.032644 36.595041,50.032627 36.594363,50.033227 36.593766,50.034905 36.591751,50.034724 36.590786,50.035168 36.589993,50.036054 36.581711,50.035618 36.567719,50.035363 36.562152,50.041927 36.559438,50.049537 36.555726,50.053754 36.550085,50.066855 36.549201,50.080762 36.55357,50.087761 36.559388,50.091461 36.563478,50.095432 36.584308,50.095987 36.588402,50.099788 36.592001,50.101784 36.603497,50.101578 36.613795,50.099107 36.619372,50.096825 36.626666,50.098286 36.629839,50.105197 36.634087,50.110567 36.648163,50.104018 36.647174,50.102809 36.649937,50.10171 36.653473,50.101162 36.658467,50.105457 36.665522,50.102486 36.670115,50.104482 36.666083,50.109245 36.666086,50.111945 36.67291,50.11256 36.678275,50.115431 36.686259,50.121064 36.6909,50.127595 36.682758,50.130204 36.685958,50.136302 36.679887,50.138054 36.675704,50.140026 36.67481,50.144249 36.675308,50.146745 36.687707,50.150426 36.694443,50.154437 36.697959,50.153878 36.70173,50.15892 36.685246,50.158592 36.679232,50.161178 36.675273,50.16547 36.673878,50.169546 36.675035,50.171101 36.68353,50.170032 36.690393,50.171082 36.695021,50.174831 36.698964,50.17946 36.703422,50.181011 36.698945,50.185493 36.69464,50.187007 36.69118,50.185364 36.689066,50.189222 36.693077,50.191443 36.697838,50.191928 36.69895,50.192789 36.704949,50.193741 36.70646,50.195132 36.706222,50.196484 36.694912,50.198223 36.690801,50.199752 36.689695,50.201501 36.686082,50.203624 36.680398,50.2055 36.679273,50.207591 36.673084,50.21166 36.668441,50.213408 36.664655,50.213014 36.660174,50.211786 36.6583,50.212149 36.658415,50.212875 36.656584,50.214437 36.656956,50.216626 36.663368,50.221775 36.652934,50.218892 36.652223,50.218851 36.650259,50.218171 36.648122,50.217546 36.647465,50.217577 36.647173,50.217924 36.640688,50.221762 36.639434,50.222257 36.633996,50.223534 36.633138,50.223554 36.632473,50.22385 36.618526,50.226952 36.616917,50.226883 36.615909,50.227116 36.614698,50.226924 36.614055,50.225654 36.61352,50.223601 36.622047,50.220799 36.61994,50.216073 36.614696,50.215297</coordinates>
            </LinearRing>
          </outerBoundaryIs>
        </Polygon>
      </Placemark>
      <Placemark>
        <name>NW. Kharkiv-Ukrainian Armed Forces</name>
        <ExtendedData>
          <Data name="descripción">
            <value />
          </Data>
          <Data name="description">
            <value />
          </Data>
        </ExtendedData>
        <Polygon>
          <outerBoundaryIs>
            <LinearRing>
              <tessellate>1</tessellate>
              <coordinates>35.655948,50.312327 35.650971,50.31297 35.649984,50.310184 35.637002,50.313752 35.637238,50.315182 35.628096,50.317794 35.624189,50.320462 35.630496,50.324526 35.61836,50.326158 35.611976,50.326366 35.599836,50.329237 35.594048,50.331285 35.57294,50.319771 35.558139,50.321821 35.515718,50.31745 35.535153,50.302136 35.533584,50.297553 35.530938,50.297847 35.529666,50.298524 35.528266,50.29742 35.528109,50.296047 35.528638,50.294784 35.524891,50.290119 35.504159,50.300033 35.496255,50.292664 35.458313,50.309583 35.459402,50.315023 35.439117,50.317119 35.436432,50.322662 35.423415,50.335295 35.421159,50.333837 35.420841,50.333301 35.419837,50.332354 35.419932,50.331173 35.419233,50.330286 35.418755,50.330213 35.418105,50.330331 35.415904,50.329335 35.414646,50.328257 35.414417,50.326084 35.411979,50.323855 35.410245,50.323097 35.409936,50.322389 35.410399,50.321626 35.408091,50.321492 35.397028,50.318947 35.37914,50.320703 35.380068,50.311414 35.385373,50.305907 35.382172,50.294747 35.330421,50.318905 35.318702,50.313659 35.321404,50.311592 35.29652,50.289857 35.325277,50.277728 35.331198,50.276895 35.329505,50.273984 35.315882,50.270798 35.299625,50.262615 35.265951,50.265622 35.265981,50.263585 35.262049,50.261415 35.260683,50.258464 35.261546,50.251857 35.262665,50.248544 35.259539,50.244126 35.259074,50.239873 35.261319,50.237899 35.260487,50.234555 35.237713,50.236594 35.234997,50.228156 35.199781,50.23536 35.195562,50.233498 35.192417,50.228972 35.161151,50.238008 35.148376,50.242895 35.128244,50.227174 35.10512,50.214525 35.089465,50.212574 35.069864,50.20595 35.07684,50.200615 35.069616,50.19646 35.071584,50.194932 35.069521,50.192712 35.068876,50.190092 35.065706,50.186831 35.064248,50.187348 35.06279,50.185502 35.063392,50.184426 35.062878,50.18379 35.058941,50.185676 35.046346,50.171531 35.042484,50.165763 35.039308,50.16483 35.029867,50.166262 35.032421,50.173177 35.031123,50.178723 35.032534,50.180232 35.021028,50.181987 35.009107,50.184634 35.006371,50.177881 35.003012,50.178342 35.003778,50.180662 35.001458,50.181025 35.001369,50.182432 34.99362,50.183685 34.97795,50.182287 34.961981,50.185093 34.973093,50.162475 34.973427,50.158578 34.9675,50.157399 34.964022,50.1556 34.940605,50.152446 34.932559,50.134165 34.936979,50.095197 34.949118,50.09636 34.949434,50.094741 34.955758,50.093672 34.956667,50.082234 34.961781,50.081204 34.963683,50.073748 34.937876,50.061649 34.93482,50.054782 34.902372,50.032373 34.880787,50.006442 34.863434,49.991553 34.856214,49.987257 34.863545,49.967563 34.869784,49.955202 34.868483,49.953632 34.867403,49.95166 34.87021,49.946173 34.873906,49.943959 34.87949,49.943402 34.893059,49.932067 34.912436,49.935391 34.937176,49.905106 34.94491,49.898586 34.960303,49.889298 34.970715,49.885373 34.979864,49.889466 35.01481,49.876338 35.021506,49.879719 35.027517,49.884981 35.033618,49.888092 35.065166,49.885695 35.063786,49.882084 35.054596,49.880685 35.055873,49.875675 35.051168,49.874373 35.045004,49.874288 35.044119,49.873429 35.045994,49.870482 35.048262,49.869728 35.049782,49.867304 35.051857,49.866463 35.055305,49.86612 35.063646,49.861793 35.06449,49.859482 35.067909,49.857779 35.071657,49.857638 35.085332,49.8599 35.106411,49.857223 35.120083,49.851596 35.12842,49.854121 35.140013,49.859645 35.16349,49.853608 35.168257,49.84793 35.199472,49.840148 35.197061,49.835557 35.214647,49.832848 35.219041,49.830303 35.219822,49.828891 35.217337,49.82323 35.215665,49.821409 35.215302,49.820361 35.21675,49.811612 35.222233,49.806656 35.219428,49.804222 35.21362,49.803171 35.21299,49.802244 35.214078,49.801041 35.213463,49.798661 35.210059,49.797777 35.20782,49.795105 35.20743,49.793173 35.20906,49.792443 35.208371,49.790771 35.212334,49.78928 35.20602,49.782317 35.212065,49.771475 35.208886,49.767246 35.205708,49.759025 35.203957,49.75788 35.204093,49.75668 35.210289,49.753392 35.209892,49.749368 35.211843,49.747808 35.209652,49.746462 35.224271,49.736326 35.239124,49.736373 35.259298,49.733865 35.2626,49.722451 35.258137,49.720291 35.25539,49.71763 35.243588,49.713224 35.245733,49.709962 35.255945,49.708822 35.242683,49.692916 35.246395,49.692155 35.249217,49.690357 35.252095,49.687333 35.255175,49.686501 35.258123,49.686404 35.259912,49.687223 35.260521,49.687154 35.260933,49.686592 35.262847,49.686224 35.266775,49.685149 35.275423,49.684934 35.277724,49.685694 35.285004,49.68637 35.287804,49.685905 35.291248,49.686842 35.293443,49.686852 35.295204,49.686251 35.297008,49.685066 35.298897,49.6852 35.301731,49.685918 35.313082,49.684396 35.319627,49.684151 35.324744,49.68364 35.331235,49.682073 35.332886,49.67955 35.344066,49.665404 35.390422,49.667273 35.390774,49.669582 35.421606,49.671531 35.433162,49.673503 35.464089,49.673768 35.474639,49.670025 35.487936,49.66928 35.493412,49.66568 35.508406,49.667366 35.522586,49.662848 35.529246,49.6622 35.530344,49.660598 35.529554,49.657551 35.534219,49.654958 35.536994,49.648748 35.572198,49.645864 35.595896,49.654699 35.609679,49.656729 35.617798,49.656979 35.621945,49.663363 35.622392,49.691158 35.660649,49.696169 35.663642,49.691507 35.699898,49.705831 35.685367,49.720732 35.675312,49.723547 35.680412,49.726231 35.677874,49.727639 35.680313,49.733126 35.678117,49.737616 35.680941,49.743963 35.679951,49.747914 35.677139,49.748946 35.668111,49.747485 35.666257,49.745202 35.662069,49.74417 35.655983,49.748258 35.652639,49.753297 35.658692,49.756204 35.660432,49.755052 35.663962,49.756361 35.664354,49.757903 35.671527,49.760054 35.677906,49.768213 35.682639,49.779109 35.686551,49.780732 35.692027,49.778329 35.703863,49.776407 35.707979,49.775168 35.711753,49.780868 35.714928,49.790589 35.70879,49.79157 35.710635,49.79654 35.711101,49.800814 35.698717,49.801234 35.698704,49.804103 35.700758,49.806257 35.701095,49.812953 35.700819,49.817196 35.699264,49.820701 35.698099,49.822591 35.699962,49.824062 35.726544,49.826142 35.731495,49.824067 35.736587,49.825079 35.731237,49.826498 35.73221,49.828232 35.736938,49.826534 35.739606,49.827992 35.742446,49.827956 35.744594,49.829848 35.748992,49.829532 35.745668,49.831651 35.750967,49.833545 35.763029,49.83211 35.767598,49.833443 35.776974,49.825806 35.780619,49.825148 35.769541,49.819958 35.769187,49.818326 35.811902,49.811514 35.811328,49.807306 35.820134,49.805646 35.821735,49.809136 35.814897,49.817084 35.821605,49.819728 35.820246,49.823038 35.825798,49.828522 35.833582,49.830904 35.84074,49.829025 35.837547,49.836562 35.834421,49.83547 35.822504,49.835832 35.825278,49.858638 35.847469,49.868581 35.851464,49.866516 35.860141,49.870906 35.865307,49.866959 35.87365,49.874851 35.87135,49.875994 35.866615,49.877468 35.868649,49.8844 35.874435,49.883439 35.87485,49.885701 35.873806,49.887798 35.86777,49.891106 35.87209,49.89381 35.875796,49.901022 35.873664,49.901324 35.868411,49.903327 35.87158,49.906207 35.874063,49.911299 35.870946,49.912429 35.865478,49.913057 35.862928,49.917002 35.855828,49.91763 35.853021,49.916931 35.844484,49.923859 35.828737,49.922664 35.825139,49.924252 35.82781,49.933665 35.814467,49.937551 35.814427,49.941769 35.813959,49.944164 35.802867,49.944671 35.798041,49.948713 35.79269,49.949787 35.792143,49.955896 35.805418,49.965319 35.813686,49.971119 35.81706,49.981225 35.812654,49.982746 35.811395,49.984666 35.807903,49.98548 35.81148,49.997319 35.814956,49.99815 35.814998,49.995559 35.819116,49.991758 35.824287,49.991594 35.832891,49.994188 35.834306,49.996067 35.828383,49.997507 35.829406,50.000728 35.824491,50.001978 35.812849,50.000231 35.803078,50.002171 35.806431,50.00612 35.805104,50.009033 35.799089,50.015165 35.794021,50.014149 35.792558,50.016443 35.79649,50.020543 35.797832,50.022568 35.792823,50.02338 35.795797,50.034336 35.80251,50.033861 35.803206,50.035608 35.813081,50.034552 35.812828,50.037024 35.810829,50.037763 35.812232,50.04188 35.811404,50.045006 35.820538,50.054695 35.825278,50.053533 35.829622,50.058903 35.826413,50.059645 35.831389,50.062889 35.833663,50.062681 35.834908,50.063905 35.842718,50.063047 35.844775,50.064355 35.8346,50.068364 35.831658,50.072737 35.82744,50.074317 35.826311,50.07722 35.828739,50.084572 35.832454,50.086085 35.832847,50.090654 35.828656,50.098471 35.821735,50.097325 35.820136,50.102676 35.817796,50.106331 35.818932,50.108912 35.816893,50.112759 35.816632,50.116148 35.819119,50.119372 35.825255,50.121699 35.832249,50.120283 35.835338,50.119104 35.839714,50.118624 35.84216,50.117393 35.841859,50.115612 35.844945,50.114683 35.842182,50.107554 35.841976,50.105406 35.84448,50.099016 35.85141,50.099664 35.856769,50.082347 35.86295,50.079874 35.866308,50.079372 35.868121,50.077108 35.870889,50.077756 35.876426,50.081145 35.886641,50.079999 35.889389,50.079909 35.892222,50.084021 35.896773,50.086262 35.904158,50.08964 35.911513,50.090002 35.914394,50.085001 35.9153,50.085232 35.91346,50.090199 35.916426,50.09733 35.944204,50.093962 35.944275,50.096901 35.946406,50.101383 35.94626,50.10549 35.960217,50.107208 35.980235,50.106566 35.987313,50.107924 35.995118,50.108326 35.99529,50.113463 35.989282,50.115161 35.985162,50.115757 35.98499,50.122187 35.986277,50.124357 35.984817,50.128287 35.986708,50.135959 35.990491,50.137328 35.996032,50.137324 36.001744,50.134678 36.012653,50.133127 36.021097,50.156389 36.023193,50.155945 36.026152,50.164357 36.036495,50.181454 36.061014,50.181512 36.073172,50.180688 36.078125,50.182888 36.072706,50.189152 36.071063,50.194428 36.065213,50.198989 36.066322,50.203027 36.062796,50.206516 36.036468,50.211462 36.041946,50.213721 36.054298,50.218723 36.068028,50.219796 36.077125,50.222844 36.092741,50.225042 36.100586,50.236185 36.102977,50.237515 36.110347,50.238846 36.116675,50.240958 36.119568,50.248368 36.130197,50.255284 36.141688,50.264175 36.139812,50.266115 36.142743,50.268604 36.140193,50.270618 36.141101,50.272124 36.139655,50.275466 36.130754,50.279625 36.126512,50.277728 36.123815,50.277148 36.114645,50.277962 36.114486,50.288701 36.107367,50.287928 36.101748,50.291051 36.100269,50.299603 36.091665,50.301356 36.08873,50.299849 36.083736,50.29922 36.073404,50.294232 36.060753,50.294672 36.055457,50.297304 36.04826,50.297304 36.041055,50.300485 36.040543,50.309586 36.035396,50.321206 36.039816,50.327918 36.042542,50.332315 36.043305,50.335719 36.055531,50.337146 36.073703,50.339777 36.090416,50.353198 36.092429,50.356507 36.09467,50.358888 36.098113,50.360612 36.104657,50.365374 36.109849,50.367012 36.124186,50.374996 36.146855,50.385168 36.160775,50.391068 36.173081,50.398598 36.176977,50.401533 36.170782,50.408515 36.169446,50.410827 36.165,50.421568 36.164191,50.422896 36.160974,50.430274 36.160014,50.431075 36.15928,50.43122 36.158285,50.431212 36.15754,50.431278 36.15695,50.431507 36.15563,50.431642 36.153216,50.432426 36.153223,50.433109 36.152672,50.433518 36.149402,50.434281 36.149158,50.434437 36.145931,50.43522 36.139788,50.436645 36.139406,50.436676 36.139044,50.436803 36.135876,50.437426 36.130554,50.437758 36.129503,50.437706 36.124996,50.437904 36.123879,50.438203 36.1195,50.438304 36.117874,50.437974 36.11612,50.438614 36.111495,50.439498 36.092356,50.444839 36.086572,50.448218 36.085659,50.448415 36.081633,50.448195 36.079814,50.447969 36.075677,50.447661 36.07119,50.446796 36.06929,50.446022 36.068957,50.44604 36.067082,50.451083 36.064821,50.451249 36.057274,50.450623 36.055418,50.450083 36.052178,50.449562 36.047554,50.449202 36.046235,50.448774 36.046107,50.448124 36.045587,50.448135 36.044466,50.448652 36.043576,50.448675 36.038856,50.449295 36.037236,50.448206 36.035574,50.447487 36.033303,50.447121 36.027942,50.447028 36.026382,50.446637 36.024798,50.445727 36.023192,50.445105 36.02264,50.444672 36.022067,50.444636 36.020775,50.444956 36.019204,50.445056 36.017286,50.444977 36.015543,50.444603 36.014798,50.44485 36.012994,50.444933 36.012291,50.444701 36.011716,50.444271 36.011348,50.444218 36.01087,50.444482 36.0086,50.44484 36.005879,50.445049 36.003978,50.444807 36.001176,50.444264 35.997284,50.44227 35.995463,50.441896 35.994415,50.441999 35.990763,50.441356 35.989291,50.440883 35.988269,50.440766 35.979259,50.440244 35.978144,50.440494 35.977182,50.44057 35.976523,50.440449 35.976182,50.4402 35.97595,50.439361 35.975498,50.438796 35.973112,50.437638 35.972845,50.437674 35.972139,50.437498 35.970789,50.437336 35.96869,50.435611 35.968244,50.435498 35.965964,50.435799 35.964757,50.435964 35.963722,50.436005 35.960171,50.43539 35.958443,50.434926 35.957875,50.434564 35.95707,50.43427 35.956813,50.433967 35.955826,50.433841 35.955072,50.434226 35.954511,50.434352 35.953948,50.434248 35.952854,50.434393 35.952596,50.434689 35.951899,50.435083 35.950483,50.435172 35.948467,50.434529 35.946795,50.434241 35.942742,50.433912 35.941504,50.433266 35.942785,50.431459 35.941406,50.430472 35.935312,50.428504 35.926342,50.427492 35.919991,50.427547 35.919755,50.430212 35.914015,50.430971 35.903211,50.433151 35.901408,50.433944 35.890465,50.434381 35.888448,50.434846 35.886964,50.435892 35.885824,50.4359 35.885645,50.435322 35.883787,50.433687 35.874383,50.425319 35.872441,50.422498 35.865468,50.425124 35.86154,50.426138 35.859629,50.428892 35.859088,50.42895 35.857937,50.428282 35.854792,50.429514 35.851403,50.428413 35.838403,50.425185 35.83519,50.424656 35.832052,50.433566 35.831806,50.433602 35.799065,50.418689 35.796073,50.417209 35.79452,50.416617 35.794566,50.416342 35.798994,50.412908 35.799492,50.412787 35.80054,50.413042 35.801298,50.413152 35.802214,50.413195 35.804728,50.41233 35.80559,50.412188 35.806445,50.412442 35.807194,50.412091 35.807922,50.412273 35.808863,50.411132 35.809166,50.410593 35.809835,50.409849 35.810013,50.40869 35.809939,50.408408 35.808055,50.407448 35.806542,50.40718 35.806049,50.406761 35.806135,50.406504 35.806564,50.406361 35.806651,50.406183 35.806181,50.405977 35.806441,50.405546 35.806989,50.404982 35.807023,50.404596 35.806249,50.403778 35.805754,50.402975 35.804742,50.401668 35.803065,50.398297 35.80241,50.397471 35.801176,50.39644 35.79803,50.393817 35.79175,50.389452 35.78562,50.385648 35.784127,50.38447 35.776249,50.379684 35.775431,50.379482 35.770769,50.376615 35.756803,50.368409 35.751924,50.364606 35.748692,50.36174 35.744751,50.358764 35.743605,50.357689 35.739284,50.354136 35.738828,50.353978 35.737678,50.354155 35.730166,50.354221 35.729173,50.354065 35.722017,50.354095 35.707373,50.354295 35.701461,50.35433 35.696075,50.354597 35.684477,50.354819 35.67305,50.354917 35.658631,50.350974 35.653993,50.346902 35.680166,50.34261 35.682609,50.347572 35.692543,50.345643 35.688485,50.334895 35.682817,50.335283 35.682214,50.333916 35.681698,50.331259 35.680067,50.33117 35.675132,50.328287 35.673201,50.325014 35.669939,50.326048 35.660411,50.326918 35.655948,50.312327</coordinates>
            </LinearRing>
          </outerBoundaryIs>
        </Polygon>
      </Placemark>
      <Placemark>
        <name>Central Donetsk- Ukrainian Armed Forces</name>
        <ExtendedData>
          <Data name="descripción">
            <value />
          </Data>
          <Data name="description">
            <value />
          </Data>
        </ExtendedData>
        <MultiGeometry>
          <Polygon>
            <outerBoundaryIs>
              <LinearRing>
                <tessellate>1</tessellate>
                <coordinates>36.9334218,48.1943716 36.9326421,48.1953218 36.931372,48.195882 36.930566,48.196034 36.929691,48.195924 36.928845,48.195582 36.927929,48.195054 36.923004,48.194744 36.920504,48.194105 36.917855,48.1943955 36.915781,48.194683 36.914438,48.194655 36.9169468,48.1905081 36.917337,48.185594 36.919762,48.184316 36.936629,48.186223 36.937788,48.187643 36.9372458,48.191395 36.9359776,48.1934841 36.9334218,48.1943716</coordinates>
              </LinearRing>
            </outerBoundaryIs>
          </Polygon>
          <Polygon>
            <outerBoundaryIs>
              <LinearRing>
                <tessellate>1</tessellate>
                <coordinates>37.112524,48.325151 37.122924,48.332662 37.125836,48.33985 37.127638,48.340217 37.127102,48.341057 37.108194,48.339066 37.105498,48.351744 37.103143,48.3529 37.071824,48.34996 37.049091,48.350954 37.039917,48.35229 37.032924,48.34851 37.006407,48.34859 37.004523,48.357761 37.003611,48.362443 37.002203,48.364284 37.001512,48.364956 36.999705,48.365115 36.997979,48.364349 36.995186,48.365007 36.995162,48.366162 36.994108,48.366406 36.992687,48.365723 36.99058,48.365839 36.989885,48.366599 36.987987,48.366959 36.986339,48.366938 36.983814,48.366326 36.983703,48.365196 36.944718,48.361267 36.941351,48.365038 36.918928,48.365614 36.917571,48.3661 36.91484,48.366358 36.906975,48.369952 36.895209,48.369268 36.891081,48.370979 36.88643,48.372462 36.884509,48.373945 36.883242,48.373833 36.884828,48.365853 36.872209,48.364375 36.874441,48.354588 36.845688,48.351623 36.843542,48.352136 36.824174,48.362393 36.820952,48.363187 36.813335,48.364298 36.813679,48.360306 36.816553,48.349014 36.810012,48.343685 36.816783,48.31266 36.856403,48.315665 36.856825,48.31242 36.859954,48.312338 36.859821,48.315909 36.871479,48.317066 36.873764,48.305618 36.912267,48.309009 36.924154,48.253822 36.937689,48.259901 36.943832,48.260704 36.953751,48.265249 36.957432,48.265927 36.9592632,48.268017 36.967449,48.272955 36.966722,48.276817 36.9856695,48.2783426 36.986248,48.2693122 36.995462,48.264757 37.0009617,48.2652874 37.00077,48.268736 37.0114051,48.2691829 37.00968,48.279619 37.022799,48.281061 37.0175891,48.3068998 37.027947,48.309994 37.028252,48.314519 37.048258,48.3112874 37.062973,48.308044 37.063196,48.310018 37.072399,48.311833 37.077236,48.310449 37.0776668,48.3140749 37.0773179,48.3163271 37.0813653,48.3217386 37.090681,48.32661 37.099031,48.326265 37.112524,48.325151</coordinates>
              </LinearRing>
            </outerBoundaryIs>
          </Polygon>
        </MultiGeometry>
      </Placemark>
      <Placemark>
        <name>E. Kharkiv-Ukrainian Armed Forces</name>
        <ExtendedData>
          <Data name="descripción">
            <value />
          </Data>
          <Data name="description">
            <value />
          </Data>
        </ExtendedData>
        <Polygon>
          <outerBoundaryIs>
            <LinearRing>
              <tessellate>1</tessellate>
              <coordinates>36.699959,49.56973 36.621729,49.588848 36.605041,49.563719 36.599817,49.566505 36.593143,49.565062 36.584945,49.555716 36.580566,49.557511 36.565116,49.544061 36.52906,49.551016 36.51378,49.53491 36.499401,49.524397 36.494649,49.524191 36.487922,49.527552 36.488707,49.529033 36.488515,49.529414 36.487808,49.529794 36.48691,49.529663 36.486058,49.529234 36.484611,49.52963 36.482986,49.529632 36.482477,49.529969 36.483117,49.53027 36.484444,49.53057 36.484865,49.531281 36.48382,49.531702 36.481214,49.53154 36.480808,49.531719 36.481944,49.53252 36.482307,49.533489 36.481574,49.534367 36.480795,49.534564 36.480181,49.53418 36.479211,49.534134 36.478386,49.53471 36.477251,49.534916 36.473865,49.534047 36.471356,49.534183 36.468503,49.534097 36.466659,49.534759 36.459282,49.535693 36.454734,49.535797 36.452247,49.536348 36.448388,49.536501 36.444444,49.536698 36.436764,49.536991 36.433224,49.528488 36.43069,49.526159 36.431286,49.522948 36.428873,49.521094 36.428008,49.51885 36.432296,49.512156 36.442336,49.508307 36.444651,49.50992 36.452859,49.507522 36.461207,49.509413 36.466379,49.508017 36.471207,49.507623 36.474898,49.508256 36.474898,49.50376 36.473267,49.50313 36.473525,49.502594 36.47717,49.503057 36.481311,49.506744 36.482094,49.511541 36.48695,49.514218 36.488211,49.515556 36.490416,49.516057 36.493626,49.512937 36.498585,49.509594 36.502638,49.508069 36.502571,49.507604 36.502866,49.50723 36.505172,49.507041 36.512103,49.504933 36.514356,49.504554 36.517638,49.503616 36.520726,49.501986 36.517249,49.496901 36.517033,49.495272 36.519349,49.493799 36.524879,49.48402 36.515285,49.483592 36.509467,49.482606 36.511431,49.473696 36.511127,49.469352 36.506254,49.468909 36.506135,49.467628 36.498351,49.468326 36.494388,49.470118 36.490425,49.470236 36.491596,49.472704 36.491723,49.474064 36.486808,49.474242 36.485163,49.474348 36.482146,49.476462 36.477484,49.476562 36.475541,49.47442 36.470986,49.473681 36.466947,49.471937 36.463252,49.470082 36.472161,49.459984 36.482081,49.455074 36.448576,49.387684 36.462164,49.386652 36.467706,49.385583 36.471532,49.385632 36.475064,49.384165 36.520752,49.369084 36.519833,49.354718 36.524492,49.354887 36.52914,49.353798 36.535675,49.35405 36.546757,49.355622 36.552441,49.355636 36.552995,49.351584 36.551186,49.327593 36.564388,49.327372 36.561355,49.314344 36.563579,49.313738 36.567948,49.311061 36.567846,49.310073 36.589956,49.304457 36.614893,49.296113 36.614639,49.294905 36.612758,49.292937 36.612257,49.290175 36.614262,49.287228 36.61458,49.285195 36.61284,49.281847 36.6117,49.277155 36.609975,49.274456 36.591,49.282254 36.587386,49.283053 36.579287,49.282718 36.573972,49.280422 36.572606,49.276447 36.569101,49.273255 36.565082,49.271828 36.560756,49.26795 36.562841,49.266655 36.565171,49.267071 36.566042,49.267656 36.570394,49.268666 36.592062,49.257081 36.588903,49.252857 36.588242,49.249616 36.58964,49.24559 36.590868,49.24459 36.594326,49.244375 36.595395,49.242834 36.600452,49.240314 36.603199,49.239754 36.614428,49.237183 36.621352,49.234394 36.622782,49.23382 36.626873,49.23106 36.647009,49.228484 36.631484,49.197802 36.656213,49.195266 36.640186,49.155345 36.638235,49.15344 36.634054,49.152207 36.631746,49.151095 36.628302,49.150895 36.625974,49.150358 36.625374,49.146442 36.61371,49.136419 36.620681,49.131873 36.592761,49.102959 36.594381,49.096069 36.597288,49.095951 36.611063,49.087605 36.614065,49.087102 36.631742,49.086322 36.630704,49.08229 36.641518,49.027259 36.643273,49.017126 36.663074,49.019658 36.675838,49.02095 36.678449,49.031105 36.679773,49.032594 36.682494,49.032415 36.697375,49.024289 36.719972,49.031362 36.724654,49.029075 36.726617,49.017741 36.746347,49.019297 36.752129,49.016799 36.75341,49.017324 36.757742,49.015658 36.75657,49.013756 36.755586,49.012949 36.752777,49.012523 36.750615,49.010361 36.749495,49.006256 36.73748,48.99647 36.737919,48.993517 36.751665,48.994814 36.752706,48.99104 36.756918,48.989492 36.763103,48.985577 36.766408,48.984393 36.77305,48.955752 36.774534,48.949905 36.778508,48.945381 36.779673,48.940617 36.791959,48.941799 36.796361,48.922722 36.798659,48.922527 36.801128,48.921796 36.805077,48.922404 36.806752,48.922421 36.807616,48.920935 36.809688,48.91943 36.81217,48.918253 36.812529,48.917457 36.812308,48.917162 36.811787,48.916895 36.81158,48.916433 36.810944,48.916226 36.810252,48.916374 36.809918,48.916784 36.809632,48.916973 36.809084,48.916885 36.808544,48.916948 36.807787,48.916652 36.807518,48.916129 36.807472,48.915466 36.807274,48.914998 36.807198,48.914627 36.80737,48.91418 36.808014,48.913146 36.808186,48.912306 36.807866,48.911584 36.80819,48.908787 36.808756,48.907665 36.806113,48.903446 36.805804,48.901779 36.803899,48.897881 36.806069,48.89596 36.806007,48.894152 36.802683,48.8935 36.800893,48.892258 36.799617,48.889548 36.798025,48.889321 36.789824,48.890759 36.78973,48.89149 36.790658,48.893178 36.790539,48.894522 36.784313,48.895496 36.780274,48.895245 36.776485,48.892118 36.776718,48.89162 36.773922,48.889214 36.763352,48.890554 36.762469,48.889846 36.761047,48.890801 36.759324,48.887863 36.758288,48.887407 36.749742,48.882013 36.741839,48.873936 36.735146,48.865033 36.732187,48.859818 36.72869,48.860486 36.725966,48.861944 36.719835,48.863617 36.716756,48.863912 36.715492,48.864615 36.715882,48.865908 36.715116,48.866463 36.706775,48.864547 36.702383,48.863985 36.699232,48.862362 36.696193,48.861262 36.693326,48.858537 36.692475,48.857056 36.691906,48.852595 36.689479,48.850904 36.689004,48.848819 36.687022,48.848266 36.681687,48.848401 36.68646,48.825478 36.681159,48.822569 36.679893,48.82069 36.691843,48.814233 36.701112,48.809669 36.704801,48.808864 36.721101,48.806402 36.727832,48.805355 36.733618,48.803969 36.747507,48.801025 36.762986,48.797064 36.772227,48.797553 36.786793,48.800685 36.789654,48.800132 36.783774,48.789735 36.784661,48.787747 36.785834,48.786965 36.790024,48.786589 36.791668,48.786685 36.79281,48.786369 36.793636,48.785566 36.794514,48.784978 36.795412,48.784537 36.79575,48.783938 36.795395,48.783136 36.795542,48.781815 36.795924,48.780417 36.796686,48.779431 36.808511,48.778589 36.816968,48.777527 36.821348,48.771612 36.84101,48.772907 36.839386,48.77556 36.854023,48.800533 36.917923,48.797912 36.920692,48.795526 36.922505,48.793626 36.925072,48.792614 36.928883,48.792507 36.931282,48.792877 36.93763,48.795339 36.944317,48.796249 36.968737,48.793395 36.970046,48.791797 36.973501,48.791161 36.977237,48.788708 36.983547,48.782663 36.986125,48.778546 36.989048,48.775233 36.999097,48.769059 37.000827,48.765705 37.008095,48.764494 37.017551,48.75921 37.017994,48.757546 37.032024,48.749816 37.038081,48.752279 37.042961,48.76654 37.023034,48.767619 37.023348,48.774643 36.99482,48.787606 37.005281,48.797661 37.007161,48.802739 37.009303,48.803243 37.01505,48.802503 37.018218,48.801475 37.023861,48.818862 37.026041,48.818964 37.033225,48.816528 37.043327,48.815109 37.066124,48.81393 37.067776,48.817562 37.078635,48.817816 37.09878,48.850915 37.132672,48.84277 37.13455,48.843716 37.13712,48.843681 37.141238,48.844736 37.146129,48.844134 37.148445,48.841499 37.14325,48.834437 37.146248,48.832628 37.151217,48.832399 37.156857,48.824932 37.192161,48.814726 37.194882,48.849215 37.190722,48.869051 37.19089,48.873355 37.192088,48.876078 37.193372,48.881115 37.194401,48.882194 37.195945,48.882452 37.197661,48.882145 37.200007,48.882871 37.202696,48.884612 37.206616,48.885528 37.210638,48.887697 37.215174,48.89139 37.217053,48.895497 37.224762,48.904049 37.224473,48.907895 37.228844,48.90827 37.244376,48.906567 37.245059,48.908813 37.266492,48.906526 37.269239,48.922663 37.283994,48.923046 37.299177,48.922807 37.299143,48.921188 37.299971,48.920467 37.299727,48.919547 37.300963,48.919361 37.302542,48.92036 37.313632,48.922988 37.328085,48.921702 37.332065,48.934573 37.32708,48.935132 37.328106,48.937554 37.323556,48.937637 37.319328,48.938138 37.314757,48.939878 37.314177,48.941477 37.311655,48.9416 37.309278,48.943128 37.307245,48.947361 37.309508,48.950936 37.318966,48.952443 37.320691,48.956352 37.319322,48.957067 37.311771,48.956692 37.308639,48.960308 37.304326,48.961159 37.304573,48.965416 37.310141,48.966292 37.308103,48.967894 37.302449,48.966667 37.297905,48.966674 37.29486,48.968198 37.294969,48.971046 37.297845,48.971254 37.299176,48.973039 37.29789,48.97447 37.298751,48.97564 37.302191,48.975839 37.305809,48.98018 37.307969,48.98086 37.309753,48.979622 37.314284,48.979848 37.313666,48.977257 37.317133,48.977539 37.316549,48.981793 37.317339,48.983004 37.321401,48.982279 37.324091,48.983018 37.323944,48.98509 37.312567,48.986035 37.309944,48.987206 37.310343,48.988772 37.321637,48.989217 37.329,48.992227 37.33602,48.993886 37.338831,48.995654 37.344475,49.003247 37.349479,49.001742 37.354041,48.999751 37.359289,48.99883 37.358785,48.992669 37.364281,48.993017 37.367245,48.994181 37.37326,48.995157 37.372067,48.999491 37.370567,49.00348 37.370698,49.006004 37.372203,49.016816 37.375492,49.026487 37.391937,49.024937 37.391663,49.027708 37.386178,49.031242 37.385457,49.033498 37.385251,49.036316 37.388528,49.038684 37.383993,49.045272 37.383872,49.047553 37.38478,49.04826 37.389184,49.049589 37.394447,49.050693 37.401812,49.051487 37.407805,49.051831 37.409534,49.052771 37.410405,49.054245 37.413685,49.056184 37.415754,49.059601 37.417566,49.061442 37.419164,49.061546 37.420865,49.061148 37.422908,49.061256 37.432027,49.059466 37.432841,49.060302 37.436272,49.061348 37.438761,49.061478 37.441058,49.058747 37.443012,49.057422 37.445352,49.058184 37.449752,49.061196 37.450686,49.060284 37.450504,49.056278 37.449452,49.055354 37.450183,49.054013 37.451471,49.053298 37.457309,49.056549 37.458769,49.056144 37.463967,49.061497 37.466823,49.061362 37.467994,49.05761 37.46948,49.057843 37.470623,49.055658 37.475226,49.056549 37.475026,49.057262 37.475505,49.058224 37.476796,49.058339 37.478474,49.057554 37.480934,49.05748 37.481721,49.057989 37.481434,49.058592 37.475932,49.060554 37.475799,49.06235 37.476462,49.063108 37.477824,49.06329 37.479357,49.062572 37.482068,49.06249 37.495018,49.060118 37.50146,49.061186 37.504808,49.062873 37.505578,49.065819 37.504546,49.069778 37.506489,49.072888 37.507317,49.076278 37.506592,49.081351 37.501618,49.085861 37.499302,49.086598 37.498188,49.08801 37.500604,49.09121 37.493748,49.093228 37.492724,49.095812 37.488265,49.099069 37.49372,49.105147 37.497458,49.103582 37.546287,49.11233 37.58508,49.126103 37.571654,49.135532 37.567772,49.135585 37.5636,49.133815 37.560912,49.134446 37.563087,49.13667 37.559369,49.136884 37.55502,49.140304 37.545636,49.142969 37.541201,49.145368 37.549799,49.148365 37.554441,49.147392 37.55865,49.144941 37.56286,49.144735 37.564324,49.148093 37.559645,49.153813 37.554577,49.165316 37.544381,49.168766 37.53238,49.173618 37.521788,49.175468 37.508362,49.178776 37.503751,49.179498 37.498926,49.181818 37.498888,49.185111 37.513007,49.199125 37.539984,49.211459 37.551177,49.220874 37.561412,49.227584 37.575859,49.229233 37.580218,49.231188 37.599769,49.230171 37.614114,49.233162 37.710142,49.220379 37.7589243,49.2100261 37.7616418,49.2123961 37.7491066,49.2187492 37.7540188,49.2333468 37.7650249,49.2322484 37.7674214,49.2353944 37.7840469,49.2331887 37.8113267,49.2348311 37.8223041,49.2312239 37.8077044,49.2203302 37.8025829,49.217122 37.798415,49.21232 37.813988,49.212226 37.815057,49.212174 37.823754,49.2093 37.826816,49.207022 37.835514,49.206976 37.8440631,49.2009556 37.8449045,49.2046261 37.8468699,49.204481 37.8479749,49.2110912 37.849767,49.219776 37.850285,49.221357 37.851601,49.221684 37.853252,49.224534 37.864109,49.235436 37.8677283,49.2362356 37.870934,49.237213 37.871661,49.238046 37.866078,49.246434 37.882502,49.249214 37.891832,49.252676 37.894607,49.252464 37.895366,49.252785 37.895917,49.253272 37.895797,49.254078 37.894866,49.255147 37.911252,49.259169 37.899442,49.269605 37.912336,49.276042 37.930307,49.2795 37.942804,49.280093 37.951499,49.281774 37.955431,49.28375 37.95822,49.285051 37.95182,49.293156 37.951365,49.29497 37.948336,49.298574 37.948405,49.303476 37.938611,49.305342 37.900661,49.310896 37.883981,49.312823 37.883818,49.316744 37.882283,49.320778 37.877176,49.328857 37.877914,49.330079 37.879167,49.331077 37.879614,49.332513 37.882567,49.337511 37.883667,49.340908 37.886105,49.341516 37.886484,49.34492 37.884838,49.350609 37.88895,49.364665 37.890169,49.371118 37.890942,49.374863 37.885423,49.371532 37.881572,49.37155 37.878064,49.371106 37.878081,49.369711 37.871046,49.369516 37.868774,49.367938 37.861596,49.36778 37.857815,49.367576 37.8582929,49.3698054 37.8501154,49.3693676 37.8476574,49.3709929 37.84374,49.372171 37.8302342,49.3727625 37.8303221,49.3820062 37.7957174,49.3836832 37.7962943,49.3887562 37.7845721,49.392298 37.7778271,49.3965108 37.7720614,49.3987351 37.7678011,49.3939404 37.7613018,49.396577 37.7592389,49.3938705 37.741726,49.4013304 37.7370391,49.3956098 37.7237684,49.3998069 37.7114219,49.3962498 37.6944273,49.3882331 37.6761638,49.388643 37.6805963,49.3989183 37.6730315,49.4004913 37.6740559,49.4034277 37.6662837,49.404811 37.6630838,49.4103611 37.6636708,49.4184409 37.6655529,49.4183771 37.6694337,49.4271524 37.6771353,49.4268272 37.6775044,49.4280035 37.6694174,49.4283139 37.6717596,49.4341794 37.6491789,49.4366922 37.6526342,49.4402539 37.6552205,49.442174 37.6642443,49.4484182 37.6779737,49.4453866 37.6840674,49.4414953 37.694927,49.44758 37.702592,49.444304 37.71066,49.450166 37.714008,49.447941 37.7256479,49.4545042 37.7273623,49.4519132 37.72975,49.450651 37.733937,49.450648 37.734636,49.451309 37.734062,49.454987 37.7414477,49.4580718 37.7441234,49.4618326 37.7515098,49.4626239 37.75702,49.469245 37.769315,49.466423 37.7716058,49.4705296 37.756589,49.473629 37.757831,49.476452 37.756865,49.47725 37.7220812,49.485297 37.7183802,49.4798556 37.7096021,49.4846103 37.6975429,49.4872588 37.6862013,49.4885321 37.692066,49.5023995 37.69381,49.511054 37.669262,49.503173 37.652946,49.491188 37.652256,49.481595 37.636123,49.456274 37.622905,49.444557 37.582813,49.426698 37.572216,49.425302 37.566395,49.445788 37.557775,49.44445 37.554477,49.442721 37.551294,49.443552 37.546221,49.446001 37.542634,49.447865 37.537777,49.447008 37.531065,49.447469 37.52166,49.450713 37.519199,49.454365 37.520343,49.46142 37.518856,49.467607 37.497681,49.467932 37.493361,49.47027 37.491616,49.46982 37.483661,49.471819 37.468352,49.478774 37.465931,49.481526 37.458757,49.485924 37.454668,49.484786 37.438144,49.498587 37.423672,49.50893 37.42293,49.511113 37.407204,49.522834 37.402641,49.520476 37.401542,49.517866 37.401871,49.516009 37.394057,49.514347 37.38413,49.514496 37.379155,49.516937 37.383298,49.532108 37.388935,49.543853 37.371628,49.55052 37.338726,49.535002 37.295175,49.524494 37.275679,49.528871 37.243308,49.539544 37.229888,49.542284 37.217931,49.542826 37.197734,49.544368 37.172215,49.542743 37.166321,49.552638 37.172943,49.560998 37.172185,49.576929 37.164744,49.593979 37.16089,49.594896 37.155319,49.598038 37.144692,49.600484 37.119147,49.590688 37.105998,49.581774 37.09964,49.582037 37.096287,49.582745 37.083234,49.588572 37.083226,49.594065 37.078651,49.595395 37.068555,49.607342 37.067847,49.612491 37.059907,49.612109 37.058614,49.627473 37.047745,49.633818 37.035506,49.621261 37.027284,49.622807 37.023097,49.624465 37.017849,49.624647 37.01598,49.623954 37.015442,49.622566 37.01325,49.622681 37.012798,49.621738 37.01166,49.620794 37.00861,49.620798 37.005023,49.623274 37.001045,49.633359 36.981328,49.649786 36.973854,49.645779 36.974621,49.642994 36.94311,49.630641 36.941374,49.627168 36.934639,49.632562 36.92016,49.600219 36.909472,49.599444 36.907648,49.598444 36.904278,49.598112 36.89857,49.596001 36.896638,49.59389 36.897195,49.593173 36.896015,49.59198 36.897066,49.590787 36.885906,49.590812 36.881952,49.60221 36.856543,49.60315 36.853534,49.606981 36.853944,49.62108 36.85665,49.624587 36.855537,49.636713 36.800597,49.636739 36.80025,49.619195 36.781391,49.615357 36.760045,49.608736 36.761639,49.603312 36.760657,49.601892 36.753201,49.59961 36.753293,49.598441 36.742914,49.597161 36.742755,49.597938 36.730996,49.594796 36.71821,49.590539 36.717872,49.588147 36.702344,49.588093 36.699959,49.56973</coordinates>
            </LinearRing>
          </outerBoundaryIs>
        </Polygon>
      </Placemark>
      <Placemark>
        <name>N.E. Kharkiv-Ukrainian Armed Forces</name>
        <ExtendedData>
          <Data name="descripción">
            <value />
          </Data>
          <Data name="description">
            <value />
          </Data>
        </ExtendedData>
        <Polygon>
          <outerBoundaryIs>
            <LinearRing>
              <tessellate>1</tessellate>
              <coordinates>37.591176,49.799928 37.589866,49.805711 37.578192,49.812014 37.568117,49.812637 37.560446,49.8147 37.554404,49.817122 37.557117,49.826079 37.569894,49.827557 37.568421,49.834792 37.584187,49.836641 37.591002,49.838346 37.592599,49.837218 37.595054,49.833876 37.606421,49.83081 37.612619,49.828336 37.616073,49.827467 37.619387,49.828306 37.629542,49.826621 37.631186,49.827827 37.631236,49.831143 37.628343,49.834518 37.625448,49.837117 37.625421,49.840876 37.624863,49.842721 37.62686,49.843221 37.628772,49.843721 37.629753,49.845627 37.630028,49.849516 37.633838,49.852844 37.635356,49.854626 37.6328,49.859016 37.635254,49.860514 37.636749,49.863382 37.6391723,49.8691303 37.637724,49.869495 37.638498,49.871964 37.639115,49.874222 37.640469,49.875694 37.641968,49.87573 37.642052,49.87975 37.640544,49.882726 37.641999,49.884872 37.635427,49.88771 37.642288,49.895266 37.646123,49.893599 37.64663,49.894748 37.651697,49.895275 37.652559,49.896079 37.65403,49.89845 37.655528,49.898855 37.657336,49.898532 37.658517,49.899462 37.660835,49.899114 37.662871,49.900017 37.672975,49.90396 37.676531,49.903141 37.680461,49.903052 37.681842,49.897623 37.682727,49.896166 37.685415,49.895869 37.687243,49.897038 37.692117,49.898096 37.694098,49.898223 37.6926957,49.9058281 37.7045467,49.9062812 37.708331,49.903206 37.717143,49.902739 37.72498,49.901829 37.731212,49.9015 37.729778,49.907574 37.728419,49.91435 37.737519,49.914686 37.737645,49.915678 37.741055,49.92438 37.743665,49.933153 37.744047,49.934305 37.7494,49.938042 37.749193,49.939068 37.748337,49.94645 37.748284,49.947429 37.7440844,49.9500623 37.7321993,49.9499986 37.7301179,49.9567042 37.7131987,49.9567994 37.7131493,49.9642468 37.7302919,49.9649892 37.731225,49.9665466 37.736284,49.967718 37.7366913,49.9700748 37.73667,49.985654 37.738551,49.986693 37.7633372,49.9838221 37.766022,49.9861968 37.7703226,49.9986462 37.7619967,49.9997547 37.7549533,50.0045138 37.7577746,50.0105512 37.7493067,50.0122389 37.7397666,50.0156637 37.7381101,50.0158394 37.740118,50.0197756 37.7353788,50.0212502 37.7356153,50.0243695 37.7307082,50.0270424 37.7251719,50.0275096 37.7214797,50.029874 37.7182151,50.041217 37.7132315,50.045047 37.7114144,50.0621939 37.7037171,50.0622718 37.6963416,50.0581889 37.6792451,50.0638594 37.6653163,50.0671236 37.6599267,50.0699925 37.6623441,50.0797945 37.6529099,50.0852372 37.6476284,50.0849986 37.649938,50.0937427 37.6489643,50.098907 37.6423907,50.103816 37.6416435,50.1056941 37.644837,50.1069667 37.6451032,50.1109196 37.6428655,50.112317 37.6322624,50.1131267 37.6269817,50.1127877 37.6209727,50.111835 37.6054378,50.1139174 37.5999006,50.1208148 37.5928236,50.1222164 37.5899332,50.1263026 37.5790656,50.1256503 37.5767807,50.1286292 37.5763597,50.1318531 37.5858595,50.1340909 37.5816672,50.1380492 37.586709,50.139769 37.5800539,50.146673 37.5881143,50.149809 37.595304,50.154822 37.601263,50.164722 37.607332,50.166781 37.607651,50.168951 37.609472,50.169485 37.609289,50.170948 37.615784,50.173095 37.617637,50.17458 37.627086,50.175077 37.631833,50.174922 37.634695,50.17416 37.6362559,50.1735245 37.6404,50.176058 37.640469,50.176549 37.640782,50.177138 37.640553,50.177804 37.639687,50.178411 37.639125,50.179154 37.639166,50.179732 37.640024,50.181478 37.640141,50.183154 37.64043,50.183649 37.639992,50.184225 37.640106,50.184542 37.640951,50.1853 37.641309,50.18621 37.641897,50.187013 37.641985,50.187598 37.642265,50.187946 37.642502,50.188871 37.642034,50.18952 37.642918,50.190251 37.643296,50.190686 37.643673,50.190928 37.636541,50.197046 37.630124,50.201622 37.623971,50.207394 37.62076,50.212162 37.616513,50.214531 37.61488,50.21679 37.614606,50.217704 37.614654,50.218165 37.614481,50.219952 37.614791,50.221602 37.615338,50.223184 37.616559,50.225379 37.616859,50.226353 37.618682,50.227711 37.623346,50.234298 37.62686,50.240224 37.627083,50.241884 37.625618,50.244856 37.625514,50.249616 37.626739,50.255628 37.627778,50.258364 37.628013,50.261415 37.627218,50.262395 37.627,50.264108 37.627063,50.272333 37.627255,50.274634 37.627125,50.277195 37.626524,50.27901 37.626567,50.281084 37.626352,50.283212 37.626358,50.292781 37.627384,50.294726 37.628942,50.296439 37.637908,50.302632 37.637106,50.304663 37.635519,50.310865 37.63473,50.311806 37.630254,50.313469 37.627676,50.313931 37.610668,50.316153 37.609023,50.316251 37.60278,50.316224 37.596794,50.316006 37.595192,50.316023 37.586581,50.31434 37.585866,50.314136 37.576961,50.306169 37.555298,50.329465 37.534236,50.333661 37.532233,50.329406 37.530401,50.32685 37.531531,50.32591 37.531631,50.324697 37.529642,50.323366 37.529421,50.320097 37.53064,50.31838 37.530486,50.317102 37.512666,50.311284 37.509761,50.314477 37.463219,50.297997 37.460674,50.300412 37.44638,50.295738 37.419897,50.289577 37.422283,50.279916 37.418145,50.279579 37.425341,50.253937 37.421647,50.25352 37.414994,50.250293 37.411326,50.247691 37.402797,50.235247 37.386776,50.237149 37.382971,50.235354 37.383544,50.23312 37.379622,50.231558 37.37817,50.230591 37.376203,50.229954 37.373985,50.228349 37.36812,50.220832 37.371913,50.208754 37.376166,50.202217 37.379044,50.192274 37.374433,50.191918 37.377106,50.183771 37.377376,50.18101 37.372404,50.180248 37.371982,50.177837 37.359722,50.18005 37.35879,50.182426 37.356026,50.184614 37.348959,50.187593 37.346547,50.189594 37.340271,50.188132 37.336252,50.187691 37.332319,50.18659 37.330719,50.185268 37.32354,50.18367 37.317906,50.183282 37.322774,50.170658 37.319802,50.165884 37.317128,50.165323 37.31291,50.162013 37.314521,50.160751 37.314588,50.15949 37.312832,50.159166 37.310523,50.156979 37.308652,50.153154 37.28912,50.152543 37.288818,50.150844 37.294524,50.147934 37.30289,50.142658 37.30527,50.13738 37.304388,50.135953 37.268166,50.125676 37.280695,50.116935 37.26151,50.105491 37.25201,50.111545 37.24474,50.1075 37.241386,50.107462 37.240778,50.108415 37.23115,50.111312 37.228927,50.112792 37.227904,50.113833 37.221943,50.115619 37.21879,50.115687 37.217183,50.116745 37.214139,50.117375 37.212692,50.116899 37.212102,50.117635 37.210924,50.118115 37.203225,50.122605 37.199525,50.12344 37.196902,50.122372 37.195162,50.119527 37.193005,50.119095 37.187757,50.121414 37.177839,50.118309 37.168952,50.114764 37.17178,50.112208 37.158346,50.103885 37.156969,50.10145 37.153188,50.100556 37.152751,50.098219 37.157112,50.095747 37.156324,50.094431 37.157252,50.093005 37.160964,50.090714 37.16045,50.090136 37.169378,50.084382 37.188828,50.077689 37.184423,50.067024 37.16866,50.06665 37.168484,50.06362 37.157571,50.042178 37.166203,50.029959 37.164086,50.024783 37.16217,50.012379 37.158037,50.013182 37.15355,50.009352 37.150609,50.00817 37.14713,50.005805 37.157598,50.000489 37.161028,50.000469 37.152491,49.989888 37.167193,49.983935 37.170954,49.979853 37.167333,49.972791 37.162967,49.969522 37.152423,49.964817 37.150499,49.963237 37.146001,49.960553 37.134173,49.952368 37.138378,49.94735 37.156399,49.939787 37.177248,49.936612 37.178572,49.917562 37.184037,49.917653 37.185017,49.901616 37.184623,49.884694 37.187354,49.884904 37.18903,49.838316 37.174434,49.839104 37.167996,49.831718 37.15908,49.831092 37.156768,49.826959 37.154285,49.826923 37.146241,49.824232 37.141104,49.817625 37.138542,49.818106 37.125184,49.802397 37.125406,49.79804 37.121166,49.794236 37.121439,49.791505 37.105484,49.78895 37.084722,49.79271 37.076724,49.798209 37.066888,49.77059 37.064972,49.770642 37.062541,49.771582 37.058709,49.771686 37.051086,49.77706 37.043633,49.778221 37.039672,49.780001 37.038457,49.781781 37.039216,49.785334 37.040662,49.786228 37.044558,49.785701 37.045655,49.78775 37.044415,49.791184 37.040561,49.79384 37.039211,49.797033 37.036658,49.798895 37.032755,49.799074 37.023917,49.801649 37.022375,49.799902 37.021646,49.798994 37.018342,49.799194 37.017228,49.798376 37.018529,49.794213 37.01777,49.79149 37.014193,49.789757 37.01096,49.786471 36.965018,49.772746 36.968188,49.76448 36.974062,49.766945 36.991419,49.726638 36.998121,49.726701 37.000614,49.726455 36.998386,49.714333 37.023791,49.711699 36.985242,49.671298 36.967864,49.660787 36.981339,49.649785 37.001056,49.633358 37.005034,49.623273 37.00862,49.620796 37.01167,49.620792 37.012809,49.621736 37.013261,49.622679 37.015453,49.622564 37.015991,49.623952 37.017859,49.624645 37.023108,49.624463 37.027295,49.622806 37.035516,49.621259 37.047756,49.633816 37.058625,49.627471 37.059918,49.612107 37.067858,49.612489 37.068566,49.607341 37.078662,49.595393 37.083237,49.594063 37.083245,49.58857 37.096298,49.582744 37.099651,49.582036 37.106009,49.581772 37.119158,49.590686 37.144703,49.600483 37.15533,49.598037 37.160901,49.594894 37.164755,49.593977 37.172195,49.576927 37.172954,49.560996 37.166332,49.552636 37.172226,49.542741 37.197745,49.544366 37.217942,49.542824 37.229899,49.542282 37.243318,49.539542 37.27569,49.528869 37.295186,49.524492 37.338736,49.535 37.371639,49.550518 37.388946,49.543851 37.383309,49.532107 37.379166,49.516936 37.38414,49.514494 37.394068,49.514346 37.401882,49.516008 37.401553,49.517864 37.402651,49.520474 37.407215,49.522832 37.409665,49.521653 37.422941,49.511111 37.423683,49.508928 37.438154,49.498586 37.454678,49.484784 37.458768,49.485922 37.465942,49.481525 37.468363,49.478772 37.483672,49.471817 37.491626,49.469818 37.493372,49.470269 37.497692,49.46793 37.518866,49.467606 37.520354,49.461418 37.51921,49.454363 37.52167,49.450712 37.531076,49.447467 37.537787,49.447006 37.542645,49.447864 37.544499,49.447382 37.546232,49.445999 37.551304,49.44355 37.554488,49.442719 37.557786,49.444448 37.566405,49.445786 37.57228,49.425272 37.582824,49.426697 37.622916,49.444555 37.636134,49.456273 37.652267,49.481594 37.652957,49.491186 37.669273,49.503171 37.69382,49.511052 37.698392,49.515475 37.698335,49.517456 37.696845,49.518984 37.695942,49.521598 37.694831,49.523168 37.692751,49.525316 37.688956,49.525018 37.686158,49.525956 37.68669,49.528124 37.686184,49.528846 37.687368,49.529652 37.690526,49.530459 37.693479,49.532998 37.692573,49.535744 37.693279,49.53617 37.694758,49.536151 37.695464,49.536808 37.693903,49.539303 37.69308,49.539631 37.69241,49.540673 37.690981,49.541138 37.689687,49.541356 37.688976,49.54219 37.688994,49.543803 37.689564,49.544097 37.690304,49.544058 37.691529,49.544479 37.691508,49.545394 37.693965,49.546408 37.695307,49.547087 37.695479,49.547556 37.695479,49.547913 37.69209,49.549713 37.69207,49.550335 37.693046,49.550618 37.696238,49.550954 37.697199,49.551291 37.696974,49.552163 37.695677,49.553508 37.6883142,49.5579929 37.687766,49.5596498 37.6847459,49.5635406 37.6858749,49.5682418 37.6887625,49.5714391 37.697726,49.573428 37.702119,49.574905 37.706431,49.574528 37.711362,49.572814 37.719146,49.573978 37.7274547,49.5733811 37.731034,49.563867 37.7429044,49.5645584 37.742833,49.558227 37.7445623,49.5581119 37.7478847,49.5556378 37.7587105,49.555486 37.7599611,49.5581385 37.7602001,49.5637515 37.748422,49.565189 37.748782,49.573964 37.752232,49.574779 37.752093,49.58498 37.752785,49.586947 37.750908,49.587264 37.751613,49.598498 37.757155,49.598212 37.762096,49.598399 37.764158,49.599656 37.765576,49.600356 37.772208,49.600195 37.773089,49.605316 37.784135,49.608719 37.785123,49.612334 37.790147,49.613391 37.787102,49.619618 37.794078,49.620008 37.798391,49.626401 37.812127,49.624231 37.815047,49.618947 37.836508,49.619109 37.837812,49.618349 37.853202,49.61781 37.857188,49.616181 37.858873,49.616259 37.859107,49.618022 37.860657,49.621833 37.854459,49.628582 37.845937,49.6339342 37.8466144,49.6363032 37.843611,49.636568 37.842926,49.636967 37.84147,49.637144 37.840649,49.650493 37.84445,49.651152 37.843509,49.654465 37.845794,49.656061 37.8442584,49.6602435 37.8349887,49.6674658 37.836362,49.681796 37.828586,49.682843 37.8239134,49.6765067 37.8188343,49.6725594 37.8180135,49.6708065 37.8115958,49.6703742 37.8061554,49.6613791 37.7900497,49.6628241 37.7831964,49.6574876 37.7595151,49.6614295 37.71842,49.664738 37.703745,49.66261 37.701729,49.664157 37.706847,49.668226 37.709342,49.667915 37.709371,49.668822 37.730964,49.671288 37.739935,49.671238 37.750623,49.674188 37.760625,49.674025 37.7614437,49.6773826 37.7795418,49.6726061 37.7837204,49.6788944 37.7985204,49.6821413 37.798537,49.694506 37.782056,49.697368 37.7673541,49.7022286 37.7556201,49.7031415 37.743365,49.704439 37.744288,49.712789 37.739052,49.714062 37.741541,49.721328 37.742043,49.724247 37.737273,49.724416 37.734464,49.725756 37.7261984,49.7258226 37.7235859,49.7273449 37.7182215,49.7269287 37.7178781,49.7301467 37.7074497,49.7300912 37.7083295,49.7325461 37.7070635,49.73489 37.6970017,49.733345 37.6912277,49.7336418 37.687958,49.732483 37.6857585,49.7329588 37.684661,49.735565 37.679521,49.741944 37.669001,49.740164 37.668577,49.737026 37.661761,49.727961 37.659672,49.717258 37.666317,49.716468 37.6703071,49.7134525 37.671207,49.710437 37.6895984,49.7031252 37.691508,49.698921 37.697218,49.697626 37.699076,49.691101 37.699258,49.685705 37.694765,49.685683 37.68036,49.687743 37.681575,49.692135 37.663232,49.701329 37.65491,49.702931 37.652644,49.708734 37.643484,49.708869 37.639864,49.71005 37.6388044,49.7119958 37.6374603,49.7108216 37.6338386,49.7102013 37.626574,49.710538 37.622622,49.710152 37.6229284,49.7081638 37.6225633,49.7074666 37.6225309,49.7046201 37.6202241,49.7045908 37.6169697,49.7051679 37.6158585,49.7058963 37.614532,49.706632 37.611936,49.70729 37.6103552,49.7081712 37.60969,49.708865 37.6085989,49.710384 37.6090066,49.7111124 37.6081268,49.7126179 37.6098649,49.7129925 37.6075904,49.7143523 37.6084916,49.7150737 37.6061528,49.7164056 37.6071318,49.7175696 37.6058015,49.7191511 37.604338,49.721016 37.602886,49.721864 37.601671,49.724414 37.603094,49.725414 37.6027357,49.7261058 37.6011466,49.7285725 37.6055576,49.7299855 37.602859,49.732507 37.604819,49.733784 37.603636,49.735739 37.6076704,49.7380727 37.610891,49.737675 37.611698,49.738562 37.609718,49.740427 37.611462,49.74113 37.612226,49.741843 37.610803,49.743942 37.598283,49.748315 37.604173,49.751329 37.603165,49.752736 37.59727,49.754089 37.59437,49.754075 37.589705,49.752417 37.584944,49.755604 37.588519,49.762158 37.583651,49.764456 37.577172,49.761849 37.567003,49.760462 37.5634404,49.7626239 37.5568106,49.7612785 37.5492366,49.761541 37.5399672,49.764709 37.5385939,49.7666815 37.5427568,49.7709385 37.5485398,49.7717949 37.5510615,49.7733163 37.5545703,49.7743109 37.5580791,49.7724784 37.5638739,49.7734705 37.570914,49.7799498 37.5864909,49.7811529 37.5896651,49.7826869 37.5887733,49.7893274 37.5937515,49.7969737 37.5938303,49.7981708 37.592391,49.799867 37.591176,49.799928</coordinates>
            </LinearRing>
          </outerBoundaryIs>
        </Polygon>
      </Placemark>
      <Placemark>
        <name>Donetsk RUAF</name>
        <ExtendedData>
          <Data name="descripción">
            <value />
          </Data>
          <Data name="description">
            <value />
          </Data>
        </ExtendedData>
        <Polygon>
          <outerBoundaryIs>
            <LinearRing>
              <tessellate>1</tessellate>
              <coordinates>37.931046,48.720324 37.934296,48.7157 37.9268166,48.7097675 37.923394,48.709466 37.916895,48.7059667 37.9093056,48.7059969 37.9078575,48.7057471 37.901648,48.705266 37.898809,48.706192 37.896662,48.706009 37.893312,48.708206 37.8885,48.707954 37.883058,48.701202 37.883605,48.699166 37.8818769,48.6970352 37.8827734,48.6943634 37.8830896,48.6927361 37.881003,48.691149 37.869198,48.698694 37.8657011,48.700744 37.860592,48.696772 37.856363,48.698467 37.852562,48.695948 37.850172,48.695314 37.849493,48.693204 37.8451153,48.6898088 37.842567,48.6877721 37.8434357,48.6869851 37.8419975,48.6845328 37.838473,48.679485 37.832512,48.679805 37.831634,48.676678 37.829554,48.675647 37.820472,48.675764 37.818193,48.671371 37.815654,48.667345 37.8194256,48.6507352 37.813386,48.647134 37.8114548,48.6475026 37.8107253,48.6461132 37.8100561,48.6446294 37.7934478,48.6435519 37.7857482,48.6459863 37.782985,48.645121 37.782231,48.643824 37.788835,48.639322 37.790193,48.635154 37.785907,48.63353 37.770456,48.632523 37.76846,48.629013 37.7607305,48.6279847 37.751476,48.626677 37.753082,48.617704 37.745705,48.618186 37.744165,48.615886 37.741034,48.615673 37.7309265,48.6147046 37.7298536,48.6164069 37.7260771,48.6163786 37.7208843,48.619017 37.7091255,48.6190454 37.7035465,48.613967 37.7104559,48.6110445 37.7068939,48.6073557 37.709898,48.6048018 37.7184381,48.6040072 37.7189102,48.604972 37.7391233,48.5983312 37.7502971,48.5959907 37.7544388,48.5952643 37.75828,48.595077 37.759674,48.59791 37.763644,48.598586 37.76777,48.5986063 37.7736924,48.5992874 37.7830874,48.5943453 37.7847991,48.587982 37.794145,48.589325 37.795326,48.587512 37.794856,48.585134 37.80007,48.584516 37.801579,48.58368 37.801827,48.582034 37.8081144,48.5815655 37.8073848,48.5787263 37.8063508,48.5760041 37.801791,48.575337 37.802567,48.566512 37.802962,48.565829 37.813699,48.566141 37.8163,48.566744 37.8202022,48.564063 37.8209482,48.5627303 37.8226944,48.5618084 37.8244472,48.5596575 37.826672,48.558529 37.821128,48.558018 37.820842,48.556726 37.819089,48.555736 37.819926,48.55426 37.8218959,48.5529311 37.823642,48.548193 37.823164,48.546972 37.823514,48.545124 37.813066,48.542109 37.8086935,48.5427692 37.806374,48.542101 37.807304,48.54055 37.804099,48.539465 37.797392,48.53772 37.795256,48.538457 37.788108,48.533658 37.789355,48.52614 37.784512,48.523894 37.781209,48.523192 37.779758,48.522604 37.774589,48.522184 37.773444,48.523998 37.771868,48.525134 37.760218,48.520738 37.746942,48.51635 37.7492247,48.5139551 37.7444827,48.512427 37.7469933,48.5089016 37.7439836,48.5077443 37.7420137,48.5079918 37.7395461,48.5094845 37.7387092,48.5091291 37.7353404,48.5115741 37.7262852,48.5068687 37.7280019,48.5048499 37.7354477,48.4991629 37.7386342,48.5013144 37.7465306,48.4981295 37.7485906,48.4956553 37.7524855,48.4940388 37.7514219,48.4905234 37.741208,48.4863992 37.741723,48.4846925 37.7263164,48.4832702 37.7143767,48.4821287 37.710686,48.4795685 37.7113726,48.476496 37.7057078,48.4760977 37.7071669,48.4696676 37.7099886,48.4698881 37.7114491,48.4644309 37.7169423,48.4614145 37.7199034,48.4566617 37.7204613,48.449916 37.7130405,48.4469932 37.700183,48.443561 37.698128,48.443493 37.701677,48.4175774 37.7039035,48.4077908 37.7049386,48.4049295 37.705088,48.403496 37.708688,48.393358 37.71247,48.382978 37.708088,48.376592 37.707175,48.366276 37.708392,48.361135 37.710192,48.351754 37.712332,48.342256 37.715908,48.342274 37.718351,48.329233 37.715261,48.329119 37.71156,48.328075 37.711829,48.326597 37.71191,48.320116 37.707381,48.319779 37.714131,48.312819 37.71624,48.311688 37.720668,48.311711 37.7223,48.304749 37.723629,48.297934 37.726732,48.284122 37.728749,48.275497 37.731667,48.273497 37.747116,48.278181 37.754222,48.278807 37.763596,48.279609 37.764765,48.276076 37.76751,48.275894 37.776095,48.276818 37.776932,48.273916 37.798607,48.276128 37.840785,48.279231 37.840463,48.281936 37.848119,48.282319 37.8589,48.283165 37.872561,48.284218 37.874588,48.271639 37.905552,48.272676 37.907418,48.272806 38.183624,48.257578 38.190907,48.264213 38.202398,48.263362 38.203591,48.267768 38.218689,48.267373 38.219626,48.272558 38.216396,48.277861 38.216325,48.280627 38.217285,48.283165 38.224901,48.286918 38.228608,48.295165 38.231971,48.297474 38.230459,48.302777 38.233958,48.306531 38.245118,48.307544 38.241003,48.321908 38.237827,48.322567 38.235895,48.331344 38.282315,48.336077 38.327592,48.350988 38.361777,48.35654 38.367121,48.396996 38.372054,48.406255 38.363102,48.417311 38.366513,48.418779 38.381436,48.429396 38.378513,48.433073 38.375331,48.441249 38.372617,48.442392 38.369989,48.442965 38.36734,48.442699 38.366208,48.442836 38.36585,48.443156 38.365492,48.443186 38.365306,48.44296 38.36349,48.442891 38.362989,48.443161 38.362402,48.443317 38.361712,48.443007 38.360892,48.442327 38.360288,48.442416 38.359855,48.442618 38.359596,48.442349 38.359508,48.441966 38.358517,48.441087 38.357223,48.440638 38.35365,48.441277 38.351323,48.441033 38.347268,48.439691 38.344222,48.437605 38.323142,48.447253 38.313643,48.453712 38.314191,48.459502 38.318602,48.464438 38.304429,48.469886 38.306117,48.470832 38.309436,48.473712 38.305289,48.47571 38.303773,48.47762 38.302973,48.480766 38.302057,48.483647 38.302456,48.484423 38.303814,48.484156 38.304829,48.484174 38.306227,48.484531 38.302672,48.488031 38.299683,48.489771 38.314461,48.495768 38.317174,48.498979 38.315484,48.504452 38.320776,48.505852 38.322221,48.50712 38.310962,48.515667 38.292526,48.530444 38.285922,48.535224 38.280988,48.535056 38.281376,48.537502 38.277787,48.539456 38.274903,48.545183 38.278921,48.545839 38.272554,48.583968 38.27288,48.587323 38.272005,48.59011 38.270683,48.603028 38.262787,48.642629 38.233682,48.639907 38.231483,48.653067 38.238113,48.656133 38.246724,48.657466 38.259454,48.658572 38.259142,48.667725 38.285961,48.671544 38.284581,48.681243 38.293508,48.683599 38.308444,48.684776 38.313681,48.69522 38.314586,48.704066 38.308248,48.706801 38.303282,48.710669 38.304556,48.711775 38.325142,48.714041 38.323735,48.729899 38.321243,48.733634 38.318795,48.735444 38.315146,48.736462 38.297281,48.737887 38.291607,48.737556 38.28335,48.738024 38.279539,48.74111 38.264018,48.751804 38.275189,48.772627 38.283008,48.773424 38.278467,48.794583 38.278174,48.802224 38.280088,48.802879 38.282345,48.802403 38.285743,48.808235 38.289142,48.812032 38.316613,48.813991 38.31361,48.828553 38.272411,48.824892 38.271032,48.832828 38.258971,48.842693 38.25749,48.841884 38.243425,48.841515 38.242694,48.840927 38.237587,48.840447 38.22335,48.838816 38.22172,48.839183 38.2257,48.850953 38.226039,48.855996 38.225951,48.857784 38.226399,48.858384 38.227234,48.858927 38.229187,48.858945 38.229331,48.864652 38.228794,48.864904 38.22917,48.866398 38.2279,48.869162 38.227575,48.884572 38.227954,48.885304 38.226054,48.888572 38.224525,48.892142 38.221683,48.896666 38.221407,48.901238 38.22717,48.911693 38.22682,48.922232 38.223643,48.934646 38.218536,48.933313 38.214846,48.931613 38.210748,48.930548 38.207159,48.929482 38.197704,48.927833 38.193482,48.92778 38.188995,48.928381 38.185004,48.92934 38.183048,48.929352 38.181244,48.929171 38.179267,48.929466 38.175045,48.930193 38.17166,48.930629 38.168641,48.931378 38.166427,48.931365 38.165604,48.930613 38.1604924,48.9302337 38.1565934,48.9305411 38.1422963,48.9314743 38.1398501,48.9300082 38.1388095,48.9263428 38.1365671,48.9246792 38.133004,48.923422 38.1268633,48.9228646 38.126992,48.926784 38.120873,48.926508 38.1163414,48.9280659 38.111737,48.927358 38.0966655,48.930475 38.0838625,48.935366 38.082709,48.939829 38.079627,48.939516 38.076459,48.938639 38.067614,48.9374938 38.063943,48.936884 38.056381,48.939481 38.053453,48.939709 38.044504,48.9348579 38.0429376,48.9331664 38.042137,48.928816 38.039493,48.926909 38.039072,48.925674 38.036935,48.924044 38.035922,48.922619 38.031622,48.91669 38.029911,48.914009 38.028049,48.913698 38.0279273,48.9125706 38.023388,48.9084 38.022766,48.906679 38.018292,48.905085 38.015062,48.905069 38.012488,48.904502 38.010857,48.900546 38.004774,48.899809 38.004908,48.898876 38.002059,48.900952 38.0051718,48.9066151 37.999421,48.910988 37.995622,48.909951 37.9953871,48.9068972 37.993383,48.905762 37.9872332,48.9110717 37.978402,48.909957 37.984904,48.90736 37.989053,48.903189 37.982504,48.902544 37.980804,48.900869 37.981417,48.899063 37.9789864,48.8971471 37.982442,48.895444 37.9833637,48.8941282 37.983564,48.8918 37.985982,48.891526 37.986843,48.890991 37.985178,48.884288 37.991153,48.883516 37.991019,48.880882 38.006866,48.876449 38.008802,48.866974 38.00033,48.866526 37.9954742,48.8657884 37.996283,48.853712 37.99055,48.850004 37.989842,48.848584 37.994627,48.84626 37.996038,48.842576 38.000233,48.842783 38.0081141,48.8405376 38.004714,48.835594 38.003556,48.832608 38.013169,48.831478 38.016797,48.830814 38.0133945,48.8258245 38.011674,48.823319 38.007042,48.822065 38.0086,48.820279 38.013463,48.818309 38.016695,48.815718 38.003696,48.801746 37.9861866,48.7954138 37.9863582,48.7913992 37.9715953,48.784783 37.9641565,48.7837645 37.9583201,48.7833121 37.9451021,48.7796925 37.9448446,48.7748282 37.950767,48.76804 37.9511961,48.7634575 37.9517914,48.7621338 37.9564691,48.7593897 37.9577566,48.7569566 37.9600311,48.7556552 37.9620052,48.7524297 37.9629,48.743771 37.955438,48.744668 37.950892,48.743335 37.947775,48.743258 37.945033,48.744576 37.943578,48.744591 37.933817,48.74521 37.932631,48.74229 37.933777,48.739901 37.941048,48.736878 37.949275,48.731011 37.936308,48.725731 37.931046,48.720324</coordinates>
            </LinearRing>
          </outerBoundaryIs>
        </Polygon>
      </Placemark>
      <Placemark>
        <name>Dnipropetrovsk RUAF</name>
        <ExtendedData>
          <Data name="descripción">
            <value />
          </Data>
          <Data name="description">
            <value />
          </Data>
        </ExtendedData>
        <Polygon>
          <outerBoundaryIs>
            <LinearRing>
              <tessellate>1</tessellate>
              <coordinates>36.9248957,48.2483185 36.9091634,48.2471656 36.9113091,48.2360475 36.9272736,48.2366477 36.9255862,48.2455276 36.9248957,48.2483185</coordinates>
            </LinearRing>
          </outerBoundaryIs>
        </Polygon>
      </Placemark>
      <Placemark>
        <name>Zaporizhzhia RUAF</name>
        <ExtendedData>
          <Data name="descripción">
            <value />
          </Data>
          <Data name="description">
            <value />
          </Data>
        </ExtendedData>
        <Polygon>
          <outerBoundaryIs>
            <LinearRing>
              <tessellate>1</tessellate>
              <coordinates>36.275506,47.8226883 36.265854,47.833295 36.23731,47.833169 36.231093,47.833064 36.197658,47.832952 36.195996,47.825769 36.193971,47.82546 36.1806446,47.822986 36.173864,47.820652 36.1574703,47.8199028 36.1477285,47.8176839 36.1488444,47.8082309 36.1503034,47.8020049 36.1391454,47.8016013 36.1397462,47.7977384 36.1404051,47.7774908 36.141404,47.77426 36.1556986,47.7738165 36.1581408,47.7712759 36.15663,47.763861 36.1572976,47.7514173 36.1639924,47.7499745 36.1669107,47.7500323 36.1719747,47.7513018 36.176945,47.755265 36.1767018,47.7578562 36.1826309,47.7592169 36.1870671,47.745786 36.1868096,47.7423808 36.1923886,47.728873 36.1930753,47.721829 36.1983968,47.7114924 36.1894783,47.7105288 36.1796762,47.704875 36.177839,47.704772 36.171369,47.703392 36.170963,47.702012 36.16714,47.700942 36.167083,47.69829 36.168161,47.697376 36.169496,47.697271 36.170424,47.694315 36.173384,47.692321 36.169199,47.688753 36.173969,47.678919 36.178829,47.671634 36.198812,47.677037 36.2018817,47.6752374 36.2031691,47.6726944 36.2071082,47.6649491 36.198492,47.662972 36.1945769,47.657781 36.196903,47.653491 36.191775,47.650435 36.193179,47.648133 36.2023875,47.6490506 36.209486,47.647387 36.2151762,47.6422272 36.2336298,47.647316 36.244834,47.651307 36.248368,47.650185 36.247924,47.653273 36.250291,47.654623 36.2499841,47.6582651 36.2532028,47.6584096 36.2533101,47.6587709 36.2584018,47.6603086 36.2604769,47.6607075 36.263481,47.6623262 36.2627778,47.6636461 36.262862,47.665389 36.262164,47.666526 36.260521,47.666073 36.259468,47.66852 36.261012,47.669131 36.260452,47.670379 36.256617,47.673348 36.257509,47.675563 36.257371,47.676275 36.261558,47.67949 36.2642731,47.6801186 36.2640694,47.6809062 36.2654991,47.6810275 36.2761554,47.679906 36.2820615,47.6802342 36.2933887,47.6920606 36.2845684,47.6957255 36.272352,47.696677 36.262545,47.698569 36.253404,47.706802 36.250267,47.709177 36.239191,47.70852 36.238237,47.711819 36.2487657,47.7129481 36.2432726,47.7303859 36.2486799,47.7352929 36.2442167,47.7453362 36.244077,47.748058 36.2412126,47.7631094 36.225223,47.770954 36.222774,47.775489 36.224984,47.779256 36.250357,47.783052 36.254276,47.780005 36.281599,47.782158 36.3057535,47.7874112 36.3164021,47.7880057 36.3211228,47.7884671 36.3209511,47.7927343 36.3322807,47.7937145 36.33532,47.792311 36.3540219,47.7947274 36.357596,47.796378 36.34608,47.8047393 36.3420888,47.8106767 36.3363382,47.8100139 36.3351366,47.8152015 36.3314459,47.8149421 36.329948,47.820151 36.3003254,47.8153298 36.2752954,47.8146041 36.2748487,47.8171529 36.275506,47.8226883</coordinates>
            </LinearRing>
          </outerBoundaryIs>
        </Polygon>
      </Placemark>
      <Placemark>
        <name>Northwest Donetsk- Ukrainian Armed Forces</name>
        <ExtendedData>
          <Data name="descripción">
            <value />
          </Data>
          <Data name="description">
            <value />
          </Data>
        </ExtendedData>
        <Polygon>
          <outerBoundaryIs>
            <LinearRing>
              <tessellate>1</tessellate>
              <coordinates>37.18418,48.350412 37.184183,48.352333 37.195542,48.352935 37.196262,48.352132 37.203247,48.352812 37.202888,48.354371 37.205018,48.354618 37.205333,48.357177 37.198212,48.357958 37.197399,48.360221 37.1948881,48.3620387 37.1865845,48.3613903 37.1824656,48.3611628 37.1805787,48.3683766 37.178637,48.368502 37.177982,48.370479 37.167112,48.374038 37.1694145,48.37919 37.1785839,48.3777284 37.1921171,48.3791371 37.197873,48.371755 37.200491,48.370144 37.219604,48.373676 37.225843,48.373558 37.232124,48.367737 37.261145,48.369854 37.262577,48.370569 37.262526,48.372138 37.260855,48.372705 37.260902,48.378859 37.2555472,48.3825896 37.255118,48.3876057 37.250385,48.389255 37.229369,48.387388 37.21491,48.383946 37.210408,48.384671 37.193107,48.390913 37.192541,48.391775 37.190993,48.393132 37.175133,48.393324 37.173684,48.400033 37.178412,48.401101 37.183626,48.402028 37.191157,48.402784 37.193986,48.404667 37.197675,48.405609 37.2043349,48.4033699 37.217602,48.4046928 37.2213396,48.4041415 37.22552,48.412402 37.224163,48.413084 37.222124,48.412925 37.202363,48.413427 37.200866,48.411432 37.192332,48.411031 37.190368,48.421397 37.195362,48.422142 37.1924384,48.4376173 37.1875139,48.4384378 37.1866411,48.4435214 37.185483,48.443542 37.181992,48.447253 37.182728,48.452195 37.18786,48.453385 37.192562,48.45759 37.210874,48.458256 37.209443,48.466575 37.216425,48.467723 37.216484,48.469905 37.220613,48.470596 37.220875,48.472735 37.227832,48.473735 37.237969,48.47087 37.238664,48.469826 37.247113,48.470371 37.248566,48.464287 37.257275,48.464745 37.2591167,48.4588853 37.2615798,48.457951 37.266961,48.458155 37.2715646,48.4628381 37.2849803,48.4635543 37.2861523,48.4699468 37.2847459,48.4774235 37.2939435,48.4783641 37.2939642,48.4810921 37.2980339,48.48191 37.2967508,48.4888353 37.3167559,48.4939394 37.3289371,48.4944763 37.3293706,48.4865154 37.3318618,48.4841979 37.335524,48.4857534 37.3412889,48.4862269 37.3428718,48.4839872 37.3477731,48.4830607 37.3513177,48.4832079 37.3574378,48.4838402 37.3622367,48.4831464 37.362689,48.484688 37.362669,48.484938 37.362993,48.485158 37.362887,48.485735 37.363543,48.486364 37.364128,48.486636 37.365268,48.486822 37.365507,48.486979 37.36573,48.487779 37.365637,48.488115 37.365011,48.488098 37.364913,48.48826 37.364907,48.488526 37.364582,48.488958 37.364183,48.489145 37.364048,48.489495 37.364754,48.490537 37.36472,48.491158 37.365003,48.491539 37.365531,48.491559 37.366482,48.491313 37.366891,48.491323 37.3677733,48.4919015 37.3691063,48.4957032 37.3701728,48.4959576 37.3703033,48.4964271 37.3710797,48.4972578 37.371691,48.497931 37.371931,48.498818 37.372502,48.49949 37.373194,48.5006079 37.3746387,48.5012274 37.3773606,48.5006912 37.3797578,48.5019819 37.3809406,48.5020455 37.38229,48.5017933 37.3830617,48.502008 37.3860582,48.5046057 37.3861228,48.5052818 37.386532,48.506 37.386994,48.506883 37.387714,48.507652 37.389851,48.508534 37.390554,48.509644 37.390655,48.51034 37.390198,48.510895 37.389562,48.511204 37.389312,48.511499 37.389241,48.512089 37.390388,48.514687 37.391191,48.51575 37.391282,48.516723 37.39092,48.517294 37.389859,48.517466 37.386624,48.516642 37.385866,48.516813 37.385679,48.517439 37.386809,48.519386 37.388168,48.520047 37.389728,48.520022 37.390772,48.520111 37.39127,48.520586 37.391391,48.521392 37.3907,48.522492 37.390698,48.523681 37.390987,48.524334 37.390724,48.524958 37.390142,48.525683 37.39058,48.5264 37.391207,48.526646 37.392572,48.526697 37.393555,48.526254 37.394197,48.526302 37.394582,48.526454 37.394624,48.526947 37.394012,48.527401 37.393792,48.527727 37.394326,48.529184 37.393734,48.530196 37.39391,48.530745 37.394471,48.530977 37.396039,48.531123 37.39711,48.532464 37.398204,48.533006 37.398472,48.533661 37.397812,48.534528 37.396623,48.535288 37.39625,48.535907 37.367621,48.536369 37.366323,48.555025 37.363898,48.555013 37.363705,48.553638 37.347183,48.552818 37.343705,48.555065 37.341364,48.561415 37.330095,48.575262 37.328377,48.579022 37.339364,48.580902 37.347346,48.583146 37.382189,48.591025 37.37764,48.609681 37.384839,48.610011 37.385949,48.613892 37.39935,48.614456 37.412064,48.614225 37.415349,48.615804 37.41677,48.619416 37.419119,48.627901 37.423468,48.628796 37.420665,48.632703 37.420895,48.650819 37.419493,48.652942 37.423387,48.655786 37.423074,48.65933 37.423689,48.660252 37.423139,48.662414 37.425164,48.663392 37.425988,48.667318 37.430039,48.667007 37.44003,48.6682 37.430366,48.687472 37.429481,48.697842 37.442148,48.698947 37.441254,48.705943 37.42539,48.702375 37.423603,48.704584 37.422537,48.708351 37.391001,48.704132 37.327181,48.702214 37.311648,48.705145 37.310102,48.712718 37.313195,48.713123 37.314484,48.717459 37.317961,48.717702 37.325278,48.719863 37.324354,48.73527 37.322522,48.736662 37.320345,48.765618 37.316748,48.768329 37.311899,48.768978 37.309142,48.767075 37.307758,48.764494 37.303103,48.762046 37.300068,48.762534 37.297033,48.763928 37.259719,48.768408 37.257937,48.764852 37.248979,48.765281 37.245529,48.764703 37.239255,48.764697 37.237577,48.763732 37.230808,48.765175 37.230083,48.766801 37.220432,48.772387 37.210837,48.773912 37.219169,48.791369 37.184708,48.798854 37.192161,48.814726 37.156857,48.824932 37.151217,48.832399 37.146248,48.832628 37.14325,48.834437 37.148445,48.841499 37.146129,48.844134 37.141238,48.844736 37.13712,48.843681 37.13455,48.843716 37.132672,48.84277 37.09878,48.850915 37.078635,48.817816 37.067776,48.817562 37.066124,48.81393 37.043327,48.815109 37.033225,48.816528 37.026041,48.818964 37.023861,48.818862 37.018218,48.801475 37.01505,48.802503 37.009303,48.803243 37.007161,48.802739 37.005281,48.797661 36.99482,48.787606 37.023348,48.774643 37.023034,48.767619 37.042961,48.76654 37.038081,48.752279 37.032024,48.749816 37.017994,48.757546 37.017551,48.75921 37.008095,48.764494 37.000827,48.765705 36.999097,48.769059 36.989048,48.775233 36.986125,48.778546 36.983547,48.782663 36.977237,48.788708 36.973501,48.791161 36.970046,48.791797 36.968737,48.793395 36.944317,48.796249 36.93763,48.795339 36.931282,48.792877 36.928883,48.792507 36.925072,48.792614 36.922505,48.793626 36.920692,48.795526 36.917923,48.797912 36.854023,48.800533 36.839386,48.77556 36.84101,48.772907 36.821348,48.771612 36.816968,48.777527 36.808511,48.778589 36.796686,48.779431 36.795924,48.780417 36.795542,48.781815 36.795395,48.783136 36.79575,48.783938 36.795412,48.784537 36.794514,48.784978 36.793636,48.785566 36.79281,48.786369 36.791668,48.786685 36.790024,48.786589 36.785834,48.786965 36.784661,48.787747 36.783774,48.789735 36.789654,48.800132 36.786793,48.800685 36.772227,48.797553 36.762986,48.797064 36.747507,48.801025 36.733618,48.803969 36.727832,48.805355 36.721101,48.806402 36.70179,48.783641 36.689344,48.776366 36.684196,48.774521 36.684197,48.772337 36.690634,48.770114 36.695483,48.769398 36.701341,48.768134 36.706732,48.768228 36.709034,48.767474 36.713563,48.755095 36.712557,48.754301 36.712281,48.753393 36.712888,48.752201 36.71453,48.749478 36.716033,48.748146 36.717323,48.744805 36.71235,48.743444 36.725596,48.714853 36.734484,48.705205 36.735903,48.704732 36.73505,48.702427 36.731323,48.69746 36.730962,48.694523 36.728164,48.693791 36.724319,48.694275 36.722396,48.694163 36.719782,48.693455 36.717596,48.693568 36.714572,48.692988 36.713352,48.692725 36.712132,48.692632 36.711924,48.692333 36.712196,48.691934 36.712995,48.691616 36.713822,48.690924 36.714146,48.690164 36.714664,48.689975 36.715143,48.689965 36.715956,48.690785 36.716611,48.691019 36.717233,48.690948 36.717536,48.690622 36.717536,48.69012 36.717687,48.689854 36.718278,48.689353 36.71872,48.688531 36.719116,48.688167 36.719541,48.687569 36.719612,48.687417 36.719476,48.686945 36.719129,48.686368 36.719127,48.686052 36.72139,48.683548 36.721395,48.683211 36.721333,48.682887 36.720851,48.682668 36.720224,48.682728 36.719353,48.683198 36.718703,48.683305 36.718034,48.683231 36.717816,48.682959 36.718246,48.681132 36.718107,48.680785 36.717673,48.680583 36.71707,48.680567 36.716339,48.680588 36.715566,48.680414 36.7152,48.680029 36.715039,48.679412 36.715366,48.678919 36.717483,48.678687 36.718655,48.676768 36.71857,48.675997 36.71739,48.674846 36.7171,48.674412 36.717148,48.673628 36.717323,48.673435 36.717689,48.673437 36.718194,48.67307 36.71864,48.672943 36.719892,48.673277 36.721531,48.67327 36.722183,48.672769 36.722595,48.671697 36.723166,48.67092 36.723237,48.670446 36.723651,48.670086 36.724654,48.669509 36.725202,48.668441 36.725385,48.667897 36.726078,48.667667 36.726853,48.667326 36.727133,48.667042 36.727026,48.666808 36.726533,48.666627 36.723417,48.666683 36.723054,48.666446 36.722872,48.665818 36.723232,48.665546 36.723755,48.665481 36.723974,48.665222 36.723697,48.66505 36.722507,48.664879 36.721676,48.664652 36.721067,48.664184 36.721299,48.663553 36.721844,48.662798 36.722439,48.662421 36.723251,48.662516 36.724237,48.663272 36.72475,48.663376 36.725223,48.663281 36.725406,48.662981 36.725331,48.662625 36.725428,48.661871 36.725841,48.661452 36.726001,48.660514 36.726428,48.660249 36.727157,48.660144 36.727886,48.660248 36.729602,48.659899 36.729944,48.659684 36.729899,48.659299 36.729595,48.658927 36.729717,48.658692 36.730793,48.658048 36.730911,48.657473 36.730846,48.657003 36.730374,48.656743 36.729071,48.656888 36.727646,48.656819 36.725594,48.655987 36.723057,48.655423 36.722725,48.655089 36.72258,48.654737 36.722765,48.654335 36.724359,48.652844 36.724964,48.652509 36.725695,48.652399 36.726211,48.652613 36.726469,48.652883 36.726898,48.652924 36.727327,48.652788 36.728872,48.651119 36.729408,48.650326 36.729247,48.649888 36.728824,48.649456 36.728225,48.64907 36.727991,48.648607 36.728195,48.648093 36.728984,48.647424 36.730087,48.64709 36.731603,48.646909 36.73425,48.646024 36.734751,48.645621 36.738696,48.62624 36.745298,48.596769 36.77872,48.600621 36.77987,48.59675 36.797662,48.596539 36.798661,48.596234 36.805497,48.595873 36.806581,48.592885 36.80672,48.588308 36.810345,48.568877 36.824158,48.570076 36.825002,48.566907 36.858955,48.568738 36.860465,48.564424 36.869012,48.550225 36.882841,48.55114 36.884562,48.542057 36.901643,48.543369 36.906189,48.520811 36.891932,48.519658 36.881451,48.52055 36.850879,48.518009 36.85704,48.487227 36.830083,48.484657 36.836866,48.443078 36.845359,48.443622 36.848498,48.42805 36.851313,48.424153 36.850968,48.424071 36.85094,48.423943 36.850743,48.423808 36.850374,48.423702 36.850109,48.422985 36.850262,48.422817 36.850362,48.422577 36.8505,48.422515 36.850631,48.422564 36.850836,48.422467 36.850938,48.422191 36.85085,48.421932 36.850611,48.421687 36.850366,48.42148 36.850077,48.421287 36.849799,48.42093 36.849682,48.420574 36.849688,48.420239 36.849984,48.420088 36.850154,48.419891 36.85026,48.41965 36.850292,48.41927 36.850409,48.41889 36.850772,48.418549 36.851393,48.4182 36.851532,48.417934 36.85158,48.41753 36.85137,48.416806 36.850834,48.41619 36.850609,48.41601 36.850218,48.415991 36.84985,48.416152 36.84863,48.416423 36.847263,48.417701 36.846506,48.417933 36.846178,48.418165 36.845543,48.418914 36.844775,48.419416 36.843876,48.419724 36.843555,48.420021 36.842708,48.420525 36.842252,48.420706 36.841368,48.420773 36.84131,48.420625 36.840995,48.420563 36.840207,48.420159 36.840092,48.419885 36.839606,48.419848 36.838097,48.420357 36.837299,48.42044 36.836621,48.420254 36.836454,48.41962 36.836759,48.418544 36.836503,48.418168 36.835967,48.417688 36.834669,48.416908 36.833926,48.416605 36.833355,48.416617 36.832226,48.41687 36.831276,48.417395 36.830886,48.41753 36.830391,48.417326 36.829902,48.417041 36.829894,48.416841 36.829568,48.416627 36.829062,48.416563 36.828083,48.416157 36.827742,48.415772 36.827101,48.415273 36.826074,48.415044 36.824938,48.414902 36.824563,48.41466 36.82459,48.413826 36.824861,48.413039 36.825318,48.412646 36.825229,48.410561 36.824324,48.409672 36.823698,48.408242 36.821141,48.407239 36.819988,48.406525 36.819694,48.405926 36.819792,48.404413 36.821103,48.403667 36.827561,48.370748 36.826777,48.369775 36.825741,48.369431 36.823604,48.367241 36.821763,48.366232 36.818998,48.365983 36.816661,48.366305 36.815478,48.367057 36.814228,48.368333 36.812929,48.368489 36.813335,48.364298 36.824174,48.362393 36.843542,48.352136 36.845688,48.351623 36.874441,48.354588 36.872209,48.364375 36.884828,48.365853 36.883242,48.373833 36.884509,48.373945 36.88643,48.372462 36.891081,48.370979 36.895209,48.369268 36.906975,48.369952 36.91484,48.366358 36.917571,48.3661 36.918928,48.365614 36.941351,48.365038 36.944718,48.361267 36.983703,48.365196 36.983814,48.366326 36.986339,48.366938 36.987987,48.366959 36.989885,48.366599 36.99058,48.365839 36.992687,48.365723 36.994108,48.366406 36.995162,48.366162 36.995186,48.365007 36.997979,48.364349 36.999705,48.365115 37.001512,48.364956 37.002203,48.364284 37.003611,48.362443 37.006407,48.34859 37.032924,48.34851 37.039917,48.35229 37.049091,48.350954 37.071824,48.34996 37.103143,48.3529 37.105498,48.351744 37.108194,48.339066 37.127102,48.341057 37.1268862,48.3476778 37.1428305,48.3488775 37.1443656,48.3474791 37.18418,48.350412</coordinates>
            </LinearRing>
          </outerBoundaryIs>
        </Polygon>
      </Placemark>
      <Placemark>
        <name>North Donetsk- Ukrainian Armed Forces</name>
        <ExtendedData>
          <Data name="descripción">
            <value />
          </Data>
          <Data name="description">
            <value />
          </Data>
        </ExtendedData>
        <Polygon>
          <outerBoundaryIs>
            <LinearRing>
              <tessellate>1</tessellate>
              <coordinates>37.6511982,49.0595547 37.6492019,49.0602174 37.6484935,49.0615273 37.6392659,49.0651862 37.6358383,49.0634979 37.6312846,49.0636771 37.6261302,49.0655431 37.6189973,49.0656193 37.614323,49.0665916 37.6100315,49.0644546 37.6076314,49.0620959 37.6103937,49.0587435 37.61041,49.0522414 37.6063134,49.0484154 37.5982519,49.0449115 37.595167,49.0447286 37.5918305,49.0466701 37.5928838,49.0505534 37.5927597,49.0553934 37.591824,49.0580408 37.5840301,49.0596228 37.5835482,49.064192 37.5686367,49.0645655 37.5584041,49.0712993 37.5477083,49.0736815 37.5508148,49.0770383 37.5660447,49.0789767 37.5840002,49.0790745 37.5841915,49.0915389 37.589788,49.1025673 37.5884333,49.1108692 37.5904687,49.112231 37.5902423,49.1142744 37.5946353,49.1178803 37.59714,49.11834 37.6024069,49.1179725 37.6166843,49.1100768 37.627744,49.117309 37.6305304,49.1264012 37.6343778,49.1313679 37.6393691,49.1336085 37.6402009,49.1356476 37.6367153,49.1402679 37.6358528,49.1442222 37.6646878,49.1539016 37.6689704,49.1514778 37.6772182,49.1531534 37.68658,49.148959 37.691175,49.150455 37.69474,49.150266 37.695284,49.151047 37.702466,49.149514 37.707877,49.149798 37.7095539,49.1553863 37.70733,49.1589549 37.7079077,49.1643537 37.7118636,49.1709048 37.7200204,49.1710308 37.7234562,49.1719544 37.725433,49.1722882 37.7282632,49.171559 37.7286073,49.1705846 37.731909,49.168416 37.738754,49.165792 37.742293,49.162774 37.7463,49.16083 37.751721,49.16197 37.756231,49.162522 37.760534,49.162043 37.761747,49.163135 37.758166,49.164645 37.755122,49.165534 37.752766,49.167657 37.744109,49.171106 37.746582,49.174294 37.74987,49.176514 37.752608,49.179784 37.755165,49.181632 37.755546,49.183145 37.758454,49.185021 37.762307,49.188692 37.763972,49.192968 37.771906,49.191646 37.783675,49.188004 37.796126,49.185357 37.794928,49.182427 37.806324,49.179582 37.807677,49.182402 37.806595,49.186117 37.807438,49.188336 37.81011,49.187581 37.811221,49.189914 37.802071,49.192226 37.803404,49.195023 37.789134,49.198723 37.778009,49.202742 37.766277,49.20449 37.767679,49.208442 37.710142,49.220379 37.614114,49.233162 37.599769,49.230171 37.580218,49.231188 37.575859,49.229233 37.561412,49.227584 37.539984,49.211459 37.513007,49.199125 37.498888,49.185111 37.498926,49.181818 37.503751,49.179498 37.508362,49.178776 37.521788,49.175468 37.53238,49.173618 37.544381,49.168766 37.554577,49.165316 37.559645,49.153813 37.564324,49.148093 37.56286,49.144735 37.55865,49.144941 37.554441,49.147392 37.549799,49.148365 37.541201,49.145368 37.545636,49.142969 37.55502,49.140304 37.559369,49.136884 37.563087,49.13667 37.560912,49.134446 37.5636,49.133815 37.567772,49.135585 37.571654,49.135532 37.58508,49.126103 37.546287,49.11233 37.497458,49.103582 37.49372,49.105147 37.488265,49.099069 37.492724,49.095812 37.493748,49.093228 37.500604,49.09121 37.498188,49.08801 37.499302,49.086598 37.501618,49.085861 37.506592,49.081351 37.507317,49.076278 37.506489,49.072888 37.504546,49.069778 37.505578,49.065819 37.504808,49.062873 37.50146,49.061186 37.495018,49.060118 37.482068,49.06249 37.479357,49.062572 37.477824,49.06329 37.476462,49.063108 37.475799,49.06235 37.475932,49.060554 37.481434,49.058592 37.481721,49.057989 37.480934,49.05748 37.478474,49.057554 37.476796,49.058339 37.475505,49.058224 37.475026,49.057262 37.475226,49.056549 37.470623,49.055658 37.46948,49.057843 37.467994,49.05761 37.466823,49.061362 37.463967,49.061497 37.458769,49.056144 37.457309,49.056549 37.451471,49.053298 37.450183,49.054013 37.449452,49.055354 37.450504,49.056278 37.450686,49.060284 37.449752,49.061196 37.445352,49.058184 37.443012,49.057422 37.441058,49.058747 37.438761,49.061478 37.436272,49.061348 37.432841,49.060302 37.432027,49.059466 37.422908,49.061256 37.420865,49.061148 37.419164,49.061546 37.417566,49.061442 37.415754,49.059601 37.413685,49.056184 37.410405,49.054245 37.409534,49.052771 37.407805,49.051831 37.401812,49.051487 37.394447,49.050693 37.389184,49.049589 37.38478,49.04826 37.383872,49.047553 37.383993,49.045272 37.388528,49.038684 37.385251,49.036316 37.385457,49.033498 37.386178,49.031242 37.391663,49.027708 37.391937,49.024937 37.375492,49.026487 37.372203,49.016816 37.370698,49.006004 37.370567,49.00348 37.372067,48.999491 37.37326,48.995157 37.367245,48.994181 37.364281,48.993017 37.358785,48.992669 37.359289,48.99883 37.354041,48.999751 37.349479,49.001742 37.344475,49.003247 37.338831,48.995654 37.33663,48.994096 37.329,48.992227 37.321637,48.989217 37.310343,48.988772 37.309944,48.987206 37.312567,48.986035 37.323944,48.98509 37.324091,48.983018 37.321401,48.982279 37.317339,48.983004 37.316549,48.981793 37.317133,48.977539 37.313666,48.977257 37.314284,48.979848 37.309753,48.979622 37.307969,48.98086 37.305809,48.98018 37.302191,48.975839 37.298751,48.97564 37.29789,48.97447 37.299176,48.973039 37.297845,48.971254 37.294969,48.971046 37.29486,48.968198 37.297905,48.966674 37.302449,48.966667 37.308103,48.967894 37.310141,48.966292 37.304573,48.965416 37.304326,48.961159 37.308639,48.960308 37.311771,48.956692 37.319322,48.957067 37.320691,48.956352 37.318966,48.952443 37.309508,48.950936 37.307245,48.947361 37.309278,48.943128 37.311655,48.9416 37.314177,48.941477 37.314757,48.939878 37.319328,48.938138 37.323556,48.937637 37.328106,48.937554 37.32708,48.935132 37.332065,48.934573 37.328085,48.921702 37.313632,48.922988 37.302542,48.92036 37.300963,48.919361 37.299727,48.919547 37.299971,48.920467 37.299143,48.921188 37.299177,48.922807 37.283994,48.923046 37.269239,48.922663 37.266492,48.906526 37.245059,48.908813 37.244376,48.906567 37.228844,48.90827 37.224473,48.907895 37.224762,48.904049 37.217053,48.895497 37.215174,48.89139 37.210638,48.887697 37.206616,48.885528 37.202696,48.884612 37.200007,48.882871 37.197661,48.882145 37.195945,48.882452 37.194401,48.882194 37.193372,48.881115 37.192088,48.876078 37.19089,48.873355 37.190722,48.869051 37.194882,48.849215 37.192161,48.814726 37.184708,48.798854 37.219169,48.791369 37.210837,48.773912 37.220432,48.772387 37.230083,48.766801 37.230808,48.765175 37.237577,48.763732 37.239255,48.764697 37.245529,48.764703 37.248979,48.765281 37.257937,48.764852 37.259719,48.768408 37.297033,48.763928 37.300068,48.762534 37.303103,48.762046 37.307758,48.764494 37.309142,48.767075 37.311899,48.768978 37.316748,48.768329 37.320345,48.765618 37.322522,48.736662 37.324354,48.73527 37.325278,48.719863 37.317961,48.717702 37.314484,48.717459 37.313195,48.713123 37.310102,48.712718 37.311648,48.705145 37.327181,48.702214 37.391001,48.704132 37.422537,48.708351 37.423603,48.704584 37.42539,48.702375 37.441254,48.705943 37.442148,48.698947 37.429481,48.697842 37.430366,48.687472 37.44003,48.6682 37.430039,48.667007 37.425988,48.667318 37.425164,48.663392 37.423139,48.662414 37.423689,48.660252 37.423074,48.65933 37.423387,48.655786 37.419493,48.652942 37.420895,48.650819 37.420665,48.632703 37.423468,48.628796 37.419119,48.627901 37.41677,48.619416 37.419441,48.61983 37.4277,48.616685 37.432889,48.615388 37.438294,48.61615 37.437563,48.61931 37.441715,48.619845 37.444134,48.620964 37.44415,48.622082 37.452165,48.622787 37.452567,48.620132 37.454227,48.619599 37.462067,48.619973 37.471419,48.61962 37.476242,48.623828 37.47643,48.626106 37.480911,48.626115 37.481177,48.627765 37.483971,48.6291 37.493975,48.630776 37.49361,48.632581 37.492483,48.633995 37.491233,48.636403 37.497818,48.638742 37.504673,48.636026 37.506727,48.63739 37.509982,48.6383 37.512999,48.640581 37.516653,48.640246 37.518395,48.640022 37.520381,48.640875 37.521509,48.641954 37.527544,48.644132 37.52803,48.645305 37.527972,48.647849 37.527771,48.649205 37.527914,48.650165 37.526945,48.652212 37.527104,48.653901 37.527591,48.654618 37.528196,48.656187 37.528629,48.658095 37.527409,48.65989 37.525276,48.661865 37.52237,48.663557 37.525898,48.664991 37.534662,48.664951 37.533984,48.663182 37.533707,48.661705 37.534632,48.658188 37.538928,48.658947 37.544664,48.66089 37.547361,48.659564 37.549439,48.660688 37.553061,48.658806 37.560386,48.663468 37.565292,48.660102 37.584661,48.672126 37.598044,48.663009 37.604757,48.673784 37.60601,48.671859 37.606594,48.67023 37.608723,48.668432 37.630175,48.66087 37.63751,48.667689 37.646604,48.663539 37.64831,48.664478 37.652376,48.6621 37.654886,48.663582 37.657245,48.662405 37.660761,48.661442 37.664234,48.662222 37.665434,48.662108 37.668179,48.661229 37.670803,48.659738 37.673059,48.659261 37.678178,48.657464 37.680201,48.656352 37.680977,48.656307 37.683469,48.656942 37.688073,48.658508 37.695221,48.663001 37.704198,48.664502 37.705231,48.66637 37.704288,48.672542 37.720003,48.672362 37.720566,48.681734 37.719388,48.68302 37.720099,48.685666 37.753226,48.683626 37.762365,48.685012 37.771161,48.687077 37.771412,48.688148 37.78702,48.686662 37.78751,48.690038 37.79776,48.689308 37.79852,48.692607 37.803563,48.692508 37.803407,48.693621 37.805226,48.701419 37.817975,48.720345 37.818343,48.721257 37.818282,48.722168 37.813682,48.730987 37.814128,48.732339 37.815425,48.733327 37.820326,48.735446 37.821178,48.736425 37.821261,48.737254 37.820273,48.738149 37.813084,48.740635 37.815197,48.743633 37.823808,48.754922 37.819545,48.761681 37.85331,48.794032 37.858955,48.79325 37.863924,48.791728 37.865979,48.791476 37.867347,48.790998 37.870054,48.785928 37.874304,48.784306 37.883362,48.78619 37.89084,48.785302 37.898928,48.7833 37.9,48.790945 37.911414,48.78859 37.92034,48.79496 37.934589,48.796195 37.929609,48.819238 37.914874,48.818 37.91061,48.836259 37.90958,48.8379 37.91001,48.838863 37.91164,48.840392 37.914644,48.841254 37.917563,48.843189 37.919452,48.843332 37.923272,48.84405 37.925075,48.843735 37.926193,48.843162 37.927828,48.842977 37.932555,48.84317 37.933721,48.8439 37.935034,48.844096 37.935316,48.84463 37.937748,48.845403 37.939024,48.845137 37.941243,48.846453 37.943494,48.846176 37.945248,48.846835 37.949015,48.846121 37.958349,48.845314 37.960196,48.848387 37.963804,48.848377 37.96836,48.847282 37.983404,48.846124 37.990765,48.845074 37.9910874,48.8463402 37.9868398,48.8481281 37.9895914,48.8516746 37.984194,48.8567167 37.9906406,48.8597248 37.9936026,48.8634075 37.9929508,48.8679558 37.9965512,48.8694604 37.9946141,48.8783888 37.9903603,48.879406 37.9878228,48.8772909 37.9807357,48.8772077 37.9821466,48.8820359 37.981128,48.882172 37.97418,48.884299 37.973627,48.888289 37.974212,48.889528 37.9692257,48.8904579 37.9680197,48.8921931 37.9585432,48.8928783 37.9592387,48.899946 37.9527508,48.9009853 37.9497812,48.9037916 37.9550839,48.9080532 37.9551805,48.9094834 37.954645,48.911046 37.953677,48.911659 37.952281,48.911876 37.949063,48.911264 37.9458,48.910208 37.944279,48.908821 37.941031,48.906999 37.938126,48.904894 37.93619,48.902501 37.934652,48.900141 37.933239,48.899144 37.932478,48.897954 37.932457,48.895634 37.923951,48.895961 37.921788,48.89691 37.91486,48.895744 37.911659,48.896353 37.910969,48.898908 37.9074029,48.8998344 37.9048672,48.9002389 37.9019307,48.8992698 37.8973633,48.89957 37.8910699,48.9009898 37.8869355,48.9012198 37.88647,48.9001321 37.8823566,48.9007087 37.881315,48.902638 37.87728,48.902923 37.877182,48.903813 37.875996,48.904315 37.87595,48.904939 37.874393,48.905555 37.873909,48.906791 37.872921,48.908402 37.872448,48.910187 37.870323,48.910904 37.865988,48.911409 37.864507,48.912302 37.8599746,48.9136874 37.858724,48.919869 37.8539665,48.9222606 37.8387745,48.9253624 37.8386411,48.9278689 37.8338631,48.9300154 37.831461,48.931449 37.8211502,48.93186 37.8208918,48.9368779 37.8179042,48.9385085 37.8175305,48.9428822 37.8197206,48.946366 37.8427323,48.9477427 37.842445,48.949293 37.844152,48.950271 37.845516,48.951475 37.846482,48.953343 37.84603,48.955211 37.84264,48.958692 37.842248,48.9597956 37.83528,48.962311 37.8410479,48.9668273 37.84334,48.968737 37.843861,48.972496 37.837689,48.973006 37.826447,48.97985 37.8282778,48.9833877 37.8715135,48.9846013 37.8713088,48.9868194 37.8859018,48.9871344 37.8856067,48.9974189 37.875045,48.997415 37.874598,49.001699 37.866128,49.002628 37.865924,49.004432 37.855059,49.004686 37.8374789,49.0044471 37.8376293,48.9989121 37.8195418,48.9986844 37.8190376,48.9998931 37.813893,49.0011451 37.8114922,49.0002225 37.8070731,49.0023795 37.8080612,49.0043959 37.8078464,49.0058953 37.8000354,49.0097875 37.8076302,49.0160104 37.815437,49.012724 37.8213853,49.0162388 37.8277077,49.0160806 37.8288648,49.0200889 37.8343138,49.0226337 37.8426659,49.0230849 37.8438885,49.024721 37.8561829,49.025006 37.856296,49.029733 37.861948,49.029729 37.861411,49.030931 37.856526,49.031237 37.857042,49.037478 37.867944,49.037473 37.867612,49.042926 37.873348,49.042781 37.876295,49.044043 37.878892,49.044466 37.879196,49.046775 37.878842,49.048147 37.877202,49.048112 37.867568,49.050068 37.860511,49.050617 37.861005,49.056679 37.849345,49.058281 37.847586,49.058228 37.8483397,49.0505987 37.8511441,49.0501495 37.8516884,49.039095 37.8317486,49.0396434 37.8325062,49.0433774 37.8306534,49.0447662 37.8312466,49.0468587 37.8313324,49.0479276 37.8292725,49.0499809 37.8305171,49.0521184 37.8273413,49.0527372 37.819402,49.0519778 37.8087829,49.0491738 37.8062601,49.0485765 37.791675,49.041136 37.783154,49.046138 37.782012,49.047578 37.776749,49.048456 37.775227,49.047368 37.769927,49.046785 37.759373,49.043838 37.756372,49.042353 37.754576,49.044109 37.751328,49.04447 37.750174,49.047331 37.747518,49.048631 37.746922,49.05038 37.744957,49.050251 37.744113,49.051872 37.740216,49.052176 37.733914,49.050454 37.732184,49.051389 37.728806,49.051963 37.723738,49.049637 37.721039,49.049906 37.716367,49.049612 37.701444,49.045536 37.699997,49.043629 37.696742,49.043257 37.691562,49.043094 37.6887,49.041242 37.68249,49.045129 37.684907,49.047478 37.687681,49.048014 37.688336,49.049366 37.686237,49.051373 37.6737249,49.0475535 37.6683355,49.0488822 37.6597948,49.0522671 37.6598796,49.0581786 37.6572613,49.0605457 37.6511982,49.0595547</coordinates>
            </LinearRing>
          </outerBoundaryIs>
        </Polygon>
      </Placemark>
      <Placemark>
        <name>Donetsk-Ukrainian Armed Forces</name>
        <ExtendedData>
          <Data name="descripción">
            <value />
          </Data>
          <Data name="description">
            <value />
          </Data>
        </ExtendedData>
        <Polygon>
          <outerBoundaryIs>
            <LinearRing>
              <tessellate>1</tessellate>
              <coordinates>37.4092265,48.5020941 37.418507,48.501238 37.423557,48.499539 37.428391,48.497896 37.428894,48.495469 37.4393523,48.4929846 37.4431279,48.4932066 37.4611524,48.4905192 37.4870563,48.4880253 37.4883278,48.482232 37.5021433,48.4806108 37.502226,48.477335 37.520349,48.4758202 37.5238301,48.4715511 37.530185,48.470853 37.532968,48.470047 37.54129,48.470291 37.553028,48.472763 37.554558,48.472839 37.5671013,48.4698592 37.5847241,48.4718683 37.5881649,48.4556781 37.590948,48.454448 37.591288,48.451399 37.596286,48.451405 37.597219,48.448435 37.599222,48.448316 37.609138,48.446413 37.61103,48.446673 37.614554,48.447763 37.613393,48.451709 37.622756,48.454122 37.629662,48.455933 37.63172,48.456014 37.6334869,48.4583258 37.6325933,48.463141 37.6389589,48.4634959 37.6388009,48.4648455 37.6541715,48.4663169 37.6544736,48.4645483 37.6566315,48.4651921 37.65584,48.46838 37.654398,48.468804 37.653206,48.475625 37.658881,48.477894 37.66787,48.477333 37.67787,48.477717 37.678912,48.469696 37.679892,48.468052 37.6818555,48.4668403 37.691099,48.4666338 37.6925713,48.464152 37.7007116,48.463807 37.702211,48.4568043 37.7048608,48.4559205 37.7057964,48.4524157 37.709137,48.451632 37.716899,48.452073 37.717591,48.452627 37.7173902,48.4573813 37.7160797,48.4593689 37.7114179,48.4586394 37.710254,48.464797 37.7090301,48.4653034 37.7059565,48.466223 37.7036471,48.4698127 37.7023671,48.478524 37.7066614,48.4793859 37.7061581,48.4805025 37.7104281,48.4811994 37.7126176,48.4826493 37.733883,48.484669 37.736952,48.486176 37.738499,48.485948 37.740667,48.486177 37.740469,48.487736 37.744015,48.488688 37.749974,48.491182 37.751237,48.494284 37.7488595,48.495029 37.747094,48.4961042 37.7458556,48.4979269 37.7389167,48.5003502 37.7360178,48.4982879 37.7260748,48.5049613 37.725616,48.506267 37.7255136,48.5070029 37.72542,48.508362 37.726234,48.5086 37.72692,48.508676 37.727692,48.508496 37.730351,48.50971 37.731486,48.510313 37.732247,48.509833 37.735239,48.511612 37.737492,48.50997 37.738521,48.510673 37.739905,48.509692 37.741238,48.510428 37.743343,48.509031 37.744164,48.508569 37.74544,48.509287 37.7447654,48.5099257 37.7449491,48.5101663 37.7434711,48.5115573 37.7441629,48.5120081 37.7430137,48.5132145 37.7441193,48.5137962 37.743647,48.514318 37.746564,48.515533 37.743828,48.5177 37.747676,48.520155 37.754561,48.523242 37.758749,48.523978 37.76329,48.523678 37.771857,48.5263855 37.7752786,48.5253643 37.783648,48.528575 37.781843,48.53067 37.7824203,48.5362392 37.7804462,48.5431723 37.795865,48.544365 37.803088,48.544795 37.803695,48.543405 37.804801,48.543649 37.804142,48.545333 37.812015,48.545633 37.814012,48.545276 37.81493,48.544745 37.816538,48.544422 37.820791,48.545681 37.820324,48.546684 37.820696,48.549064 37.82046,48.551006 37.819916,48.551772 37.820517,48.552436 37.81945,48.553239 37.8179,48.552707 37.816394,48.551734 37.814658,48.552205 37.808974,48.555119 37.808316,48.555639 37.806527,48.556354 37.807146,48.558842 37.80894,48.559495 37.811291,48.560304 37.815518,48.55996 37.817256,48.560022 37.81798,48.560471 37.817201,48.563051 37.815994,48.563686 37.810923,48.564235 37.800088,48.564378 37.799617,48.569181 37.800455,48.569668 37.8008579,48.5760996 37.8040752,48.5766532 37.8056983,48.5778961 37.807067,48.581214 37.802344,48.580545 37.799939,48.582403 37.797991,48.583581 37.793982,48.584163 37.79354,48.585421 37.784195,48.584414 37.780957,48.58734 37.778175,48.587 37.776349,48.589186 37.774629,48.599036 37.767985,48.598218 37.768256,48.596264 37.761072,48.5944 37.754471,48.593537 37.739454,48.59781 37.7180603,48.6025106 37.7083422,48.6034089 37.7064121,48.6063784 37.7004655,48.60907 37.6981367,48.6127419 37.7030237,48.6183234 37.70036,48.620491 37.695725,48.623505 37.695468,48.624558 37.697958,48.626389 37.695727,48.628612 37.698348,48.630054 37.70097,48.630362 37.701749,48.631488 37.706569,48.633457 37.704298,48.636173 37.704188,48.638228 37.722055,48.639375 37.720765,48.646192 37.721369,48.647788 37.721934,48.649586 37.721532,48.654056 37.721073,48.655724 37.722132,48.656444 37.730901,48.656691 37.7358,48.655509 37.747346,48.656222 37.756638,48.652778 37.766743,48.641666 37.7748412,48.6423128 37.779592,48.641428 37.7809,48.635383 37.782305,48.635367 37.783344,48.635744 37.783677,48.636641 37.783246,48.638616 37.7838442,48.6405344 37.7816767,48.6429332 37.7819124,48.6452186 37.7852592,48.649134 37.788949,48.650809 37.794407,48.651185 37.804414,48.652694 37.8166536,48.6539714 37.8131414,48.6713378 37.8160236,48.6723199 37.8166213,48.6740287 37.8163903,48.6759666 37.8208248,48.6777147 37.821696,48.679178 37.804315,48.691729 37.803563,48.692508 37.79852,48.692607 37.79776,48.689308 37.78751,48.690038 37.78702,48.686662 37.771412,48.688148 37.771161,48.687077 37.762365,48.685012 37.753226,48.683626 37.720099,48.685666 37.719388,48.68302 37.720566,48.681734 37.720003,48.672362 37.704288,48.672542 37.705231,48.66637 37.704198,48.664502 37.695221,48.663001 37.688073,48.658508 37.683469,48.656942 37.680977,48.656307 37.680201,48.656352 37.678178,48.657464 37.673059,48.659261 37.670803,48.659738 37.668179,48.661229 37.665434,48.662108 37.664234,48.662222 37.660761,48.661442 37.657245,48.662405 37.654886,48.663582 37.652376,48.6621 37.64831,48.664478 37.646604,48.663539 37.63751,48.667689 37.630175,48.66087 37.608723,48.668432 37.606594,48.67023 37.60601,48.671859 37.604757,48.673784 37.598044,48.663009 37.584661,48.672126 37.565292,48.660102 37.560386,48.663468 37.553061,48.658806 37.549439,48.660688 37.547361,48.659564 37.544664,48.66089 37.538928,48.658947 37.534632,48.658188 37.533707,48.661705 37.533984,48.663182 37.534662,48.664951 37.525898,48.664991 37.52237,48.663557 37.525276,48.661865 37.527409,48.65989 37.528629,48.658095 37.528196,48.656187 37.527591,48.654618 37.527104,48.653901 37.526945,48.652212 37.527914,48.650165 37.527771,48.649205 37.527972,48.647849 37.52803,48.645305 37.527544,48.644132 37.521509,48.641954 37.520381,48.640875 37.518395,48.640022 37.516653,48.640246 37.512999,48.640581 37.509982,48.6383 37.506727,48.63739 37.504673,48.636026 37.497818,48.638742 37.491233,48.636403 37.492483,48.633995 37.49361,48.632581 37.493975,48.630776 37.483971,48.6291 37.481177,48.627765 37.480911,48.626115 37.47643,48.626106 37.476242,48.623828 37.471419,48.61962 37.462067,48.619973 37.454227,48.619599 37.452567,48.620132 37.452165,48.622787 37.44415,48.622082 37.444134,48.620964 37.441715,48.619845 37.437563,48.61931 37.438294,48.61615 37.432889,48.615388 37.4277,48.616685 37.419441,48.61983 37.41677,48.619416 37.415349,48.615804 37.412064,48.614225 37.39935,48.614456 37.385949,48.613892 37.384839,48.610011 37.37764,48.609681 37.382189,48.591025 37.347346,48.583146 37.339364,48.580902 37.328377,48.579022 37.330095,48.575262 37.341364,48.561415 37.343705,48.555065 37.347183,48.552818 37.363705,48.553638 37.363898,48.555013 37.366323,48.555025 37.367621,48.536369 37.39625,48.535907 37.396623,48.535288 37.397812,48.534528 37.398472,48.533661 37.398204,48.533006 37.39711,48.532464 37.396039,48.531123 37.394471,48.530977 37.39391,48.530745 37.393734,48.530196 37.394326,48.529184 37.393792,48.527727 37.394012,48.527401 37.394624,48.526947 37.394582,48.526454 37.394197,48.526302 37.393555,48.526254 37.392572,48.526697 37.391207,48.526646 37.39058,48.5264 37.390142,48.525683 37.390724,48.524958 37.390987,48.524334 37.390698,48.523681 37.3907,48.522492 37.391391,48.521392 37.39127,48.520586 37.390772,48.520111 37.389728,48.520022 37.388168,48.520047 37.386809,48.519386 37.385679,48.517439 37.385866,48.516813 37.386624,48.516642 37.389859,48.517466 37.39092,48.517294 37.391282,48.516723 37.391191,48.51575 37.390388,48.514687 37.389241,48.512089 37.389312,48.511499 37.389562,48.511204 37.390198,48.510895 37.390655,48.51034 37.390554,48.509644 37.389851,48.508534 37.387714,48.507652 37.3914658,48.5067034 37.4105199,48.5048758 37.4092265,48.5020941</coordinates>
            </LinearRing>
          </outerBoundaryIs>
        </Polygon>
      </Placemark>
      <Placemark>
        <name>Zaproizhzhia RUAF</name>
        <ExtendedData>
          <Data name="descripción">
            <value />
          </Data>
          <Data name="description">
            <value />
          </Data>
        </ExtendedData>
        <Polygon>
          <outerBoundaryIs>
            <LinearRing>
              <tessellate>1</tessellate>
              <coordinates>36.1891712,47.8424793 36.192745,47.845896 36.19667,47.853653 36.197087,47.8596896 36.193571,47.858964 36.1922177,47.858983 36.1861451,47.8582631 36.1777425,47.8572995 36.1787302,47.8509843 36.1660092,47.8497834 36.172471,47.840979 36.1774241,47.8413109 36.17878,47.842304 36.1834298,47.8428607 36.1850546,47.8409337 36.1891712,47.8424793</coordinates>
            </LinearRing>
          </outerBoundaryIs>
        </Polygon>
      </Placemark>
      <Placemark>
        <name>Donetsk-Ukrainian Armed Forces</name>
        <ExtendedData>
          <Data name="descripción">
            <value />
          </Data>
          <Data name="description">
            <value />
          </Data>
        </ExtendedData>
        <Polygon>
          <outerBoundaryIs>
            <LinearRing>
              <tessellate>1</tessellate>
              <coordinates>38.002981,48.8403779 37.999801,48.8409072 37.9967103,48.840559 37.9934049,48.8428946 37.990765,48.845074 37.983404,48.846124 37.96836,48.847282 37.963804,48.848377 37.960196,48.848387 37.958349,48.845314 37.949015,48.846121 37.945248,48.846835 37.943494,48.846176 37.941243,48.846453 37.939024,48.845137 37.937748,48.845403 37.935316,48.84463 37.935034,48.844096 37.933721,48.8439 37.932555,48.84317 37.927828,48.842977 37.926193,48.843162 37.925075,48.843735 37.923272,48.84405 37.919452,48.843332 37.917563,48.843189 37.914644,48.841254 37.91164,48.840392 37.91001,48.838863 37.90958,48.8379 37.91061,48.836259 37.914874,48.818 37.929609,48.819238 37.934589,48.796195 37.930296,48.795824 37.92034,48.79496 37.911414,48.78859 37.9,48.790945 37.898928,48.7833 37.89084,48.785302 37.883362,48.78619 37.874304,48.784306 37.870054,48.785928 37.867347,48.790998 37.865979,48.791476 37.863924,48.791728 37.858955,48.79325 37.85331,48.794032 37.819545,48.761681 37.823808,48.754922 37.815197,48.743633 37.813084,48.740635 37.820273,48.738149 37.821261,48.737254 37.821178,48.736425 37.820326,48.735446 37.815425,48.733327 37.814128,48.732339 37.813682,48.730987 37.818282,48.722168 37.818343,48.721257 37.817975,48.720345 37.805226,48.701419 37.803407,48.693621 37.803563,48.692508 37.804315,48.691729 37.821696,48.679178 37.823452,48.6786 37.826454,48.678438 37.827176,48.680265 37.832913,48.68118 37.8344344,48.6808787 37.8397842,48.6902614 37.8412352,48.6905349 37.8422051,48.6920607 37.8454061,48.6916568 37.8468992,48.6940753 37.8495081,48.6963805 37.8517209,48.696741 37.8609731,48.7035882 37.8637612,48.7011378 37.8662498,48.7017466 37.8686951,48.7011725 37.870883,48.702581 37.8760745,48.7026791 37.8830032,48.7080047 37.8829927,48.7103466 37.8797217,48.7160437 37.8986267,48.7203818 37.9147039,48.7201178 37.912106,48.7146278 37.9155627,48.7143872 37.9194831,48.7168689 37.9195259,48.7191654 37.9242373,48.7203237 37.9297463,48.7245976 37.9382992,48.728259 37.9361389,48.7306558 37.9344937,48.7298824 37.9280943,48.7375386 37.926791,48.741695 37.9307239,48.7466679 37.9451289,48.7454144 37.9493548,48.7441448 37.951811,48.7444721 37.955614,48.7453714 37.9579579,48.7482796 37.95666,48.7523546 37.9563229,48.7555649 37.9560427,48.7567563 37.9506734,48.7575328 37.9478547,48.7632004 37.9427184,48.7652748 37.9423589,48.7672171 37.9427122,48.7741566 37.9398982,48.7839624 37.9416518,48.7870591 37.9737569,48.7876568 37.9838892,48.7922703 37.9838511,48.7981696 37.9950563,48.8009584 38.0022241,48.8075335 38.0069241,48.8066886 38.0132092,48.8147797 38.006431,48.817567 38.0026125,48.8180565 38.004308,48.8240655 37.9964768,48.8262882 38.002981,48.8403779</coordinates>
            </LinearRing>
          </outerBoundaryIs>
        </Polygon>
      </Placemark>
      <Placemark>
        <name>Sumy RUAF</name>
        <ExtendedData>
          <Data name="descripción">
            <value />
          </Data>
          <Data name="description">
            <value />
          </Data>
        </ExtendedData>
        <Polygon>
          <outerBoundaryIs>
            <LinearRing>
              <tessellate>1</tessellate>
              <coordinates>35.46017,50.688434 35.460203,50.689915 35.463426,50.693119 35.4633543,50.694659 35.460303,50.696974 35.4620669,50.7028138 35.4597495,50.704662 35.4627,50.70847 35.465899,50.708242 35.4733965,50.7259112 35.463956,50.735028 35.471341,50.737331 35.473664,50.740585 35.469657,50.744382 35.4700525,50.7470207 35.4770047,50.7527771 35.473738,50.754711 35.465767,50.74929 35.4622244,50.7401445 35.454073,50.736418 35.4525644,50.7326926 35.4412348,50.7244072 35.431737,50.719621 35.430958,50.713402 35.4303047,50.7098126 35.428694,50.708176 35.4240074,50.7025283 35.4261637,50.7014451 35.4299075,50.6956052 35.436423,50.691848 35.444145,50.688836 35.44956,50.690616 35.454428,50.6875361 35.46017,50.688434</coordinates>
            </LinearRing>
          </outerBoundaryIs>
        </Polygon>
      </Placemark>
      <Placemark>
        <name>Zaporizhzhia AFU</name>
        <ExtendedData>
          <Data name="descripción">
            <value />
          </Data>
          <Data name="description">
            <value />
          </Data>
        </ExtendedData>
        <Polygon>
          <outerBoundaryIs>
            <LinearRing>
              <tessellate>1</tessellate>
              <coordinates>35.4075551,47.6129438 35.4152769,47.6131247 35.4154905,47.6161786 35.4296092,47.6164547 35.433642,47.6136509 35.433639,47.610936 35.44159,47.611286 35.4416936,47.6089341 35.4509003,47.608997 35.4514414,47.6035516 35.4588945,47.603639 35.458807,47.6043025 35.4718103,47.6045905 35.4723714,47.6000415 35.4777598,47.5998629 35.4828044,47.5963848 35.4835643,47.591822 35.4861054,47.5911606 35.4877191,47.584462 35.4980869,47.5848259 35.4997326,47.5772503 35.4940983,47.5764578 35.491756,47.5696626 35.4788344,47.5685801 35.479084,47.5609729 35.4853272,47.5573594 35.4853742,47.5553919 35.5026341,47.5560929 35.504184,47.554473 35.528537,47.554361 35.532689,47.556569 35.539432,47.556766 35.543346,47.555171 35.545285,47.555447 35.546168,47.559365 35.55045,47.560339 35.589623,47.563918 35.596178,47.532439 35.593642,47.530156 35.595301,47.528099 35.606553,47.532008 35.610136,47.527413 35.633175,47.532132 35.6356829,47.5283463 35.6707956,47.5395189 35.676643,47.53012 35.6859108,47.523028 35.6904064,47.5225117 35.7036114,47.5253553 35.7022241,47.5285942 35.702904,47.5303584 35.711355,47.5314723 35.7130912,47.5299428 35.7148702,47.5256025 35.7225344,47.5246355 35.7239754,47.5209732 35.721536,47.519039 35.737866,47.506839 35.739516,47.506666 35.753457,47.505289 35.755755,47.502775 35.7608,47.500028 35.760461,47.497174 35.76991,47.496946 35.774631,47.495411 35.8044212,47.496361 35.804501,47.4977631 35.8097044,47.5106731 35.8144742,47.5179143 35.82006,47.5203729 35.8217208,47.5221153 35.8265575,47.5228433 35.8302006,47.5147441 35.8327869,47.514029 35.8390639,47.5143572 35.8411387,47.5044116 35.8429992,47.5031335 35.8528145,47.5019395 35.8526025,47.4962615 35.8666622,47.4960617 35.8714421,47.4952044 35.872793,47.535337 35.8862895,47.5321537 35.889077,47.531438 35.889747,47.533681 35.893146,47.532893 35.894065,47.535431 35.9067172,47.5324434 35.908465,47.532654 35.910408,47.532377 35.916373,47.538806 35.917214,47.541769 35.918787,47.542047 35.921766,47.540846 35.923134,47.537748 35.9391406,47.5366342 35.9449995,47.5312633 35.9454507,47.5291955 35.950525,47.527228 35.960417,47.525038 35.970866,47.522963 35.9710366,47.5284614 35.9811182,47.5283582 35.9855784,47.5312973 36.0021392,47.5318595 36.002663,47.529659 36.007286,47.529629 36.009849,47.529975 36.013178,47.534736 36.027882,47.536076 36.046276,47.536257 36.057847,47.535071 36.072178,47.535853 36.079812,47.553002 36.067759,47.555031 36.06987,47.561231 36.072636,47.561348 36.071771,47.564975 36.081121,47.566342 36.080425,47.577646 36.090587,47.578788 36.096827,47.585815 36.098108,47.5875 36.107972,47.588142 36.115855,47.588847 36.117296,47.585762 36.167083,47.588749 36.16983,47.583106 36.185792,47.583339 36.186479,47.582438 36.212568,47.58281 36.215329,47.589359 36.22083,47.597379 36.226504,47.600883 36.2362327,47.600483 36.2367504,47.6087623 36.2302091,47.6088498 36.2309318,47.6167038 36.244683,47.618172 36.2457332,47.6269875 36.2431849,47.6271146 36.2376266,47.6373232 36.2342266,47.6385882 36.2204083,47.6370005 36.2179296,47.64066 36.2083515,47.6386548 36.2035123,47.6463417 36.1985623,47.6467439 36.1792788,47.6415943 36.1740125,47.6499727 36.1922724,47.6554253 36.1873812,47.6634678 36.1852088,47.6647468 36.1692983,47.6596721 36.1678961,47.6611696 36.1624908,47.6630419 36.1607336,47.6664184 36.1490845,47.6674362 36.1458339,47.6734365 36.1634354,47.6778818 36.1586762,47.6868643 36.169172,47.6905464 36.1655911,47.6937073 36.1674091,47.6963897 36.1637561,47.7003581 36.167681,47.703461 36.1774746,47.7066887 36.187034,47.711398 36.1954159,47.7136221 36.1915031,47.7220062 36.1906749,47.7281291 36.185243,47.7424796 36.1857931,47.7458863 36.1839707,47.7518022 36.1806136,47.7565582 36.1778193,47.7555091 36.1768515,47.7517529 36.1664295,47.7488956 36.1573673,47.7487106 36.1448106,47.7566104 36.144454,47.7658974 36.1299385,47.765779 36.1293897,47.7728165 36.129278,47.803431 36.139271,47.804055 36.145769,47.8055 36.144871,47.814214 36.1469165,47.8203743 36.1569808,47.8204427 36.1738853,47.8221014 36.1794605,47.8239328 36.191985,47.8260961 36.1944777,47.8276869 36.1966205,47.8335239 36.195611,47.834167 36.194805,47.834647 36.1942093,47.83529 36.1937198,47.8374295 36.1929586,47.8379057 36.191741,47.8378192 36.191368,47.837568 36.191053,47.83688 36.190488,47.836709 36.189755,47.836955 36.188551,47.838345 36.188336,47.839156 36.188485,47.840756 36.185558,47.840435 36.1843742,47.8404287 36.1829947,47.8421723 36.181725,47.842536 36.1802111,47.8421982 36.1798126,47.8414675 36.180908,47.8397465 36.1719498,47.8390288 36.1703659,47.84067 36.1639442,47.849313 36.101481,47.842553 36.099733,47.849534 36.098535,47.849723 36.096951,47.849623 36.095346,47.849711 36.094427,47.849884 36.092482,47.849541 36.088691,47.849342 36.086089,47.848756 36.080354,47.848342 36.075952,47.848301 36.073715,47.84796 36.068973,47.866471 36.084914,47.868574 36.087015,47.861163 36.118535,47.864799 36.117356,47.870505 36.129894,47.890509 36.122701,47.899779 36.127949,47.902096 36.11066,47.92454 36.120202,47.927707 36.10918,47.94177 36.084954,47.930514 36.073921,47.965127 36.051378,47.958579 36.047583,47.96573 36.06748,47.971387 36.069954,47.973426 36.065613,47.982432 36.062839,47.996069 36.06188,48.001078 36.051272,48.002318 36.046783,48.002651 36.041865,48.003386 36.034282,48.018858 36.065155,48.025372 36.055789,48.046335 36.057751,48.046868 36.052231,48.058723 35.991864,48.046224 35.975711,48.043351 35.97553,48.043851 35.976293,48.044924 35.976361,48.047014 35.977354,48.048438 35.977533,48.050695 35.97814,48.051747 35.979434,48.052813 35.980403,48.054092 35.981844,48.055371 35.982226,48.056559 35.982866,48.057088 35.984157,48.057262 35.987486,48.05705 35.98809,48.057109 35.988504,48.057547 35.988617,48.058358 35.988157,48.05909 35.984982,48.060726 35.98324,48.062237 35.981962,48.063007 35.980897,48.063504 35.979627,48.063464 35.97872,48.063179 35.977643,48.062451 35.97704,48.061426 35.975966,48.06014 35.975686,48.059654 35.97471,48.059311 35.973363,48.059362 35.972024,48.059982 35.971527,48.060637 35.971664,48.061552 35.972488,48.06264 35.973122,48.064122 35.973783,48.065192 35.974186,48.066321 35.974116,48.067093 35.972279,48.068727 35.971,48.07102 35.969492,48.072337 35.969358,48.072995 35.969681,48.074078 35.970711,48.074637 35.97333,48.07554 35.974361,48.076013 35.975263,48.076652 35.97595,48.077462 35.977239,48.078136 35.979954,48.078071 35.981848,48.077695 35.982969,48.07772 35.983807,48.078136 35.984331,48.078899 35.984683,48.080292 35.984542,48.082002 35.984643,48.083257 35.984894,48.083768 35.985449,48.084161 35.985736,48.084544 35.98566,48.084884 35.985194,48.08524 35.984994,48.086438 35.984034,48.086884 35.982887,48.087003 35.977976,48.086122 35.9767,48.086162 35.975461,48.08677 35.974737,48.087636 35.974808,48.088517 35.975916,48.090004 35.976038,48.090831 35.975837,48.09182 35.975092,48.092535 35.97205,48.092992 35.968705,48.094396 35.966906,48.094223 35.920658,48.08178 35.816547,48.065672 35.807061,48.098615 35.805797,48.100565 35.805213,48.100773 35.804534,48.100619 35.804281,48.100098 35.803768,48.099952 35.803254,48.100065 35.802783,48.100035 35.800842,48.099047 35.794321,48.096339 35.793271,48.096446 35.79133,48.095698 35.784223,48.094879 35.783437,48.094355 35.781521,48.094222 35.77969,48.094576 35.773406,48.097219 35.761509,48.097724 35.7585,48.098363 35.756307,48.098314 35.756717,48.095911 35.742536,48.095686 35.703257,48.140441 35.69576,48.136267 35.612271,48.105231 35.605872,48.10311 35.57095,48.090129 35.547788,48.082 35.524291,48.074325 35.519717,48.092774 35.519605,48.095514 35.519232,48.095547 35.518774,48.094982 35.51793,48.095184 35.517001,48.095215 35.516986,48.095878 35.516285,48.096009 35.516062,48.095898 35.515154,48.095673 35.514623,48.096239 35.514286,48.096295 35.513848,48.095972 35.512938,48.096022 35.512362,48.096437 35.508642,48.097207 35.508335,48.097653 35.507899,48.097755 35.506684,48.097358 35.503568,48.097021 35.501245,48.097416 35.499652,48.097466 35.49622,48.096964 35.494655,48.096241 35.494006,48.096253 35.4931,48.096467 35.491464,48.096278 35.490474,48.095726 35.487296,48.0948 35.484508,48.095315 35.483456,48.095394 35.482394,48.096393 35.482084,48.096265 35.481859,48.095936 35.48158,48.095995 35.48171,48.096326 35.481539,48.096916 35.481154,48.097076 35.480768,48.097415 35.480426,48.097495 35.479956,48.096885 35.479702,48.096762 35.479462,48.096942 35.479222,48.097494 35.479389,48.097931 35.47917,48.098197 35.477953,48.098342 35.47496,48.097629 35.474133,48.097847 35.473862,48.098289 35.473892,48.098644 35.473479,48.098897 35.472674,48.098785 35.4721,48.099074 35.471355,48.099161 35.470893,48.098907 35.470641,48.099181 35.470303,48.099369 35.463544,48.100579 35.462235,48.101073 35.462401,48.101491 35.462051,48.101681 35.461402,48.101483 35.460666,48.101544 35.459869,48.102072 35.459123,48.102042 35.457518,48.102271 35.45721,48.102063 35.456386,48.102027 35.455425,48.102499 35.451495,48.103242 35.450524,48.103138 35.449124,48.103119 35.444789,48.102125 35.415501,48.099639 35.412942,48.101628 35.411084,48.102135 35.410347,48.107833 35.411159,48.109078 35.41045,48.110836 35.409833,48.111218 35.409344,48.111314 35.408625,48.11076 35.408341,48.110935 35.408013,48.111396 35.406672,48.111258 35.405802,48.11175 35.405153,48.111652 35.404503,48.111669 35.403354,48.112533 35.402635,48.113339 35.402923,48.113834 35.402996,48.1143 35.402157,48.114774 35.400992,48.114833 35.399607,48.114006 35.398522,48.113953 35.398037,48.114126 35.39783,48.114227 35.397408,48.11427 35.39695,48.114098 35.394391,48.114186 35.39277,48.114806 35.39059,48.115999 35.390476,48.116221 35.39019,48.11627 35.389018,48.116798 35.388646,48.116824 35.388489,48.117063 35.388503,48.11736 35.387889,48.11758 35.38726,48.117562 35.387127,48.117782 35.387079,48.118059 35.386684,48.118354 35.385852,48.118373 35.385158,48.118878 35.383524,48.119618 35.383158,48.119988 35.382791,48.120042 35.381696,48.11955 35.381524,48.119058 35.381161,48.11888 35.380841,48.118932 35.380716,48.11852 35.380294,48.118356 35.37928,48.11837 35.378051,48.118068 35.377572,48.118373 35.377225,48.118955 35.37675,48.119336 35.376135,48.1194 35.375495,48.118865 35.37467,48.118896 35.373974,48.11907 35.373139,48.119017 35.371344,48.119121 35.370386,48.119568 35.3696,48.119672 35.369185,48.119398 35.368685,48.119267 35.368199,48.120037 35.368257,48.120517 35.365863,48.121103 35.364911,48.120935 35.363233,48.12118 35.361254,48.121167 35.360465,48.121288 35.360174,48.121517 35.359299,48.121588 35.357479,48.121974 35.356903,48.121702 35.35678,48.121304 35.356615,48.120993 35.356327,48.120799 35.355689,48.120913 35.355631,48.121185 35.355702,48.121542 35.355297,48.121855 35.354891,48.121739 35.353541,48.121137 35.35307,48.12125 35.352899,48.121536 35.353222,48.122008 35.353082,48.122388 35.352643,48.122481 35.350131,48.122066 35.349578,48.122456 35.349283,48.122962 35.348778,48.123026 35.34779,48.122425 35.34736,48.122426 35.346282,48.123058 35.34634,48.12338 35.346976,48.123888 35.346962,48.124187 35.346741,48.124129 35.346391,48.124286 35.345826,48.124028 35.345196,48.124098 35.344797,48.124078 35.34464,48.123961 35.344569,48.123686 35.343891,48.123508 35.343703,48.123663 35.343794,48.124176 35.34359,48.124457 35.343246,48.124517 35.342858,48.124352 35.342793,48.124093 35.342598,48.12392 35.338881,48.123543 35.336544,48.124285 35.334701,48.125436 35.332943,48.127906 35.317409,48.133611 35.303587,48.141148 35.292251,48.14426 35.275412,48.14292 35.257186,48.136798 35.243556,48.135043 35.234389,48.136036 35.225324,48.139743 35.223109,48.141366 35.22055,48.141844 35.216463,48.14051 35.210757,48.139753 35.161949,48.12835 35.133945,48.128598 35.11651,48.131584 35.10594,48.13136 35.078763,48.123608 35.068755,48.122958 35.06007,48.120968 35.044938,48.109649 35.038737,48.098328 35.026142,48.09706 35.014352,48.094419 35.010774,48.094417 35.00857,48.093841 35.00472,48.093578 34.998467,48.09148 34.990596,48.087858 34.987417,48.096574 34.9356,48.091077 34.914343,48.090614 34.91141,48.102576 34.911909,48.11385 34.919962,48.115039 34.915656,48.130438 34.880909,48.126942 34.877914,48.133986 34.855692,48.13278 34.875675,48.054577 34.840288,48.050762 34.839854,48.049199 34.846455,48.013662 34.858049,48.014716 34.864367,48.001554 34.869652,47.982534 34.905275,47.986074 34.912465,47.957956 34.909201,47.957305 34.913577,47.940768 34.91881,47.93366 34.889715,47.929907 34.886839,47.929925 34.883684,47.931631 34.88257,47.933398 34.882743,47.935223 34.883345,47.935869 34.883646,47.937169 34.883432,47.937607 34.881718,47.937834 34.881292,47.938292 34.88121,47.939639 34.879239,47.941606 34.87907,47.942365 34.854694,47.938849 34.854441,47.935794 34.851414,47.931205 34.849933,47.921096 34.847143,47.920432 34.802083,47.915416 34.816682,47.864246 34.820033,47.865117 34.828105,47.868636 34.838157,47.870088 34.844012,47.872877 34.850491,47.877821 34.856153,47.879532 34.857076,47.880391 34.858427,47.88079 34.861559,47.880494 34.864561,47.877886 34.870794,47.851521 34.875196,47.851238 34.878396,47.850494 34.897202,47.8527 34.903219,47.829814 34.878926,47.818867 34.893436,47.760072 34.957124,47.769311 34.964689,47.740289 34.954415,47.738908 34.957218,47.727722 34.95193,47.727063 34.955568,47.712663 34.929889,47.71123 34.937737,47.677677 34.905562,47.674443 34.907296,47.666238 34.90539,47.663364 34.902282,47.662455 34.899432,47.655996 34.901011,47.654964 34.902402,47.654505 34.902934,47.653931 34.902641,47.651823 34.902139,47.650458 34.90369,47.649833 34.905069,47.648052 34.905266,47.646478 34.906327,47.644062 34.910164,47.642237 34.915263,47.641942 34.919675,47.638812 34.921683,47.636609 34.924738,47.634617 34.933076,47.635608 34.94206,47.601289 34.938652,47.597578 34.93961,47.594681 34.936655,47.590396 34.936104,47.587847 34.939419,47.5817 34.94862,47.574152 34.957236,47.5711 34.963307,47.562796 34.964573,47.542686 34.983856,47.559513 35.024948,47.573016 35.046129,47.594852 35.067215,47.616746 35.108037,47.64106 35.249962,47.642914 35.2518224,47.6476929 35.2611721,47.6473391 35.2668784,47.6527866 35.2719845,47.654996 35.2761883,47.654732 35.2780445,47.6562015 35.2861768,47.658671 35.3023347,47.6519738 35.3059391,47.6553547 35.3131055,47.6526797 35.3140276,47.6427557 35.308728,47.6426619 35.3076557,47.6401001 35.3145654,47.6388684 35.3148444,47.6373472 35.3210456,47.6353633 35.3151225,47.6265025 35.3233779,47.622802 35.3196942,47.6211249 35.3219722,47.6198527 35.3249134,47.6160344 35.329259,47.6145591 35.3352162,47.615709 35.3387702,47.6146023 35.342874,47.6146452 35.3742125,47.6155419 35.3743954,47.6025425 35.4052646,47.6034329 35.4079332,47.6053673 35.4075551,47.6129438</coordinates>
            </LinearRing>
          </outerBoundaryIs>
        </Polygon>
      </Placemark>
      <Placemark>
        <name>Sumy RUAF</name>
        <ExtendedData>
          <Data name="descripción">
            <value />
          </Data>
          <Data name="description">
            <value />
          </Data>
        </ExtendedData>
        <Polygon>
          <outerBoundaryIs>
            <LinearRing>
              <tessellate>1</tessellate>
              <coordinates>35.341263,51.007465 35.348381,51.006402 35.358008,51.005513 35.360084,51.005709 35.3644332,51.0072231 35.366534,51.007616 35.368546,51.008407 35.371159,51.008713 35.373159,51.00857 35.374406,51.008654 35.375747,51.009639 35.375953,51.010871 35.375488,51.011721 35.3754195,51.0146215 35.372609,51.017593 35.367974,51.018619 35.356816,51.015757 35.354241,51.018457 35.351924,51.018835 35.3418597,51.0168893 35.345229,51.011276 35.344971,51.009223 35.341263,51.007465</coordinates>
            </LinearRing>
          </outerBoundaryIs>
        </Polygon>
      </Placemark>
      <Placemark>
        <name>Donetsk AFU</name>
        <ExtendedData>
          <Data name="descripción">
            <value />
          </Data>
          <Data name="description">
            <value />
          </Data>
        </ExtendedData>
        <Polygon>
          <outerBoundaryIs>
            <LinearRing>
              <tessellate>1</tessellate>
              <coordinates>37.6345001,48.4351951 37.6360451,48.4336006 37.6401649,48.4334867 37.6407657,48.4306962 37.6470314,48.4311518 37.6554428,48.4304684 37.6625667,48.4312657 37.6628242,48.4341131 37.6650558,48.4357076 37.6643692,48.4399214 37.6693474,48.4410033 37.671064,48.4440209 37.669004,48.446583 37.6643692,48.4481771 37.6643692,48.4518206 37.660936,48.4553499 37.6563011,48.4537561 37.6557003,48.4515929 37.6484047,48.4517067 37.6398216,48.4493157 37.6418815,48.4407755 37.6394783,48.4389534 37.6387916,48.4367896 37.6344143,48.436391 37.6345001,48.4351951</coordinates>
            </LinearRing>
          </outerBoundaryIs>
        </Polygon>
      </Placemark>
    </Folder>
    </Document>
</kml>